id,record_id,fields,sync_time,created_time,updated_time
11,recvkB7Jbq83gH,"{'2601': '1705745.89', '2602': '908714.21', '2603': '1823961.3', '2604': '2134864.92', '公式': '0.0000002', '战区': '食饮行业部', '状态': '待确认', '编号': '11', 'SourceID': 'NzY0MTE0MDA0MTE0MTU4NzEzODpyZWN2ZElVdmE1MDg5NzpiMjNiMThjNThjMDhiNDE4ZTUwNzlhZTdjYzdmNzA0Njox', '事业群': '商用事业群', '创建人': '谢南珩', '当前年': '2026', '当前月': '8', '食饮部': '4554718.08', '客户经理': '白既白', '层级级别': '客户经理', '当前日期': '21', '父级引用': '6', '经营主体': '星澜集团总部', '1季度比例': '25%', '2季度比例': '25%', '3季度比例': '25%', '4季度比例': '25%', '任务维护人': '殷怀川', '年度开单金额': '4276318.64', '总任务承接人': '白既白', '总任务达成率': '0.92184301568', '本月开单金额': '247376.8', '食饮部（万）': '455.84', '链接字段(勿删)': '商用事业群;食饮行业部;;白既白', '剩余分配百分比': '0', '工业健康（万）': '0', '当前月最后一天': '31', '总任务（金额）': '4638879.47', '战区总任务金额': '632211307.33', '楼宇办公（万）': '0', '本月当前目标阈值': '341397.849462', '本月总目标（万）': '37.955984', '食饮部待分配任务': '6417821.81', '健康-年度开单金额': '0', '食饮-年度开单金额': '4276318.64', '工业健康待分配任务': '0', '当前月份任务达成率': '0.639922123262', '本月开单金额（万）': '24.737676', '楼宇办公待分配任务': '0', '战区已分配金额-食饮': '104758515.84', '父级已审批金额-食饮': '104758515.84', '事业群剩余未分配金额': '-650755345.68', '截止当天累计目标阈值': '4178088.839014', '本月当前目标阈值 (万)': '34.139785', '楼宇办公-年度开单金额': '0', '片区已分配金额-食饮部': '0', '行业线已分配金额-食饮': '95649079.68', '战区下派片区总任务金额': '22119940.52', '截止当前目标阈值达成率': '1.023510701847', '健康-年度开单金额（万）': '0', '年度阈值/开单差额（万）': '9.82298', '战区已分配金额-工业健康': '36437744.64', '战区已分配金额-楼宇办公': '273283084.8', '月度阈值/开单差额（万）': '-9.402105', '父级已审批金额-工业健康': '36437744.64', '父级已审批金额-楼宇办公': '273283084.8', '片区已分配金额-工业健康': '0', '片区已分配金额-楼宇办公': '0', '片区父级已审批金额-食饮': '104758515.84', '食饮-年度开单金额（万）': '427.631823', '事业群下派战区总任务金额': '766410901.77', '总金额转换（以万为单位）': '455.84', '总额的待分配任务（金额）': '5654643.25', '客户经理已分配金额-食饮部': '0', '行业线已分配金额-工业健康': '9109436.16', '行业线已分配金额-楼宇办公': '27328308.48', '行业线父级已审批金额-食饮': '104758515.84', '截止当天累计目标阈值（万）': '417.808884', '片区下派客户经理总任务金额': '0', '客户经理已分配金额-工业健康': '0', '客户经理已分配金额-楼宇办公': '0', '楼宇办公-年度开单金额（万）': '0', '片区父级已审批金额-工业健康': '0', '片区父级已审批金额-楼宇办公': '0', '客户经理父级已审批金额-食饮部': '209517031.68', '行业线父级已审批金额-工业健康': '0', '行业线父级已审批金额-楼宇办公': '0', '年度开单金额转换（以万为单位）': '427.631823', '客户经理父级已审批金额-工业健康': '72875489.28', '客户经理父级已审批金额-楼宇办公': '546566169.6'}",2026-08-21 17:02:20.979544,2026-08-21 17:02:20.979544,2026-08-21 17:02:20.979544
1,recvkjA7CWlyxV,"{'2601': '145538408.44', '2602': '146458579.32', '2603': '144395953.27', '2604': '143309183.79', '公式': '0.00000000219780219780219', '状态': '已审批', '编号': '1', 'SourceID': 'NzY0MTE0MDA0MTE0MTU4NzEzODpyZWN2ZElOY0ZodmVOSToyODdmNWM2MzlmZjgxM2U5ODgwNjQ4ODAyZjcxMjcyZDox', '事业群': '商用事业群', '创建人': '谢南珩', '当前年': '2026', '当前月': '8', '食饮部': '101200000', '层级级别': '事业群', '工业健康': '35200000', '当前日期': '21', '楼宇办公': '264000000', '父级引用': '2248', '经营主体': '星澜集团总部', '1季度比例': '25%', '2季度比例': '25%', '3季度比例': '25%', '4季度比例': '25%', '任务维护人': '沈亦舟、陆亦舟', '年度开单金额': '196245126.058234', '总任务承接人': '祁屿青', '总任务达成率': '0.348181682878', '本月开单金额': '8318926.780411', '食饮部（万）': '10685.84', '链接字段(勿删)': '商用事业群;;;', '剩余分配百分比': '0', '工业健康（万）': '3616.8', '当前月最后一天': '31', '总任务（金额）': '563628518.41', '战区总任务金额': '55560289679.300003', '楼宇办公（万）': '25870.24', '本月当前目标阈值': '31067204.301075', '本月总目标（万）': '3349.996994', '食饮部待分配任务': '154384278.48', '健康-年度开单金额': '21270418.566856', '食饮-年度开单金额': '45509208.20073', '工业健康待分配任务': '50981025.8', '已分配任务（金额）': '489712000', '当前月份任务达成率': '0.177115099936', '本月开单金额（万）': '831.892887', '楼宇办公待分配任务': '367926675.88', '战区已分配金额-食饮': '7664722472', '父级已审批金额-食饮': '7664722472', '事业群剩余未分配金额': '-54595698446.18', '截止当天累计目标阈值': '368468199.88559', '本月当前目标阈值 (万)': '3106.72043', '楼宇办公-年度开单金额': '129465496.815934', '片区已分配金额-食饮部': '269890419.92', '行业线已分配金额-食饮': '6721024870.56', '战区下派片区总任务金额': '1455957574.49', '截止当前目标阈值达成率': '0.532597185101', '健康-年度开单金额（万）': '2126.901113', '年度阈值/开单差额（万）': '-17222.307383', '战区已分配金额-工业健康': '2665990425.12', '战区已分配金额-楼宇办公': '19994928190.16', '月度阈值/开单差额（万）': '-2274.827752', '父级已审批金额-工业健康': '2665990425.12', '父级已审批金额-楼宇办公': '19994928190.16', '片区已分配金额-工业健康': '524005496.08', '片区已分配金额-楼宇办公': '4294147630.08', '片区父级已审批金额-食饮': '260066753.76', '食饮-年度开单金额（万）': '4550.921055', '事业群下派战区总任务金额': '56991557392.07', '总金额转换（以万为单位）': '40170.24', '总额的待分配任务（金额）': '568094279.1', '客户经理已分配金额-食饮部': '47578831.52', '行业线已分配金额-工业健康': '640097604.96', '行业线已分配金额-楼宇办公': '1920292818.4', '行业线父级已审批金额-食饮': '260066753.76', '截止当天累计目标阈值（万）': '36846.819988', '片区下派客户经理总任务金额': '1383742810.36', '客户经理已分配金额-工业健康': '97025146.24', '客户经理已分配金额-楼宇办公': '813962135.36', '楼宇办公-年度开单金额（万）': '12946.549734', '片区父级已审批金额-工业健康': '500715228.64', '片区父级已审批金额-楼宇办公': '4467181558.4', '客户经理父级已审批金额-食饮部': '654641558.56', '行业线父级已审批金额-工业健康': '500715228.64', '行业线父级已审批金额-楼宇办公': '4467181558.4', '年度开单金额转换（以万为单位）': '19624.512668', '客户经理父级已审批金额-工业健康': '310611427.28', '客户经理父级已审批金额-楼宇办公': '2395713128.16'}",2026-08-21 17:02:20.979544,2026-08-21 17:02:20.979544,2026-08-21 17:02:20.979544
12,recvkB7JbqJLBG,"{'2601': '1670013.17', '2602': '1647174.76', '2603': '1853815.19', '2604': '1815589.46', '公式': '0.0000002', '战区': '工业健康行业部', '状态': '待确认', '编号': '12', 'SourceID': 'NzY0MTE0MDA0MTE0MTU4NzEzODpyZWN2ZElWMFJNRHpVSDo4MjVjMTJlMmJjNGQxZGQ1N2U3NzkzZjg3MDExM2UyODox', '事业群': '商用事业群', '创建人': '洛屿青', '当前年': '2026', '当前月': '8', '客户经理': '傅亦舟', '层级级别': '客户经理', '工业健康': '4841103.52', '当前日期': '21', '父级引用': '9', '经营主体': '星澜集团总部', '1季度比例': '25%', '2季度比例': '25%', '3季度比例': '25%', '4季度比例': '25%', '任务维护人': '苏朔风', '年度开单金额': '0', '总任务承接人': '傅亦舟', '总任务达成率': '0', '本月开单金额': '0', '食饮部（万）': '0', '链接字段(勿删)': '商用事业群;工业健康行业部;;傅亦舟', '剩余分配百分比': '0', '工业健康（万）': '484', '当前月最后一天': '31', '总任务（金额）': '5085925.82', '战区总任务金额': '852947916.91', '楼宇办公（万）': '0', '本月当前目标阈值': '341397.849462', '本月总目标（万）': '40.342529', '食饮部待分配任务': '0', '健康-年度开单金额': '0', '食饮-年度开单金额': '0', '工业健康待分配任务': '6441945.46', '当前月份任务达成率': '0', '本月开单金额（万）': '0', '楼宇办公待分配任务': '0', '战区已分配金额-食饮': '111345380.96', '父级已审批金额-食饮': '111345380.96', '事业群剩余未分配金额': '-824417924.44', '截止当天累计目标阈值': '4440793.091946', '本月当前目标阈值 (万)': '34.139785', '楼宇办公-年度开单金额': '0', '片区已分配金额-食饮部': '0', '行业线已分配金额-食饮': '101663173.92', '战区下派片区总任务金额': '24460597.51', '截止当前目标阈值达成率': '0', '健康-年度开单金额（万）': '0', '年度阈值/开单差额（万）': '-444.079309', '战区已分配金额-工业健康': '38728828.16', '战区已分配金额-楼宇办公': '290466211.2', '月度阈值/开单差额（万）': '-34.139785', '父级已审批金额-工业健康': '38728828.16', '父级已审批金额-楼宇办公': '290466211.2', '片区已分配金额-工业健康': '0', '片区已分配金额-楼宇办公': '0', '片区父级已审批金额-食饮': '0', '食饮-年度开单金额（万）': '0', '事业群下派战区总任务金额': '627141948.66', '总金额转换（以万为单位）': '484', '总额的待分配任务（金额）': '6863139.69', '客户经理已分配金额-食饮部': '0', '行业线已分配金额-工业健康': '9682207.04', '行业线已分配金额-楼宇办公': '29046621.12', '行业线父级已审批金额-食饮': '0', '截止当天累计目标阈值（万）': '444.079309', '片区下派客户经理总任务金额': '0', '客户经理已分配金额-工业健康': '0', '客户经理已分配金额-楼宇办公': '0', '楼宇办公-年度开单金额（万）': '0', '片区父级已审批金额-工业健康': '9682207.04', '片区父级已审批金额-楼宇办公': '0', '客户经理父级已审批金额-食饮部': '222690761.92', '行业线父级已审批金额-工业健康': '9682207.04', '行业线父级已审批金额-楼宇办公': '0', '年度开单金额转换（以万为单位）': '0', '客户经理父级已审批金额-工业健康': '77457656.32', '客户经理父级已审批金额-楼宇办公': '580932422.4'}",2026-08-21 17:02:20.979544,2026-08-21 17:02:20.979544,2026-08-21 17:02:20.979544
2,recvkB7JbqJyc3,"{'2601': '27999493.15', '2602': '29149931.54', '2603': '30699527.12', '2604': '30015451.78', '公式': '0.0000000105263157894736', '战区': '澔原战区', '状态': '已审批', '编号': '2', 'SourceID': 'NzY0MTE0MDA0MTE0MTU4NzEzODpyZWN2ZElPTkk3bmVJdjo0YzZlYjRlZmY0MjhhMWY1ODE0MjM1OWFhYjYwYmMzZTox', '事业群': '商用事业群', '创建人': '谢南珩', '当前年': '2026', '当前月': '8', '食饮部': '4291700.16', '层级级别': '战区', '工业健康': '7087177.68', '当前日期': '21', '楼宇办公': '70290945.12', '父级引用': '745', '经营主体': '星澜集团总部', '1季度比例': '25%', '2季度比例': '25%', '3季度比例': '25%', '4季度比例': '25%', '任务维护人': '沈亦舟、陆亦舟', '年度开单金额': '36479906.784857', '总任务承接人': '温亦舟', '总任务达成率': '0.315044735205', '本月开单金额': '837989.825182', '食饮部（万）': '430.32', '链接字段(勿删)': '商用事业群;澔原战区;;', '剩余分配百分比': '0', '工业健康（万）': '710.16', '当前月最后一天': '31', '总任务（金额）': '115792783.4', '战区总任务金额': '15648745870.34', '楼宇办公（万）': '7029.44', '本月当前目标阈值': '6486559.139785', '本月总目标（万）': '681.324782', '食饮部待分配任务': '6136730.17', '健康-年度开单金额': '4330461.436356', '食饮-年度开单金额': '1736141.959694', '工业健康待分配任务': '10746498.7', '当前月份任务达成率': '0.086843735913', '本月开单金额（万）': '83.799114', '楼宇办公待分配任务': '101694630.24', '战区已分配金额-食饮': '2173104265.2', '父级已审批金额-食饮': '2173104265.2', '事业群剩余未分配金额': '-15968254295.33', '截止当天累计目标阈值': '74916552.41885', '本月当前目标阈值 (万)': '648.655914', '楼宇办公-年度开单金额': '30413301.280358', '片区已分配金额-食饮部': '88813825.76', '行业线已分配金额-食饮': '1984138678.72', '战区下派片区总任务金额': '436664675.31', '截止当前目标阈值达成率': '0.486940543939', '健康-年度开单金额（万）': '432.905286', '年度阈值/开单差额（万）': '-3843.664563', '战区已分配金额-工业健康': '755862351.2', '战区已分配金额-楼宇办公': '5668967650.72', '月度阈值/开单差额（万）': '-564.856931', '父级已审批金额-工业健康': '755862351.2', '父级已审批金额-楼宇办公': '5668967650.72', '片区已分配金额-工业健康': '154951781.6', '片区已分配金额-楼宇办公': '1551407482.24', '片区父级已审批金额-食饮': '41572429.36', '食饮-年度开单金额（万）': '173.614432', '事业群下派战区总任务金额': '15991002151.790001', '总金额转换（以万为单位）': '8168.16', '总额的待分配任务（金额）': '119439404.25', '客户经理已分配金额-食饮部': '13898260.64', '行业线已分配金额-工业健康': '188965587.36', '行业线已分配金额-楼宇办公': '566896766.48', '行业线父级已审批金额-食饮': '41572429.36', '截止当天累计目标阈值（万）': '7491.655241', '片区下派客户经理总任务金额': '400185755.38', '客户经理已分配金额-工业健康': '24060995.2', '客户经理已分配金额-楼宇办公': '235358896.96', '楼宇办公-年度开单金额（万）': '3041.330162', '片区父级已审批金额-工业健康': '147393157.12', '片区父级已审批金额-楼宇办公': '1606207500.48', '客户经理父级已审批金额-食饮部': '13582760.4', '行业线父级已审批金额-工业健康': '147393157.12', '行业线父级已审批金额-楼宇办公': '1606207500.48', '年度开单金额转换（以万为单位）': '3647.990647', '客户经理父级已审批金额-工业健康': '23745495.84', '客户经理父级已审批金额-楼宇办公': '235989898.32'}",2026-08-21 17:02:20.979544,2026-08-21 17:02:20.979544,2026-08-21 17:02:20.979544
4,recvkB7JbqB9Fy,"{'2601': '23313472.55', '2602': '22318370.4', '2603': '23836680.8', '2604': '21815111.31', '公式': '0.0000000144092219020172', '战区': '朔岑战区', '状态': '已审批', '编号': '4', 'SourceID': 'NzY0MTE0MDA0MTE0MTU4NzEzODpyZWN2ZElReUJ1U1VEVzo5MjQyMDY5NmI3ZTI5ZTM0NjAzNzZmN2FhODM2MTE5MTox', '事业群': '商用事业群', '创建人': '谢南珩', '当前年': '2026', '当前月': '8', '食饮部': '5953546.72', '层级级别': '战区', '工业健康': '7323563.28', '当前日期': '21', '楼宇办公': '49974543.52', '父级引用': '429', '经营主体': '星澜集团总部', '1季度比例': '25%', '2季度比例': '25%', '3季度比例': '25%', '4季度比例': '25%', '任务维护人': '沈亦舟、陆亦舟', '年度开单金额': '23644357.419288', '总任务承接人': '江朔风', '总任务达成率': '0.266181176658', '本月开单金额': '1224033.785588', '食饮部（万）': '594.88', '链接字段(勿删)': '商用事业群;朔岑战区;;', '剩余分配百分比': '0', '工业健康（万）': '733.04', '当前月最后一天': '31', '总任务（金额）': '88828059.58', '战区总任务金额': '13424262038.9', '楼宇办公（万）': '4999.28', '本月当前目标阈值': '4738602.150538', '本月总目标（万）': '528.038677', '食饮部待分配任务': '8740910.89', '健康-年度开单金额': '2601205.404105', '食饮-年度开单金额': '1354363.842797', '工业健康待分配任务': '9918344.4', '当前月份任务达成率': '0.165357720258', '本月开单金额（万）': '122.403391', '楼宇办公待分配任务': '69692616.52', '战区已分配金额-食饮': '1880759161.6', '父级已审批金额-食饮': '1880759161.6', '事业群剩余未分配金额': '-13858870410.219999', '截止当天累计目标阈值': '58021378.997039', '本月当前目标阈值 (万)': '473.860215', '楼宇办公-年度开单金额': '19688788.342853', '片区已分配金额-食饮部': '106303780.88', '行业线已分配金额-食饮': '1717214886.64', '战区下派片区总任务金额': '371549575.67', '截止当前目标阈值达成率': '0.40751112483', '健康-年度开单金额（万）': '260.12056', '年度阈值/开单差额（万）': '-3437.702158', '战区已分配金额-工业健康': '654177099.84', '战区已分配金额-楼宇办公': '4906328246.16', '月度阈值/开单差额（万）': '-351.456836', '父级已审批金额-工业健康': '654177099.84', '父级已审批金额-楼宇办公': '4906328246.16', '片区已分配金额-工业健康': '135741748.56', '片区已分配金额-楼宇办公': '892951739.68', '片区父级已审批金额-食饮': '42521511.12', '食饮-年度开单金额（万）': '135.436374', '事业群下派战区总任务金额': '13920835715.550001', '总金额转换（以万为单位）': '6326.32', '总额的待分配任务（金额）': '87637203.44', '客户经理已分配金额-食饮部': '21984512.88', '行业线已分配金额-工业健康': '163544274.96', '行业线已分配金额-楼宇办公': '490632823.12', '行业线父级已审批金额-食饮': '42521511.12', '截止当天累计目标阈值（万）': '5802.137902', '片区下派客户经理总任务金额': '287249182.93', '客户经理已分配金额-工业健康': '24510778.16', '客户经理已分配金额-楼宇办公': '163164379.84', '楼宇办公-年度开单金额（万）': '1968.878808', '片区父级已审批金额-工业健康': '111210105.6', '片区父级已审批金额-楼宇办公': '981265649.76', '客户经理父级已审批金额-食饮部': '22162740.16', '行业线父级已审批金额-工业健康': '111210105.6', '行业线父级已审批金额-楼宇办公': '981265649.76', '年度开单金额转换（以万为单位）': '2364.435742', '客户经理父级已审批金额-工业健康': '24867234.48', '客户经理父级已审批金额-楼宇办公': '162629696.24'}",2026-08-21 17:02:20.979544,2026-08-21 17:02:20.979544,2026-08-21 17:02:20.979544
6,recvkB7Jbqi0G8,"{'2601': '33337500', '2602': '33337500', '2603': '33337500', '2604': '33337500', '公式': '0.00000000952380952380952', '战区': '食饮行业部', '状态': '已审批', '编号': '6', 'SourceID': 'NzY0MTE0MDA0MTE0MTU4NzEzODpyZWN2ZElSc1FQOVJxVTpmNTNhN2U2NWJmNjdhZWE5NjNlN2U3YjZlYWU1YzZlODox', '事业群': '商用事业群', '创建人': '谢南珩', '当前年': '2026', '当前月': '8', '食饮部': '92400000', '层级级别': '战区', '当前日期': '21', '父级引用': '1', '经营主体': '星澜集团总部', '1季度比例': '25%', '2季度比例': '25%', '3季度比例': '25%', '4季度比例': '25%', '任务维护人': '陆亦舟、沈亦舟', '年度开单金额': '39866216.6496', '总任务承接人': '殷怀川', '总任务达成率': '0.298959254965', '本月开单金额': '873789.9896', '食饮部（万）': '9240', '链接字段(勿删)': '商用事业群;食饮行业部;;', '剩余分配百分比': '0', '工业健康（万）': '0', '当前月最后一天': '31', '总任务（金额）': '133350000', '战区总任务金额': '762000000', '楼宇办公（万）': '0', '本月当前目标阈值': '7169354.83871', '本月总目标（万）': '770', '食饮部待分配任务': '133350000', '健康-年度开单金额': '0', '食饮-年度开单金额': '39866216.6496', '工业健康待分配任务': '0', '当前月份任务达成率': '0.078631270155', '本月开单金额（万）': '87.378999', '楼宇办公待分配任务': '0', '战区已分配金额-食饮': '101200000', '父级已审批金额-食饮': '101200000', '事业群剩余未分配金额': '-184150000', '截止当天累计目标阈值': '84759452.054794', '本月当前目标阈值 (万)': '716.935484', '楼宇办公-年度开单金额': '0', '片区已分配金额-食饮部': '0', '行业线已分配金额-食饮': '0', '战区下派片区总任务金额': '0', '截止当前目标阈值达成率': '0.470345379579', '健康-年度开单金额（万）': '0', '年度阈值/开单差额（万）': '-4489.323541', '战区已分配金额-工业健康': '35200000', '战区已分配金额-楼宇办公': '264000000', '月度阈值/开单差额（万）': '-629.556485', '父级已审批金额-工业健康': '35200000', '父级已审批金额-楼宇办公': '264000000', '片区已分配金额-工业健康': '0', '片区已分配金额-楼宇办公': '0', '片区父级已审批金额-食饮': '101200000', '食饮-年度开单金额（万）': '3986.621665', '事业群下派战区总任务金额': '762000000', '总金额转换（以万为单位）': '9240', '总额的待分配任务（金额）': '133350000', '行业线年度开单金额（万）': '2441.042575', '客户经理已分配金额-食饮部': '0', '行业线已分配金额-工业健康': '0', '行业线已分配金额-楼宇办公': '0', '行业线父级已审批金额-食饮': '101200000', '截止当天累计目标阈值（万）': '8475.945205', '片区下派客户经理总任务金额': '0', '客户经理已分配金额-工业健康': '0', '客户经理已分配金额-楼宇办公': '0', '楼宇办公-年度开单金额（万）': '0', '片区父级已审批金额-工业健康': '0', '片区父级已审批金额-楼宇办公': '0', '客户经理父级已审批金额-食饮部': '202400000', '行业线父级已审批金额-工业健康': '0', '行业线父级已审批金额-楼宇办公': '0', '年度开单金额转换（以万为单位）': '3986.621665', '客户经理父级已审批金额-工业健康': '70400000', '客户经理父级已审批金额-楼宇办公': '528000000'}",2026-08-21 17:02:20.979544,2026-08-21 17:02:20.979544,2026-08-21 17:02:20.979544
14,recvkB7Jbqhtw4,"{'2601': '1082108.58', '2602': '1363779.34', '2603': '1004556.03', '2604': '916189.43', '公式': '0.000000333333333333333', '战区': '工业健康行业部', '状态': '待确认', '编号': '14', 'SourceID': 'NzY0MTE0MDA0MTE0MTU4NzEzODpyZWN2ZElWQXFBclpBVjo0OWM1ZDlhODA1NTVjYzZhODhkZGQ2OWI5MTAxN2Y2Yjox', '事业群': '商用事业群', '创建人': '洛屿青', '当前年': '2026', '当前月': '8', '客户经理': '施既白', '层级级别': '客户经理', '工业健康': '3025698.72', '当前日期': '21', '父级引用': '9', '经营主体': '星澜集团总部', '1季度比例': '25%', '2季度比例': '25%', '3季度比例': '25%', '4季度比例': '25%', '任务维护人': '苏朔风', '年度开单金额': '1615484.338423', '总任务承接人': '施既白', '总任务达成率': '0.424117949614', '本月开单金额': '0', '食饮部（万）': '0', '链接字段(勿删)': '商用事业群;工业健康行业部;;施既白', '剩余分配百分比': '0', '工业健康（万）': '302.72', '当前月最后一天': '31', '总任务（金额）': '3809044.96', '战区总任务金额': '596342365.86', '楼宇办公（万）': '0', '本月当前目标阈值': '204838.709677', '本月总目标（万）': '25.52', '食饮部待分配任务': '0', '健康-年度开单金额': '1615484.338423', '食饮-年度开单金额': '0', '工业健康待分配任务': '4173611.16', '当前月份任务达成率': '0', '本月开单金额（万）': '0', '楼宇办公待分配任务': '0', '战区已分配金额-食饮': '115985117.6', '父级已审批金额-食饮': '115985117.6', '事业群剩余未分配金额': '-858771231.4', '截止当天累计目标阈值': '2775503.956602', '本月当前目标阈值 (万)': '20.483871', '楼宇办公-年度开单金额': '0', '片区已分配金额-食饮部': '0', '行业线已分配金额-食饮': '105899455.2', '战区下派片区总任务金额': '20410356.69', '截止当前目标阈值达成率': '0.58205081444', '健康-年度开单金额（万）': '161.548434', '年度阈值/开单差额（万）': '-116.001962', '战区已分配金额-工业健康': '40342649.6', '战区已分配金额-楼宇办公': '302569872', '月度阈值/开单差额（万）': '-20.483871', '父级已审批金额-工业健康': '40342649.6', '父级已审批金额-楼宇办公': '302569872', '片区已分配金额-工业健康': '0', '片区已分配金额-楼宇办公': '0', '片区父级已审批金额-食饮': '0', '食饮-年度开单金额（万）': '0', '事业群下派战区总任务金额': '644128855.25', '总金额转换（以万为单位）': '302.72', '总额的待分配任务（金额）': '4669679.51', '客户经理已分配金额-食饮部': '0', '行业线已分配金额-工业健康': '10085662.4', '行业线已分配金额-楼宇办公': '30256987.2', '行业线父级已审批金额-食饮': '0', '截止当天累计目标阈值（万）': '277.550396', '片区下派客户经理总任务金额': '0', '客户经理已分配金额-工业健康': '0', '客户经理已分配金额-楼宇办公': '0', '楼宇办公-年度开单金额（万）': '0', '片区父级已审批金额-工业健康': '10085662.4', '片区父级已审批金额-楼宇办公': '0', '客户经理父级已审批金额-食饮部': '231970235.2', '行业线父级已审批金额-工业健康': '10085662.4', '行业线父级已审批金额-楼宇办公': '0', '年度开单金额转换（以万为单位）': '161.548434', '客户经理父级已审批金额-工业健康': '80685299.2', '客户经理父级已审批金额-楼宇办公': '605139744'}",2026-08-21 17:02:20.979544,2026-08-21 17:02:20.979544,2026-08-21 17:02:20.979544
15,recvkB7JbqlVGQ,"{'2601': '2991981.57', '2602': '2841358.3', '2603': '2973357.02', '2604': '1881583.74', '公式': '0.000000142857142857142', '战区': '楼宇办公行业部', '状态': '待确认', '编号': '15', 'SourceID': 'NzY0MTE0MDA0MTE0MTU4NzEzODpyZWN2ZElYQ3JMMkkxdTozN2UyMzU5ZTU0MmEwYmI2OTI2OWJmYWY2ZDVkZTFjYzox', '事业群': '商用事业群', '创建人': '洛屿青', '当前年': '2026', '当前月': '8', '客户经理': '林屿青', '层级级别': '客户经理', '当前日期': '21', '楼宇办公': '7406052.72', '父级引用': '8', '经营主体': '星澜集团总部', '1季度比例': '25%', '2季度比例': '25%', '3季度比例': '25%', '4季度比例': '25%', '任务维护人': '温屿青', '年度开单金额': '5091988.412669', '总任务承接人': '林屿青', '总任务达成率': '0.803945234859', '本月开单金额': '662973.810681', '食饮部（万）': '0', '链接字段(勿删)': '商用事业群;楼宇办公行业部;;林屿青', '剩余分配百分比': '0', '工业健康（万）': '0', '当前月最后一天': '31', '总任务（金额）': '6333750.35', '战区总任务金额': '851610175.11', '楼宇办公（万）': '740.96', '本月当前目标阈值': '477956.989247', '本月总目标（万）': '61.717106', '食饮部待分配任务': '0', '健康-年度开单金额': '0', '食饮-年度开单金额': '0', '工业健康待分配任务': '0', '当前月份任务达成率': '1.25607819831', '本月开单金额（万）': '66.297381', '楼宇办公待分配任务': '6500844.25', '战区已分配金额-食饮': '121670866.24', '父级已审批金额-食饮': '121670866.24', '事业群剩余未分配金额': '-870331422.91', '截止当天累计目标阈值': '6793646.866192', '本月当前目标阈值 (万)': '47.795699', '楼宇办公-年度开单金额': '5091988.412669', '片区已分配金额-食饮部': '0', '行业线已分配金额-食饮': '111090790.8', '战区下派片区总任务金额': '15427732.67', '截止当前目标阈值达成率': '0.749522092178', '健康-年度开单金额（万）': '0', '年度阈值/开单差额（万）': '-170.165845', '战区已分配金额-工业健康': '42320300.88', '战区已分配金额-楼宇办公': '317402259.68', '月度阈值/开单差额（万）': '18.501682', '父级已审批金额-工业健康': '42320300.88', '父级已审批金额-楼宇办公': '317402259.68', '片区已分配金额-工业健康': '0', '片区已分配金额-楼宇办公': '0', '片区父级已审批金额-食饮': '0', '食饮-年度开单金额（万）': '0', '事业群下派战区总任务金额': '755817660.32', '总金额转换（以万为单位）': '740.96', '总额的待分配任务（金额）': '9585222.13', '客户经理已分配金额-食饮部': '0', '行业线已分配金额-工业健康': '10580075.44', '行业线已分配金额-楼宇办公': '31740226.32', '行业线父级已审批金额-食饮': '0', '截止当天累计目标阈值（万）': '679.364686', '片区下派客户经理总任务金额': '0', '客户经理已分配金额-工业健康': '0', '客户经理已分配金额-楼宇办公': '0', '楼宇办公-年度开单金额（万）': '509.198841', '片区父级已审批金额-工业健康': '0', '片区父级已审批金额-楼宇办公': '35972256.32', '客户经理父级已审批金额-食饮部': '243341732.48', '行业线父级已审批金额-工业健康': '0', '行业线父级已审批金额-楼宇办公': '35972256.32', '年度开单金额转换（以万为单位）': '509.198841', '客户经理父级已审批金额-工业健康': '84640602.64', '客户经理父级已审批金额-楼宇办公': '634804518.48'}",2026-08-21 17:02:20.979544,2026-08-21 17:02:20.979544,2026-08-21 17:02:20.979544
7,recvkB7JbqCPuo,"{'2601': '9525000', '2602': '9525000', '2603': '9525000', '2604': '9525000', '公式': '0.0000000333333333333333', '战区': '楼宇办公行业部', '状态': '已审批', '编号': '7', 'SourceID': 'NzY0MTE0MDA0MTE0MTU4NzEzODpyZWN2ZElSQmV5MmRzeDphOGU2N2Y5YzY4Y2VlMWUyZTk3YTkwOWVlZWY0ZWM4OTox', '事业群': '商用事业群', '创建人': '谢南珩', '当前年': '2026', '当前月': '8', '层级级别': '战区', '当前日期': '21', '楼宇办公': '26400000', '父级引用': '1', '经营主体': '星澜集团总部', '1季度比例': '25%', '2季度比例': '25%', '3季度比例': '25%', '4季度比例': '25%', '任务维护人': '沈亦舟、陆亦舟', '年度开单金额': '33551944.4744', '总任务承接人': '温屿青', '总任务达成率': '0.880628463895', '本月开单金额': '2096184.376', '食饮部（万）': '0', '链接字段(勿删)': '商用事业群;楼宇办公行业部;;', '剩余分配百分比': '0', '工业健康（万）': '0', '当前月最后一天': '31', '总任务（金额）': '38100000', '战区总任务金额': '762000000', '楼宇办公（万）': '2640', '本月当前目标阈值': '2048387.096774', '本月总目标（万）': '220', '食饮部待分配任务': '0', '健康-年度开单金额': '0', '食饮-年度开单金额': '0', '工业健康待分配任务': '0', '当前月份任务达成率': '0.660215551496', '本月开单金额（万）': '209.618438', '楼宇办公待分配任务': '38100000', '战区已分配金额-食饮': '101200000', '父级已审批金额-食饮': '101200000', '事业群剩余未分配金额': '-184150000', '截止当天累计目标阈值': '24216986.30137', '本月当前目标阈值 (万)': '204.83871', '楼宇办公-年度开单金额': '33551944.4744', '片区已分配金额-食饮部': '0', '行业线已分配金额-食饮': '0', '战区下派片区总任务金额': '0', '截止当前目标阈值达成率': '1.385471505697', '健康-年度开单金额（万）': '0', '年度阈值/开单差额（万）': '933.495817', '战区已分配金额-工业健康': '35200000', '战区已分配金额-楼宇办公': '264000000', '月度阈值/开单差额（万）': '4.779728', '父级已审批金额-工业健康': '35200000', '父级已审批金额-楼宇办公': '264000000', '片区已分配金额-工业健康': '0', '片区已分配金额-楼宇办公': '0', '片区父级已审批金额-食饮': '0', '食饮-年度开单金额（万）': '0', '事业群下派战区总任务金额': '762000000', '总金额转换（以万为单位）': '2640', '总额的待分配任务（金额）': '38100000', '行业线年度开单金额（万）': '2079.546221', '客户经理已分配金额-食饮部': '0', '行业线已分配金额-工业健康': '0', '行业线已分配金额-楼宇办公': '0', '行业线父级已审批金额-食饮': '0', '截止当天累计目标阈值（万）': '2421.69863', '片区下派客户经理总任务金额': '0', '客户经理已分配金额-工业健康': '0', '客户经理已分配金额-楼宇办公': '0', '楼宇办公-年度开单金额（万）': '3355.194447', '片区父级已审批金额-工业健康': '0', '片区父级已审批金额-楼宇办公': '29920000', '客户经理父级已审批金额-食饮部': '202400000', '行业线父级已审批金额-工业健康': '0', '行业线父级已审批金额-楼宇办公': '29920000', '年度开单金额转换（以万为单位）': '3355.194447', '客户经理父级已审批金额-工业健康': '70400000', '客户经理父级已审批金额-楼宇办公': '528000000'}",2026-08-21 17:02:20.979544,2026-08-21 17:02:20.979544,2026-08-21 17:02:20.979544
16,recvkB7JbqhW5n,"{'2601': '1488093.29', '2602': '2933280.9', '2603': '1236099.89', '2604': '1892566.7', '公式': '0.000000142857142857142', '战区': '楼宇办公行业部', '状态': '待确认', '编号': '16', 'SourceID': 'NzY0MTE0MDA0MTE0MTU4NzEzODpyZWN2ZElYT0dDT0dwNzo1N2ZkN2E2NmU5MTA0YTk5MDUwM2Y3ZTM0YWE3ODI3OTox', '事业群': '商用事业群', '创建人': '洛屿青', '当前年': '2026', '当前月': '8', '客户经理': '温屿青', '层级级别': '客户经理', '当前日期': '21', '楼宇办公': '5231524.32', '父级引用': '6', '经营主体': '星澜集团总部', '1季度比例': '25%', '2季度比例': '25%', '3季度比例': '25%', '4季度比例': '25%', '任务维护人': '温屿青', '年度开单金额': '1048392.556095', '总任务承接人': '温屿青', '总任务达成率': '0.135109943952', '本月开单金额': '0', '食饮部（万）': '0', '链接字段(勿删)': '商用事业群;楼宇办公行业部;;温屿青', '剩余分配百分比': '0', '工业健康（万）': '0', '当前月最后一天': '31', '总任务（金额）': '7759551.41', '战区总任务金额': '847309999.56', '楼宇办公（万）': '522.72', '本月当前目标阈值': '477956.989247', '本月总目标（万）': '43.596036', '食饮部待分配任务': '0', '健康-年度开单金额': '0', '食饮-年度开单金额': '0', '工业健康待分配任务': '0', '当前月份任务达成率': '0', '本月开单金额（万）': '0', '楼宇办公待分配任务': '6391474.39', '战区已分配金额-食饮': '85946470.72', '父级已审批金额-食饮': '85946470.72', '事业群剩余未分配金额': '-614789034.58', '截止当天累计目标阈值': '4798930.030028', '本月当前目标阈值 (万)': '47.795699', '楼宇办公-年度开单金额': '1048392.556095', '片区已分配金额-食饮部': '0', '行业线已分配金额-食饮': '78472864.8', '战区下派片区总任务金额': '25867518.75', '截止当前目标阈值达成率': '0.218463813712', '健康-年度开单金额（万）': '0', '年度阈值/开单差额（万）': '-375.053747', '战区已分配金额-工业健康': '29894424.56', '战区已分配金额-楼宇办公': '224208185.52', '月度阈值/开单差额（万）': '-47.795699', '父级已审批金额-工业健康': '29894424.56', '父级已审批金额-楼宇办公': '224208185.52', '片区已分配金额-工业健康': '0', '片区已分配金额-楼宇办公': '0', '片区父级已审批金额-食饮': '0', '食饮-年度开单金额（万）': '0', '事业群下派战区总任务金额': '582287081.55', '总金额转换（以万为单位）': '522.72', '总额的待分配任务（金额）': '9656400.55', '客户经理已分配金额-食饮部': '0', '行业线已分配金额-工业健康': '7473605.92', '行业线已分配金额-楼宇办公': '22420818.64', '行业线父级已审批金额-食饮': '0', '截止当天累计目标阈值（万）': '479.893003', '片区下派客户经理总任务金额': '0', '客户经理已分配金额-工业健康': '0', '客户经理已分配金额-楼宇办公': '0', '楼宇办公-年度开单金额（万）': '104.839256', '片区父级已审批金额-工业健康': '0', '片区父级已审批金额-楼宇办公': '25410261.36', '客户经理父级已审批金额-食饮部': '171892942.32', '行业线父级已审批金额-工业健康': '0', '行业线父级已审批金额-楼宇办公': '25410261.36', '年度开单金额转换（以万为单位）': '104.839256', '客户经理父级已审批金额-工业健康': '59788849.12', '客户经理父级已审批金额-楼宇办公': '448416370.16'}",2026-08-21 17:02:20.979544,2026-08-21 17:02:20.979544,2026-08-21 17:02:20.979544
17,recvkB7Jbq8Dxo,"{'2601': '4406440.26', '2602': '2996893.93', '2603': '4741251.63', '2604': '3029482.13', '公式': '0.0000000833333333333333', '战区': '楼宇办公行业部', '状态': '待确认', '编号': '17', 'SourceID': 'NzY0MTE0MDA0MTE0MTU4NzEzODpyZWN2ZElZMm9IZzRFcTo5YzRhYWM0MDk0ZDIwOGQwMzcxNGU5ZDE2OTMxYmFkODox', '事业群': '商用事业群', '创建人': '洛屿青', '当前年': '2026', '当前月': '8', '客户经理': '姜亦舟', '层级级别': '客户经理', '当前日期': '21', '楼宇办公': '10514314.8', '父级引用': '7', '经营主体': '星澜集团总部', '1季度比例': '25%', '2季度比例': '25%', '3季度比例': '25%', '4季度比例': '25%', '任务维护人': '温屿青', '年度开单金额': '11253296.522719', '总任务承接人': '姜亦舟', '总任务达成率': '0.710066187083', '本月开单金额': '968534.974874', '食饮部（万）': '0', '链接字段(勿删)': '商用事业群;楼宇办公行业部;;姜亦舟', '剩余分配百分比': '0', '工业健康（万）': '0', '当前月最后一天': '31', '总任务（金额）': '15848236.02', '战区总任务金额': '900606241.71', '楼宇办公（万）': '1051.6', '本月当前目标阈值': '819354.83871', '本月总目标（万）': '88', '食饮部待分配任务': '0', '健康-年度开单金额': '0', '食饮-年度开单金额': '0', '工业健康待分配任务': '0', '当前月份任务达成率': '0.733357307641', '本月开单金额（万）': '96.853498', '楼宇办公待分配任务': '11563291.58', '战区已分配金额-食饮': '100762183.28', '父级已审批金额-食饮': '100762183.28', '事业群剩余未分配金额': '-720768228.26', '截止当天累计目标阈值': '9644887.025754', '本月当前目标阈值 (万)': '81.935484', '楼宇办公-年度开单金额': '11253296.522719', '片区已分配金额-食饮部': '0', '行业线已分配金额-食饮': '92000254.72', '战区下派片区总任务金额': '20260950.08', '截止当前目标阈值达成率': '1.16676291725', '健康-年度开单金额（万）': '0', '年度阈值/开单差额（万）': '160.84095', '战区已分配金额-工业健康': '35047716', '战区已分配金额-楼宇办公': '262857870', '月度阈值/开单差额（万）': '14.918014', '父级已审批金额-工业健康': '35047716', '父级已审批金额-楼宇办公': '262857870', '片区已分配金额-工业健康': '0', '片区已分配金额-楼宇办公': '0', '片区父级已审批金额-食饮': '0', '食饮-年度开单金额（万）': '0', '事业群下派战区总任务金额': '671122509.67', '总金额转换（以万为单位）': '1051.6', '总额的待分配任务（金额）': '17430296.61', '客户经理已分配金额-食饮部': '0', '行业线已分配金额-工业健康': '8761929.44', '行业线已分配金额-楼宇办公': '26285786.56', '行业线父级已审批金额-食饮': '0', '截止当天累计目标阈值（万）': '964.488702', '片区下派客户经理总任务金额': '0', '客户经理已分配金额-工业健康': '0', '客户经理已分配金额-楼宇办公': '0', '楼宇办公-年度开单金额（万）': '1125.329652', '片区父级已审批金额-工业健康': '0', '片区父级已审批金额-楼宇办公': '29790559.04', '客户经理父级已审批金额-食饮部': '201524366.56', '行业线父级已审批金额-工业健康': '0', '行业线父级已审批金额-楼宇办公': '29790559.04', '年度开单金额转换（以万为单位）': '1125.329652', '客户经理父级已审批金额-工业健康': '70095432', '客户经理父级已审批金额-楼宇办公': '525715740'}",2026-08-21 17:02:20.979544,2026-08-21 17:02:20.979544,2026-08-21 17:02:20.979544
18,recvkB7JbqL353,"{'2601': '1750315.27', '2602': '1061780.96', '2603': '1817090.6', '2604': '1112861.63', '公式': '0.00000025', '战区': '楼宇办公行业部', '状态': '已审批', '编号': '18', 'SourceID': 'NzY0MTE0MDA0MTE0MTU4NzEzODpyZWN2ZElZZFBVU0xubTozOTY0NWJjMzFhYjUyNzgwZmY5MGM2OGIyOWU4NDk0ZDox', '事业群': '商用事业群', '创建人': '洛屿青', '当前年': '2026', '当前月': '8', '客户经理': '林南珩', '层级级别': '客户经理', '当前日期': '21', '楼宇办公': '3978742.24', '父级引用': '8', '经营主体': '星澜集团总部', '1季度比例': '25%', '2季度比例': '25%', '3季度比例': '25%', '4季度比例': '25%', '任务维护人': '温屿青', '年度开单金额': '620431.358138', '总任务承接人': '林南珩', '总任务达成率': '0.166847949958', '本月开单金额': '0', '食饮部（万）': '0', '链接字段(勿删)': '商用事业群;楼宇办公行业部;;林南珩', '剩余分配百分比': '0', '工业健康（万）': '0', '当前月最后一天': '31', '总任务（金额）': '3718543.49', '战区总任务金额': '718525857.84', '楼宇办公（万）': '397.76', '本月当前目标阈值': '273118.27957', '本月总目标（万）': '33.156185', '食饮部待分配任务': '0', '健康-年度开单金额': '0', '食饮-年度开单金额': '0', '工业健康待分配任务': '0', '已分配任务（金额）': '6119754.08', '当前月份任务达成率': '0', '本月开单金额（万）': '0', '楼宇办公待分配任务': '4651214.98', '战区已分配金额-食饮': '114388839.84', '父级已审批金额-食饮': '114388839.84', '事业群剩余未分配金额': '-818241905.55', '截止当天累计目标阈值': '3649740.391014', '本月当前目标阈值 (万)': '27.311828', '楼宇办公-年度开单金额': '620431.358138', '片区已分配金额-食饮部': '0', '行业线已分配金额-食饮': '104441983.36', '战区下派片区总任务金额': '16017336.52', '截止当前目标阈值达成率': '0.16999328491', '健康-年度开单金额（万）': '0', '年度阈值/开单差额（万）': '-302.930903', '战区已分配金额-工业健康': '39787422.4', '战区已分配金额-楼宇办公': '298405668', '月度阈值/开单差额（万）': '-27.311828', '父级已审批金额-工业健康': '39787422.4', '父级已审批金额-楼宇办公': '298405668', '片区已分配金额-工业健康': '0', '片区已分配金额-楼宇办公': '0', '片区父级已审批金额-食饮': '0', '食饮-年度开单金额（万）': '0', '事业群下派战区总任务金额': '566296684.27', '总金额转换（以万为单位）': '397.76', '总额的待分配任务（金额）': '0', '客户经理已分配金额-食饮部': '0', '行业线已分配金额-工业健康': '9946855.6', '行业线已分配金额-楼宇办公': '29840566.8', '行业线父级已审批金额-食饮': '0', '截止当天累计目标阈值（万）': '364.974039', '片区下派客户经理总任务金额': '0', '客户经理已分配金额-工业健康': '0', '客户经理已分配金额-楼宇办公': '0', '楼宇办公-年度开单金额（万）': '62.043135', '片区父级已审批金额-工业健康': '0', '片区父级已审批金额-楼宇办公': '33819309.04', '客户经理父级已审批金额-食饮部': '228777678.8', '行业线父级已审批金额-工业健康': '0', '行业线父级已审批金额-楼宇办公': '33819309.04', '年度开单金额转换（以万为单位）': '62.043135', '客户经理父级已审批金额-工业健康': '79574844.8', '客户经理父级已审批金额-楼宇办公': '596811336'}",2026-08-21 17:02:20.979544,2026-08-21 17:02:20.979544,2026-08-21 17:02:20.979544
3,recvkB7JbqO5k9,"{'2601': '27399945.2', '2602': '27116474.85', '2603': '26037616.2', '2604': '26723601.62', '公式': '0.0000000121951219512195', '战区': '岚屿战区', '状态': '已审批', '编号': '3', 'SourceID': 'NzY0MTE0MDA0MTE0MTU4NzEzODpyZWN2ZElRaEZnQmVmSTpmYWJjMzdiYjQyMTM3ZGNiOTQyMmRmNmU1OWZlNjNjZjox', '事业群': '商用事业群', '创建人': '谢南珩', '当前年': '2026', '当前月': '8', '食饮部': '2218904.16', '层级级别': '战区', '工业健康': '8321734.96', '当前日期': '21', '楼宇办公': '63793472.16', '父级引用': '777', '经营主体': '星澜集团总部', '1季度比例': '25%', '2季度比例': '25%', '3季度比例': '25%', '4季度比例': '25%', '任务维护人': '沈亦舟、陆亦舟', '年度开单金额': '31267307.682481', '总任务承接人': '许怀川', '总任务达成率': '0.304620791948', '本月开单金额': '2079940.062986', '食饮部（万）': '222.64', '链接字段(勿删)': '商用事业群;岚屿战区;;', '剩余分配百分比': '0', '工业健康（万）': '832.48', '当前月最后一天': '31', '总任务（金额）': '102643379.93', '战区总任务金额': '14866906164.02', '楼宇办公（万）': '6379.12', '本月当前目标阈值': '5598924.731183', '本月总目标（万）': '619.846106', '食饮部待分配任务': '2909281.71', '健康-年度开单金额': '2199981.803995', '食饮-年度开单金额': '1216958.226795', '工业健康待分配任务': '10665983.24', '当前月份任务达成率': '0.243165031908', '本月开单金额（万）': '207.994071', '楼宇办公待分配任务': '86545286.65', '战区已分配金额-食饮': '2055094631.04', '父级已审批金额-食饮': '2055094631.04', '事业群剩余未分配金额': '-15006884550.559999', '截止当天累计目标阈值': '68187430.098196', '本月当前目标阈值 (万)': '559.892473', '楼宇办公-年度开单金额': '27850367.492787', '片区已分配金额-食饮部': '46463010', '行业线已分配金额-食饮': '1876390751.84', '战区下派片区总任务金额': '388737308.63', '截止当前目标阈值达成率': '0.458549437007', '健康-年度开单金额（万）': '219.998287', '年度阈值/开单差额（万）': '-3692.012242', '战区已分配金额-工业健康': '714815525.6', '战区已分配金额-楼宇办公': '5361116430.56', '月度阈值/开单差额（万）': '-351.898467', '父级已审批金额-工业健康': '714815525.6', '父级已审批金额-楼宇办公': '5361116430.56', '片区已分配金额-工业健康': '167981647.68', '片区已分配金额-楼宇办公': '1250927166.72', '片区父级已审批金额-食饮': '46463010', '食饮-年度开单金额（万）': '121.695769', '事业群下派战区总任务金额': '14360439534.08', '总金额转换（以万为单位）': '7433.36', '总额的待分配任务（金额）': '95867035.85', '客户经理已分配金额-食饮部': '3945798.56', '行业线已分配金额-工业健康': '178703880.96', '行业线已分配金额-楼宇办公': '536111643.76', '行业线父级已审批金额-食饮': '46463010', '截止当天累计目标阈值（万）': '6818.743006', '片区下派客户经理总任务金额': '463017067.36', '客户经理已分配金额-工业健康': '37308516.08', '客户经理已分配金额-楼宇办公': '282507357.44', '楼宇办公-年度开单金额（万）': '2785.036804', '片区父级已审批金额-工业健康': '167981647.68', '片区父级已审批金额-楼宇办公': '1250927166.72', '客户经理父级已审批金额-食饮部': '3945798.56', '行业线父级已审批金额-工业健康': '167981647.68', '行业线父级已审批金额-楼宇办公': '1250927166.72', '年度开单金额转换（以万为单位）': '3126.730862', '客户经理父级已审批金额-工业健康': '37308516.08', '客户经理父级已审批金额-楼宇办公': '282507357.44'}",2026-08-21 17:02:20.979544,2026-08-21 17:02:20.979544,2026-08-21 17:02:20.979544
19,recvkB7JbqoLUS,"{'2601': '6045532.74', '2602': '5727821.92', '2603': '6460205.52', '2604': '5726399.52', '公式': '0.0000000571428571428571', '战区': '朔岑战区', '片区': '锦川片区', '状态': '已审批', '编号': '19', 'SourceID': 'NzY0MTE0MDA0MTE0MTU4NzEzODpyZWN2ZElaQlFTTW5IVjo2MDQ2NTNkZDBlODVjZjQzYjFmNTQwZDRhMjJkNmE5NTox', '事业群': '商用事业群', '创建人': '谢南珩', '当前年': '2026', '当前月': '8', '食饮部': '2522364.24', '层级级别': '片区', '工业健康': '1880457.92', '当前日期': '21', '楼宇办公': '12199353.76', '父级引用': '103', '经营主体': '星澜集团总部', '1季度比例': '25%', '2季度比例': '25%', '3季度比例': '25%', '4季度比例': '25%', '任务维护人': '江朔风', '年度开单金额': '6419880.39554', '总任务承接人': '严怀川', '总任务达成率': '0.288800337846', '本月开单金额': '718025.44', '食饮部（万）': '251.68', '链接字段(勿删)': '商用事业群;朔岑战区;锦川片区;', '剩余分配百分比': '0', '工业健康（万）': '189.2', '当前月最后一天': '31', '总任务（金额）': '22229476.75', '战区总任务金额': '3549782320.03', '楼宇办公（万）': '1220.56', '本月当前目标阈值': '1194892.473118', '本月总目标（万）': '138.866625', '食饮部待分配任务': '3915401.11', '健康-年度开单金额': '140935.884322', '食饮-年度开单金额': '168690.229022', '工业健康待分配任务': '2387542.85', '当前月份任务达成率': '0.387607201775', '本月开单金额（万）': '71.802529', '楼宇办公待分配任务': '14848118.64', '战区已分配金额-食饮': '547896774.48', '父级已审批金额-食饮': '547896774.48', '事业群剩余未分配金额': '-4005141660.77', '截止当天累计目标阈值': '15229344.24767', '本月当前目标阈值 (万)': '119.489247', '楼宇办公-年度开单金额': '6110254.801494', '片区已分配金额-食饮部': '30968078.24', '行业线已分配金额-食饮': '500253576.24', '战区下派片区总任务金额': '110239749.04', '截止当前目标阈值达成率': '0.421546738398', '健康-年度开单金额（万）': '14.093588', '年度阈值/开单差额（万）': '-880.946385', '战区已分配金额-工业健康': '190572791.2', '战区已分配金额-楼宇办公': '1429295932.24', '月度阈值/开单差额（万）': '-47.686703', '父级已审批金额-工业健康': '190572791.2', '父级已审批金额-楼宇办公': '1429295932.24', '片区已分配金额-工业健康': '39543854.24', '片区已分配金额-楼宇办公': '260131858.8', '片区父级已审批金额-食饮': '12387231.12', '食饮-年度开单金额（万）': '16.869', '事业群下派战区总任务金额': '3987016302.05', '总金额转换（以万为单位）': '1660.56', '总额的待分配任务（金额）': '23751052.32', '客户经理已分配金额-食饮部': '12387231.12', '行业线已分配金额-工业健康': '47643197.36', '行业线已分配金额-楼宇办公': '142929592.96', '行业线父级已审批金额-食饮': '12387231.12', '截止当天累计目标阈值（万）': '1522.934426', '片区下派客户经理总任务金额': '109795950.08', '客户经理已分配金额-工业健康': '9528640', '客户经理已分配金额-楼宇办公': '61459725.36', '楼宇办公-年度开单金额（万）': '611.025441', '片区父级已审批金额-工业健康': '32397374.24', '片区父级已审批金额-楼宇办公': '285859186.8', '客户经理父级已审批金额-食饮部': '12387231.12', '行业线父级已审批金额-工业健康': '32397374.24', '行业线父级已审批金额-楼宇办公': '285859186.8', '年度开单金额转换（以万为单位）': '641.988029', '客户经理父级已审批金额-工业健康': '9528640', '客户经理父级已审批金额-楼宇办公': '61459725.36'}",2026-08-21 17:02:20.979544,2026-08-21 17:02:20.979544,2026-08-21 17:02:20.979544
20,recvkB7JbqQMq2,"{'2601': '6556819.5', '2602': '8418056.57', '2603': '5654020.95', '2604': '7892770.6', '公式': '0.0000000423728813559322', '战区': '瀚川战区', '片区': '珩京片区', '状态': '已审批', '编号': '20', 'SourceID': 'NzY0MTE0MDA0MTE0MTU4NzEzODpyZWN2ZEowQ050OHpTdTowNzhkMDRhZmMyMWE1NjczOTk1MjBlYWJhOTJhNmU3MDox', '事业群': '商用事业群', '创建人': '洛屿青', '当前年': '2026', '当前月': '8', '食饮部': '1444296.48', '层级级别': '片区', '工业健康': '1365858.56', '当前日期': '21', '楼宇办公': '16952890.24', '父级引用': '74', '经营主体': '星澜集团总部', '1季度比例': '25%', '2季度比例': '25%', '3季度比例': '25%', '4季度比例': '25%', '任务维护人': '池既白', '年度开单金额': '10363106.704086', '总任务承接人': '林屿青', '总任务达成率': '0.386361530103', '本月开单金额': '443185.837122', '食饮部（万）': '144.32', '链接字段(勿删)': '商用事业群;瀚川战区;珩京片区;', '剩余分配百分比': '0', '工业健康（万）': '136.4', '当前月最后一天': '31', '总任务（金额）': '26822304.75', '战区总任务金额': '2681596003.32', '楼宇办公（万）': '1694.88', '本月当前目标阈值': '1611397.849462', '本月总目标（万）': '165.094732', '食饮部待分配任务': '2523316.01', '健康-年度开单金额': '1138873.12', '食饮-年度开单金额': '819975.017998', '工业健康待分配任务': '1960998.11', '当前月份任务达成率': '0.198276400743', '本月开单金额（万）': '44.318557', '楼宇办公待分配任务': '27130053.69', '战区已分配金额-食饮': '376865531.68', '父级已审批金额-食饮': '376865531.68', '事业群剩余未分配金额': '-2726048632.22', '截止当天累计目标阈值': '18128840.788602', '本月当前目标阈值 (万)': '161.139785', '楼宇办公-年度开单金额': '8404258.104161', '片区已分配金额-食饮部': '8520438.08', '行业线已分配金额-食饮': '344094616.8', '战区下派片区总任务金额': '85044908.65', '截止当前目标阈值达成率': '0.571636478302', '健康-年度开单金额（万）': '113.887338', '年度阈值/开单差额（万）': '-776.573408', '战区已分配金额-工业健康': '131083663.04', '战区已分配金额-楼宇办公': '983127474.56', '月度阈值/开单差额（万）': '-116.821201', '父级已审批金额-工业健康': '131083663.04', '父级已审批金额-楼宇办公': '983127474.56', '片区已分配金额-工业健康': '19662550.16', '片区已分配金额-楼宇办公': '180240036.24', '片区父级已审批金额-食饮': '8520438.08', '食饮-年度开单金额（万）': '81.997532', '事业群下派战区总任务金额': '3131964752.06', '总金额转换（以万为单位）': '1976.48', '总额的待分配任务（金额）': '30339076.99', '客户经理已分配金额-食饮部': '6554182.8', '行业线已分配金额-工业健康': '32770915.76', '行业线已分配金额-楼宇办公': '98312747.28', '行业线父级已审批金额-食饮': '8520438.08', '截止当天累计目标阈值（万）': '1812.884079', '片区下派客户经理总任务金额': '124004428.14', '客户经理已分配金额-工业健康': '5243347.12', '客户经理已分配金额-楼宇办公': '65541831.52', '楼宇办公-年度开单金额（万）': '840.4258', '片区父级已审批金额-工业健康': '19662550.16', '片区父级已审批金额-楼宇办公': '180240036.24', '客户经理父级已审批金额-食饮部': '6554182.8', '行业线父级已审批金额-工业健康': '19662550.16', '行业线父级已审批金额-楼宇办公': '180240036.24', '年度开单金额转换（以万为单位）': '1036.310671', '客户经理父级已审批金额-工业健康': '5243347.12', '客户经理父级已审批金额-楼宇办公': '65541831.52'}",2026-08-21 17:02:20.979544,2026-08-21 17:02:20.979544,2026-08-21 17:02:20.979544
8,recvkB7JbqqZ7o,"{'2601': '3175000', '2602': '3175000', '2603': '3175000', '2604': '3175000', '公式': '0.0000001', '战区': '工业健康行业部', '状态': '已审批', '编号': '8', 'SourceID': 'NzY0MTE0MDA0MTE0MTU4NzEzODpyZWN2ZElSVG12OW9xNDoyMDAzOGNjMjAzNDEzMWEzNjA4NDRhZDY3YjAzNzIxODox', '事业群': '商用事业群', '创建人': '谢南珩', '当前年': '2026', '当前月': '8', '层级级别': '战区', '工业健康': '8800000', '当前日期': '21', '父级引用': '1', '经营主体': '星澜集团总部', '1季度比例': '25%', '2季度比例': '25%', '3季度比例': '25%', '4季度比例': '25%', '任务维护人': '陆亦舟、沈亦舟', '年度开单金额': '10846450.3224', '总任务承接人': '苏朔风', '总任务达成率': '0.854051206488', '本月开单金额': '4620', '食饮部（万）': '0', '链接字段(勿删)': '商用事业群;工业健康行业部;;', '剩余分配百分比': '0', '工业健康（万）': '880', '当前月最后一天': '31', '总任务（金额）': '12700000', '战区总任务金额': '762000000', '楼宇办公（万）': '0', '本月当前目标阈值': '682795.698925', '本月总目标（万）': '73.333333', '食饮部待分配任务': '0', '健康-年度开单金额': '10846450.3224', '食饮-年度开单金额': '0', '工业健康待分配任务': '12700000', '当前月份任务达成率': '0.004365354331', '本月开单金额（万）': '0.462', '楼宇办公待分配任务': '0', '战区已分配金额-食饮': '101200000', '父级已审批金额-食饮': '101200000', '事业群剩余未分配金额': '-184150000', '截止当天累计目标阈值': '8072328.767123', '本月当前目标阈值 (万)': '68.27957', '楼宇办公-年度开单金额': '0', '片区已分配金额-食饮部': '0', '行业线已分配金额-食饮': '0', '战区下派片区总任务金额': '0', '截止当前目标阈值达成率': '1.343658148139', '健康-年度开单金额（万）': '1084.645032', '年度阈值/开单差额（万）': '277.412156', '战区已分配金额-工业健康': '35200000', '战区已分配金额-楼宇办公': '264000000', '月度阈值/开单差额（万）': '-67.81757', '父级已审批金额-工业健康': '35200000', '父级已审批金额-楼宇办公': '264000000', '片区已分配金额-工业健康': '0', '片区已分配金额-楼宇办公': '0', '片区父级已审批金额-食饮': '0', '食饮-年度开单金额（万）': '0', '事业群下派战区总任务金额': '762000000', '总金额转换（以万为单位）': '880', '总额的待分配任务（金额）': '12700000', '行业线年度开单金额（万）': '560.373912', '客户经理已分配金额-食饮部': '0', '行业线已分配金额-工业健康': '0', '行业线已分配金额-楼宇办公': '0', '行业线父级已审批金额-食饮': '0', '截止当天累计目标阈值（万）': '807.232877', '片区下派客户经理总任务金额': '0', '客户经理已分配金额-工业健康': '0', '客户经理已分配金额-楼宇办公': '0', '楼宇办公-年度开单金额（万）': '0', '片区父级已审批金额-工业健康': '8800000', '片区父级已审批金额-楼宇办公': '0', '客户经理父级已审批金额-食饮部': '202400000', '行业线父级已审批金额-工业健康': '8800000', '行业线父级已审批金额-楼宇办公': '0', '年度开单金额转换（以万为单位）': '1084.645032', '客户经理父级已审批金额-工业健康': '70400000', '客户经理父级已审批金额-楼宇办公': '528000000'}",2026-08-21 17:02:20.979544,2026-08-21 17:02:20.979544,2026-08-21 17:02:20.979544
21,recvkB7JbqOwsZ,"{'2601': '5668730.09', '2602': '4474584.65', '2603': '4276614.51', '2604': '4361919.14', '公式': '0.0000000714285714285714', '战区': '朔岑战区', '片区': '秦屿片区', '状态': '已审批', '编号': '21', 'SourceID': 'NzY0MTE0MDA0MTE0MTU4NzEzODpyZWN2ZEowV2NWQjdTdTowNDk2YmUzOTVkNDExZDJmMTU3M2UxMjEyMDBkZjVlZjox', '事业群': '商用事业群', '创建人': '谢南珩', '当前年': '2026', '当前月': '8', '食饮部': '1110878.56', '层级级别': '片区', '工业健康': '1851618.56', '当前日期': '21', '楼宇办公': '10051697.04', '父级引用': '68', '经营主体': '星澜集团总部', '1季度比例': '25%', '2季度比例': '25%', '3季度比例': '25%', '4季度比例': '25%', '任务维护人': '江朔风', '年度开单金额': '6406918.61628', '总任务承接人': '许屿青', '总任务达成率': '0.313051990977', '本月开单金额': '113285.92', '食饮部（万）': '110.88', '链接字段(勿删)': '商用事业群;朔岑战区;秦屿片区;', '剩余分配百分比': '0', '工业健康（万）': '185.68', '当前月最后一天': '31', '总任务（金额）': '20465989.04', '战区总任务金额': '2331062537.51', '楼宇办公（万）': '1005.84', '本月当前目标阈值': '955913.978495', '本月总目标（万）': '108.451619', '食饮部待分配任务': '1551113.23', '健康-年度开单金额': '1828619.001536', '食饮-年度开单金额': '158435.2', '工业健康待分配任务': '2362979.78', '当前月份任务达成率': '0.066423911268', '本月开单金额（万）': '11.328559', '楼宇办公待分配任务': '12603109.16', '战区已分配金额-食饮': '324641598.16', '父级已审批金额-食饮': '324641598.16', '事业群剩余未分配金额': '-2387398913.28', '截止当天累计目标阈值': '11938051.579398', '本月当前目标阈值 (万)': '95.591398', '楼宇办公-年度开单金额': '4419864.588306', '片区已分配金额-食饮部': '18349308.56', '行业线已分配金额-食饮': '296411894.24', '战区下派片区总任务金额': '66104150.24', '截止当前目标阈值达成率': '0.536680426757', '健康-年度开单金额（万）': '182.8619', '年度阈值/开单差额（万）': '-553.113296', '战区已分配金额-工业健康': '112918816.56', '战区已分配金额-楼宇办公': '846891124.64', '月度阈值/开单差额（万）': '-84.262806', '父级已审批金额-工业健康': '112918816.56', '父级已审批金额-楼宇办公': '846891124.64', '片区已分配金额-工业健康': '23430653.84', '片区已分配金额-楼宇办公': '154134185.04', '片区父级已审批金额-食饮': '7339723.6', '食饮-年度开单金额（万）': '15.843503', '事业群下派战区总任务金额': '2237589418.64', '总金额转换（以万为单位）': '1301.52', '总额的待分配任务（金额）': '18249459.31', '客户经理已分配金额-食饮部': '3387564.4', '行业线已分配金额-工业健康': '28229704.8', '行业线已分配金额-楼宇办公': '84689112.64', '行业线父级已审批金额-食饮': '7339723.6', '截止当天累计目标阈值（万）': '1193.805157', '片区下派客户经理总任务金额': '51250427.09', '客户经理已分配金额-工业健康': '5645940.96', '客户经理已分配金额-楼宇办公': '30488080.48', '楼宇办公-年度开单金额（万）': '441.986459', '片区父级已审批金额-工业健康': '19196198.56', '片区父级已审批金额-楼宇办公': '169378224.4', '客户经理父级已审批金额-食饮部': '3387564.4', '行业线父级已审批金额-工业健康': '19196198.56', '行业线父级已审批金额-楼宇办公': '169378224.4', '年度开单金额转换（以万为单位）': '640.691861', '客户经理父级已审批金额-工业健康': '5645940.96', '客户经理父级已审批金额-楼宇办公': '30488080.48'}",2026-08-21 17:02:20.979544,2026-08-21 17:02:20.979544,2026-08-21 17:02:20.979544
22,recvkB7Jbqv2yo,"{'2601': '4464640.55', '2602': '3408221.53', '2603': '3279513.38', '2604': '4707089.9', '公式': '0.000000072463768115942', '战区': '瀚川战区', '片区': '碣石片区', '状态': '已审批', '编号': '22', 'SourceID': 'NzY0MTE0MDA0MTE0MTU4NzEzODpyZWN2ZEoxZWo5dXFOTzo1NzdiYzg1MDY3ZGVmOWQwZjhlYjdkYjBmZDVmYmRmYTox', '事业群': '商用事业群', '创建人': '洛屿青', '当前年': '2026', '当前月': '8', '食饮部': '155862.08', '层级级别': '片区', '工业健康': '479367.68', '当前日期': '21', '楼宇办公': '10354005.2', '父级引用': '60', '经营主体': '星澜集团总部', '1季度比例': '25%', '2季度比例': '25%', '3季度比例': '25%', '4季度比例': '25%', '任务维护人': '池既白', '年度开单金额': '4232212.605086', '总任务承接人': '傅南珩', '总任务达成率': '0.237075115834', '本月开单金额': '545404.503934', '食饮部（万）': '15.84', '链接字段(勿删)': '商用事业群;瀚川战区;碣石片区;', '剩余分配百分比': '0', '工业健康（万）': '47.52', '当前月最后一天': '31', '总任务（金额）': '17851779.13', '战区总任务金额': '2354095329.9', '楼宇办公（万）': '1035.76', '本月当前目标阈值': '942258.064516', '本月总目标（万）': '91.730247', '食饮部待分配任务': '212925.66', '健康-年度开单金额': '85042.32', '食饮-年度开单金额': '213980.8', '工业健康待分配任务': '799951.41', '当前月份任务达成率': '0.366621948409', '本月开单金额（万）': '54.54046', '楼宇办公待分配任务': '17444388.53', '战区已分配金额-食饮': '275636738.96', '父级已审批金额-食饮': '275636738.96', '事业群剩余未分配金额': '-2027711321.76', '截止当天累计目标阈值': '10080536.886356', '本月当前目标阈值 (万)': '94.225806', '楼宇办公-年度开单金额': '3933189.59392', '片区已分配金额-食饮部': '6231786.88', '行业线已分配金额-食饮': '251668327.68', '战区下派片区总任务金额': '63000524.24', '截止当前目标阈值达成率': '0.419839999873', '健康-年度开单金额（万）': '8.504227', '年度阈值/开单差额（万）': '-584.832428', '战区已分配金额-工业健康': '95873648.64', '战区已分配金额-楼宇办公': '719052363.04', '月度阈值/开单差额（万）': '-39.685356', '父级已审批金额-工业健康': '95873648.64', '父级已审批金额-楼宇办公': '719052363.04', '片区已分配金额-工业健康': '14381047.12', '片区已分配金额-楼宇办公': '131826266.88', '片区父级已审批金额-食饮': '6231786.88', '食饮-年度开单金额（万）': '21.398075', '事业群下派战区总任务金额': '2358114865.93', '总金额转换（以万为单位）': '1099.12', '总额的待分配任务（金额）': '18411946.92', '客户经理已分配金额-食饮部': '479367.68', '行业线已分配金额-工业健康': '23968412.16', '行业线已分配金额-楼宇办公': '71905235.6', '行业线父级已审批金额-食饮': '6231786.88', '截止当天累计目标阈值（万）': '1008.053689', '片区下派客户经理总任务金额': '51768208.63', '客户经理已分配金额-工业健康': '1438103.92', '客户经理已分配金额-楼宇办公': '31158935.28', '楼宇办公-年度开单金额（万）': '393.318959', '片区父级已审批金额-工业健康': '14381047.12', '片区父级已审批金额-楼宇办公': '131826266.88', '客户经理父级已审批金额-食饮部': '479367.68', '行业线父级已审批金额-工业健康': '14381047.12', '行业线父级已审批金额-楼宇办公': '131826266.88', '年度开单金额转换（以万为单位）': '423.221261', '客户经理父级已审批金额-工业健康': '1438103.92', '客户经理父级已审批金额-楼宇办公': '31158935.28'}",2026-08-21 17:02:20.979544,2026-08-21 17:02:20.979544,2026-08-21 17:02:20.979544
23,recvkB7JbqgBTe,"{'2601': '3820223.5', '2602': '4896148.45', '2603': '5358453.85', '2604': '4663898.47', '公式': '0.0000000735294117647058', '战区': '朔岑战区', '片区': '雾川片区', '状态': '已审批', '编号': '23', 'SourceID': 'NzY0MTE0MDA0MTE0MTU4NzEzODpyZWN2ZEoxbjRwQlZXTzo3MWZjYzgzZTFjM2Q3NWIwNTdjNjQxOTA2YzVkOWNjYjox', '事业群': '商用事业群', '创建人': '谢南珩', '当前年': '2026', '当前月': '8', '食饮部': '1131218', '层级级别': '片区', '工业健康': '1410486.88', '当前日期': '21', '楼宇办公': '10442609.76', '父级引用': '74', '经营主体': '星澜集团总部', '1季度比例': '25%', '2季度比例': '25%', '3季度比例': '25%', '4季度比例': '25%', '任务维护人': '江朔风', '年度开单金额': '3697228.121413', '总任务承接人': '沈南珩', '总任务达成率': '0.22773245356', '本月开单金额': '274776.982288', '食饮部（万）': '113.52', '链接字段(勿删)': '商用事业群;朔岑战区;雾川片区;', '剩余分配百分比': '0', '工业健康（万）': '140.8', '当前月最后一天': '31', '总任务（金额）': '16234963.72', '战区总任务金额': '2304889314.52', '楼宇办公（万）': '1044.56', '本月当前目标阈值': '928602.150538', '本月总目标（万）': '108.202608', '食饮部待分配任务': '1673456.14', '健康-年度开单金额': '164245.84', '食饮-年度开单金额': '325344.8', '工业健康待分配任务': '2016728.25', '当前月份任务达成率': '0.203100163593', '本月开单金额（万）': '27.477736', '楼宇办公待分配任务': '14879394.93', '战区已分配金额-食饮': '329290539.6', '父级已审批金额-食饮': '329290539.6', '事业群剩余未分配金额': '-2423239969.36', '截止当天累计目标阈值': '11910641.179835', '本月当前目标阈值 (万)': '92.860215', '楼宇办公-年度开单金额': '3207637.451548', '片区已分配金额-食饮部': '18612074.8', '行业线已分配金额-食饮': '300656579.52', '战区下派片区总任务金额': '56653005.82', '截止当前目标阈值达成率': '0.310413861487', '健康-年度开单金额（万）': '16.424542', '年度阈值/开单差额（万）': '-821.341306', '战区已分配金额-工业健康': '114535839.44', '战区已分配金额-楼宇办公': '859018798.88', '月度阈值/开单差额（万）': '-65.382517', '父级已审批金额-工业健康': '114535839.44', '父级已审批金额-楼宇办公': '859018798.88', '片区已分配金额-工业健康': '23766187.28', '片区已分配金额-楼宇办公': '156341421.28', '片区父级已审批金额-食饮': '7444829.04', '食饮-年度开单金额（万）': '32.534537', '事业群下派战区总任务金额': '2262821607.19', '总金额转换（以万为单位）': '1298', '总额的待分配任务（金额）': '17811982.41', '客户经理已分配金额-食饮部': '3436074.4', '行业线已分配金额-工业健康': '28633960.08', '行业线已分配金额-楼宇办公': '85901879.36', '行业线父级已审批金额-食饮': '7444829.04', '截止当天累计目标阈值（万）': '1191.064119', '片区下派客户经理总任务金额': '52152710.02', '客户经理已分配金额-工业健康': '4295094.32', '客户经理已分配金额-楼宇办公': '31211016.32', '楼宇办公-年度开单金额（万）': '320.763744', '片区父级已审批金额-工业健康': '19471092.96', '片区父级已审批金额-楼宇办公': '171803760.48', '客户经理父级已审批金额-食饮部': '3436074.4', '行业线父级已审批金额-工业健康': '19471092.96', '行业线父级已审批金额-楼宇办公': '171803760.48', '年度开单金额转换（以万为单位）': '369.722822', '客户经理父级已审批金额-工业健康': '4295094.32', '客户经理父级已审批金额-楼宇办公': '31211016.32'}",2026-08-21 17:02:20.979544,2026-08-21 17:02:20.979544,2026-08-21 17:02:20.979544
24,recvkB7Jbq85Hy,"{'2601': '5054696.52', '2602': '4686637.82', '2603': '4775419.71', '2604': '2555034.26', '公式': '0.0000000826446280991735', '战区': '瀚川战区', '片区': '朔岑片区', '状态': '已审批', '编号': '24', 'SourceID': 'NzY0MTE0MDA0MTE0MTU4NzEzODpyZWN2ZEoxeTJ1Nnk1Tjo1Y2EwOWI5OGE5MGQwNWZjYWQxNWIxM2Q0ZDQ0OTEzMTox', '事业群': '商用事业群', '创建人': '洛屿青', '当前年': '2026', '当前月': '8', '食饮部': '195525.44', '层级级别': '片区', '工业健康': '1857489.04', '当前日期': '21', '楼宇办公': '9776257.04', '父级引用': '27', '经营主体': '星澜集团总部', '1季度比例': '25%', '2季度比例': '25%', '3季度比例': '25%', '4季度比例': '25%', '任务维护人': '池既白', '年度开单金额': '1863685.360746', '总任务承接人': '沈屿青', '总任务达成率': '0.137737987958', '本月开单金额': '-29133.28', '食饮部（万）': '19.36', '链接字段(勿删)': '商用事业群;瀚川战区;朔岑片区;', '剩余分配百分比': '0', '工业健康（万）': '185.68', '当前月最后一天': '31', '总任务（金额）': '13530656.2', '战区总任务金额': '942151774.57', '楼宇办公（万）': '977.68', '本月当前目标阈值': '826182.795699', '本月总目标（万）': '98.577255', '食饮部待分配任务': '308499.51', '健康-年度开单金额': '0', '食饮-年度开单金额': '44726', '工业健康待分配任务': '3004973.67', '当前月份任务达成率': '-0.025837576155', '本月开单金额（万）': '-2.913324', '楼宇办公待分配任务': '12674748.59', '战区已分配金额-食饮': '112426952', '父级已审批金额-食饮': '112426952', '事业群剩余未分配金额': '-829463169.62', '截止当天累计目标阈值': '10851109.281972', '本月当前目标阈值 (万)': '82.61828', '楼宇办公-年度开单金额': '1818958.986219', '片区已分配金额-食饮部': '2541826.32', '行业线已分配金额-食饮': '102650695.84', '战区下派片区总任务金额': '15006354.29', '截止当前目标阈值达成率': '0.171750676573', '健康-年度开单金额（万）': '0', '年度阈值/开单差额（万）': '-898.742392', '战区已分配金额-工业健康': '39105027.28', '战区已分配金额-楼宇办公': '293287701.52', '月度阈值/开单差额（万）': '-85.531608', '父级已审批金额-工业健康': '39105027.28', '父级已审批金额-楼宇办公': '293287701.52', '片区已分配金额-工业健康': '5865754.4', '片区已分配金额-楼宇办公': '53769412.4', '片区父级已审批金额-食饮': '2541826.32', '食饮-年度开单金额（万）': '4.472638', '事业群下派战区总任务金额': '913504750.33', '总金额转换（以万为单位）': '1182.72', '总额的待分配任务（金额）': '13154553.32', '客户经理已分配金额-食饮部': '195525.44', '行业线已分配金额-工业健康': '9776257.04', '行业线已分配金额-楼宇办公': '29328770.24', '行业线父级已审批金额-食饮': '2541826.32', '截止当天累计目标阈值（万）': '1085.110929', '片区下派客户经理总任务金额': '13069586.51', '客户经理已分配金额-工业健康': '1857489.04', '客户经理已分配金额-楼宇办公': '9776257.04', '楼宇办公-年度开单金额（万）': '181.895899', '片区父级已审批金额-工业健康': '5865754.4', '片区父级已审批金额-楼宇办公': '53769412.4', '客户经理父级已审批金额-食饮部': '195525.44', '行业线父级已审批金额-工业健康': '5865754.4', '行业线父级已审批金额-楼宇办公': '53769412.4', '年度开单金额转换（以万为单位）': '186.368536', '客户经理父级已审批金额-工业健康': '1857489.04', '客户经理父级已审批金额-楼宇办公': '9776257.04'}",2026-08-21 17:02:20.979544,2026-08-21 17:02:20.979544,2026-08-21 17:02:20.979544
25,recvkB7JbqddHp,"{'2601': '2510085.15', '2602': '2974973.73', '2603': '1709635.9', '2604': '2106706.48', '公式': '0.000000123456790123456', '战区': '朔岑战区', '片区': '苍云片区', '状态': '已审批', '编号': '25', 'SourceID': 'NzY0MTE0MDA0MTE0MTU4NzEzODpyZWN2ZEoxRTVEZ2N5Rzo2Yjg4YmM3M2Y4ODdkYmNlODY4N2ExZDEwODg3MDU1MDox', '事业群': '商用事业群', '创建人': '谢南珩', '当前年': '2026', '当前月': '8', '食饮部': '398008.16', '层级级别': '片区', '工业健康': '795276.24', '当前日期': '21', '楼宇办公': '5251781.92', '父级引用': '45', '经营主体': '星澜集团总部', '1季度比例': '25%', '2季度比例': '25%', '3季度比例': '25%', '4季度比例': '25%', '任务维护人': '江朔风', '年度开单金额': '2318443.085064', '总任务承接人': '岑屿青', '总任务达成率': '0.259290879762', '本月开单金额': '70570.72', '食饮部（万）': '39.6', '链接字段(勿删)': '商用事业群;朔岑战区;苍云片区;', '剩余分配百分比': '0', '工业健康（万）': '79.2', '当前月最后一天': '31', '总任务（金额）': '8941475.64', '战区总任务金额': '1314287729.56', '楼宇办公（万）': '525.36', '本月当前目标阈值': '553064.516129', '本月总目标（万）': '53.721536', '食饮部待分配任务': '458306.17', '健康-年度开单金额': '0', '食饮-年度开单金额': '274494.573504', '工业健康待分配任务': '1164247.1', '当前月份任务达成率': '0.09471016576', '本月开单金额（万）': '7.057107', '楼宇办公待分配任务': '7832980.27', '战区已分配金额-食饮': '182913523.76', '父级已审批金额-食饮': '182913523.76', '事业群剩余未分配金额': '-1358680571.94', '截止当天累计目标阈值': '5912123.540602', '本月当前目标阈值 (万)': '55.306452', '楼宇办公-年度开单金额': '2043948.130271', '片区已分配金额-食饮部': '10338591.12', '行业线已分配金额-食饮': '167007999.84', '战区下派片区总任务金额': '36699957.08', '截止当前目标阈值达成率': '0.392150649279', '健康-年度开单金额（万）': '0', '年度阈值/开单差额（万）': '-359.368046', '战区已分配金额-工业健康': '63622094.8', '战区已分配金额-楼宇办公': '477165714.96', '月度阈值/开单差额（万）': '-48.24938', '父级已审批金额-工业健康': '63622094.8', '父级已审批金额-楼宇办公': '477165714.96', '片区已分配金额-工业健康': '13201584.88', '片区已分配金额-楼宇办公': '86844159.6', '片区父级已审批金额-食饮': '4135435.92', '食饮-年度开单金额（万）': '27.449495', '事业群下派战区总任务金额': '1608192930.42', '总金额转换（以万为单位）': '645.04', '总额的待分配任务（金额）': '8848667.85', '客户经理已分配金额-食饮部': '795276.24', '行业线已分配金额-工业健康': '15905523.92', '行业线已分配金额-楼宇办公': '47716571.76', '行业线父级已审批金额-食饮': '4135435.92', '截止当天累计目标阈值（万）': '591.212355', '片区下派客户经理总任务金额': '19111437.52', '客户经理已分配金额-工业健康': '1590552.48', '客户经理已分配金额-楼宇办公': '10497645.84', '楼宇办公-年度开单金额（万）': '204.394813', '片区父级已审批金额-工业健康': '10815756.16', '片区父级已审批金额-楼宇办公': '95433142.64', '客户经理父级已审批金额-食饮部': '795276.24', '行业线父级已审批金额-工业健康': '10815756.16', '行业线父级已审批金额-楼宇办公': '95433142.64', '年度开单金额转换（以万为单位）': '231.844309', '客户经理父级已审批金额-工业健康': '1590552.48', '客户经理父级已审批金额-楼宇办公': '10497645.84'}",2026-08-21 17:02:20.979544,2026-08-21 17:02:20.979544,2026-08-21 17:02:20.979544
26,recvkB7Jbqm5GT,"{'2601': '911663.15', '2602': '646198.86', '2603': '527361.15', '2604': '546831.52', '公式': '0.0000005', '战区': '瀚川战区', '片区': '墨汀片区', '状态': '已审批', '编号': '26', 'SourceID': 'NzY0MTE0MDA0MTE0MTU4NzEzODpyZWN2ZEoxUUpkNTV5UjpjNzU3ZTJmYzgzMTE5MWU2YmE4ZWI0OTQyNWY0MWU5ZTox', '事业群': '商用事业群', '创建人': '洛屿青', '当前年': '2026', '当前月': '8', '食饮部': '0', '层级级别': '片区', '工业健康': '0', '当前日期': '21', '楼宇办公': '1823785.92', '父级引用': '27', '经营主体': '星澜集团总部', '1季度比例': '25%', '2季度比例': '25%', '3季度比例': '25%', '4季度比例': '25%', '任务维护人': '池既白', '年度开单金额': '677096.298549', '总任务承接人': '郑朔风', '总任务达成率': '0.369013021102', '本月开单金额': '2240.48', '食饮部（万）': '0', '链接字段(勿删)': '商用事业群;瀚川战区;墨汀片区;', '剩余分配百分比': '0', '工业健康（万）': '0', '当前月最后一天': '31', '总任务（金额）': '1834884.57', '战区总任务金额': '668500002.85', '楼宇办公（万）': '182.16', '本月当前目标阈值': '136559.139785', '本月总目标（万）': '15.198216', '食饮部待分配任务': '0', '健康-年度开单金额': '20936.96', '食饮-年度开单金额': '95976.32', '工业健康待分配任务': '0', '当前月份任务达成率': '0.014652562041', '本月开单金额（万）': '0.224052', '楼宇办公待分配任务': '1917786.36', '战区已分配金额-食饮': '104867690.4', '父级已审批金额-食饮': '104867690.4', '事业群剩余未分配金额': '-786984349.32', '截止当天累计目标阈值': '1672977.22126', '本月当前目标阈值 (万)': '13.655914', '楼宇办公-年度开单金额': '560182.502147', '片区已分配金额-食饮部': '2370921.52', '行业线已分配金额-食饮': '95748760.8', '战区下派片区总任务金额': '19722228.78', '截止当前目标阈值达成率': '0.404725354263', '健康-年度开单金额（万）': '2.093707', '年度阈值/开单差额（万）': '-99.588092', '战区已分配金额-工业健康': '36475718.4', '战区已分配金额-楼宇办公': '273567888', '月度阈值/开单差额（万）': '-13.431866', '父级已审批金额-工业健康': '36475718.4', '父级已审批金额-楼宇办公': '273567888', '片区已分配金额-工业健康': '5471357.76', '片区已分配金额-楼宇办公': '50154112.8', '片区父级已审批金额-食饮': '2370921.52', '食饮-年度开单金额（万）': '9.597673', '事业群下派战区总任务金额': '828042307.59', '总金额转换（以万为单位）': '182.16', '总额的待分配任务（金额）': '2902295.44', '客户经理已分配金额-食饮部': '0', '行业线已分配金额-工业健康': '9118929.6', '行业线已分配金额-楼宇办公': '27356788.8', '行业线父级已审批金额-食饮': '2370921.52', '截止当天累计目标阈值（万）': '167.297722', '片区下派客户经理总任务金额': '2820821.13', '客户经理已分配金额-工业健康': '0', '客户经理已分配金额-楼宇办公': '1823785.92', '楼宇办公-年度开单金额（万）': '56.018251', '片区父级已审批金额-工业健康': '5471357.76', '片区父级已审批金额-楼宇办公': '50154112.8', '客户经理父级已审批金额-食饮部': '0', '行业线父级已审批金额-工业健康': '5471357.76', '行业线父级已审批金额-楼宇办公': '50154112.8', '年度开单金额转换（以万为单位）': '67.70963', '客户经理父级已审批金额-工业健康': '0', '客户经理父级已审批金额-楼宇办公': '1823785.92'}",2026-08-21 17:02:20.979544,2026-08-21 17:02:20.979544,2026-08-21 17:02:20.979544
27,recvkB7Jbqy1lV,"{'2601': '2574201.1', '2602': '1887414.31', '2603': '2870690.22', '2604': '2736550.28', '公式': '0.000000123456790123456', '战区': '朔岑战区', '片区': '泠州片区', '状态': '已审批', '编号': '27', 'SourceID': 'NzY0MTE0MDA0MTE0MTU4NzEzODpyZWN2ZEoyNGkwemxzWjoxMGIyNjI4NDJlYzg1YjAxOTgwNDA4ODliMWE5YTkyMzox', '事业群': '商用事业群', '创建人': '谢南珩', '当前年': '2026', '当前月': '8', '食饮部': '434622.32', '层级级别': '片区', '工业健康': '672812.8', '当前日期': '21', '楼宇办公': '5869409.04', '父级引用': '78', '经营主体': '星澜集团总部', '1季度比例': '25%', '2季度比例': '25%', '3季度比例': '25%', '4季度比例': '25%', '任务维护人': '江朔风', '年度开单金额': '1713740.169018', '总任务承接人': '邵亦舟', '总任务达成率': '0.170070278724', '本月开单金额': '-72730.3167', '食饮部（万）': '44', '链接字段(勿删)': '商用事业群;朔岑战区;泠州片区;', '剩余分配百分比': '0', '工业健康（万）': '66.88', '当前月最后一天': '31', '总任务（金额）': '10076658.79', '战区总任务金额': '2530757409.9', '楼宇办公（万）': '586.96', '本月当前目标阈值': '553064.516129', '本月总目标（万）': '58.448302', '食饮部待分配任务': '645547.35', '健康-年度开单金额': '35123.44', '食饮-年度开单金额': '272781.280271', '工业健康待分配任务': '931942.51', '当前月份任务达成率': '-0.086612419711', '本月开单金额（万）': '-7.273084', '楼宇办公待分配任务': '9949883.58', '战区已分配金额-食饮': '291054886.32', '父级已审批金额-食饮': '291054886.32', '事业群剩余未分配金额': '-2161953969.2', '截止当天累计目标阈值': '6399930.331836', '本月当前目标阈值 (万)': '55.306452', '楼宇办公-年度开单金额': '1405835.118358', '片区已分配金额-食饮部': '16450928.56', '行业线已分配金额-食饮': '265745766', '战区下派片区总任务金额': '63010618.2', '截止当前目标阈值达成率': '0.267774816312', '健康-年度开单金额（万）': '3.512384', '年度阈值/开单差额（万）': '-468.619016', '战区已分配金额-工业健康': '101236483.04', '战区已分配金额-楼宇办公': '759273616.64', '月度阈值/开单差额（万）': '-62.579483', '父级已审批金额-工业健康': '101236483.04', '父级已审批金额-楼宇办公': '759273616.64', '片区已分配金额-工业健康': '21006570.64', '片区已分配金额-楼宇办公': '138187798.32', '片区父级已审批金额-食饮': '6580371.6', '食饮-年度开单金额（万）': '27.278108', '事业群下派战区总任务金额': '2366488661.73', '总金额转换（以万为单位）': '697.84', '总额的待分配任务（金额）': '8580186.04', '客户经理已分配金额-食饮部': '1265455.84', '行业线已分配金额-工业健康': '25309120.32', '行业线已分配金额-楼宇办公': '75927360.96', '行业线父级已审批金额-食饮': '6580371.6', '截止当天累计目标阈值（万）': '639.993033', '片区下派客户经理总任务金额': '32183116.99', '客户经理已分配金额-工业健康': '2024729.52', '客户经理已分配金额-楼宇办公': '17210201.36', '楼宇办公-年度开单金额（万）': '140.583526', '片区父级已审批金额-工业健康': '17210201.36', '片区父级已审批金额-楼宇办公': '151854723.68', '客户经理父级已审批金额-食饮部': '1265455.84', '行业线父级已审批金额-工业健康': '17210201.36', '行业线父级已审批金额-楼宇办公': '151854723.68', '年度开单金额转换（以万为单位）': '171.374017', '客户经理父级已审批金额-工业健康': '2024729.52', '客户经理父级已审批金额-楼宇办公': '17210201.36'}",2026-08-21 17:02:20.979544,2026-08-21 17:02:20.979544,2026-08-21 17:02:20.979544
28,recvkB7JbqmRTG,"{'2601': '3104734.71', '2602': '4253941.2', '2603': '3155927.14', '2604': '2451520.37', '公式': '0.000000099009900990099', '战区': '瀚川战区', '片区': '奉岚片区', '状态': '已审批', '编号': '28', 'SourceID': 'NzY0MTE0MDA0MTE0MTU4NzEzODpyZWN2ZEoyNWZiMXdMTzplZjM3YjUyODkxZmExYmEyMjlhZjhlOTE5NjNiYWMzZjox', '事业群': '商用事业群', '创建人': '洛屿青', '当前年': '2026', '当前月': '8', '食饮部': '183526.64', '层级级别': '片区', '工业健康': '917633.2', '当前日期': '21', '楼宇办公': '7883241.52', '父级引用': '82', '经营主体': '星澜集团总部', '1季度比例': '25%', '2季度比例': '25%', '3季度比例': '25%', '4季度比例': '25%', '任务维护人': '池既白', '年度开单金额': '3220223.073223', '总任务承接人': '岑南珩', '总任务达成率': '0.330178709338', '本月开单金额': '235055.92', '食饮部（万）': '18.48', '链接字段(勿删)': '商用事业群;瀚川战区;奉岚片区;', '剩余分配百分比': '0', '工业健康（万）': '91.52', '当前月最后一天': '31', '总任务（金额）': '9752970.08', '战区总任务金额': '2082311800.57', '楼宇办公（万）': '788.48', '本月当前目标阈值': '689623.655914', '本月总目标（万）': '74.870004', '食饮部待分配任务': '202614.53', '健康-年度开单金额': '47467.2', '食饮-年度开单金额': '116469.863846', '工业健康待分配任务': '1184276.27', '当前月份任务达成率': '0.289211493203', '本月开单金额（万）': '23.505574', '楼宇办公待分配任务': '10613759.57', '战区已分配金额-食饮': '299680370.88', '父级已审批金额-食饮': '299680370.88', '事业群剩余未分配金额': '-2218502393.06', '截止当天累计目标阈值': '8241481.187506', '本月当前目标阈值 (万)': '68.962366', '楼宇办公-年度开单金额': '3056286.749182', '片区已分配金额-食饮部': '6775382.24', '行业线已分配金额-食饮': '273621208.08', '战区下派片区总任务金额': '60905967.85', '截止当前目标阈值达成率': '0.390733534417', '健康-年度开单金额（万）': '4.746677', '年度阈值/开单差额（万）': '-502.125811', '战区已分配金额-工业健康': '104236650.32', '战区已分配金额-楼宇办公': '781774879.6', '月度阈值/开单差额（万）': '-45.456774', '父级已审批金额-工业健康': '104236650.32', '父级已审批金额-楼宇办公': '781774879.6', '片区已分配金额-工业健康': '15635497.68', '片区已分配金额-楼宇办公': '143325394.08', '片区父级已审批金额-食饮': '6775382.24', '食饮-年度开单金额（万）': '11.646957', '事业群下派战区总任务金额': '2324063854.53', '总金额转换（以万为单位）': '898.48', '总额的待分配任务（金额）': '13785302.63', '客户经理已分配金额-食饮部': '521183.52', '行业线已分配金额-工业健康': '26059161.92', '行业线已分配金额-楼宇办公': '78177487.52', '行业线父级已审批金额-食饮': '6775382.24', '截止当天累计目标阈值（万）': '824.148119', '片区下派客户经理总任务金额': '39682505.09', '客户经理已分配金额-工业健康': '2605916.72', '客户经理已分配金额-楼宇办公': '23192654.32', '楼宇办公-年度开单金额（万）': '305.628675', '片区父级已审批金额-工业健康': '15635497.68', '片区父级已审批金额-楼宇办公': '143325394.08', '客户经理父级已审批金额-食饮部': '521183.52', '行业线父级已审批金额-工业健康': '15635497.68', '行业线父级已审批金额-楼宇办公': '143325394.08', '年度开单金额转换（以万为单位）': '322.022307', '客户经理父级已审批金额-工业健康': '4951240.8', '客户经理父级已审批金额-楼宇办公': '20847329.36'}",2026-08-21 17:02:20.979544,2026-08-21 17:02:20.979544,2026-08-21 17:02:20.979544
29,recvkB7Jbqb9DG,"{'2601': '695443.11', '2602': '423246.55', '2603': '392386.82', '2604': '564272.43', '公式': '0.0000005', '战区': '瀚川战区', '片区': '霁林片区', '状态': '已审批', '编号': '29', 'SourceID': 'NzY0MTE0MDA0MTE0MTU4NzEzODpyZWN2ZEoyZ2ZEeFh2SjphZjNkNzIyYWFjMWM3YjU3NjViZmNjMjdiYzA0NTFlMTox', '事业群': '商用事业群', '创建人': '洛屿青', '当前年': '2026', '当前月': '8', '食饮部': '0', '层级级别': '片区', '工业健康': '0', '当前日期': '21', '楼宇办公': '1438037.04', '父级引用': '24', '经营主体': '星澜集团总部', '1季度比例': '25%', '2季度比例': '25%', '3季度比例': '25%', '4季度比例': '25%', '任务维护人': '池既白', '年度开单金额': '232618.683517', '总任务承接人': '岑南珩', '总任务达成率': '0.096055915082', '本月开单金额': '5615.28', '食饮部（万）': '0', '链接字段(勿删)': '商用事业群;瀚川战区;霁林片区;', '剩余分配百分比': '0', '工业健康（万）': '0', '当前月最后一天': '31', '总任务（金额）': '2421700.77', '战区总任务金额': '605720694.83', '楼宇办公（万）': '143.44', '本月当前目标阈值': '136559.139785', '本月总目标（万）': '11.983642', '食饮部待分配任务': '0', '健康-年度开单金额': '0', '食饮-年度开单金额': '44399.52', '工业健康待分配任务': '0', '当前月份任务达成率': '0.02782480843', '本月开单金额（万）': '0.561554', '楼宇办公待分配任务': '2113405.73', '战区已分配金额-食饮': '82687130.24', '父级已审批金额-食饮': '82687130.24', '事业群剩余未分配金额': '-620529324.09', '截止当天累计目标阈值': '1319125.88252', '本月当前目标阈值 (万)': '13.655914', '楼宇办公-年度开单金额': '188219.289907', '片区已分配金额-食饮部': '1869448.24', '行业线已分配金额-食饮': '75496944.16', '战区下派片区总任务金额': '15326031.07', '截止当前目标阈值达成率': '0.176343051561', '健康-年度开单金额（万）': '0', '年度阈值/开单差额（万）': '-108.65072', '战区已分配金额-工业健康': '28760740.8', '战区已分配金额-楼宇办公': '215705556', '月度阈值/开单差额（万）': '-13.094386', '父级已审批金额-工业健康': '28760740.8', '父级已审批金额-楼宇办公': '215705556', '片区已分配金额-工业健康': '4314111.12', '片区已分配金额-楼宇办公': '39546019.04', '片区父级已审批金额-食饮': '1869448.24', '食饮-年度开单金额（万）': '4.43994', '事业群下派战区总任务金额': '877589460.21', '总金额转换（以万为单位）': '143.44', '总额的待分配任务（金额）': '2407460.26', '客户经理已分配金额-食饮部': '0', '行业线已分配金额-工业健康': '7190185.2', '行业线已分配金额-楼宇办公': '21570555.6', '行业线父级已审批金额-食饮': '1869448.24', '截止当天累计目标阈值（万）': '131.912589', '片区下派客户经理总任务金额': '1945255.19', '客户经理已分配金额-工业健康': '0', '客户经理已分配金额-楼宇办公': '1438037.04', '楼宇办公-年度开单金额（万）': '18.821929', '片区父级已审批金额-工业健康': '4314111.12', '片区父级已审批金额-楼宇办公': '39546019.04', '客户经理父级已审批金额-食饮部': '0', '行业线父级已审批金额-工业健康': '4314111.12', '行业线父级已审批金额-楼宇办公': '39546019.04', '年度开单金额转换（以万为单位）': '23.261868', '客户经理父级已审批金额-工业健康': '0', '客户经理父级已审批金额-楼宇办公': '1438037.04'}",2026-08-21 17:02:20.979544,2026-08-21 17:02:20.979544,2026-08-21 17:02:20.979544
30,recvkB7JbqB7mh,"{'2601': '2694699.97', '2602': '2357427.34', '2603': '3161080.8', '2604': '2219637.42', '公式': '0.000000123456790123456', '战区': '朔岑战区', '片区': '汀西片区', '状态': '已审批', '编号': '30', 'SourceID': 'NzY0MTE0MDA0MTE0MTU4NzEzODpyZWN2ZEoybnVsRDFhcDpmMTNjOThjNDFkZjdmY2UxMzEzYWE2YmI4OGZiZDkwMzox', '事业群': '商用事业群', '创建人': '谢南珩', '当前年': '2026', '当前月': '8', '食饮部': '356455.44', '层级级别': '片区', '工业健康': '712910.88', '当前日期': '21', '楼宇办公': '6159692', '父级引用': '61', '经营主体': '星澜集团总部', '1季度比例': '25%', '2季度比例': '25%', '3季度比例': '25%', '4季度比例': '25%', '任务维护人': '江朔风', '年度开单金额': '3088147.031972', '总任务承接人': '白屿青', '总任务达成率': '0.283850201715', '本月开单金额': '120105.04', '食饮部（万）': '35.2', '链接字段(勿删)': '商用事业群;朔岑战区;汀西片区;', '剩余分配百分比': '0', '工业健康（万）': '71.28', '当前月最后一天': '31', '总任务（金额）': '10879495.64', '战区总任务金额': '1393482727.38', '楼宇办公（万）': '616', '本月当前目标阈值': '553064.516129', '本月总目标（万）': '60.347987', '食饮部待分配任务': '497086.89', '健康-年度开单金额': '432281.238247', '食饮-年度开单金额': '154617.76', '工业健康待分配任务': '1054903.91', '当前月份任务达成率': '0.132474935208', '本月开单金额（万）': '12.010544', '楼宇办公待分配任务': '9579129.94', '战区已分配金额-食饮': '204961839.28', '父级已审批金额-食饮': '204961839.28', '事业群剩余未分配金额': '-1522455325.67', '截止当天累计目标阈值': '6631288.117698', '本月当前目标阈值 (万)': '55.306452', '楼宇办公-年度开单金额': '2501248.252877', '片区已分配金额-食饮部': '11584799.6', '行业线已分配金额-食饮': '187139070.8', '战区下派片区总任务金额': '38842095.29', '截止当前目标阈值达成率': '0.465693388247', '健康-年度开单金额（万）': '43.228147', '年度阈值/开单差额（万）': '-354.314109', '战区已分配金额-工业健康': '71291074.8', '战区已分配金额-楼宇办公': '534683058.8', '月度阈值/开单差额（万）': '-43.295948', '父级已审批金额-工业健康': '71291074.8', '父级已审批金额-楼宇办公': '534683058.8', '片区已分配金额-工业健康': '14792897.68', '片区已分配金额-楼宇办公': '97312316.64', '片区父级已审批金额-食饮': '4633919.84', '食饮-年度开单金额（万）': '15.461731', '事业群下派战区总任务金额': '1458726795.52', '总金额转换（以万为单位）': '723.36', '总额的待分配任务（金额）': '10395855.51', '客户经理已分配金额-食饮部': '712910.88', '行业线已分配金额-工业健康': '17822768.48', '行业线已分配金额-楼宇办公': '53468305.44', '行业线父级已审批金额-食饮': '4633919.84', '截止当天累计目标阈值（万）': '663.128812', '片区下派客户经理总任务金额': '22755541.23', '客户经理已分配金额-工业健康': '1425820.88', '客户经理已分配金额-楼宇办公': '12297710.48', '楼宇办公-年度开单金额（万）': '250.124825', '片区父级已审批金额-工业健康': '12119482.32', '片区父级已审批金额-楼宇办公': '106936611.76', '客户经理父级已审批金额-食饮部': '891138.16', '行业线父级已审批金额-工业健康': '12119482.32', '行业线父级已审批金额-楼宇办公': '106936611.76', '年度开单金额转换（以万为单位）': '308.814704', '客户经理父级已审批金额-工业健康': '1782277.2', '客户经理父级已审批金额-楼宇办公': '11763026.88'}",2026-08-21 17:02:20.979544,2026-08-21 17:02:20.979544,2026-08-21 17:02:20.979544
31,recvkB7Jbq8m2A,"{'2601': '6005819.84', '2602': '7575456.02', '2603': '6976540.53', '2604': '8165442.14', '公式': '0.0000000432900432900432', '战区': '澔原战区', '片区': '云栖片区', '状态': '已审批', '编号': '31', 'SourceID': 'NzY0MTE0MDA0MTE0MTU4NzEzODpyZWN2ZEozcVRRY0lKRjo4OTNmZDFjMTk1MTFlZTk0Mzk4NzA3YjAwOWZhODFiYjox', '事业群': '商用事业群', '创建人': '洛屿青', '当前年': '2026', '当前月': '8', '食饮部': '499707.12', '层级级别': '片区', '工业健康': '1654055.92', '当前日期': '21', '楼宇办公': '17748968.16', '父级引用': '122', '经营主体': '星澜集团总部', '1季度比例': '25%', '2季度比例': '25%', '3季度比例': '25%', '4季度比例': '25%', '任务维护人': '温亦舟', '年度开单金额': '7282493.450477', '总任务承接人': '许既白', '总任务达成率': '0.255387846422', '本月开单金额': '-305441.886454', '食饮部（万）': '49.28', '链接字段(勿删)': '商用事业群;澔原战区;云栖片区;', '剩余分配百分比': '0', '工业健康（万）': '164.56', '当前月最后一天': '31', '总任务（金额）': '28515426.84', '战区总任务金额': '2867979727.58', '楼宇办公（万）': '1774.96', '本月当前目标阈值': '1577258.064516', '本月总目标（万）': '165.329883', '食饮部待分配任务': '864490.27', '健康-年度开单金额': '1983475.916356', '食饮-年度开单金额': '325322.136793', '工业健康待分配任务': '2400824.51', '当前月份任务达成率': '-0.128537533666', '本月开单金额（万）': '-30.544116', '楼宇办公待分配任务': '26282718.58', '战区已分配金额-食饮': '400237038.96', '父级已审批金额-食饮': '400237038.96', '事业群剩余未分配金额': '-2897617293.4', '截止当天累计目标阈值': '18256975.284822', '本月当前目标阈值 (万)': '157.725806', '楼宇办公-年度开单金额': '4973694.860054', '片区已分配金额-食饮部': '16357513.92', '行业线已分配金额-食饮': '365433819.52', '战区下派片区总任务金额': '81859832.47', '截止当前目标阈值达成率': '0.398888278965', '健康-年度开单金额（万）': '198.347574', '年度阈值/开单差额（万）': '-1097.448183', '战区已分配金额-工业健康': '139212883.04', '战区已分配金额-楼宇办公': '1044096623.68', '月度阈值/开单差额（万）': '-188.269995', '父级已审批金额-工业健康': '139212883.04', '父级已审批金额-楼宇办公': '1044096623.68', '片区已分配金额-工业健康': '28538641.12', '片区已分配金额-楼宇办公': '285734443.28', '片区父级已审批金额-食饮': '7656709.28', '食饮-年度开单金额（万）': '32.532284', '事业群下派战区总任务金额': '2905808428.91', '总金额转换（以万为单位）': '1990.56', '总额的待分配任务（金额）': '27647286.59', '客户经理已分配金额-食饮部': '2088192.48', '行业线已分配金额-工业健康': '34803221.2', '行业线已分配金额-楼宇办公': '104409662.72', '行业线父级已审批金额-食饮': '7656709.28', '截止当天累计目标阈值（万）': '1825.697528', '片区下派客户经理总任务金额': '128573844.96', '客户经理已分配金额-工业健康': '6960644.24', '客户经理已分配金额-楼宇办公': '71346602.8', '楼宇办公-年度开单金额（万）': '497.369487', '片区父级已审批金额-工业健康': '27146511.04', '片区父级已审批金额-楼宇办公': '295827377.12', '客户经理父级已审批金额-食饮部': '2088192.48', '行业线父级已审批金额-工业健康': '27146511.04', '行业线父级已审批金额-楼宇办公': '295827377.12', '年度开单金额转换（以万为单位）': '728.249344', '客户经理父级已审批金额-工业健康': '6960644.24', '客户经理父级已审批金额-楼宇办公': '71346602.8'}",2026-08-21 17:02:20.979544,2026-08-21 17:02:20.979544,2026-08-21 17:02:20.979544
32,recvkB7JbqQ8ep,"{'2601': '3813242.31', '2602': '4077521.69', '2603': '4604283.4', '2604': '4385497.96', '公式': '0.0000000684931506849315', '战区': '澔原战区', '片区': '越溪片区', '状态': '已审批', '编号': '32', 'SourceID': 'NzY0MTE0MDA0MTE0MTU4NzEzODpyZWN2ZEozSjFXNlNNdzpiM2Q0NjVlY2ZkOWEyNTM2MDU4MDFlMDE5NGI2NmFhYjox', '事业群': '商用事业群', '创建人': '洛屿青', '当前年': '2026', '当前月': '8', '食饮部': '261448.88', '层级级别': '片区', '工业健康': '972922.72', '当前日期': '21', '楼宇办公': '10462385.12', '父级引用': '114', '经营主体': '星澜集团总部', '1季度比例': '25%', '2季度比例': '25%', '3季度比例': '25%', '4季度比例': '25%', '任务维护人': '温亦舟', '年度开单金额': '7185304.399263', '总任务承接人': '苏既白', '总任务达成率': '0.452949557625', '本月开单金额': '209448.425526', '食饮部（万）': '26.4', '链接字段(勿删)': '商用事业群;澔原战区;越溪片区;', '剩余分配百分比': '0', '工业健康（万）': '97.68', '当前月最后一天': '31', '总任务（金额）': '15863365.53', '战区总任务金额': '2535786035.86', '楼宇办公（万）': '1046.32', '本月当前目标阈值': '996881.72043', '本月总目标（万）': '97.781302', '食饮部待分配任务': '530762.21', '健康-年度开单金额': '38247.44', '食饮-年度开单金额': '98824.88', '工业健康待分配任务': '1800943.82', '当前月份任务达成率': '0.158439336316', '本月开单金额（万）': '20.94482', '楼宇办公待分配任务': '14859143.51', '战区已分配金额-食饮': '360202741.36', '父级已审批金额-食饮': '360202741.36', '事业群剩余未分配金额': '-2646201673.55', '截止当天累计目标阈值': '10729552.119234', '本月当前目标阈值 (万)': '99.688172', '楼宇办公-年度开单金额': '7048231.524028', '片区已分配金额-食饮部': '14721329.04', '行业线已分配金额-食饮': '328880763.2', '战区下派片区总任务金额': '78532107.35', '截止当前目标阈值达成率': '0.669674215607', '健康-年度开单金额（万）': '3.824757', '年度阈值/开单差额（万）': '-354.424772', '战区已分配金额-工业健康': '125287910', '战区已分配金额-楼宇办公': '939659324.56', '月度阈值/开单差额（万）': '-78.743329', '父级已审批金额-工业健康': '125287910', '父级已审批金额-楼宇办公': '939659324.56', '片区已分配金额-工业健康': '25684021.44', '片区已分配金额-楼宇办公': '257153435.44', '片区父级已审批金额-食饮': '6890834.72', '食饮-年度开单金额（万）': '9.882497', '事业群下派战区总任务金额': '3142842107.75', '总金额转换（以万为单位）': '1170.4', '总额的待分配任务（金额）': '17717157.86', '客户经理已分配金额-食饮部': '1064947.84', '行业线已分配金额-工业健康': '31321977.28', '行业线已分配金额-楼宇办公': '93965932.72', '行业线父级已审批金额-食饮': '6890834.72', '截止当天累计目标阈值（万）': '1072.955211', '片区下派客户经理总任务金额': '67147691.46', '客户经理已分配金额-工业健康': '3758637.52', '客户经理已分配金额-楼宇办公': '40906502.56', '楼宇办公-年度开单金额（万）': '704.823172', '片区父级已审批金额-工业健康': '24431142.56', '片区父级已审批金额-楼宇办公': '266236808.64', '客户经理父级已审批金额-食饮部': '1064947.84', '行业线父级已审批金额-工业健康': '24431142.56', '行业线父级已审批金额-楼宇办公': '266236808.64', '年度开单金额转换（以万为单位）': '718.530427', '客户经理父级已审批金额-工业健康': '3758637.52', '客户经理父级已审批金额-楼宇办公': '40906502.56'}",2026-08-21 17:02:20.979544,2026-08-21 17:02:20.979544,2026-08-21 17:02:20.979544
33,recvkB7JbqluJB,"{'2601': '4179966.24', '2602': '4324159.5', '2603': '4135013.32', '2604': '3847426.9', '公式': '0.000000081967213114754', '战区': '澔原战区', '片区': '岱岑片区', '状态': '已审批', '编号': '33', 'SourceID': 'NzY0MTE0MDA0MTE0MTU4NzEzODpyZWN2ZEo0MTJwRUYzZDphNzA2NTk1MTFkMGVmMTVkYmE3NTM0YWYzNjRmYzQ2NTox', '事业群': '商用事业群', '创建人': '洛屿青', '当前年': '2026', '当前月': '8', '食饮部': '234557.84', '层级级别': '片区', '工业健康': '1052641.04', '当前日期': '21', '楼宇办公': '10136563.36', '父级引用': '101', '经营主体': '星澜集团总部', '1季度比例': '25%', '2季度比例': '25%', '3季度比例': '25%', '4季度比例': '25%', '任务维护人': '温亦舟', '年度开单金额': '7567293.852226', '总任务承接人': '柏亦舟', '总任务达成率': '0.553647672843', '本月开单金额': '498234.762737', '食饮部（万）': '23.76', '链接字段(勿删)': '商用事业群;澔原战区;岱岑片区;', '剩余分配百分比': '0', '工业健康（万）': '105.6', '当前月最后一天': '31', '总任务（金额）': '13668067.66', '战区总任务金额': '2199402520.16', '楼宇办公（万）': '1013.76', '本月当前目标阈值': '833010.752688', '本月总目标（万）': '95.573346', '食饮部待分配任务': '337479.64', '健康-年度开单金额': '881358.72', '食饮-年度开单金额': '517239.384367', '工业健康待分配任务': '1426536.39', '当前月份任务达成率': '0.437429584164', '本月开单金额（万）': '49.82352', '楼宇办公待分配任务': '13006899.31', '战区已分配金额-食饮': '310986615.28', '父级已审批金额-食饮': '310986615.28', '事业群剩余未分配金额': '-2294005676.14', '截止当天累计目标阈值': '10479132.33622', '本月当前目标阈值 (万)': '83.301075', '楼宇办公-年度开单金额': '6168694.682843', '片区已分配金额-食饮部': '12709887.52', '行业线已分配金额-食饮': '283944301.52', '战区下派片区总任务金额': '58513165.93', '截止当前目标阈值达成率': '0.722129810888', '健康-年度开单金额（万）': '88.13591', '年度阈值/开单差额（万）': '-291.183848', '战区已分配金额-工业健康': '108169256.8', '战区已分配金额-楼宇办公': '811269432.16', '月度阈值/开单差额（万）': '-33.477599', '父级已审批金额-工业健康': '108169256.8', '父级已审批金额-楼宇办公': '811269432.16', '片区已分配金额-工业健康': '22174697.6', '片区已分配金额-楼宇办公': '222017401.76', '片区父级已审批金额-食饮': '5949308.64', '食饮-年度开单金额（万）': '51.724007', '事业群下派战区总任务金额': '1909349269.94', '总金额转换（以万为单位）': '1142.24', '总额的待分配任务（金额）': '16126984.51', '客户经理已分配金额-食饮部': '757184.56', '行业线已分配金额-工业健康': '27042314.64', '行业线已分配金额-楼宇办公': '81126943.92', '行业线父级已审批金额-食饮': '5949308.64', '截止当天累计目标阈值（万）': '1047.913233', '片区下派客户经理总任务金额': '46836543.36', '客户经理已分配金额-工业健康': '2704231.2', '客户经理已分配金额-楼宇办公': '29530207.52', '楼宇办公-年度开单金额（万）': '616.869469', '片区父级已审批金额-工业健康': '21093005.12', '片区父级已审批金额-楼宇办公': '229859672.24', '客户经理父级已审批金额-食饮部': '757184.56', '行业线父级已审批金额-工业健康': '21093005.12', '行业线父级已审批金额-楼宇办公': '229859672.24', '年度开单金额转换（以万为单位）': '756.729385', '客户经理父级已审批金额-工业健康': '2704231.2', '客户经理父级已审批金额-楼宇办公': '29530207.52'}",2026-08-21 17:02:20.979544,2026-08-21 17:02:20.979544,2026-08-21 17:02:20.979544
34,recvkB7JbqaygX,"{'2601': '3383506.06', '2602': '3903376.75', '2603': '4166532.18', '2604': '3574969.99', '公式': '0.000000081967213114754', '战区': '澔原战区', '片区': '梧陵片区', '状态': '已审批', '编号': '34', 'SourceID': 'NzY0MTE0MDA0MTE0MTU4NzEzODpyZWN2ZEo0Z2xuZXp6Zjo5Njg3MTlmZWRlNGExMTczNmE1Y2YwYzNiMWNhYzBkOTox', '事业群': '商用事业群', '创建人': '洛屿青', '当前年': '2026', '当前月': '8', '食饮部': '246096.4', '层级级别': '片区', '工业健康': '734117.12', '当前日期': '21', '楼宇办公': '9433154.72', '父级引用': '103', '经营主体': '星澜集团总部', '1季度比例': '25%', '2季度比例': '25%', '3季度比例': '25%', '4季度比例': '25%', '任务维护人': '温亦舟', '年度开单金额': '5013557.084655', '总任务承接人': '严亦舟', '总任务达成率': '0.272106556877', '本月开单金额': '483171.60554', '食饮部（万）': '25.52', '链接字段(勿删)': '商用事业群;澔原战区;梧陵片区;', '剩余分配百分比': '0', '工业健康（万）': '73.92', '当前月最后一天': '31', '总任务（金额）': '18424977.12', '战区总任务金额': '2150854956.6', '楼宇办公（万）': '943.36', '本月当前目标阈值': '833010.752688', '本月总目标（万）': '87.019232', '食饮部待分配任务': '304147.22', '健康-年度开单金额': '275437.36', '食饮-年度开单金额': '89678.438533', '工业健康待分配任务': '1261677.69', '当前月份任务达成率': '0.314684747162', '本月开单金额（万）': '48.317154', '楼宇办公待分配任务': '14469794.53', '战区已分配金额-食饮': '304453138', '父级已审批金额-食饮': '304453138', '事业群剩余未分配金额': '-2245811208.14', '截止当天累计目标阈值': '9552288.535232', '本月当前目标阈值 (万)': '83.301075', '楼宇办公-年度开单金额': '4648441.541544', '片区已分配金额-食饮部': '12442867.36', '行业线已分配金额-食饮': '277978952.24', '战区下派片区总任务金额': '61532256.92', '截止当前目标阈值达成率': '0.524854024893', '健康-年度开单金额（万）': '27.543705', '年度阈值/开单差额（万）': '-453.873145', '战区已分配金额-工业健康': '105896743.04', '战区已分配金额-楼宇办公': '794225577.2', '月度阈值/开单差额（万）': '-34.983915', '父级已审批金额-工业健康': '105896743.04', '父级已审批金额-楼宇办公': '794225577.2', '片区已分配金额-工业健康': '21708832.64', '片区已分配金额-楼宇办公': '217353066.48', '片区父级已审批金额-食饮': '5824320.48', '食饮-年度开单金额（万）': '8.967849', '事业群下派战区总任务金额': '1966414375.52', '总金额转换（以万为单位）': '1041.92', '总额的待分配任务（金额）': '16037667.95', '客户经理已分配金额-食饮部': '741277.68', '行业线已分配金额-工业健康': '26474185.76', '行业线已分配金额-楼宇办公': '79422558.16', '行业线父级已审批金额-食饮': '5824320.48', '截止当天累计目标阈值（万）': '955.228854', '片区下派客户经理总任务金额': '45759729.41', '客户经理已分配金额-工业健康': '2647418.4', '客户经理已分配金额-楼宇办公': '28909811.04', '楼宇办公-年度开单金额（万）': '464.844154', '片区父级已审批金额-工业健康': '20649864.4', '片区父级已审批金额-楼宇办公': '225030579.84', '客户经理父级已审批金额-食饮部': '741277.68', '行业线父级已审批金额-工业健康': '20649864.4', '行业线父级已审批金额-楼宇办公': '225030579.84', '年度开单金额转换（以万为单位）': '501.355708', '客户经理父级已审批金额-工业健康': '2647418.4', '客户经理父级已审批金额-楼宇办公': '28909811.04'}",2026-08-21 17:02:20.979544,2026-08-21 17:02:20.979544,2026-08-21 17:02:20.979544
35,recvkB7JbqYKiE,"{'2601': '9383293.4', '2602': '8823947.3', '2603': '8995896.41', '2604': '10456915.84', '公式': '0.0000000350877192982456', '战区': '岚屿战区', '片区': '潮汀片区', '状态': '已审批', '编号': '35', 'SourceID': 'NzY0MTE0MDA0MTE0MTU4NzEzODpyZWN2ZEo0bVRWaHk1WDpkNDQ5ZjIxZjAwY2Y0N2YwZDYxOTU5ZjE5ZWI1MzU0OTox', '事业群': '商用事业群', '创建人': '谢南珩', '当前年': '2026', '当前月': '8', '食饮部': '182360.64', '层级级别': '片区', '工业健康': '2695189.2', '当前日期': '21', '楼宇办公': '23217605.84', '父级引用': '221', '经营主体': '星澜集团总部', '1季度比例': '25%', '2季度比例': '25%', '3季度比例': '25%', '4季度比例': '25%', '任务维护人': '许怀川', '年度开单金额': '14524682.002955', '总任务承接人': '傅屿青', '总任务达成率': '0.383436926394', '本月开单金额': '1514315.599333', '食饮部（万）': '17.6', '链接字段(勿删)': '商用事业群;岚屿战区;潮汀片区;', '剩余分配百分比': '0', '工业健康（万）': '270.16', '当前月最后一天': '31', '总任务（金额）': '37880237.93', '战区总任务金额': '4616627123.09', '楼宇办公（万）': '2321.44', '本月当前目标阈值': '1945967.741935', '本月总目标（万）': '217.089129', '食饮部待分配任务': '247652.54', '健康-年度开单金额': '27728.8', '食饮-年度开单金额': '315978.96', '工业健康待分配任务': '3274581.97', '当前月份任务达成率': '0.47971681766', '本月开单金额（万）': '151.43159', '楼宇办公待分配任务': '27945180.33', '战区已分配金额-食饮': '639844831.12', '父级已审批金额-食饮': '639844831.12', '事业群剩余未分配金额': '-4588958276.98', '截止当天累计目标阈值': '23937348.724386', '本月当前目标阈值 (万)': '194.596774', '楼宇办公-年度开单金额': '14180974.914369', '片区已分配金额-食饮部': '14466057.76', '行业线已分配金额-食饮': '584206150.88', '战区下派片区总任务金额': '119987500.69', '截止当前目标阈值达成率': '0.606779061883', '健康-年度开单金额（万）': '2.772902', '年度阈值/开单差额（万）': '-941.266672', '战区已分配金额-工业健康': '222554725.36', '战区已分配金额-楼宇办公': '1669160429.2', '月度阈值/开单差额（万）': '-43.165214', '父级已审批金额-工业健康': '222554725.36', '父级已审批金额-楼宇办公': '1669160429.2', '片区已分配金额-工业健康': '52300359.76', '片区已分配金额-楼宇办公': '389470766.96', '片区父级已审批金额-食饮': '14466057.76', '食饮-年度开单金额（万）': '31.597806', '事业群下派战区总任务金额': '4152366528.88', '总金额转换（以万为单位）': '2608.32', '总额的待分配任务（金额）': '36318907.55', '客户经理已分配金额-食饮部': '1112773.2', '行业线已分配金额-工业健康': '55638681.12', '行业线已分配金额-楼宇办公': '166916042.48', '行业线父级已审批金额-食饮': '14466057.76', '截止当天累计目标阈值（万）': '2393.73487', '片区下派客户经理总任务金额': '225764836.76', '客户经理已分配金额-工业健康': '17804377.36', '客户经理已分配金额-楼宇办公': '139653089.84', '楼宇办公-年度开单金额（万）': '1418.097531', '片区父级已审批金额-工业健康': '52300359.76', '片区父级已审批金额-楼宇办公': '389470766.96', '客户经理父级已审批金额-食饮部': '1112773.2', '行业线父级已审批金额-工业健康': '52300359.76', '行业线父级已审批金额-楼宇办公': '389470766.96', '年度开单金额转换（以万为单位）': '1452.46824', '客户经理父级已审批金额-工业健康': '17804377.36', '客户经理父级已审批金额-楼宇办公': '139653089.84'}",2026-08-21 17:02:20.979544,2026-08-21 17:02:20.979544,2026-08-21 17:02:20.979544
36,recvkB7JbqHSaJ,"{'2601': '2685696.94', '2602': '2639513.39', '2603': '2707191.69', '2604': '1762787.94', '公式': '0.000000117647058823529', '战区': '澔原战区', '片区': '淮岸片区', '状态': '已审批', '编号': '36', 'SourceID': 'NzY0MTE0MDA0MTE0MTU4NzEzODpyZWN2ZEo0dEJGV0R5Nzo4NWUwOTk5MmU5OGVlZTE3MTkyMzc4OTcwZDBlYzBiNTox', '事业群': '商用事业群', '创建人': '洛屿青', '当前年': '2026', '当前月': '8', '食饮部': '239549.2', '层级级别': '片区', '工业健康': '558946.96', '当前日期': '21', '楼宇办公': '5988722.08', '父级引用': '33', '经营主体': '星澜集团总部', '1季度比例': '25%', '2季度比例': '25%', '3季度比例': '25%', '4季度比例': '25%', '任务维护人': '温亦舟', '年度开单金额': '1952514.843734', '总任务承接人': '柏既白', '总任务达成率': '0.222575425155', '本月开单金额': '30968.160438', '食饮部（万）': '23.76', '链接字段(勿删)': '商用事业群;澔原战区;淮岸片区;', '剩余分配百分比': '0', '工业健康（万）': '56.32', '当前月最后一天': '31', '总任务（金额）': '8772373.87', '战区总任务金额': '773816769.61', '楼宇办公（万）': '599.28', '本月当前目标阈值': '580376.344086', '本月总目标（万）': '56.560152', '食饮部待分配任务': '333976.98', '健康-年度开单金额': '34399.2', '食饮-年度开单金额': '75505.76', '工业健康待分配任务': '1106302.08', '当前月份任务达成率': '0.04236229905', '本月开单金额（万）': '3.096816', '楼宇办公待分配任务': '8576219.83', '战区已分配金额-食饮': '91827070.72', '父级已审批金额-食饮': '91827070.72', '事业群剩余未分配金额': '-681629984.21', '截止当天累计目标阈值': '6225983.755398', '本月当前目标阈值 (万)': '58.037634', '楼宇办公-年度开单金额': '1842609.818021', '片区已分配金额-食饮部': '3752932.48', '行业线已分配金额-食饮': '83842107.36', '战区下派片区总任务金额': '15326302.85', '截止当前目标阈值达成率': '0.313607442686', '健康-年度开单金额（万）': '3.439922', '年度阈值/开单差额（万）': '-427.346891', '战区已分配金额-工业健康': '31939850.8', '战区已分配金额-楼宇办公': '239548878.8', '月度阈值/开单差额（万）': '-54.940818', '父级已审批金额-工业健康': '31939850.8', '父级已审批金额-楼宇办公': '239548878.8', '片区已分配金额-工业健康': '6547669.04', '片区已分配金额-楼宇办公': '65556543.36', '片区父级已审批金额-食饮': '1756692.08', '食饮-年度开单金额（万）': '7.55058', '事业群下派战区总任务金额': '924778937.84', '总金额转换（以万为单位）': '678.48', '总额的待分配任务（金额）': '10952106.62', '客户经理已分配金额-食饮部': '239549.2', '行业线已分配金额-工业健康': '7984962.48', '行业线已分配金额-楼宇办公': '23954888.32', '行业线父级已审批金额-食饮': '1756692.08', '截止当天累计目标阈值（万）': '622.598375', '片区下派客户经理总任务金额': '10762476.57', '客户经理已分配金额-工业健康': '558946.96', '客户经理已分配金额-楼宇办公': '5988722.08', '楼宇办公-年度开单金额（万）': '184.260982', '片区父级已审批金额-工业健康': '6228271.28', '片区父级已审批金额-楼宇办公': '67872182.4', '客户经理父级已审批金额-食饮部': '239549.2', '行业线父级已审批金额-工业健康': '6228271.28', '行业线父级已审批金额-楼宇办公': '67872182.4', '年度开单金额转换（以万为单位）': '195.251485', '客户经理父级已审批金额-工业健康': '558946.96', '客户经理父级已审批金额-楼宇办公': '5988722.08'}",2026-08-21 17:02:20.979544,2026-08-21 17:02:20.979544,2026-08-21 17:02:20.979544
37,recvkB7Jbq5QbW,"{'2601': '6989697.73', '2602': '5645401.46', '2603': '5987333.72', '2604': '6339933.98', '公式': '0.0000000512820512820512', '战区': '岚屿战区', '片区': '桂屿片区', '状态': '已审批', '编号': '37', 'SourceID': 'NzY0MTE0MDA0MTE0MTU4NzEzODpyZWN2ZEo0Q0JzOXduQzozZWIzOGU4YjFhYzUyNGYxMjYxMmZiZjk4YmY1N2NkNzox', '事业群': '商用事业群', '创建人': '谢南珩', '当前年': '2026', '当前月': '8', '食饮部': '88184.8', '层级级别': '片区', '工业健康': '2057252.56', '当前日期': '21', '楼宇办公': '15151319.04', '父级引用': '186', '经营主体': '星澜集团总部', '1季度比例': '25%', '2季度比例': '25%', '3季度比例': '25%', '4季度比例': '25%', '任务维护人': '许怀川', '年度开单金额': '6830137.117491', '总任务承接人': '沈既白', '总任务达成率': '0.290082620964', '本月开单金额': '483383.835286', '食饮部（万）': '8.8', '链接字段(勿删)': '商用事业群;岚屿战区;桂屿片区;', '剩余分配百分比': '0', '工业健康（万）': '205.04', '当前月最后一天': '31', '总任务（金额）': '23545488.85', '战区总任务金额': '3864495095.48', '楼宇办公（万）': '1515.36', '本月当前目标阈值': '1331451.612903', '本月总目标（万）': '144.244606', '食饮部待分配任务': '109731.81', '健康-年度开单金额': '128172.88', '食饮-年度开单金额': '175489.318142', '工业健康待分配任务': '2994121.52', '当前月份任务达成率': '0.246357425849', '本月开单金额（万）': '48.338389', '楼宇办公待分配任务': '20584709.91', '战区已分配金额-食饮': '505826295.92', '父级已审批金额-食饮': '505826295.92', '事业群剩余未分配金额': '-3684909582.16', '截止当天累计目标阈值': '15866490.735563', '本月当前目标阈值 (万)': '133.145161', '楼宇办公-年度开单金额': '6526475.726793', '片区已分配金额-食饮部': '11436073.44', '行业线已分配金额-食饮': '461841401.12', '战区下派片区总任务金额': '100570618.01', '截止当前目标阈值达成率': '0.430475599887', '健康-年度开单金额（万）': '12.817288', '年度阈值/开单差额（万）': '-903.635362', '战区已分配金额-工业健康': '175939581.84', '战区已分配金额-楼宇办公': '1319546860.72', '月度阈值/开单差额（万）': '-84.806778', '父级已审批金额-工业健康': '175939581.84', '父级已审批金额-楼宇办公': '1319546860.72', '片区已分配金额-工业健康': '41345801.2', '片区已分配金额-楼宇办公': '307894267.12', '片区父级已审批金额-食饮': '11436073.44', '食饮-年度开单金额（万）': '17.548929', '事业群下派战区总任务金额': '3854207078.21', '总金额转换（以万为单位）': '1730.08', '总额的待分配任务（金额）': '19917821.48', '客户经理已分配金额-食饮部': '439849.52', '行业线已分配金额-工业健康': '43984894.8', '行业线已分配金额-楼宇办公': '131954687.04', '行业线父级已审批金额-食饮': '11436073.44', '截止当天累计目标阈值（万）': '1586.649072', '片区下派客户经理总任务金额': '133480754.12', '客户经理已分配金额-工业健康': '10116524.88', '客户经理已分配金额-楼宇办公': '75214170.24', '楼宇办公-年度开单金额（万）': '652.647548', '片区父级已审批金额-工业健康': '41345801.2', '片区父级已审批金额-楼宇办公': '307894267.12', '客户经理父级已审批金额-食饮部': '439849.52', '行业线父级已审批金额-工业健康': '41345801.2', '行业线父级已审批金额-楼宇办公': '307894267.12', '年度开单金额转换（以万为单位）': '683.013764', '客户经理父级已审批金额-工业健康': '10116524.88', '客户经理父级已审批金额-楼宇办公': '75214170.24'}",2026-08-21 17:02:20.979544,2026-08-21 17:02:20.979544,2026-08-21 17:02:20.979544
38,recvkB7JbqwJ9j,"{'2601': '4062665.23', '2602': '3184810.75', '2603': '4565281.7', '2604': '3824814.55', '公式': '0.000000072463768115942', '战区': '澔原战区', '片区': '衡原片区', '状态': '已审批', '编号': '38', 'SourceID': 'NzY0MTE0MDA0MTE0MTU4NzEzODpyZWN2ZEo0R0JGTk41dzpiMmQwMTE0YjkxMGYzYTNjMjUyMTM4YjY2YTUyMjc2Njox', '事业群': '商用事业群', '创建人': '洛屿青', '当前年': '2026', '当前月': '8', '食饮部': '315500.24', '层级级别': '片区', '工业健康': '1299093.84', '当前日期': '21', '楼宇办公': '9220888.16', '父级引用': '136', '经营主体': '星澜集团总部', '1季度比例': '25%', '2季度比例': '25%', '3季度比例': '25%', '4季度比例': '25%', '任务维护人': '温亦舟', '年度开单金额': '2413160.702794', '总任务承接人': '裴既白', '总任务达成率': '0.137178177072', '本月开单金额': '-380482.922605', '食饮部（万）': '31.68', '链接字段(勿删)': '商用事业群;澔原战区;衡原片区;', '剩余分配百分比': '0', '工业健康（万）': '130.24', '当前月最后一天': '31', '总任务（金额）': '17591432.94', '战区总任务金额': '2830703858.52', '楼宇办公（万）': '922.24', '本月当前目标阈值': '942258.064516', '本月总目标（万）': '90.64', '食饮部待分配任务': '449686.68', '健康-年度开单金额': '155533.84', '食饮-年度开单金额': '241090.08', '工业健康待分配任务': '1738522.05', '当前月份任务达成率': '-0.259546512603', '本月开单金额（万）': '-38.048264', '楼宇办公待分配任务': '14740910.32', '战区已分配金额-食饮': '362825606.88', '父级已审批金额-食饮': '362825606.88', '事业群剩余未分配金额': '-2669112959.96', '截止当天累计目标阈值': '9939497.965369', '本月当前目标阈值 (万)': '94.225806', '楼宇办公-年度开单金额': '2016536.740156', '片区已分配金额-食饮部': '14828524.48', '行业线已分配金额-食饮': '331275554.72', '战区下派片区总任务金额': '78910041.57', '截止当前目标阈值达成率': '0.242784968738', '健康-年度开单金额（万）': '15.412562', '年度阈值/开单差额（万）': '-752.633726', '战区已分配金额-工业健康': '126200210.4', '战区已分配金额-楼宇办公': '946501585.04', '月度阈值/开单差额（万）': '-132.274099', '父级已审批金额-工业健康': '126200210.4', '父级已审批金额-楼宇办公': '946501585.04', '片区已分配金额-工业健康': '25871042.56', '片区已分配金额-楼宇办公': '259025933.76', '片区父级已审批金额-食饮': '6941011.44', '食饮-年度开单金额（万）': '24.109036', '事业群下派战区总任务金额': '2951560027.78', '总金额转换（以万为单位）': '1083.28', '总额的待分配任务（金额）': '15209934.02', '客户经理已分配金额-食饮部': '1262001.84', '行业线已分配金额-工业健康': '31550052.16', '行业线已分配金额-楼宇办公': '94650158.24', '行业线父级已审批金额-食饮': '6941011.44', '截止当天累计目标阈值（万）': '993.949798', '片区下派客户经理总任务金额': '65791096.51', '客户经理已分配金额-工业健康': '5048007.36', '客户经理已分配金额-楼宇办公': '37229061.76', '楼宇办公-年度开单金额（万）': '201.653686', '片区父级已审批金额-工业健康': '24609040.72', '片区父级已审批金额-楼宇办公': '268175448.64', '客户经理父级已审批金额-食饮部': '946501.6', '行业线父级已审批金额-工业健康': '24609040.72', '行业线父级已审批金额-楼宇办公': '268175448.64', '年度开单金额转换（以万为单位）': '241.316053', '客户经理父级已审批金额-工业健康': '4732508', '客户经理父级已审批金额-楼宇办公': '37860063.12'}",2026-08-21 17:02:20.979544,2026-08-21 17:02:20.979544,2026-08-21 17:02:20.979544
39,recvkB7Jbq0t4T,"{'2601': '5282944.73', '2602': '5456120.66', '2603': '5000826.93', '2604': '4381888.62', '公式': '0.0000000666666666666666', '战区': '岚屿战区', '片区': '浔阳片区', '状态': '已审批', '编号': '39', 'SourceID': 'NzY0MTE0MDA0MTE0MTU4NzEzODpyZWN2ZEo0TXB4UGRYYjowNGY1NzdhNmViYjRmYjllYThiYzI4ZTczOWRlZmI5NDox', '事业群': '商用事业群', '创建人': '谢南珩', '当前年': '2026', '当前月': '8', '食饮部': '92950.88', '层级级别': '片区', '工业健康': '1612932.64', '当前日期': '21', '楼宇办公': '12236768.72', '父级引用': '115', '经营主体': '星澜集团总部', '1季度比例': '25%', '2季度比例': '25%', '3季度比例': '25%', '4季度比例': '25%', '任务维护人': '许怀川', '年度开单金额': '3022802.953999', '总任务承接人': '傅亦舟', '总任务达成率': '0.157119231845', '本月开单金额': '-811768.833793', '食饮部（万）': '9.68', '链接字段(勿删)': '商用事业群;岚屿战区;浔阳片区;', '剩余分配百分比': '0', '工业健康（万）': '161.92', '当前月最后一天': '31', '总任务（金额）': '19238911.23', '战区总任务金额': '1983836039.94', '楼宇办公（万）': '1223.2', '本月当前目标阈值': '1024193.548387', '本月总目标（万）': '117.04', '食饮部待分配任务': '115860.83', '健康-年度开单金额': '763706.183027', '食饮-年度开单金额': '75746.113458', '工业健康待分配任务': '1957184.3', '当前月份任务达成率': '-0.506329380549', '本月开单金额（万）': '-81.176869', '楼宇办公待分配任务': '19037015.52', '战区已分配金额-食饮': '297610713.84', '父级已审批金额-食饮': '297610713.84', '事业群剩余未分配金额': '-2184880237.8', '截止当天累计目标阈值': '12789734.734466', '本月当前目标阈值 (万)': '102.419355', '楼宇办公-年度开单金额': '2183350.77491', '片区已分配金额-食饮部': '6728590', '行业线已分配金额-食饮': '271731521.6', '战区下派片区总任务金额': '63882546.86', '截止当前目标阈值达成率': '0.236346024117', '健康-年度开单金额（万）': '76.370618', '年度阈值/开单差额（万）': '-976.693178', '战区已分配金额-工业健康': '103516769.84', '战区已分配金额-楼宇办公': '776375776', '月度阈值/开单差额（万）': '-183.596238', '父级已审批金额-工业健康': '103516769.84', '父级已审批金额-楼宇办公': '776375776', '片区已分配金额-工业健康': '24326441.04', '片区已分配金额-楼宇办公': '181154347.44', '片区父级已审批金额-食饮': '6728590', '食饮-年度开单金额（万）': '7.5746', '事业群下派战区总任务金额': '2090962850.07', '总金额转换（以万为单位）': '1393.92', '总额的待分配任务（金额）': '16179706.02', '客户经理已分配金额-食饮部': '258791.28', '行业线已分配金额-工业健康': '25879192.24', '行业线已分配金额-楼宇办公': '77637577.6', '行业线父级已审批金额-食饮': '6728590', '截止当天累计目标阈值（万）': '1278.973473', '片区下派客户经理总任务金额': '54977059.21', '客户经理已分配金额-工业健康': '4658254.48', '客户经理已分配金额-楼宇办公': '33901742.16', '楼宇办公-年度开单金额（万）': '218.335077', '片区父级已审批金额-工业健康': '24326441.04', '片区父级已审批金额-楼宇办公': '181154347.44', '客户经理父级已审批金额-食饮部': '258791.28', '行业线父级已审批金额-工业健康': '24326441.04', '行业线父级已审批金额-楼宇办公': '181154347.44', '年度开单金额转换（以万为单位）': '302.280296', '客户经理父级已审批金额-工业健康': '4658254.48', '客户经理父级已审批金额-楼宇办公': '33901742.16'}",2026-08-21 17:02:20.979544,2026-08-21 17:02:20.979544,2026-08-21 17:02:20.979544
40,recvkB7JbqiwbK,"{'2601': '3868596.53', '2602': '3445093.44', '2603': '3544684.3', '2604': '4454512.3', '公式': '0.0000000943396226415094', '战区': '澔原战区', '片区': '临汀片区', '状态': '已审批', '编号': '40', 'SourceID': 'NzY0MTE0MDA0MTE0MTU4NzEzODpyZWN2ZEo0U2dURWtGMTowYzg1MzAxOTY1MjAyZjJkYjEyNmY2M2E0Yjc1ZGI4Nzox', '事业群': '商用事业群', '创建人': '洛屿青', '当前年': '2026', '当前月': '8', '食饮部': '2494840.48', '层级级别': '片区', '工业健康': '815400.08', '当前日期': '21', '楼宇办公': '7300263.52', '父级引用': '136', '经营主体': '星澜集团总部', '1季度比例': '25%', '2季度比例': '25%', '3季度比例': '25%', '4季度比例': '25%', '任务维护人': '温亦舟', '年度开单金额': '5065582.451709', '总任务承接人': '白怀川', '总任务达成率': '0.390949134658', '本月开单金额': '302091.68', '食饮部（万）': '249.92', '链接字段(勿删)': '商用事业群;澔原战区;临汀片区;', '剩余分配百分比': '0', '工业健康（万）': '81.84', '当前月最后一天': '31', '总任务（金额）': '12957139.44', '战区总任务金额': '2290202002.01', '楼宇办公（万）': '729.52', '本月当前目标阈值': '723763.44086', '本月总目标（万）': '88.420867', '食饮部待分配任务': '3316187.17', '健康-年度开单金额': '962008.96', '食饮-年度开单金额': '388481.28', '工业健康待分配任务': '1011692.16', '当前月份任务达成率': '0.279776271359', '本月开单金额（万）': '30.209185', '楼宇办公待分配任务': '9758944.16', '战区已分配金额-食饮': '342572054', '父级已审批金额-食饮': '342572054', '事业群剩余未分配金额': '-2533875499.93', '截止当天累计目标阈值': '9733122.422576', '本月当前目标阈值 (万)': '72.376344', '楼宇办公-年度开单金额': '3715092.113712', '片区已分配金额-食饮部': '14000770.96', '行业线已分配金额-食饮': '312783180.16', '战区下派片区总任务金额': '61990968.22', '截止当前目标阈值达成率': '0.520447830797', '健康-年度开单金额（万）': '96.200856', '年度阈值/开单差额（万）': '-466.753997', '战区已分配金额-工业健康': '119155497.12', '战区已分配金额-楼宇办公': '893666229.28', '月度阈值/开单差额（万）': '-42.167176', '父级已审批金额-工业健康': '119155497.12', '父级已审批金额-楼宇办公': '893666229.28', '片区已分配金额-工业健康': '24426877.2', '片区已分配金额-楼宇办公': '244566658.16', '片区父级已审批金额-食饮': '6553552.72', '食饮-年度开单金额（万）': '38.848177', '事业群下派战区总任务金额': '2190249004.05', '总金额转换（以万为单位）': '1061.28', '总额的待分配任务（金额）': '15748266.7', '客户经理已分配金额-食饮部': '7745107.04', '行业线已分配金额-工业健康': '29788873.84', '行业线已分配金额-楼宇办公': '89366622.4', '行业线父级已审批金额-食饮': '6553552.72', '截止当天累计目标阈值（万）': '973.312242', '片区下派客户经理总任务金额': '35314373.11', '客户经理已分配金额-工业健康': '2383109.52', '客户经理已分配金额-楼宇办公': '21447989.2', '楼宇办公-年度开单金额（万）': '371.509212', '片区父级已审批金额-工业健康': '23235322', '片区父级已审批金额-楼宇办公': '253205431.6', '客户经理父级已审批金额-食饮部': '7745107.04', '行业线父级已审批金额-工业健康': '23235322', '行业线父级已审批金额-楼宇办公': '253205431.6', '年度开单金额转换（以万为单位）': '506.558245', '客户经理父级已审批金额-工业健康': '2383109.52', '客户经理父级已审批金额-楼宇办公': '21447989.2'}",2026-08-21 17:02:20.979544,2026-08-21 17:02:20.979544,2026-08-21 17:02:20.979544
41,recvkB7JbqvtK1,"{'2601': '610443.28', '2602': '609887.02', '2603': '766284.98', '2604': '447612.77', '公式': '0.0000005', '战区': '岚屿战区', '片区': '食饮', '状态': '已审批', '编号': '41', 'SourceID': 'NzY0MTE0MDA0MTE0MTU4NzEzODpyZWN2ZEo2YndDdDZkQjo4ZmM3Yjk5OGJmOGRmNWYyYWRmNzVjMTA3MThiNzNhYjox', '事业群': '商用事业群', '创建人': '洛屿青', '当前年': '2026', '当前月': '8', '食饮部': '1686709.2', '层级级别': '片区', '工业健康': '0', '当前日期': '21', '楼宇办公': '0', '父级引用': '39', '经营主体': '星澜集团总部', '1季度比例': '25%', '2季度比例': '25%', '3季度比例': '25%', '4季度比例': '25%', '任务维护人': '许怀川', '年度开单金额': '409792.493971', '总任务承接人': '岳怀川', '总任务达成率': '0.190473052241', '本月开单金额': '27104.74216', '食饮部（万）': '168.96', '链接字段(勿删)': '商用事业群;岚屿战区;食饮;', '剩余分配百分比': '0', '工业健康（万）': '0', '当前月最后一天': '31', '总任务（金额）': '2151446.04', '战区总任务金额': '587074360.52', '楼宇办公（万）': '0', '本月当前目标阈值': '136559.139785', '本月总目标（万）': '14.05591', '食饮部待分配任务': '2195739.83', '健康-年度开单金额': '0', '食饮-年度开单金额': '405967.037505', '工业健康待分配任务': '0', '当前月份任务达成率': '0.151180601267', '本月开单金额（万）': '2.710474', '楼宇办公待分配任务': '0', '战区已分配金额-食饮': '96985778.56', '父级已审批金额-食饮': '96985778.56', '事业群剩余未分配金额': '-727834186.95', '截止当天累计目标阈值': '1547235.363288', '本月当前目标阈值 (万)': '13.655914', '楼宇办公-年度开单金额': '3825.36', '片区已分配金额-食饮部': '2192722.4', '行业线已分配金额-食饮': '88552233.44', '战区下派片区总任务金额': '17875330.01', '截止当前目标阈值达成率': '0.264854658635', '健康-年度开单金额（万）': '0', '年度阈值/开单差额（万）': '-113.744287', '战区已分配金额-工业健康': '33734184', '战区已分配金额-楼宇办公': '253006380', '月度阈值/开单差额（万）': '-10.94544', '父级已审批金额-工业健康': '33734184', '父级已审批金额-楼宇办公': '253006380', '片区已分配金额-工业健康': '7927532.8', '片区已分配金额-楼宇办公': '59034822', '片区父级已审批金额-食饮': '2192722.4', '食饮-年度开单金额（万）': '40.596704', '事业群下派战区总任务金额': '536399632.05', '总金额转换（以万为单位）': '168.96', '总额的待分配任务（金额）': '2488835.51', '客户经理已分配金额-食饮部': '1686709.2', '行业线已分配金额-工业健康': '8433546', '行业线已分配金额-楼宇办公': '25300638', '行业线父级已审批金额-食饮': '2192722.4', '截止当天累计目标阈值（万）': '154.723536', '片区下派客户经理总任务金额': '2292396.99', '客户经理已分配金额-工业健康': '0', '客户经理已分配金额-楼宇办公': '0', '楼宇办公-年度开单金额（万）': '0.382546', '片区父级已审批金额-工业健康': '7927532.8', '片区父级已审批金额-楼宇办公': '59034822', '客户经理父级已审批金额-食饮部': '1686709.2', '行业线父级已审批金额-工业健康': '7927532.8', '行业线父级已审批金额-楼宇办公': '59034822', '年度开单金额转换（以万为单位）': '40.97925', '客户经理父级已审批金额-工业健康': '0', '客户经理父级已审批金额-楼宇办公': '0'}",2026-08-21 17:02:20.979544,2026-08-21 17:02:20.979544,2026-08-21 17:02:20.979544
42,recvkB7JbqskP5,"{'2601': '2366504.03', '2602': '3921894.62', '2603': '3188428.98', '2604': '2769002.59', '公式': '0.0000001', '战区': '岚屿战区', '片区': '潇湘片区', '状态': '已审批', '编号': '42', 'SourceID': 'NzY0MTE0MDA0MTE0MTU4NzEzODpyZWN2ZEo2aVIydzFuQzo5MmM5YjMwMjE2MjQ0NDMyYTA4OTk1YzBmZTVkZWZkZTox', '事业群': '商用事业群', '创建人': '谢南珩', '当前年': '2026', '当前月': '8', '食饮部': '71162.08', '层级级别': '片区', '工业健康': '980998.48', '当前日期': '21', '楼宇办公': '7433139.12', '父级引用': '121', '经营主体': '星澜集团总部', '1季度比例': '25%', '2季度比例': '25%', '3季度比例': '25%', '4季度比例': '25%', '任务维护人': '许怀川', '年度开单金额': '4658352.578943', '总任务承接人': '江南珩', '总任务达成率': '0.371194319286', '本月开单金额': '815974.72', '食饮部（万）': '7.04', '链接字段(勿删)': '商用事业群;岚屿战区;潇湘片区;', '剩余分配百分比': '0', '工业健康（万）': '97.68', '当前月最后一天': '31', '总任务（金额）': '12549633.27', '战区总任务金额': '2048707778.37', '楼宇办公（万）': '743.6', '本月当前目标阈值': '682795.698925', '本月总目标（万）': '70.52031', '食饮部待分配任务': '111425.99', '健康-年度开单金额': '1183502.660968', '食饮-年度开单金额': '142177.277689', '工业健康待分配任务': '1145995.93', '当前月份任务达成率': '0.780237671439', '本月开单金额（万）': '81.597498', '楼宇办公待分配任务': '11417424.46', '战区已分配金额-食饮': '290493617.04', '父级已审批金额-食饮': '290493617.04', '事业群剩余未分配金额': '-2150858370.36', '截止当天累计目标阈值': '7783650.98915', '本月当前目标阈值 (万)': '68.27957', '楼宇办公-年度开单金额': '3332671.900406', '片区已分配金额-食饮部': '6567681.12', '行业线已分配金额-食饮': '265233302.4', '战区下派片区总任务金额': '51599861.24', '截止当前目标阈值达成率': '0.598479118018', '健康-年度开单金额（万）': '118.350294', '年度阈值/开单差额（万）': '-312.529841', '战区已分配金额-工业健康': '101041258.56', '战区已分配金额-楼宇办公': '757809434.8', '月度阈值/开单差额（万）': '13.317902', '父级已审批金额-工业健康': '101041258.56', '父级已审批金额-楼宇办公': '757809434.8', '片区已分配金额-工业健康': '23744695.92', '片区已分配金额-楼宇办公': '176822201.6', '片区父级已审批金额-食饮': '6567681.12', '食饮-年度开单金额（万）': '14.217743', '事业群下派战区总任务金额': '2093364768.05', '总金额转换（以万为单位）': '849.2', '总额的待分配任务（金额）': '12410774.01', '客户经理已分配金额-食饮部': '252603.12', '行业线已分配金额-工业健康': '25260314.64', '行业线已分配金额-楼宇办公': '75780943.04', '行业线父级已审批金额-食饮': '6567681.12', '截止当天累计目标阈值（万）': '778.365099', '片区下派客户经理总任务金额': '28715075.92', '客户经理已分配金额-工业健康': '2778634.32', '客户经理已分配金额-楼宇办公': '22229076.32', '楼宇办公-年度开单金额（万）': '333.267221', '片区父级已审批金额-工业健康': '23744695.92', '片区父级已审批金额-楼宇办公': '176822201.6', '客户经理父级已审批金额-食饮部': '252603.12', '行业线父级已审批金额-工业健康': '23744695.92', '行业线父级已审批金额-楼宇办公': '176822201.6', '年度开单金额转换（以万为单位）': '465.835258', '客户经理父级已审批金额-工业健康': '2778634.32', '客户经理父级已审批金额-楼宇办公': '22229076.32'}",2026-08-21 17:02:20.979544,2026-08-21 17:02:20.979544,2026-08-21 17:02:20.979544
43,recvkB7Jbqao0u,"{'2601': '2767062.03', '2602': '2659223.79', '2603': '2098845.18', '2604': '2328247.82', '公式': '0.000000142857142857142', '战区': '岚屿战区', '片区': '榕岸片区', '状态': '已审批', '编号': '43', 'SourceID': 'NzY0MTE0MDA0MTE0MTU4NzEzODpyZWN2ZEo2cGF1emdOSDo4NDViYzBkNjdlZmViYTU2NDUxZDFhYmZhNjA2YzQwMzox', '事业群': '商用事业群', '创建人': '洛屿青', '当前年': '2026', '当前月': '8', '食饮部': '97536.56', '层级级别': '片区', '工业健康': '975362.08', '当前日期': '21', '楼宇办公': '5754639.44', '父级引用': '95', '经营主体': '星澜集团总部', '1季度比例': '25%', '2季度比例': '25%', '3季度比例': '25%', '4季度比例': '25%', '任务维护人': '许怀川', '年度开单金额': '1821540.535123', '总任务承接人': '谢既白', '总任务达成率': '0.250291973225', '本月开单金额': '50930', '食饮部（万）': '10.56', '链接字段(勿删)': '商用事业群;岚屿战区;榕岸片区;', '剩余分配百分比': '0', '工业健康（万）': '97.68', '当前月最后一天': '31', '总任务（金额）': '7277662.61', '战区总任务金额': '1766165766.62', '楼宇办公（万）': '575.52', '本月当前目标阈值': '477956.989247', '本月总目标（万）': '56.896151', '食饮部待分配任务': '128870.71', '健康-年度开单金额': '96871.28', '食饮-年度开单金额': '101599.52', '工业健康待分配任务': '1294099.52', '当前月份任务达成率': '0.083977512115', '本月开单金额（万）': '5.092989', '楼宇办公待分配任务': '7560956.43', '战区已分配金额-食饮': '224333394.56', '父级已审批金额-食饮': '224333394.56', '事业群剩余未分配金额': '-1669443896.31', '截止当天累计目标阈值': '6262969.551342', '本月当前目标阈值 (万)': '47.795699', '楼宇办公-年度开单金额': '1623068.81631', '片区已分配金额-食饮部': '5071885.28', '行业线已分配金额-食饮': '204826142.4', '战区下派片区总任务金额': '34821451.82', '截止当前目标阈值达成率': '0.29084294921', '健康-年度开单金额（万）': '9.687185', '年度阈值/开单差额（万）': '-444.142902', '战区已分配金额-工业健康': '78029006', '战区已分配金额-楼宇办公': '585217549.84', '月度阈值/开单差额（万）': '-42.702699', '父级已审批金额-工业健康': '78029006', '父级已审批金额-楼宇办公': '585217549.84', '片区已分配金额-工业健康': '18336816.96', '片区已分配金额-楼宇办公': '136550761.6', '片区父级已审批金额-食饮': '5071885.28', '食饮-年度开单金额（万）': '10.159987', '事业群下派战区总任务金额': '1633138676.82', '总金额转换（以万为单位）': '682.88', '总额的待分配任务（金额）': '8550991.28', '客户经理已分配金额-食饮部': '195072.24', '行业线已分配金额-工业健康': '19507252.16', '行业线已分配金额-楼宇办公': '58521755.6', '行业线父级已审批金额-食饮': '5071885.28', '截止当天累计目标阈值（万）': '626.296955', '片区下派客户经理总任务金额': '17786944.36', '客户经理已分配金额-工业健康': '1950725.04', '客户经理已分配金额-楼宇办公': '11509278.88', '楼宇办公-年度开单金额（万）': '162.306881', '片区父级已审批金额-工业健康': '18336816.96', '片区父级已审批金额-楼宇办公': '136550761.6', '客户经理父级已审批金额-食饮部': '195072.24', '行业线父级已审批金额-工业健康': '18336816.96', '行业线父级已审批金额-楼宇办公': '136550761.6', '年度开单金额转换（以万为单位）': '182.154054', '客户经理父级已审批金额-工业健康': '1950725.04', '客户经理父级已审批金额-楼宇办公': '11509278.88'}",2026-08-21 17:02:20.979544,2026-08-21 17:02:20.979544,2026-08-21 17:02:20.979544
44,recvkB7JbqGyh6,"{'2601': '1709712.1', '2602': '1421587.2', '2603': '3027686.35', '2604': '2294639.81', '公式': '0.000000151515151515151', '战区': '澔原战区', '片区': '云栖片区', '状态': '待确认', '编号': '48', 'SourceID': 'NzY0MTE0MDA0MTE0MTU4NzEzODpyZWN2ZEp5UVdCRXFkeDpjMjdjZDIzOTcxYmUxZmMyODJiNjg0OTkzMDYzM2FhYzox', '事业群': '商用事业群', '创建人': '谢亦舟', '当前年': '2026', '当前月': '8', '食饮部': '133128.16', '客户经理': '陆怀川', '层级级别': '客户经理', '工业健康': '399383.6', '当前日期': '21', '楼宇办公': '5325118.48', '父级引用': '31', '经营主体': '星澜集团总部', '1季度比例': '25%', '2季度比例': '25%', '3季度比例': '25%', '4季度比例': '25%', '任务维护人': '许既白', '年度开单金额': '2471130.246221', '总任务承接人': '陆怀川', '总任务达成率': '0.417291321814', '本月开单金额': '94181.073546', '食饮部（万）': '13.2', '链接字段(勿删)': '商用事业群;澔原战区;云栖片区;陆怀川', '剩余分配百分比': '0', '工业健康（万）': '39.6', '当前月最后一天': '31', '总任务（金额）': '5921834.74', '战区总任务金额': '888973270.31', '楼宇办公（万）': '532.4', '本月当前目标阈值': '450645.16129', '本月总目标（万）': '48.4', '食饮部待分配任务': '231319.07', '健康-年度开单金额': '0', '食饮-年度开单金额': '184537.096793', '工业健康待分配任务': '611600.25', '当前月份任务达成率': '0.190848433327', '本月开单金额（万）': '9.418108', '楼宇办公待分配任务': '9375089.2', '战区已分配金额-食饮': '102064768.96', '父级已审批金额-食饮': '102064768.96', '事业群剩余未分配金额': '-738923716.46', '截止当天累计目标阈值': '5373263.306082', '本月当前目标阈值 (万)': '45.064516', '楼宇办公-年度开单金额': '2286593.149428', '片区已分配金额-食饮部': '4171342.56', '行业线已分配金额-食饮': '93189572.08', '战区下派片区总任务金额': '15812504.57', '截止当前目标阈值达成率': '0.459893756449', '健康-年度开单金额（万）': '0', '年度阈值/开单差额（万）': '-290.213306', '战区已分配金额-工业健康': '35500789.28', '战区已分配金额-楼宇办公': '266255919.6', '月度阈值/开单差额（万）': '-35.646409', '父级已审批金额-工业健康': '35500789.28', '父级已审批金额-楼宇办公': '266255919.6', '片区已分配金额-工业健康': '7277661.6', '片区已分配金额-楼宇办公': '72865370.16', '片区父级已审批金额-食饮': '1952543.12', '食饮-年度开单金额（万）': '18.45371', '事业群下派战区总任务金额': '768470208.04', '总金额转换（以万为单位）': '586.08', '总额的待分配任务（金额）': '6716628.68', '客户经理已分配金额-食饮部': '532511.76', '行业线已分配金额-工业健康': '8875197.76', '行业线已分配金额-楼宇办公': '26625592.4', '行业线父级已审批金额-食饮': '1952543.12', '截止当天累计目标阈值（万）': '537.326331', '片区下派客户经理总任务金额': '32503875.81', '客户经理已分配金额-工业健康': '1775039.2', '客户经理已分配金额-楼宇办公': '18194154.88', '楼宇办公-年度开单金额（万）': '228.659315', '片区父级已审批金额-工业健康': '6922653.76', '片区父级已审批金额-楼宇办公': '75439177.44', '客户经理父级已审批金额-食饮部': '532511.76', '行业线父级已审批金额-工业健康': '6922653.76', '行业线父级已审批金额-楼宇办公': '75439177.44', '年度开单金额转换（以万为单位）': '247.113024', '客户经理父级已审批金额-工业健康': '1775039.2', '客户经理父级已审批金额-楼宇办公': '18194154.88'}",2026-08-21 17:02:20.979544,2026-08-21 17:02:20.979544,2026-08-21 17:02:20.979544
45,recvkB7Jbq2Z3t,"{'2601': '1784672.58', '2602': '2120808.56', '2603': '996500.42', '2604': '1698223.68', '公式': '0.000000208333333333333', '战区': '澔原战区', '片区': '云栖片区', '状态': '待确认', '编号': '49', 'SourceID': 'NzY0MTE0MDA0MTE0MTU4NzEzODpyZWN2ZEp5UlJCbHBnNDowNDI0ZmE1NmMzZjQyZTc5MWQyYjQ3NGYwNGEzNWI0Mzox', '事业群': '商用事业群', '创建人': '谢亦舟', '当前年': '2026', '当前月': '8', '食饮部': '47639.68', '客户经理': '游亦舟', '层级级别': '客户经理', '工业健康': '142918.16', '当前日期': '21', '楼宇办公': '4382813.6', '父级引用': '34', '经营主体': '星澜集团总部', '1季度比例': '25%', '2季度比例': '25%', '3季度比例': '25%', '4季度比例': '25%', '任务维护人': '许既白', '年度开单金额': '2004650.472049', '总任务承接人': '游亦舟', '总任务达成率': '0.281698361834', '本月开单金额': '-111664.96', '食饮部（万）': '4.4', '链接字段(勿删)': '商用事业群;澔原战区;云栖片区;游亦舟', '剩余分配百分比': '0', '工业健康（万）': '14.08', '当前月最后一天': '31', '总任务（金额）': '7116301.49', '战区总任务金额': '657447286.83', '楼宇办公（万）': '438.24', '本月当前目标阈值': '327741.935484', '本月总目标（万）': '37.84', '食饮部待分配任务': '74830.94', '健康-年度开单金额': '792288.64', '食饮-年度开单金额': '533.28', '工业健康待分配任务': '233158.03', '当前月份任务达成率': '-0.188297182446', '本月开单金额（万）': '-11.166456', '楼宇办公待分配任务': '5302916.75', '战区已分配金额-食饮': '109570336.48', '父级已审批金额-食饮': '109570336.48', '事业群剩余未分配金额': '-793262167.6', '截止当天累计目标阈值': '4195198.947068', '本月当前目标阈值 (万)': '32.774194', '楼宇办公-年度开单金额': '1211828.101907', '片区已分配金额-食饮部': '4478092.08', '行业线已分配金额-食饮': '100042481.44', '战区下派片区总任务金额': '19027143.81', '截止当前目标阈值达成率': '0.477843958616', '健康-年度开单金额（万）': '79.228881', '年度阈值/开单差额（万）': '-219.054848', '战区已分配金额-工业健康': '38111421.04', '战区已分配金额-楼宇办公': '285835660', '月度阈值/开单差额（万）': '-43.94069', '父级已审批金额-工业健康': '38111421.04', '父级已审批金额-楼宇办公': '285835660', '片区已分配金额-工业健康': '7812841.52', '片区已分配金额-楼宇办公': '78223691.92', '片区父级已审批金额-食饮': '2096128.32', '食饮-年度开单金额（万）': '0.053356', '事业群下派战区总任务金额': '654533491.54', '总金额转换（以万为单位）': '457.6', '总额的待分配任务（金额）': '7184680.83', '客户经理已分配金额-食饮部': '571670.88', '行业线已分配金额-工业健康': '9527855.04', '行业线已分配金额-楼宇办公': '28583566', '行业线父级已审批金额-食饮': '2096128.32', '截止当天累计目标阈值（万）': '419.519895', '片区下派客户经理总任务金额': '32215691.22', '客户经理已分配金额-工业健康': '1905571.36', '客户经理已分配金额-楼宇办公': '19532103.36', '楼宇办公-年度开单金额（万）': '121.18281', '片区父级已审批金额-工业健康': '7431726.72', '片区父级已审批金额-楼宇办公': '80986770.48', '客户经理父级已审批金额-食饮部': '571670.88', '行业线父级已审批金额-工业健康': '7431726.72', '行业线父级已审批金额-楼宇办公': '80986770.48', '年度开单金额转换（以万为单位）': '200.465047', '客户经理父级已审批金额-工业健康': '1905571.36', '客户经理父级已审批金额-楼宇办公': '19532103.36'}",2026-08-21 17:02:20.979544,2026-08-21 17:02:20.979544,2026-08-21 17:02:20.979544
46,recvkB7JbqY23t,"{'2601': '1072418.48', '2602': '1748061.02', '2603': '1050508.44', '2604': '1748741.74', '公式': '0.000000222222222222222', '战区': '澔原战区', '片区': '云栖片区', '状态': '待确认', '编号': '50', 'SourceID': 'NzY0MTE0MDA0MTE0MTU4NzEzODpyZWN2ZEp5UlJCem0yZjoyOTgyNjhlZjZkODU0OGY5MTM4ZjU1NDY3NTM2ZjA5ODox', '事业群': '商用事业群', '创建人': '谢亦舟', '当前年': '2026', '当前月': '8', '食饮部': '86533.04', '客户经理': '游怀川', '层级级别': '客户经理', '工业健康': '259599.12', '当前日期': '21', '楼宇办公': '3547853.76', '父级引用': '30', '经营主体': '星澜集团总部', '1季度比例': '25%', '2季度比例': '25%', '3季度比例': '25%', '4季度比例': '25%', '任务维护人': '许既白', '年度开单金额': '1557412.060232', '总任务承接人': '游怀川', '总任务达成率': '0.336730741666', '本月开单金额': '-317022.64', '食饮部（万）': '8.8', '链接字段(勿删)': '商用事业群;澔原战区;云栖片区;游怀川', '剩余分配百分比': '0', '工业健康（万）': '25.52', '当前月最后一天': '31', '总任务（金额）': '4625096.16', '战区总任务金额': '557866890.36', '楼宇办公（万）': '354.64', '本月当前目标阈值': '307258.064516', '本月总目标（万）': '32.449883', '食饮部待分配任务': '148694.14', '健康-年度开单金额': '94234.8', '食饮-年度开单金额': '89107.04', '工业健康待分配任务': '411910.53', '当前月份任务达成率': '-0.822528126637', '本月开单金额（万）': '-31.702238', '楼宇办公待分配任务': '5882020.24', '战区已分配金额-食饮': '99512973.12', '父级已审批金额-食饮': '99512973.12', '事业群剩余未分配金额': '-720449345.23', '截止当天累计目标阈值': '3571992.563726', '本月当前目标阈值 (万)': '30.725806', '楼宇办公-年度开单金额': '1374070.223166', '片区已分配金额-食饮部': '4067052', '行业线已分配金额-食饮': '90859671.76', '战区下派片区总任务金额': '22419497.96', '截止当前目标阈值达成率': '0.436006523655', '健康-年度开单金额（万）': '9.423446', '年度阈值/开单差额（万）': '-201.45805', '战区已分配金额-工业健康': '34613208.08', '战区已分配金额-楼宇办公': '259599061.04', '月度阈值/开单差额（万）': '-62.42807', '父级已审批金额-工业健康': '34613208.08', '父级已审批金额-楼宇办公': '259599061.04', '片区已分配金额-工业健康': '7095707.52', '片区已分配金额-楼宇办公': '71043610', '片区父级已审批金额-食饮': '1903726.88', '食饮-年度开单金额（万）': '8.910737', '事业群下派战区总任务金额': '754120803.16', '总金额转换（以万为单位）': '388.96', '总额的待分配任务（金额）': '5117866.32', '客户经理已分配金额-食饮部': '519198.24', '行业线已分配金额-工业健康': '8653302.24', '行业线已分配金额-楼宇办公': '25959905.84', '行业线父级已审批金额-食饮': '1903726.88', '截止当天累计目标阈值（万）': '357.199256', '片区下派客户经理总任务金额': '35855573.45', '客户经理已分配金额-工业健康': '1730660.8', '客户经理已分配金额-楼宇办公': '17739268.8', '楼宇办公-年度开单金额（万）': '137.407023', '片区父级已审批金额-工业健康': '6749575.36', '片区父级已审批金额-楼宇办公': '73553067.28', '客户经理父级已审批金额-食饮部': '519198.24', '行业线父级已审批金额-工业健康': '6749575.36', '行业线父级已审批金额-楼宇办公': '73553067.28', '年度开单金额转换（以万为单位）': '155.741206', '客户经理父级已审批金额-工业健康': '1730660.8', '客户经理父级已审批金额-楼宇办公': '17739268.8'}",2026-08-21 17:02:20.979544,2026-08-21 17:02:20.979544,2026-08-21 17:02:20.979544
47,recvkB7Jbq6AVb,"{'2601': '1439016.68', '2602': '2284999.24', '2603': '1901845.32', '2604': '2423836.91', '公式': '0.000000138888888888888', '战区': '澔原战区', '片区': '云栖片区', '状态': '待确认', '编号': '52', 'SourceID': 'NzY0MTE0MDA0MTE0MTU4NzEzODpyZWN2ZEp5UlJCd0pHRjpkMDBjMDA5NjYxNmMxNzkxZjE4N2Y1OTBkMjY4YjIxYjox', '事业群': '商用事业群', '创建人': '谢亦舟', '当前年': '2026', '当前月': '8', '食饮部': '232406.24', '客户经理': '许既白', '层级级别': '客户经理', '工业健康': '852155.04', '当前日期': '21', '楼宇办公': '4493182.32', '父级引用': '27', '经营主体': '星澜集团总部', '1季度比例': '25%', '2季度比例': '25%', '3季度比例': '25%', '4季度比例': '25%', '任务维护人': '许既白', '年度开单金额': '1249300.671974', '总任务承接人': '许既白', '总任务达成率': '0.115119635732', '本月开单金额': '29064.64', '食饮部（万）': '22.88', '链接字段(勿删)': '商用事业群;澔原战区;云栖片区;许既白', '剩余分配百分比': '0', '工业健康（万）': '85.36', '当前月最后一天': '31', '总任务（金额）': '10852194.45', '战区总任务金额': '763692280.08', '楼宇办公（万）': '449.68', '本月当前目标阈值': '491612.903226', '本月总目标（万）': '46.64', '食饮部待分配任务': '409646.12', '健康-年度开单金额': '1096952.476356', '食饮-年度开单金额': '51144.72', '工业健康待分配任务': '1144155.7', '当前月份任务达成率': '0.032138723795', '本月开单金额（万）': '2.906469', '楼宇办公待分配任务': '5722692.39', '战区已分配金额-食饮': '89088960.4', '父级已审批金额-食饮': '89088960.4', '事业群剩余未分配金额': '-644982064.11', '截止当天累计目标阈值': '5116520.467946', '本月当前目标阈值 (万)': '49.16129', '楼宇办公-年度开单金额': '101203.385553', '片区已分配金额-食饮部': '3641027.28', '行业线已分配金额-食饮': '81342094.24', '战区下派片区总任务金额': '24600686.13', '截止当前目标阈值达成率': '0.244169974458', '健康-年度开单金额（万）': '109.695247', '年度阈值/开单差额（万）': '-386.72198', '战区已分配金额-工业健康': '30987464.64', '战区已分配金额-楼宇办公': '232405983.04', '月度阈值/开单差额（万）': '-46.254826', '父级已审批金额-工业健康': '30987464.64', '父级已审批金额-楼宇办公': '232405983.04', '片区已分配金额-工业健康': '6352430.48', '片区已分配金额-楼宇办公': '63601771.2', '片区父级已审批金额-食饮': '1704310.96', '食饮-年度开单金额（万）': '5.114481', '事业群下派战区总任务金额': '728683926.17', '总金额转换（以万为单位）': '557.92', '总额的待分配任务（金额）': '8628110.76', '客户经理已分配金额-食饮部': '464811.6', '行业线已分配金额-工业健康': '7746866.16', '行业线已分配金额-楼宇办公': '23240598.48', '行业线父级已审批金额-食饮': '1704310.96', '截止当天累计目标阈值（万）': '511.652046', '片区下派客户经理总任务金额': '27998704.48', '客户经理已分配金额-工业健康': '1549372.88', '客户经理已分配金额-楼宇办公': '15881075.76', '楼宇办公-年度开单金额（万）': '10.120339', '片区父级已审批金额-工业健康': '6042555.2', '片区父级已审批金额-楼宇办公': '65848361.92', '客户经理父级已审批金额-食饮部': '464811.6', '行业线父级已审批金额-工业健康': '6042555.2', '行业线父级已审批金额-楼宇办公': '65848361.92', '年度开单金额转换（以万为单位）': '124.930067', '客户经理父级已审批金额-工业健康': '1549372.88', '客户经理父级已审批金额-楼宇办公': '15881075.76'}",2026-08-21 17:02:20.979544,2026-08-21 17:02:20.979544,2026-08-21 17:02:20.979544
48,recvkB7JbqDscL,"{'2601': '1118542.34', '2602': '563548.53', '2603': '1058407.84', '2604': '1030072.87', '公式': '0.000000333333333333333', '战区': '澔原战区', '片区': '衡原片区', '状态': '待确认', '编号': '54', 'SourceID': 'NzY0MTE0MDA0MTE0MTU4NzEzODpyZWN2ZEp5UlJCeG44UDpmNTk1MTU2OWVjMTQ0Y2VlYTgzNjMwMDEwNzAzNDg5Nzox', '事业群': '商用事业群', '创建人': '谢亦舟', '当前年': '2026', '当前月': '8', '食饮部': '87089.2', '客户经理': '裴既白', '层级级别': '客户经理', '工业健康': '87089.2', '当前日期': '21', '楼宇办公': '2438501.12', '父级引用': '38', '经营主体': '星澜集团总部', '1季度比例': '25%', '2季度比例': '25%', '3季度比例': '25%', '4季度比例': '25%', '任务维护人': '裴既白', '年度开单金额': '854581.657718', '总任务承接人': '裴既白', '总任务达成率': '0.190295169534', '本月开单金额': '-853456.56', '食饮部（万）': '8.8', '链接字段(勿删)': '商用事业群;澔原战区;衡原片区;裴既白', '剩余分配百分比': '0', '工业健康（万）': '8.8', '当前月最后一天': '31', '总任务（金额）': '4490821.6', '战区总任务金额': '754194738.75', '楼宇办公（万）': '243.76', '本月当前目标阈值': '204838.709677', '本月总目标（万）': '22', '食饮部待分配任务': '94423.23', '健康-年度开单金额': '58350.16', '食饮-年度开单金额': '190684.56', '工业健康待分配任务': '91395.55', '当前月份任务达成率': '-2.280535641852', '本月开单金额（万）': '-85.345615', '楼宇办公待分配任务': '2731747.14', '战区已分配金额-食饮': '100152714.64', '父级已审批金额-食饮': '100152714.64', '事业群剩余未分配金额': '-736769687.24', '截止当天累计目标阈值': '2396637.278246', '本月当前目标阈值 (万)': '20.483871', '楼宇办公-年度开单金额': '605547.142124', '片区已分配金额-食饮部': '4093197.68', '行业线已分配金额-食饮': '91443783.2', '战区下派片区总任务金额': '15268630.88', '截止当前目标阈值达成率': '0.356575300516', '健康-年度开单金额（万）': '5.834984', '年度阈值/开单差额（万）': '-154.205562', '战区已分配金额-工业健康': '34835726.64', '战区已分配金额-楼宇办公': '261267952', '月度阈值/开单差额（万）': '-105.829527', '父级已审批金额-工业健康': '34835726.64', '父级已审批金额-楼宇办公': '261267952', '片区已分配金额-工业健康': '7141324.08', '片区已分配金额-楼宇办公': '71500329.12', '片区父级已审批金额-食饮': '1915965.04', '食饮-年度开单金额（万）': '19.068467', '事业群下派战区总任务金额': '921015089.64', '总金额转换（以万为单位）': '261.36', '总额的待分配任务（金额）': '3181229.35', '客户经理已分配金额-食饮部': '348357.68', '行业线已分配金额-工业健康': '8708931.44', '行业线已分配金额-楼宇办公': '26126795.2', '行业线父级已审批金额-食饮': '1915965.04', '截止当天累计目标阈值（万）': '239.663728', '片区下派客户经理总任务金额': '20113138.59', '客户经理已分配金额-工业健康': '1393428.96', '客户经理已分配金额-楼宇办公': '10276539.68', '楼宇办公-年度开单金额（万）': '60.554714', '片区父级已审批金额-工业健康': '6792966.4', '片区父级已审批金额-楼宇办公': '74025919.44', '客户经理父级已审批金额-食饮部': '261267.6', '行业线父级已审批金额-工业健康': '6792966.4', '行业线父级已审批金额-楼宇办公': '74025919.44', '年度开单金额转换（以万为单位）': '85.458166', '客户经理父级已审批金额-工业健康': '1306339.76', '客户经理父级已审批金额-楼宇办公': '10450718.08'}",2026-08-21 17:02:20.979544,2026-08-21 17:02:20.979544,2026-08-21 17:02:20.979544
49,recvkB7Jbq4FpM,"{'2601': '1252108.24', '2602': '930783', '2603': '1150749.54', '2604': '924872.42', '公式': '0.000000277777777777777', '战区': '澔原战区', '片区': '衡原片区', '状态': '待确认', '编号': '55', 'SourceID': 'NzY0MTE0MDA0MTE0MTU4NzEzODpyZWN2ZEp5UlJCbUg2WDpkN2I5MDEwNTU2MDA1NmFmNjUxNDE5OTI3ZTVmNWUyODox', '事业群': '商用事业群', '创建人': '谢亦舟', '当前年': '2026', '当前月': '8', '食饮部': '81965.84', '客户经理': '许亦舟', '层级级别': '客户经理', '工业健康': '1065559.44', '当前日期': '21', '楼宇办公': '1803254.64', '父级引用': '35', '经营主体': '星澜集团总部', '1季度比例': '25%', '2季度比例': '25%', '3季度比例': '25%', '4季度比例': '25%', '任务维护人': '裴既白', '年度开单金额': '370291.925236', '总任务承接人': '许亦舟', '总任务达成率': '0.071431095358', '本月开单金额': '-55327.36', '食饮部（万）': '7.92', '链接字段(勿删)': '商用事业群;澔原战区;衡原片区;许亦舟', '剩余分配百分比': '0', '工业健康（万）': '106.48', '当前月最后一天': '31', '总任务（金额）': '5183903.78', '战区总任务金额': '767573534.7', '楼宇办公（万）': '180.4', '本月当前目标阈值': '245806.451613', '本月总目标（万）': '24.64', '食饮部待分配任务': '108301.79', '健康-年度开单金额': '0', '食饮-年度开单金额': '25081.76', '工业健康待分配任务': '1410327.38', '当前月份任务达成率': '-0.128074969787', '本月开单金额（万）': '-5.532714', '楼宇办公待分配任务': '3193158.46', '战区已分配金额-食饮': '94261053.04', '父级已审批金额-食饮': '94261053.04', '事业群剩余未分配金额': '-693427899.4', '截止当天累计目标阈值': '2706780.992876', '本月当前目标阈值 (万)': '24.580645', '楼宇办公-年度开单金额': '345210.288436', '片区已分配金额-食饮部': '3852408.56', '行业线已分配金额-食饮': '86064440', '战区下派片区总任务金额': '22630519.89', '截止当前目标阈值达成率': '0.136801583213', '健康-年度开单金额（万）': '0', '年度阈值/开单差额（万）': '-233.648907', '战区已分配金额-工业健康': '32786453.04', '战区已分配金额-楼宇办公': '245898400', '月度阈值/开单差额（万）': '-30.113381', '父级已审批金额-工业健康': '32786453.04', '父级已审批金额-楼宇办公': '245898400', '片区已分配金额-工业健康': '6721222.64', '片区已分配金额-楼宇办公': '67294195.76', '片区父级已审批金额-食饮': '1803254.64', '食饮-年度开单金额（万）': '2.508164', '事业群下派战区总任务金额': '589059110.17', '总金额转换（以万为单位）': '294.8', '总额的待分配任务（金额）': '3627925.18', '客户经理已分配金额-食饮部': '327864.24', '行业线已分配金额-工业健康': '8196613.04', '行业线已分配金额-楼宇办公': '24589840', '行业线父级已审批金额-食饮': '1803254.64', '截止当天累计目标阈值（万）': '270.6781', '片区下派客户经理总任务金额': '19544224.31', '客户经理已分配金额-工业健康': '1311457.84', '客户经理已分配金额-楼宇办公': '9672003.44', '楼宇办公-年度开单金额（万）': '34.521029', '片区父级已审批金额-工业健康': '6393358.4', '片区父级已审批金额-楼宇办公': '69671213.04', '客户经理父级已审批金额-食饮部': '245898.4', '行业线父级已审批金额-工业健康': '6393358.4', '行业线父级已审批金额-楼宇办公': '69671213.04', '年度开单金额转换（以万为单位）': '37.029193', '客户经理父级已审批金额-工业健康': '1229492', '客户经理父级已审批金额-楼宇办公': '9835936'}",2026-08-21 17:02:20.979544,2026-08-21 17:02:20.979544,2026-08-21 17:02:20.979544
50,recvkB7Jbqswx6,"{'2601': '1050679.89', '2602': '778917.67', '2603': '1609314.79', '2604': '679629.07', '公式': '0.000000277777777777777', '战区': '澔原战区', '片区': '衡原片区', '状态': '待确认', '编号': '56', 'SourceID': 'NzY0MTE0MDA0MTE0MTU4NzEzODpyZWN2ZEp5UlJCVnE2azoxNzI4YmE1OGU1MDkwYzBmZGJhOGU0OGE3M2Y5YmYxZDox', '事业群': '商用事业群', '创建人': '谢亦舟', '当前年': '2026', '当前月': '8', '食饮部': '79272.16', '客户经理': '秦南珩', '层级级别': '客户经理', '工业健康': '79272.16', '当前日期': '21', '楼宇办公': '2695248.16', '父级引用': '34', '经营主体': '星澜集团总部', '1季度比例': '25%', '2季度比例': '25%', '3季度比例': '25%', '4季度比例': '25%', '任务维护人': '裴既白', '年度开单金额': '725578.71984', '总任务承接人': '秦南珩', '总任务达成率': '0.218951611989', '本月开单金额': '173099.557395', '食饮部（万）': '7.92', '链接字段(勿删)': '商用事业群;澔原战区;衡原片区;秦南珩', '剩余分配百分比': '0', '工业健康（万）': '7.92', '当前月最后一天': '31', '总任务（金额）': '3313877.04', '战区总任务金额': '705888881.59', '楼宇办公（万）': '269.28', '本月当前目标阈值': '245806.451613', '本月总目标（万）': '23.76', '食饮部待分配任务': '103286.56', '健康-年度开单金额': '16575.68', '食饮-年度开单金额': '15798.64', '工业健康待分配任务': '136617.71', '当前月份任务达成率': '0.626817067642', '本月开单金额（万）': '17.309956', '楼宇办公待分配任务': '4722686.77', '战区已分配金额-食饮': '91162815.04', '父级已审批金额-食饮': '91162815.04', '事业群剩余未分配金额': '-670635827.89', '截止当天累计目标阈值': '2617812.628602', '本月当前目标阈值 (万)': '24.580645', '楼宇办公-年度开单金额': '693204.029595', '片区已分配金额-食饮部': '3725784.48', '行业线已分配金额-食饮': '83235614', '战区下派片区总任务金额': '16021869.15', '截止当前目标阈值达成率': '0.277169844745', '健康-年度开单金额（万）': '1.657578', '年度阈值/开单差额（万）': '-189.223391', '战区已分配金额-工业健康': '31708805.04', '战区已分配金额-楼宇办公': '237816040', '月度阈值/开单差额（万）': '-7.270689', '父级已审批金额-工业健康': '31708805.04', '父级已审批金额-楼宇办公': '237816040', '片区已分配金额-工业健康': '6500304.8', '片区已分配金额-楼宇办公': '65082322.8', '片区父级已审批金额-食饮': '1743984', '食饮-年度开单金额（万）': '1.579891', '事业群下派战区总任务金额': '817863618.27', '总金额转换（以万为单位）': '285.12', '总额的待分配任务（金额）': '4700783.08', '客户经理已分配金额-食饮部': '317087.76', '行业线已分配金额-工业健康': '7927201.04', '行业线已分配金额-楼宇办公': '23781604', '行业线父级已审批金额-食饮': '1743984', '截止当天累计目标阈值（万）': '261.781263', '片区下派客户经理总任务金额': '12532626.7', '客户经理已分配金额-工业健康': '1268351.92', '客户经理已分配金额-楼宇办公': '9354097.28', '楼宇办公-年度开单金额（万）': '69.320403', '片区父级已审批金额-工业健康': '6183217.04', '片区父级已审批金额-楼宇办公': '67381211.04', '客户经理父级已审批金额-食饮部': '237816.48', '行业线父级已审批金额-工业健康': '6183217.04', '行业线父级已审批金额-楼宇办公': '67381211.04', '年度开单金额转换（以万为单位）': '72.557872', '客户经理父级已审批金额-工业健康': '1189080.64', '客户经理父级已审批金额-楼宇办公': '9512641.6'}",2026-08-21 17:02:20.979544,2026-08-21 17:02:20.979544,2026-08-21 17:02:20.979544
51,recvkB7JbqKmOa,"{'2601': '795540.7', '2602': '1359472.77', '2603': '1162876.77', '2604': '1189109.89', '公式': '0.000000277777777777777', '战区': '澔原战区', '片区': '岱岑片区', '状态': '待确认', '编号': '57', 'SourceID': 'NzY0MTE0MDA0MTE0MTU4NzEzODpyZWN2ZEp5UlJCdjFGNToxNTRkMGUyZjRkZDBhNjljODEyYzZmMzdkMDM1ZGU1Mjox', '事业群': '商用事业群', '创建人': '谢亦舟', '当前年': '2026', '当前月': '8', '食饮部': '156148.08', '客户经理': '邵既白', '层级级别': '客户经理', '工业健康': '0', '当前日期': '21', '楼宇办公': '2966812.64', '父级引用': '33', '经营主体': '星澜集团总部', '1季度比例': '25%', '2季度比例': '25%', '3季度比例': '25%', '4季度比例': '25%', '任务维护人': '柏亦舟', '年度开单金额': '1871642.374142', '总任务承接人': '邵既白', '总任务达成率': '0.500607581214', '本月开单金额': '201336.00241', '食饮部（万）': '15.84', '链接字段(勿删)': '商用事业群;澔原战区;岱岑片区;邵既白', '剩余分配百分比': '0', '工业健康（万）': '0', '当前月最后一天': '31', '总任务（金额）': '3738741.57', '战区总任务金额': '878801012.27', '楼宇办公（万）': '296.56', '本月当前目标阈值': '245806.451613', '本月总目标（万）': '26.4', '食饮部待分配任务': '248539', '健康-年度开单金额': '23161.6', '食饮-年度开单金额': '274186.88', '工业健康待分配任务': '0', '当前月份任务达成率': '0.646215306323', '本月开单金额（万）': '20.1336', '楼宇办公待分配任务': '3287927.13', '战区已分配金额-食饮': '99761244.88', '父级已审批金额-食饮': '99761244.88', '事业群剩余未分配金额': '-735892965.6', '截止当天累计目标阈值': '2864723.370302', '本月当前目标阈值 (万)': '24.580645', '楼宇办公-年度开单金额': '1574293.139143', '片区已分配金额-食饮部': '4077198.4', '行业线已分配金额-食饮': '91086354.48', '战区下派片区总任务金额': '17726962.26', '截止当前目标阈值达成率': '0.653341398875', '健康-年度开单金额（万）': '2.316196', '年度阈值/开单差额（万）': '-99.3081', '战区已分配金额-工业健康': '34699563.36', '战区已分配金额-楼宇办公': '260246726.96', '月度阈值/开单差额（万）': '-4.447045', '父级已审批金额-工业健康': '34699563.36', '父级已审批金额-楼宇办公': '260246726.96', '片区已分配金额-工业健康': '7113410.48', '片区已分配金额-楼宇办公': '71220854.32', '片区父级已审批金额-食饮': '1908476.24', '食饮-年度开单金额（万）': '27.418728', '事业群下派战区总任务金额': '693844780.71', '总金额转换（以万为单位）': '312.4', '总额的待分配任务（金额）': '3860460.91', '客户经理已分配金额-食饮部': '242896.72', '行业线已分配金额-工业健康': '8674891.28', '行业线已分配金额-楼宇办公': '26024672.96', '行业线父级已审批金额-食饮': '1908476.24', '截止当天累计目标阈值（万）': '286.472337', '片区下派客户经理总任务金额': '16030214.32', '客户经理已分配金额-工业健康': '867489.04', '客户经理已分配金额-楼宇办公': '9472980.88', '楼宇办公-年度开单金额（万）': '157.429314', '片区父级已审批金额-工业健康': '6766415.04', '片区父级已审批金额-楼宇办公': '73736572.8', '客户经理父级已审批金额-食饮部': '242896.72', '行业线父级已审批金额-工业健康': '6766415.04', '行业线父级已审批金额-楼宇办公': '73736572.8', '年度开单金额转换（以万为单位）': '187.164237', '客户经理父级已审批金额-工业健康': '867489.04', '客户经理父级已审批金额-楼宇办公': '9472980.88'}",2026-08-21 17:02:20.979544,2026-08-21 17:02:20.979544,2026-08-21 17:02:20.979544
52,recvkB7JbqzmTy,"{'2601': '2288997.2', '2602': '2301353.03', '2603': '2292160.77', '2604': '1928572.47', '公式': '0.000000172413793103448', '战区': '澔原战区', '片区': '岱岑片区', '状态': '待确认', '编号': '58', 'SourceID': 'NzY0MTE0MDA0MTE0MTU4NzEzODpyZWN2ZEp5UlJCYlpocToyMjIzYjIwMTE0Yjc3MmMwNGNmZGY4NmIxNmQzNGU1OTox', '事业群': '商用事业群', '创建人': '谢亦舟', '当前年': '2026', '当前月': '8', '食饮部': '0', '客户经理': '岳既白', '层级级别': '客户经理', '工业健康': '1052641.04', '当前日期': '21', '楼宇办公': '5052676.64', '父级引用': '39', '经营主体': '星澜集团总部', '1季度比例': '25%', '2季度比例': '25%', '3季度比例': '25%', '4季度比例': '25%', '任务维护人': '柏亦舟', '年度开单金额': '4970860.475312', '总任务承接人': '岳既白', '总任务达成率': '0.814434730561', '本月开单金额': '191082.32', '食饮部（万）': '0', '链接字段(勿删)': '商用事业群;澔原战区;岱岑片区;岳既白', '剩余分配百分比': '0', '工业健康（万）': '105.6', '当前月最后一天': '31', '总任务（金额）': '6103448.55', '战区总任务金额': '653455723.82', '楼宇办公（万）': '505.12', '本月当前目标阈值': '396021.505376', '本月总目标（万）': '50.877647', '食饮部待分配任务': '0', '健康-年度开单金额': '858197.12', '食饮-年度开单金额': '60721.784367', '工业健康待分配任务': '1426536.39', '当前月份任务达成率': '0.375687256346', '本月开单金额（万）': '19.108276', '楼宇办公待分配任务': '6749473.42', '战区已分配金额-食饮': '121053712.56', '父级已审批金额-食饮': '121053712.56', '事业群剩余未分配金额': '-892957735.29', '截止当天累计目标阈值': '5600469.49326', '本月当前目标阈值 (万)': '39.602151', '楼宇办公-年度开单金额': '4051941.553334', '片区已分配金额-食饮部': '4947412.8', '行业线已分配金额-食饮': '110527303.04', '战区下派片区总任务金额': '23362798.08', '截止当前目标阈值达成率': '0.887579243364', '健康-年度开单金额（万）': '85.819714', '年度阈值/开单差额（万）': '-62.960902', '战区已分配金额-工业健康': '42105638.96', '战区已分配金额-楼宇办公': '315792293.52', '月度阈值/开单差额（万）': '-20.493919', '父级已审批金额-工业健康': '42105638.96', '父级已审批金额-楼宇办公': '315792293.52', '片区已分配金额-工业健康': '8631656', '片区已分配金额-楼宇办公': '86421824.72', '片区父级已审批金额-食饮': '2315809.76', '食饮-年度开单金额（万）': '6.072179', '事业群下派战区总任务金额': '602695614.52', '总金额转换（以万为单位）': '610.72', '总额的待分配任务（金额）': '8897063.74', '客户经理已分配金额-食饮部': '294739.28', '行业线已分配金额-工业健康': '10526409.52', '行业线已分配金额-楼宇办公': '31579229.44', '行业线父级已审批金额-食饮': '2315809.76', '截止当天累计目标阈值（万）': '560.046949', '片区下派客户经理总任务金额': '12386003.93', '客户经理已分配金额-工业健康': '1052641.04', '客户经理已分配金额-楼宇办公': '11494839.84', '楼宇办公-年度开单金额（万）': '405.194156', '片区父级已审批金额-工业健康': '8210599.76', '片区父级已审批金额-楼宇办公': '89474483.12', '客户经理父级已审批金额-食饮部': '294739.28', '行业线父级已审批金额-工业健康': '8210599.76', '行业线父级已审批金额-楼宇办公': '89474483.12', '年度开单金额转换（以万为单位）': '497.086048', '客户经理父级已审批金额-工业健康': '1052641.04', '客户经理父级已审批金额-楼宇办公': '11494839.84'}",2026-08-21 17:02:20.979544,2026-08-21 17:02:20.979544,2026-08-21 17:02:20.979544
53,recvkB7JbqupN8,"{'2601': '1095428.34', '2602': '663333.7', '2603': '679975.78', '2604': '729744.54', '公式': '0.000000357142857142857', '战区': '澔原战区', '片区': '岱岑片区', '状态': '待确认', '编号': '59', 'SourceID': 'NzY0MTE0MDA0MTE0MTU4NzEzODpyZWN2ZEp5UlJCWmRmYTo4MWYzNDFlYjViZTJmMTkyMGY3NTY1ZTRlYWViMGNlMTox', '事业群': '商用事业群', '创建人': '谢亦舟', '当前年': '2026', '当前月': '8', '食饮部': '78409.76', '客户经理': '柏亦舟', '层级级别': '客户经理', '工业健康': '0', '当前日期': '21', '楼宇办公': '2117074.08', '父级引用': '29', '经营主体': '星澜集团总部', '1季度比例': '25%', '2季度比例': '25%', '3季度比例': '25%', '4季度比例': '25%', '任务维护人': '柏亦舟', '年度开单金额': '724791.002772', '总任务承接人': '柏亦舟', '总任务达成率': '0.189444381111', '本月开单金额': '105816.440328', '食饮部（万）': '7.92', '链接字段(勿删)': '商用事业群;澔原战区;岱岑片区;柏亦舟', '剩余分配百分比': '0', '工业健康（万）': '0', '当前月最后一天': '31', '总任务（金额）': '3825877.54', '战区总任务金额': '667145784.07', '楼宇办公（万）': '212.08', '本月当前目标阈值': '191182.795699', '本月总目标（万）': '18.295699', '食饮部待分配任务': '88940.64', '健康-年度开单金额': '0', '食饮-年度开单金额': '182330.72', '工业健康待分配任务': '0', '当前月份任务达成率': '0.331897001579', '本月开单金额（万）': '10.581644', '楼宇办公待分配任务': '2969498.76', '战区已分配金额-食饮': '90171657.84', '父级已审批金额-食饮': '90171657.84', '事业群剩余未分配金额': '-665154975.25', '截止当天累计目标阈值': '2013939.472658', '本月当前目标阈值 (万)': '19.11828', '楼宇办公-年度开单金额': '542459.990367', '片区已分配金额-食饮部': '3685276.32', '行业线已分配金额-食饮': '82330644', '战区下派片区总任务金额': '17423405.59', '截止当前目标阈值达成率': '0.359887182615', '健康-年度开单金额（万）': '0', '年度阈值/开单差额（万）': '-128.914847', '战区已分配金额-工业健康': '31364054.48', '战区已分配金额-楼宇办公': '235230411.68', '月度阈值/开单差额（万）': '-8.536636', '父级已审批金额-工业健康': '31364054.48', '父级已审批金额-楼宇办公': '235230411.68', '片区已分配金额-工业健康': '6429631.12', '片区已分配金额-楼宇办公': '64374722.72', '片区父级已审批金额-食饮': '1725022.64', '食饮-年度开单金额（万）': '18.233101', '事业群下派战区总任务金额': '612808874.71', '总金额转换（以万为单位）': '219.12', '总额的待分配任务（金额）': '3369459.86', '客户经理已分配金额-食饮部': '219548.56', '行业线已分配金额-工业健康': '7841013.84', '行业线已分配金额-楼宇办公': '23523041.52', '行业线父级已审批金额-食饮': '1725022.64', '截止当天累计目标阈值（万）': '201.393947', '片区下派客户经理总任务金额': '18420325.11', '客户经理已分配金额-工业健康': '784101.12', '客户经理已分配金额-楼宇办公': '8562386.8', '楼宇办公-年度开单金额（万）': '54.245999', '片区父级已审批金额-工业健康': '6115990.32', '片区父级已审批金额-楼宇办公': '66648616.32', '客户经理父级已审批金额-食饮部': '219548.56', '行业线父级已审批金额-工业健康': '6115990.32', '行业线父级已审批金额-楼宇办公': '66648616.32', '年度开单金额转换（以万为单位）': '72.4791', '客户经理父级已审批金额-工业健康': '784101.12', '客户经理父级已审批金额-楼宇办公': '8562386.8'}",2026-08-21 17:02:20.979544,2026-08-21 17:02:20.979544,2026-08-21 17:02:20.979544
54,recvkB7JbqDl0C,"{'2601': '2022856', '2602': '1413118.84', '2603': '1364786.45', '2604': '2005262.69', '公式': '0.000000222222222222222', '战区': '澔原战区', '片区': '临汀片区', '状态': '待确认', '编号': '61', 'SourceID': 'NzY0MTE0MDA0MTE0MTU4NzEzODpyZWN2ZEp5UlJCNUFzUzoxMmFmNDU1NWFmNDY0ZjZmZmQyZmJkN2RhZDAwMWU5Zjox', '事业群': '商用事业群', '创建人': '谢亦舟', '当前年': '2026', '当前月': '8', '食饮部': '0', '客户经理': '谢屿青', '层级级别': '客户经理', '工业健康': '523998.64', '当前日期': '21', '楼宇办公': '4191986.48', '父级引用': '48', '经营主体': '星澜集团总部', '1季度比例': '25%', '2季度比例': '25%', '3季度比例': '25%', '4季度比例': '25%', '任务维护人': '白怀川', '年度开单金额': '3520824.130284', '总任务承接人': '谢屿青', '总任务达成率': '0.664197949834', '本月开单金额': '177436.16', '食饮部（万）': '0', '链接字段(勿删)': '商用事业群;澔原战区;临汀片区;谢屿青', '剩余分配百分比': '0', '工业健康（万）': '52.8', '当前月最后一天': '31', '总任务（金额）': '5300865.7', '战区总任务金额': '779408658.35', '楼宇办公（万）': '418.88', '本月当前目标阈值': '307258.064516', '本月总目标（万）': '39.299876', '食饮部待分配任务': '0', '健康-年度开单金额': '962008.96', '食饮-年度开单金额': '349904.72', '工业健康待分配任务': '742628.69', '当前月份任务达成率': '0.401676639346', '本月开单金额（万）': '17.743632', '楼宇办公待分配任务': '4786067.39', '战区已分配金额-食饮': '120519619.44', '父级已审批金额-食饮': '120519619.44', '事业群剩余未分配金额': '-891437895.81', '截止当天累计目标阈值': '4326020.721534', '本月当前目标阈值 (万)': '30.725806', '楼宇办公-年度开单金额': '2208910.429668', '片区已分配金额-食饮部': '4925584.4', '行业线已分配金额-食饮': '110039652.8', '战区下派片区总任务金额': '22472947.18', '截止当前目标阈值达成率': '0.813871305044', '健康-年度开单金额（万）': '96.200856', '年度阈值/开单差额（万）': '-80.519659', '战区已分配金额-工业健康': '41919867.44', '战区已分配金额-楼宇办公': '314399008', '月度阈值/开单差额（万）': '-12.98219', '父级已审批金额-工业健康': '41919867.44', '父级已审批金额-楼宇办公': '314399008', '片区已分配金额-工业健康': '8593573.12', '片区已分配金额-楼宇办公': '86040528.64', '片区父级已审批金额-食饮': '2305592.96', '食饮-年度开单金额（万）': '34.990513', '事业群下派战区总任务金额': '885166013.51', '总金额转换（以万为单位）': '471.68', '总额的待分配任务（金额）': '6365716.25', '客户经理已分配金额-食饮部': '2724791.52', '行业线已分配金额-工业健康': '10479966.64', '行业线已分配金额-楼宇办公': '31439900.8', '行业线父级已审批金额-食饮': '2305592.96', '截止当天累计目标阈值（万）': '432.602072', '片区下派客户经理总任务金额': '13987565.37', '客户经理已分配金额-工业健康': '838397.12', '客户经理已分配金额-楼宇办公': '7545575.84', '楼宇办公-年度开单金额（万）': '220.891043', '片区父级已审批金额-工业健康': '8174374.56', '片区父级已审批金额-楼宇办公': '89079718.64', '客户经理父级已审批金额-食饮部': '2724791.52', '行业线父级已审批金额-工业健康': '8174374.56', '行业线父级已审批金额-楼宇办公': '89079718.64', '年度开单金额转换（以万为单位）': '352.082413', '客户经理父级已审批金额-工业健康': '838397.12', '客户经理父级已审批金额-楼宇办公': '7545575.84'}",2026-08-21 17:02:20.979544,2026-08-21 17:02:20.979544,2026-08-21 17:02:20.979544
55,recvkB7Jbqbw0v,"{'2601': '813558.19', '2602': '1522288.04', '2603': '1028051.03', '2604': '1542456.91', '公式': '0.000000285714285714285', '战区': '澔原战区', '片区': '临汀片区', '状态': '待确认', '编号': '62', 'SourceID': 'NzY0MTE0MDA0MTE0MTU4NzEzODpyZWN2ZEp5UlJCZTdUODo2YTI0MDFmODQzYzFmMGY4ZjQ0YjFmYmUzNDg0ZmM2Nzox', '事业群': '商用事业群', '创建人': '谢亦舟', '当前年': '2026', '当前月': '8', '食饮部': '0', '客户经理': '陆既白', '层级级别': '客户经理', '工业健康': '291401.44', '当前日期': '21', '楼宇办公': '3108277.04', '父级引用': '44', '经营主体': '星澜集团总部', '1季度比例': '25%', '2季度比例': '25%', '3季度比例': '25%', '4季度比例': '25%', '任务维护人': '白怀川', '年度开单金额': '1544758.321425', '总任务承接人': '陆既白', '总任务达成率': '0.40895379393', '本月开单金额': '124655.52', '食饮部（万）': '0', '链接字段(勿删)': '商用事业群;澔原战区;临汀片区;陆既白', '剩余分配百分比': '0', '工业健康（万）': '29.04', '当前月最后一天': '31', '总任务（金额）': '3777341.95', '战区总任务金额': '681972649.26', '楼宇办公（万）': '310.64', '本月当前目标阈值': '238978.494624', '本月总目标（万）': '28.330654', '食饮部待分配任务': '0', '健康-年度开单金额': '0', '食饮-年度开单金额': '38576.56', '工业健康待分配任务': '269063.47', '当前月份任务达成率': '0.396010279133', '本月开单金额（万）': '12.465553', '楼宇办公待分配任务': '4972876.77', '战区已分配金额-食饮': '111703721.36', '父级已审批金额-食饮': '111703721.36', '事业群剩余未分配金额': '-826230041.72', '截止当天累计目标阈值': '3118559.36285', '本月当前目标阈值 (万)': '23.897849', '楼宇办公-年度开单金额': '1506181.684044', '片区已分配金额-食饮部': '4565282.48', '行业线已分配金额-食饮': '101990354.4', '战区下派片区总任务金额': '22872329.16', '截止当前目标阈值达成率': '0.495343567875', '健康-年度开单金额（万）': '0', '年度阈值/开单差额（万）': '-157.380104', '战区已分配金额-工业健康': '38853468.72', '战区已分配金额-楼宇办公': '291401012.32', '月度阈值/开单差额（万）': '-11.432297', '父级已审批金额-工业健康': '38853468.72', '父级已审批金额-楼宇办公': '291401012.32', '片区已分配金额-工业健康': '7964960.96', '片区已分配金额-楼宇办公': '79746744', '片区父级已审批金额-食饮': '2136940.96', '食饮-年度开单金额（万）': '3.857664', '事业群下派战区总任务金额': '770208890.11', '总金额转换（以万为单位）': '339.68', '总额的待分配任务（金额）': '5418896.96', '客户经理已分配金额-食饮部': '2525475.04', '行业线已分配金额-工业健康': '9713366.96', '行业线已分配金额-楼宇办公': '29140100.88', '行业线父级已审批金额-食饮': '2136940.96', '截止当天累计目标阈值（万）': '311.855936', '片区下派客户经理总任务金额': '9597950.07', '客户经理已分配金额-工业健康': '777069.04', '客户经理已分配金额-楼宇办公': '6993624', '楼宇办公-年度开单金额（万）': '150.618169', '片区父级已审批金额-工业健康': '7576426', '片区父级已审批金额-楼宇办公': '82563620.48', '客户经理父级已审批金额-食饮部': '2525475.04', '行业线父级已审批金额-工业健康': '7576426', '行业线父级已审批金额-楼宇办公': '82563620.48', '年度开单金额转换（以万为单位）': '154.475832', '客户经理父级已审批金额-工业健康': '777069.04', '客户经理父级已审批金额-楼宇办公': '6993624'}",2026-08-21 17:02:20.979544,2026-08-21 17:02:20.979544,2026-08-21 17:02:20.979544
56,recvkB7JbqGvyK,"{'2601': '1032182.34', '2602': '509686.56', '2603': '1151846.82', '2604': '906792.7', '公式': '0.000000384615384615384', '战区': '澔原战区', '片区': '临汀片区', '状态': '待确认', '编号': '63', 'SourceID': 'NzY0MTE0MDA0MTE0MTU4NzEzODpyZWN2ZEp5UlJCVTdKWjo1YjNjODc5NDBhZjBhODQzOTRmYTM4YmZjYjk2MzU1Nzox', '事业群': '商用事业群', '创建人': '谢亦舟', '当前年': '2026', '当前月': '8', '食饮部': '2494840.48', '客户经理': '白怀川', '层级级别': '客户经理', '工业健康': '0', '当前日期': '21', '楼宇办公': '0', '父级引用': '44', '经营主体': '星澜集团总部', '1季度比例': '25%', '2季度比例': '25%', '3季度比例': '25%', '4季度比例': '25%', '任务维护人': '白怀川', '年度开单金额': '0', '总任务承接人': '白怀川', '总任务达成率': '0', '本月开单金额': '0', '食饮部（万）': '249.92', '链接字段(勿删)': '商用事业群;澔原战区;临汀片区;白怀川', '剩余分配百分比': '0', '工业健康（万）': '0', '当前月最后一天': '31', '总任务（金额）': '3878931.79', '战区总任务金额': '828820694.4', '楼宇办公（万）': '0', '本月当前目标阈值': '177526.88172', '本月总目标（万）': '20.790337', '食饮部待分配任务': '3316187.17', '健康-年度开单金额': '0', '食饮-年度开单金额': '0', '工业健康待分配任务': '0', '当前月份任务达成率': '0', '本月开单金额（万）': '0', '楼宇办公待分配任务': '0', '战区已分配金额-食饮': '110348713.2', '父级已审批金额-食饮': '110348713.2', '事业群剩余未分配金额': '-816207562.4', '截止当天累计目标阈值': '2288542.338192', '本月当前目标阈值 (万)': '17.752688', '楼宇办公-年度开单金额': '0', '片区已分配金额-食饮部': '4509904.08', '行业线已分配金额-食饮': '100753172.96', '战区下派片区总任务金额': '16645691.88', '截止当前目标阈值达成率': '0', '健康-年度开单金额（万）': '0', '年度阈值/开单差额（万）': '-228.854234', '战区已分配金额-工业健康': '38382160.96', '战区已分配金额-楼宇办公': '287866208.96', '月度阈值/开单差额（万）': '-17.752688', '父级已审批金额-工业健康': '38382160.96', '父级已审批金额-楼宇办公': '287866208.96', '片区已分配金额-工业健康': '7868343.12', '片区已分配金额-楼宇办公': '78779385.52', '片区父级已审批金额-食饮': '2111018.8', '食饮-年度开单金额（万）': '0', '事业群下派战区总任务金额': '534874100.43', '总金额转换（以万为单位）': '249.92', '总额的待分配任务（金额）': '3963653.49', '客户经理已分配金额-食饮部': '2494840.48', '行业线已分配金额-工业健康': '9595540.24', '行业线已分配金额-楼宇办公': '28786620.72', '行业线父级已审批金额-食饮': '2111018.8', '截止当天累计目标阈值（万）': '228.854234', '片区下派客户经理总任务金额': '11728857.67', '客户经理已分配金额-工业健康': '767643.36', '客户经理已分配金额-楼宇办公': '6908789.36', '楼宇办公-年度开单金额（万）': '0', '片区父级已审批金额-工业健康': '7484521.44', '片区父级已审批金额-楼宇办公': '81562092.48', '客户经理父级已审批金额-食饮部': '2494840.48', '行业线父级已审批金额-工业健康': '7484521.44', '行业线父级已审批金额-楼宇办公': '81562092.48', '年度开单金额转换（以万为单位）': '0', '客户经理父级已审批金额-工业健康': '767643.36', '客户经理父级已审批金额-楼宇办公': '6908789.36'}",2026-08-21 17:02:20.979544,2026-08-21 17:02:20.979544,2026-08-21 17:02:20.979544
57,recvkB7JbqCm8v,"{'2601': '1361799.41', '2602': '1396785.37', '2603': '1064563.53', '2604': '1177683.7', '公式': '0.000000192307692307692', '战区': '澔原战区', '片区': '梧陵片区', '状态': '待确认', '编号': '64', 'SourceID': 'NzY0MTE0MDA0MTE0MTU4NzEzODpyZWN2ZEp5UlJCc2RteDpkYzgzNWY4MThjMjFiNWZiNDI2MjdiM2EwOTQ4MDE3ZDox', '事业群': '商用事业群', '创建人': '谢亦舟', '当前年': '2026', '当前月': '8', '食饮部': '66637.12', '客户经理': '严亦舟', '层级级别': '客户经理', '工业健康': '533098.72', '当前日期': '21', '楼宇办公': '2865406.72', '父级引用': '26', '经营主体': '星澜集团总部', '1季度比例': '25%', '2季度比例': '25%', '3季度比例': '25%', '4季度比例': '25%', '任务维护人': '严亦舟', '年度开单金额': '1998651.561838', '总任务承接人': '严亦舟', '总任务达成率': '0.244478657153', '本月开单金额': '70256.56', '食饮部（万）': '7.04', '链接字段(勿删)': '商用事业群;澔原战区;梧陵片区;严亦舟', '剩余分配百分比': '0', '工业健康（万）': '53.68', '当前月最后一天': '31', '总任务（金额）': '8175157.64', '战区总任务金额': '634641307.55', '楼宇办公（万）': '286.88', '本月当前目标阈值': '355053.763441', '本月总目标（万）': '28.876195', '食饮部待分配任务': '119877.84', '健康-年度开单金额': '17485.6', '食饮-年度开单金额': '25396.8', '工业健康待分配任务': '1008373.65', '当前月份任务达成率': '0.103126906798', '本月开单金额（万）': '7.025645', '楼宇办公待分配任务': '6271187.61', '战区已分配金额-食饮': '76632980.16', '父级已审批金额-食饮': '76632980.16', '事业群剩余未分配金额': '-565286357.36', '截止当天累计目标阈值': '3178611.031014', '本月当前目标阈值 (万)': '35.505376', '楼宇办公-年度开单金额': '1955769.07902', '片区已分配金额-食饮部': '3131956.96', '行业线已分配金额-食饮': '69969242.64', '战区下派片区总任务金额': '18884835.23', '截止当前目标阈值达成率': '0.628781421299', '健康-年度开单金额（万）': '1.748564', '年度阈值/开单差额（万）': '-117.995947', '战区已分配金额-工业健康': '26654949.2', '战区已分配金额-楼宇办公': '199912121.2', '月度阈值/开单差额（万）': '-28.47972', '父级已审批金额-工业健康': '26654949.2', '父级已审批金额-楼宇办公': '199912121.2', '片区已分配金额-工业健康': '5464264.96', '片区已分配金额-楼宇办公': '54709284.08', '片区父级已审批金额-食饮': '1466021.92', '食饮-年度开单金额（万）': '2.539684', '事业群下派战区总任务金额': '562382786.84', '总金额转换（以万为单位）': '346.72', '总额的待分配任务（金额）': '7990897.15', '客户经理已分配金额-食饮部': '186584.64', '行业线已分配金额-工业健康': '6663737.52', '行业线已分配金额-楼宇办公': '19991212.56', '行业线父级已审批金额-食饮': '1466021.92', '截止当天累计目标阈值（万）': '317.861103', '片区下派客户经理总任务金额': '17076030.11', '客户经理已分配金额-工业健康': '666373.84', '客户经理已分配金额-楼宇办公': '7276800.96', '楼宇办公-年度开单金额（万）': '195.576908', '片区父级已审批金额-工业健康': '5197714.72', '片区父级已审批金额-楼宇办公': '56641767.6', '客户经理父级已审批金额-食饮部': '186584.64', '行业线父级已审批金额-工业健康': '5197714.72', '行业线父级已审批金额-楼宇办公': '56641767.6', '年度开单金额转换（以万为单位）': '199.865156', '客户经理父级已审批金额-工业健康': '666373.84', '客户经理父级已审批金额-楼宇办公': '7276800.96'}",2026-08-21 17:02:20.979544,2026-08-21 17:02:20.979544,2026-08-21 17:02:20.979544
58,recvkB7Jbqqaz6,"{'2601': '1261667.53', '2602': '967521.56', '2603': '1294316.69', '2604': '701930.27', '公式': '0.000000333333333333333', '战区': '澔原战区', '片区': '梧陵片区', '状态': '待确认', '编号': '65', 'SourceID': 'NzY0MTE0MDA0MTE0MTU4NzEzODpyZWN2ZEp5UlJCVXRLbTphMDU3Zjg3ZDA3NTI4MDkwN2Y3OTdkYTkwOGQ5ZGU4ZDox', '事业群': '商用事业群', '创建人': '谢亦舟', '当前年': '2026', '当前月': '8', '食饮部': '48797.76', '客户经理': '温既白', '层级级别': '客户经理', '工业健康': '0', '当前日期': '21', '楼宇办公': '2879063.44', '父级引用': '38', '经营主体': '星澜集团总部', '1季度比例': '25%', '2季度比例': '25%', '3季度比例': '25%', '4季度比例': '25%', '任务维护人': '严亦舟', '年度开单金额': '843841.45297', '总任务承接人': '温既白', '总任务达成率': '0.207418095162', '本月开单金额': '36266.24554', '食饮部（万）': '5.28', '链接字段(勿删)': '商用事业群;澔原战区;梧陵片区;温既白', '剩余分配百分比': '0', '工业健康（万）': '0', '当前月最后一天': '31', '总任务（金额）': '4068311.65', '战区总任务金额': '619141691.61', '楼宇办公（万）': '287.76', '本月当前目标阈值': '204838.709677', '本月总目标（万）': '24.64', '食饮部待分配任务': '48225.71', '健康-年度开单金额': '95448.32', '食饮-年度开单金额': '36822.72', '工业健康待分配任务': '0', '当前月份任务达成率': '0.10697188021', '本月开单金额（万）': '3.626624', '楼宇办公待分配任务': '2738295.26', '战区已分配金额-食饮': '112234679.04', '父级已审批金额-食饮': '112234679.04', '事业群剩余未分配金额': '-827903769.64', '截止当天累计目标阈值': '2685756.612602', '本月当前目标阈值 (万)': '20.483871', '楼宇办公-年度开单金额': '711570.443492', '片区已分配金额-食饮部': '4586982.4', '行业线已分配金额-食饮': '102475142', '战区下派片区总任务金额': '20910666.84', '截止当前目标阈值达成率': '0.314191334021', '健康-年度开单金额（万）': '9.544828', '年度阈值/开单差额（万）': '-184.191516', '战区已分配金额-工业健康': '39038149.04', '战区已分配金额-楼宇办公': '292786120', '月度阈值/开单差额（万）': '-16.857246', '父级已审批金额-工业健康': '39038149.04', '父级已审批金额-楼宇办公': '292786120', '片区已分配金额-工业健康': '8002820.32', '片区已分配金额-楼宇办公': '80125801.36', '片区父级已审批金额-食饮': '2147097.92', '食饮-年度开单金额（万）': '3.682274', '事业群下派战区总任务金额': '805680781.32', '总金额转换（以万为单位）': '293.04', '总额的待分配任务（金额）': '2889459.55', '客户经理已分配金额-食饮部': '273267.28', '行业线已分配金额-工业健康': '9759537.04', '行业线已分配金额-楼宇办公': '29278612', '行业线父级已审批金额-食饮': '2147097.92', '截止当天累计目标阈值（万）': '268.575662', '片区下派客户经理总任务金额': '12322745.23', '客户经理已分配金额-工业健康': '975953.44', '客户经理已分配金额-楼宇办公': '10657415.12', '楼宇办公-年度开单金额（万）': '71.157045', '片区父级已审批金额-工业健康': '7612439.12', '片区父级已审批金额-楼宇办公': '82956067.04', '客户经理父级已审批金额-食饮部': '273267.28', '行业线父级已审批金额-工业健康': '7612439.12', '行业线父级已审批金额-楼宇办公': '82956067.04', '年度开单金额转换（以万为单位）': '84.384145', '客户经理父级已审批金额-工业健康': '975953.44', '客户经理父级已审批金额-楼宇办公': '10657415.12'}",2026-08-21 17:02:20.979544,2026-08-21 17:02:20.979544,2026-08-21 17:02:20.979544
59,recvkB7JbqrXTQ,"{'2601': '760039.12', '2602': '1539069.82', '2603': '1807651.96', '2604': '1695356.02', '公式': '0.00000025', '战区': '澔原战区', '片区': '梧陵片区', '状态': '待确认', '编号': '66', 'SourceID': 'NzY0MTE0MDA0MTE0MTU4NzEzODpyZWN2ZEp5UlJCZE82YjpjMjJmNGM1Zjc0NzE2ZDFjNjRjYjQwNjA5NzMwNjlhMzox', '事业群': '商用事业群', '创建人': '谢亦舟', '当前年': '2026', '当前月': '8', '食饮部': '130661.52', '客户经理': '游屿青', '层级级别': '客户经理', '工业健康': '201018.4', '当前日期': '21', '楼宇办公': '3688684.56', '父级引用': '39', '经营主体': '星澜集团总部', '1季度比例': '25%', '2季度比例': '25%', '3季度比例': '25%', '4季度比例': '25%', '任务维护人': '严亦舟', '年度开单金额': '2171064.069847', '总任务承接人': '游屿青', '总任务达成率': '0.351219173308', '本月开单金额': '376648.8', '食饮部（万）': '13.2', '链接字段(勿删)': '商用事业群;澔原战区;梧陵片区;游屿青', '剩余分配百分比': '0', '工业健康（万）': '20.24', '当前月最后一天': '31', '总任务（金额）': '6181507.83', '战区总任务金额': '897071957.44', '楼宇办公（万）': '368.72', '本月当前目标阈值': '273118.27957', '本月总目标（万）': '33.503037', '食饮部待分配任务': '136043.67', '健康-年度开单金额': '162503.44', '食饮-年度开单金额': '27458.918533', '工业健康待分配任务': '253304.04', '当前月份任务达成率': '0.731178496299', '本月开单金额（万）': '37.664885', '楼宇办公待分配任务': '5460311.66', '战区已分配金额-食饮': '115585478.8', '父级已审批金额-食饮': '115585478.8', '事业群剩余未分配金额': '-852621081.14', '截止当天累计目标阈值': '3687920.891616', '本月当前目标阈值 (万)': '27.311828', '楼宇办公-年度开单金额': '1981102.019032', '片区已分配金额-食饮部': '4723928', '行业线已分配金额-食饮': '105534567.6', '战区下派片区总任务金额': '21736754.85', '截止当前目标阈值达成率': '0.588695943772', '健康-年度开单金额（万）': '16.250313', '年度阈值/开单差额（万）': '-151.685682', '战区已分配金额-工业健康': '40203644.8', '战区已分配金额-楼宇办公': '301527336', '月度阈值/开单差额（万）': '10.353052', '父级已审批金额-工业健康': '40203644.8', '父级已审批金额-楼宇办公': '301527336', '片区已分配金额-工业健康': '8241747.36', '片区已分配金额-楼宇办公': '82517981.04', '片区父级已审批金额-食饮': '2211200.64', '食饮-年度开单金额（万）': '2.745892', '事业群下派战区总任务金额': '598350807.36', '总金额转换（以万为单位）': '402.16', '总额的待分配任务（金额）': '5157311.25', '客户经理已分配金额-食饮部': '281425.76', '行业线已分配金额-工业健康': '10050911.2', '行业线已分配金额-楼宇办公': '30152733.6', '行业线父级已审批金额-食饮': '2211200.64', '截止当天累计目标阈值（万）': '368.792089', '片区下派客户经理总任务金额': '16360954.07', '客户经理已分配金额-工业健康': '1005091.12', '客户经理已分配金额-楼宇办公': '10975594.96', '楼宇办公-年度开单金额（万）': '198.110202', '片区父级已审批金额-工业健康': '7839710.56', '片区父级已审批金额-楼宇办公': '85432745.2', '客户经理父级已审批金额-食饮部': '281425.76', '行业线父级已审批金额-工业健康': '7839710.56', '行业线父级已审批金额-楼宇办公': '85432745.2', '年度开单金额转换（以万为单位）': '217.106407', '客户经理父级已审批金额-工业健康': '1005091.12', '客户经理父级已审批金额-楼宇办公': '10975594.96'}",2026-08-21 17:02:20.979544,2026-08-21 17:02:20.979544,2026-08-21 17:02:20.979544
60,recvkB7JbqU5Oi,"{'2601': '1455586.37', '2602': '1318695.61', '2603': '1624269.04', '2604': '2073168.32', '公式': '0.0000002', '战区': '澔原战区', '片区': '越溪片区', '状态': '待确认', '编号': '67', 'SourceID': 'NzY0MTE0MDA0MTE0MTU4NzEzODpyZWN2ZEp5UlJCM2M5NTozMzU5ODI1YzIwMGQ4ODAwMGJlNmI3NTU1MGU5NDdhOTox', '事业群': '商用事业群', '创建人': '谢亦舟', '当前年': '2026', '当前月': '8', '食饮部': '0', '客户经理': '苏既白', '层级级别': '客户经理', '工业健康': '448433.92', '当前日期': '21', '楼宇办公': '4035907.04', '父级引用': '33', '经营主体': '星澜集团总部', '1季度比例': '25%', '2季度比例': '25%', '3季度比例': '25%', '4季度比例': '25%', '任务维护人': '苏既白', '年度开单金额': '2832066.851523', '总任务承接人': '苏既白', '总任务达成率': '0.523679858975', '本月开单金额': '78033.721095', '食饮部（万）': '0', '链接字段(勿删)': '商用事业群;澔原战区;越溪片区;苏既白', '剩余分配百分比': '0', '工业健康（万）': '44.88', '当前月最后一天': '31', '总任务（金额）': '5408011.79', '战区总任务金额': '638467220.65', '楼宇办公（万）': '403.92', '本月当前目标阈值': '341397.849462', '本月总目标（万）': '37.369508', '食饮部待分配任务': '0', '健康-年度开单金额': '20592', '食饮-年度开单金额': '36270.96', '工业健康待分配任务': '766257.04', '当前月份任务达成率': '0.173151370504', '本月开单金额（万）': '7.803372', '楼宇办公待分配任务': '5390381.65', '战区已分配金额-食饮': '103139842.08', '父级已审批金额-食饮': '103139842.08', '事业群剩余未分配金额': '-757708899.87', '截止当天累计目标阈值': '4113531.196932', '本月当前目标阈值 (万)': '34.139785', '楼宇办公-年度开单金额': '2775203.614414', '片区已分配金额-食饮部': '4215280.08', '行业线已分配金额-食饮': '94171160.16', '战区下派片区总任务金额': '15772410.67', '截止当前目标阈值达成率': '0.6884758413', '健康-年度开单金额（万）': '2.05921', '年度阈值/开单差额（万）': '-128.146435', '战区已分配金额-工业健康': '35874727.68', '战区已分配金额-楼宇办公': '269060457.6', '月度阈值/开单差额（万）': '-26.336413', '父级已审批金额-工业健康': '35874727.68', '父级已审批金额-楼宇办公': '269060457.6', '片区已分配金额-工业健康': '7354319.28', '片区已分配金额-楼宇办公': '73632878.88', '片区父级已审批金额-食饮': '1973109.6', '食饮-年度开单金额（万）': '3.627114', '事业群下派战区总任务金额': '768250644.09', '总金额转换（以万为单位）': '448.8', '总额的待分配任务（金额）': '6483200.14', '客户经理已分配金额-食饮部': '304934.96', '行业线已分配金额-工业健康': '8968681.92', '行业线已分配金额-楼宇办公': '26906045.76', '行业线父级已审批金额-食饮': '1973109.6', '截止当天累计目标阈值（万）': '411.353119', '片区下派客户经理总任务金额': '14934483.72', '客户经理已分配金额-工业健康': '1076241.76', '客户经理已分配金额-楼宇办公': '11713098.32', '楼宇办公-年度开单金额（万）': '277.520361', '片区父级已审批金额-工业健康': '6995572.32', '片区父级已审批金额-楼宇办公': '76233796.32', '客户经理父级已审批金额-食饮部': '304934.96', '行业线父级已审批金额-工业健康': '6995572.32', '行业线父级已审批金额-楼宇办公': '76233796.32', '年度开单金额转换（以万为单位）': '283.206686', '客户经理父级已审批金额-工业健康': '1076241.76', '客户经理父级已审批金额-楼宇办公': '11713098.32'}",2026-08-21 17:02:20.979544,2026-08-21 17:02:20.979544,2026-08-21 17:02:20.979544
61,recvkB7JbqUALf,"{'2601': '901759.69', '2602': '1356977.22', '2603': '718776.82', '2604': '931487.85', '公式': '0.000000277777777777777', '战区': '澔原战区', '片区': '越溪片区', '状态': '待确认', '编号': '68', 'SourceID': 'NzY0MTE0MDA0MTE0MTU4NzEzODpyZWN2ZEp5UlJCWmxaczo0MTNjOWZlMTdhNDRmOWQ3MTdhMzgxZjRkZjUyMDM2Njox', '事业群': '商用事业群', '创建人': '谢亦舟', '当前年': '2026', '当前月': '8', '食饮部': '0', '客户经理': '苏怀川', '层级级别': '客户经理', '工业健康': '376194.72', '当前日期': '21', '楼宇办公': '2332404.8', '父级引用': '27', '经营主体': '星澜集团总部', '1季度比例': '25%', '2季度比例': '25%', '3季度比例': '25%', '4季度比例': '25%', '任务维护人': '苏既白', '年度开单金额': '1681994.16', '总任务承接人': '苏怀川', '总任务达成率': '0.383605931908', '本月开单金额': '64509.28', '食饮部（万）': '0', '链接字段(勿删)': '商用事业群;澔原战区;越溪片区;苏怀川', '剩余分配百分比': '0', '工业健康（万）': '37.84', '当前月最后一天': '31', '总任务（金额）': '4384692.78', '战区总任务金额': '534486623.43', '楼宇办公（万）': '233.2', '本月当前目标阈值': '245806.451613', '本月总目标（万）': '22.88', '食饮部待分配任务': '0', '健康-年度开单金额': '0', '食饮-年度开单金额': '22466.4', '工业健康待分配任务': '793022.29', '当前月份任务达成率': '0.176548597323', '本月开单金额（万）': '6.450906', '楼宇办公待分配任务': '3096191.42', '战区已分配金额-食饮': '86524707.28', '父级已审批金额-食饮': '86524707.28', '事业群剩余未分配金额': '-635647090.4', '截止当天累计目标阈值': '2484625.661808', '本月当前目标阈值 (万)': '24.580645', '楼宇办公-年度开单金额': '1659527.76', '片区已分配金额-食饮部': '3536227.2', '行业线已分配金额-食饮': '79000819.04', '战区下派片区总任务金额': '17039319.49', '截止当前目标阈值达成率': '0.676960793674', '健康-年度开单金额（万）': '0', '年度阈值/开单差额（万）': '-80.26315', '战区已分配金额-工业健康': '30095550.32', '战区已分配金额-楼宇办公': '225716626.96', '月度阈值/开单差额（万）': '-18.129717', '父级已审批金额-工业健康': '30095550.32', '父级已审批金额-楼宇办公': '225716626.96', '片区已分配金额-工业健康': '6169587.6', '片区已分配金额-楼宇办公': '61771116.88', '片区父级已审批金额-食饮': '1655255.36', '食饮-年度开单金额（万）': '2.246633', '事业群下派战区总任务金额': '630408792.52', '总金额转换（以万为单位）': '271.04', '总额的待分配任务（金额）': '4219276.55', '客户经理已分配金额-食饮部': '255812.48', '行业线已分配金额-工业健康': '7523887.36', '行业线已分配金额-楼宇办公': '22571662.96', '行业线父级已审批金额-食饮': '1655255.36', '截止当天累计目标阈值（万）': '248.462566', '片区下派客户经理总任务金额': '19185077.2', '客户经理已分配金额-工业健康': '902866.8', '客户经理已分配金额-楼宇办公': '9826197.04', '楼宇办公-年度开单金额（万）': '165.952808', '片区父级已审批金额-工业健康': '5868632', '片区父级已审批金额-楼宇办公': '63953044.32', '客户经理父级已审批金额-食饮部': '255812.48', '行业线父级已审批金额-工业健康': '5868632', '行业线父级已审批金额-楼宇办公': '63953044.32', '年度开单金额转换（以万为单位）': '168.199441', '客户经理父级已审批金额-工业健康': '902866.8', '客户经理父级已审批金额-楼宇办公': '9826197.04'}",2026-08-21 17:02:20.979544,2026-08-21 17:02:20.979544,2026-08-21 17:02:20.979544
62,recvkB7Jbqw7KZ,"{'2601': '373409.21', '2602': '463782.41', '2603': '841898.24', '2604': '381698.5', '公式': '0.0000005', '战区': '澔原战区', '片区': '越溪片区', '状态': '待确认', '编号': '69', 'SourceID': 'NzY0MTE0MDA0MTE0MTU4NzEzODpyZWN2ZEp5UlJCYzZEVjo3ZmMzMzNhYTYyMmM2Y2ViNDNjZDk1Zjg2ZGNlZjU0OTox', '事业群': '商用事业群', '创建人': '谢亦舟', '当前年': '2026', '当前月': '8', '食饮部': '0', '客户经理': '游既白', '层级级别': '客户经理', '工业健康': '71397.04', '当前日期': '21', '楼宇办公': '1356550.8', '父级引用': '26', '经营主体': '星澜集团总部', '1季度比例': '25%', '2季度比例': '25%', '3季度比例': '25%', '4季度比例': '25%', '任务维护人': '苏既白', '年度开单金额': '243054.24', '总任务承接人': '游既白', '总任务达成率': '0.124805447722', '本月开单金额': '0', '食饮部（万）': '0', '链接字段(勿删)': '商用事业群;澔原战区;越溪片区;游既白', '剩余分配百分比': '0', '工业健康（万）': '7.04', '当前月最后一天': '31', '总任务（金额）': '1947464.99', '战区总任务金额': '818939849.29', '楼宇办公（万）': '135.52', '本月当前目标阈值': '136559.139785', '本月总目标（万）': '11.899565', '食饮部待分配任务': '0', '健康-年度开单金额': '0', '食饮-年度开单金额': '8989.2', '工业健康待分配任务': '107867.45', '当前月份任务达成率': '0', '本月开单金额（万）': '0', '楼宇办公待分配任务': '2266477.56', '战区已分配金额-食饮': '82107000.8', '父级已审批金额-食饮': '82107000.8', '事业群剩余未分配金额': '-603192753.48', '截止当天累计目标阈值': '1309870.95759', '本月当前目标阈值 (万)': '13.655914', '楼宇办公-年度开单金额': '234065.04', '片区已分配金额-食饮部': '3355677.6', '行业线已分配金额-食饮': '74967261.6', '战区下派片区总任务金额': '24666840.43', '截止当前目标阈值达成率': '0.185555866089', '健康-年度开单金额（万）': '0', '年度阈值/开单差额（万）': '-106.681672', '战区已分配金额-工业健康': '28558956.8', '战区已分配金额-楼宇办公': '214192176', '月度阈值/开单差额（万）': '-13.655914', '父级已审批金额-工业健康': '28558956.8', '父级已审批金额-楼宇办公': '214192176', '片区已分配金额-工业健康': '5854586.32', '片区已分配金额-楼宇办公': '58617258.48', '片区父级已审批金额-食饮': '1570742.8', '食饮-年度开单金额（万）': '0.898894', '事业群下派战区总任务金额': '807536184.01', '总金额转换（以万为单位）': '142.56', '总额的待分配任务（金额）': '2936318.74', '客户经理已分配金额-食饮部': '242751.52', '行业线已分配金额-工业健康': '7139739.2', '行业线已分配金额-楼宇办公': '21419217.6', '行业线父级已审批金额-食饮': '1570742.8', '截止当天累计目标阈值（万）': '130.987095', '片区下派客户经理总任务金额': '17516055.9', '客户经理已分配金额-工业健康': '856768.88', '客户经理已分配金额-楼宇办公': '9324499.36', '楼宇办公-年度开单金额（万）': '23.406493', '片区父级已审批金额-工业健康': '5568996.4', '片区父级已审批金额-楼宇办公': '60687783.2', '客户经理父级已审批金额-食饮部': '242751.52', '行业线父级已审批金额-工业健康': '5568996.4', '行业线父级已审批金额-楼宇办公': '60687783.2', '年度开单金额转换（以万为单位）': '24.305386', '客户经理父级已审批金额-工业健康': '856768.88', '客户经理父级已审批金额-楼宇办公': '9324499.36'}",2026-08-21 17:02:20.979544,2026-08-21 17:02:20.979544,2026-08-21 17:02:20.979544
63,recvkB7JbqRhkL,"{'2601': '1082487.04', '2602': '938066.45', '2603': '1419339.3', '2604': '999143.29', '公式': '0.00000025', '战区': '澔原战区', '片区': '越溪片区', '状态': '待确认', '编号': '71', 'SourceID': 'NzY0MTE0MDA0MTE0MTU4NzEzODpyZWN2ZEp5UlJCTVhZNDo1ZDE3NWIxMzhiMTY5MTI5ZmE4NzlhMWZkY2Y3YmI5Nzox', '事业群': '商用事业群', '创建人': '谢亦舟', '当前年': '2026', '当前月': '8', '食饮部': '261448.88', '客户经理': '苏既白', '层级级别': '客户经理', '工业健康': '76897.04', '当前日期': '21', '楼宇办公': '2737522.48', '父级引用': '28', '经营主体': '星澜集团总部', '1季度比例': '25%', '2季度比例': '25%', '3季度比例': '25%', '4季度比例': '25%', '任务维护人': '苏既白', '年度开单金额': '2428189.14774', '总任务承接人': '苏既白', '总任务达成率': '0.588909468628', '本月开单金额': '66905.424431', '食饮部（万）': '26.4', '链接字段(勿删)': '商用事业群;澔原战区;越溪片区;苏既白', '剩余分配百分比': '0', '工业健康（万）': '7.92', '当前月最后一天': '31', '总任务（金额）': '4123195.97', '战区总任务金额': '543892342.49', '楼宇办公（万）': '273.68', '本月当前目标阈值': '273118.27957', '本月总目标（万）': '25.632229', '食饮部待分配任务': '530762.21', '健康-年度开单金额': '17655.44', '食饮-年度开单金额': '31098.32', '工业健康待分配任务': '133797.04', '当前月份任务达成率': '0.194719120559', '本月开单金额（万）': '6.690542', '楼宇办公待分配任务': '4106092.88', '战区已分配金额-食饮': '88431191.2', '父级已审批金额-食饮': '88431191.2', '事业群剩余未分配金额': '-649652929.8', '截止当天累计目标阈值': '2821524.302904', '本月当前目标阈值 (万)': '27.311828', '楼宇办公-年度开单金额': '2379435.109614', '片区已分配金额-食饮部': '3614144.16', '行业线已分配金额-食饮': '80741522.4', '战区下派片区总任务金额': '21053536.76', '截止当前目标阈值达成率': '0.860594801626', '健康-年度开单金额（万）': '1.765548', '年度阈值/开单差额（万）': '-39.333516', '战区已分配金额-工业健康': '30758675.2', '战区已分配金额-楼宇办公': '230690064', '月度阈值/开单差额（万）': '-20.621286', '父级已审批金额-工业健康': '30758675.2', '父级已审批金额-楼宇办公': '230690064', '片区已分配金额-工业健康': '6305528.24', '片区已分配金额-楼宇办公': '63132181.2', '片区父级已审批金额-食饮': '1691726.96', '食饮-年度开单金额（万）': '3.109856', '事业群下派战区总任务金额': '936646487.13', '总金额转换（以万为单位）': '308', '总额的待分配任务（金额）': '4078362.43', '客户经理已分配金额-食饮部': '261448.88', '行业线已分配金额-工业健康': '7689668.8', '行业线已分配金额-楼宇办公': '23069006.4', '行业线父级已审批金额-食饮': '1691726.96', '截止当天累计目标阈值（万）': '282.15243', '片区下派客户经理总任务金额': '15512074.64', '客户经理已分配金额-工业健康': '922760.08', '客户经理已分配金额-楼宇办公': '10042707.84', '楼宇办公-年度开单金额（万）': '237.943511', '片区父级已审批金额-工业健康': '5997941.84', '片区父级已审批金额-楼宇办公': '65362184.8', '客户经理父级已审批金额-食饮部': '261448.88', '行业线父级已审批金额-工业健康': '5997941.84', '行业线父级已审批金额-楼宇办公': '65362184.8', '年度开单金额转换（以万为单位）': '242.818915', '客户经理父级已审批金额-工业健康': '922760.08', '客户经理父级已审批金额-楼宇办公': '10042707.84'}",2026-08-21 17:02:20.979544,2026-08-21 17:02:20.979544,2026-08-21 17:02:20.979544
64,recvkB7Jbq90Px,"{'2601': '2685696.94', '2602': '2639513.39', '2603': '2707191.69', '2604': '1762787.94', '公式': '0.000000117647058823529', '战区': '澔原战区', '片区': '淮岸片区', '状态': '待确认', '编号': '72', 'SourceID': 'NzY0MTE0MDA0MTE0MTU4NzEzODpyZWN2ZEp5UlJCOFNwYjphNzdmNDk3YzRmYWY3YWFiM2E1ZmRlNTgxZjEyNDkzNjox', '事业群': '商用事业群', '创建人': '谢亦舟', '当前年': '2026', '当前月': '8', '食饮部': '239549.2', '客户经理': '柏既白', '层级级别': '客户经理', '工业健康': '558946.96', '当前日期': '21', '楼宇办公': '5988722.08', '父级引用': '33', '经营主体': '星澜集团总部', '1季度比例': '25%', '2季度比例': '25%', '3季度比例': '25%', '4季度比例': '25%', '任务维护人': '柏既白', '年度开单金额': '1952514.843734', '总任务承接人': '柏既白', '总任务达成率': '0.222575425155', '本月开单金额': '30968.160438', '食饮部（万）': '23.76', '链接字段(勿删)': '商用事业群;澔原战区;淮岸片区;柏既白', '剩余分配百分比': '0', '工业健康（万）': '56.32', '当前月最后一天': '31', '总任务（金额）': '8772373.87', '战区总任务金额': '773816769.61', '楼宇办公（万）': '599.28', '本月当前目标阈值': '580376.344086', '本月总目标（万）': '56.560152', '食饮部待分配任务': '333976.98', '健康-年度开单金额': '34399.2', '食饮-年度开单金额': '75505.76', '工业健康待分配任务': '1106302.08', '当前月份任务达成率': '0.04236229905', '本月开单金额（万）': '3.096816', '楼宇办公待分配任务': '8576219.83', '战区已分配金额-食饮': '91827070.72', '父级已审批金额-食饮': '91827070.72', '事业群剩余未分配金额': '-681629984.21', '截止当天累计目标阈值': '6225983.755398', '本月当前目标阈值 (万)': '58.037634', '楼宇办公-年度开单金额': '1842609.818021', '片区已分配金额-食饮部': '3752932.48', '行业线已分配金额-食饮': '83842107.36', '战区下派片区总任务金额': '15326302.85', '截止当前目标阈值达成率': '0.313607442686', '健康-年度开单金额（万）': '3.439922', '年度阈值/开单差额（万）': '-427.346891', '战区已分配金额-工业健康': '31939850.8', '战区已分配金额-楼宇办公': '239548878.8', '月度阈值/开单差额（万）': '-54.940818', '父级已审批金额-工业健康': '31939850.8', '父级已审批金额-楼宇办公': '239548878.8', '片区已分配金额-工业健康': '6547669.04', '片区已分配金额-楼宇办公': '65556543.36', '片区父级已审批金额-食饮': '1756692.08', '食饮-年度开单金额（万）': '7.55058', '事业群下派战区总任务金额': '924778937.84', '总金额转换（以万为单位）': '678.48', '总额的待分配任务（金额）': '10952106.62', '客户经理已分配金额-食饮部': '239549.2', '行业线已分配金额-工业健康': '7984962.48', '行业线已分配金额-楼宇办公': '23954888.32', '行业线父级已审批金额-食饮': '1756692.08', '截止当天累计目标阈值（万）': '622.598375', '片区下派客户经理总任务金额': '10762476.57', '客户经理已分配金额-工业健康': '558946.96', '客户经理已分配金额-楼宇办公': '5988722.08', '楼宇办公-年度开单金额（万）': '184.260982', '片区父级已审批金额-工业健康': '6228271.28', '片区父级已审批金额-楼宇办公': '67872182.4', '客户经理父级已审批金额-食饮部': '239549.2', '行业线父级已审批金额-工业健康': '6228271.28', '行业线父级已审批金额-楼宇办公': '67872182.4', '年度开单金额转换（以万为单位）': '195.251485', '客户经理父级已审批金额-工业健康': '558946.96', '客户经理父级已审批金额-楼宇办公': '5988722.08'}",2026-08-21 17:02:20.979544,2026-08-21 17:02:20.979544,2026-08-21 17:02:20.979544
65,recvkB7JbqnNBS,"{'2601': '1189981.11', '2602': '1099383.12', '2603': '851030.81', '2604': '972212.94', '公式': '0.000000277777777777777', '战区': '朔岑战区', '片区': '苍云片区', '状态': '待确认', '编号': '75', 'SourceID': 'NzY0MTE0MDA0MTE0MTU4NzEzODpyZWN2ZEp5UlJCYldIRjo1MGU0MzlhYzUwYWM5MGZlOWI5NzFiZTdmM2MyY2FiNTox', '事业群': '商用事业群', '创建人': '谢亦舟', '当前年': '2026', '当前月': '8', '食饮部': '158315.52', '客户经理': '柏屿青', '层级级别': '客户经理', '工业健康': '395788.8', '当前日期': '21', '楼宇办公': '2295576.8', '父级引用': '22', '经营主体': '星澜集团总部', '1季度比例': '25%', '2季度比例': '25%', '3季度比例': '25%', '4季度比例': '25%', '任务维护人': '岑屿青', '年度开单金额': '938047.368525', '总任务承接人': '柏屿青', '总任务达成率': '0.214774234423', '本月开单金额': '25474.24', '食饮部（万）': '15.84', '链接字段(勿删)': '商用事业群;朔岑战区;苍云片区;柏屿青', '剩余分配百分比': '0', '工业健康（万）': '39.6', '当前月最后一天': '31', '总任务（金额）': '4367597.31', '战区总任务金额': '624381461.42', '楼宇办公（万）': '229.68', '本月当前目标阈值': '245806.451613', '本月总目标（万）': '23.76', '食饮部待分配任务': '189631.32', '健康-年度开单金额': '0', '食饮-年度开单金额': '63839.6', '工业健康待分配任务': '544536.63', '当前月份任务达成率': '0.069990628326', '本月开单金额（万）': '2.547457', '楼宇办公待分配任务': '3657681.28', '战区已分配金额-食饮': '91031480.32', '父级已审批金额-食饮': '91031480.32', '事业群剩余未分配金额': '-676181295.59', '截止当天累计目标阈值': '2614041.236602', '本月当前目标阈值 (万)': '24.580645', '楼宇办公-年度开单金额': '874207.387234', '片区已分配金额-食饮部': '5145257.92', '行业线已分配金额-食饮': '83115699.04', '战区下派片区总任务金额': '22006812.73', '截止当前目标阈值达成率': '0.358849491504', '健康-年度开单金额（万）': '0', '年度阈值/开单差额（万）': '-167.599387', '战区已分配金额-工业健康': '31663123.36', '战区已分配金额-楼宇办公': '237473426.96', '月度阈值/开单差额（万）': '-22.033221', '父级已审批金额-工业健康': '31663123.36', '父级已审批金额-楼宇办公': '237473426.96', '片区已分配金额-工业健康': '6570098.48', '片区已分配金额-楼宇办公': '43220163.36', '片区父级已审批金额-食饮': '2058102.64', '食饮-年度开单金额（万）': '6.383998', '事业群下派战区总任务金额': '718659499.94', '总金额转换（以万为单位）': '285.12', '总额的待分配任务（金额）': '3576072.35', '客户经理已分配金额-食饮部': '395788.8', '行业线已分配金额-工业健康': '7915781.28', '行业线已分配金额-楼宇办公': '23747342.96', '行业线父级已审批金额-食饮': '2058102.64', '截止当天累计目标阈值（万）': '261.404124', '片区下派客户经理总任务金额': '7797449.48', '客户经理已分配金额-工业健康': '791578.48', '客户经理已分配金额-楼宇办公': '5224415.68', '楼宇办公-年度开单金额（万）': '87.420739', '片区父级已审批金额-工业健康': '5382731.2', '片区父级已审批金额-楼宇办公': '47494685.04', '客户经理父级已审批金额-食饮部': '395788.8', '行业线父级已审批金额-工业健康': '5382731.2', '行业线父级已审批金额-楼宇办公': '47494685.04', '年度开单金额转换（以万为单位）': '93.804737', '客户经理父级已审批金额-工业健康': '791578.48', '客户经理父级已审批金额-楼宇办公': '5224415.68'}",2026-08-21 17:02:20.979544,2026-08-21 17:02:20.979544,2026-08-21 17:02:20.979544
66,recvkB7JbqJ8Ll,"{'2601': '1320104.04', '2602': '1875590.61', '2603': '858605.09', '2604': '1134493.54', '公式': '0.000000222222222222222', '战区': '朔岑战区', '片区': '苍云片区', '状态': '待确认', '编号': '76', 'SourceID': 'NzY0MTE0MDA0MTE0MTU4NzEzODpyZWN2ZEp5UlJCdWNpbTo3M2Q0MDY3MTk2M2Q1NWE1YTkzNzUyZmJlZTM3Njk1Njox', '事业群': '商用事业群', '创建人': '谢亦舟', '当前年': '2026', '当前月': '8', '食饮部': '239692.64', '客户经理': '岑屿青', '层级级别': '客户经理', '工业健康': '399487.44', '当前日期': '21', '楼宇办公': '2956205.12', '父级引用': '23', '经营主体': '星澜集团总部', '1季度比例': '25%', '2季度比例': '25%', '3季度比例': '25%', '4季度比例': '25%', '任务维护人': '岑屿青', '年度开单金额': '1380395.71654', '总任务承接人': '岑屿青', '总任务达成率': '0.301799833084', '本月开单金额': '45096.48', '食饮部（万）': '23.76', '链接字段(勿删)': '商用事业群;朔岑战区;苍云片区;岑屿青', '剩余分配百分比': '0', '工业健康（万）': '39.6', '当前月最后一天': '31', '总任务（金额）': '4573878.33', '战区总任务金额': '689906268.14', '楼宇办公（万）': '295.68', '本月当前目标阈值': '307258.064516', '本月总目标（万）': '29.961536', '食饮部待分配任务': '268674.85', '健康-年度开单金额': '0', '食饮-年度开单金额': '210654.973504', '工业健康待分配任务': '619710.47', '当前月份任务达成率': '0.11831485688', '本月开单金额（万）': '4.509651', '楼宇办公待分配任务': '4175298.99', '战区已分配金额-食饮': '91882043.44', '父级已审批金额-食饮': '91882043.44', '事业群剩余未分配金额': '-682499276.35', '截止当天累计目标阈值': '3298082.304', '本月当前目标阈值 (万)': '30.725806', '楼宇办公-年度开单金额': '1169740.743037', '片区已分配金额-食饮部': '5193333.2', '行业线已分配金额-食饮': '83892300.8', '战区下派片区总任务金额': '14693144.35', '截止当前目标阈值达成率': '0.41854495713', '健康-年度开单金额（万）': '0', '年度阈值/开单差额（万）': '-191.768659', '战区已分配金额-工业健康': '31958971.44', '战区已分配金额-楼宇办公': '239692288', '月度阈值/开单差额（万）': '-26.216158', '父级已审批金额-工业健康': '31958971.44', '父级已审批金额-楼宇办公': '239692288', '片区已分配金额-工业健康': '6631486.4', '片区已分配金额-楼宇办公': '43623996.24', '片区父级已审批金额-食饮': '2077333.28', '食饮-年度开单金额（万）': '21.065497', '事业群下派战区总任务金额': '889533430.48', '总金额转换（以万为单位）': '359.92', '总额的待分配任务（金额）': '5272595.5', '客户经理已分配金额-食饮部': '399487.44', '行业线已分配金额-工业健康': '7989742.64', '行业线已分配金额-楼宇办公': '23969228.8', '行业线父级已审批金额-食饮': '2077333.28', '截止当天累计目标阈值（万）': '329.80823', '片区下派客户经理总任务金额': '11313988.04', '客户经理已分配金额-工业健康': '798974', '客户经理已分配金额-楼宇办公': '5273230.16', '楼宇办公-年度开单金额（万）': '116.974074', '片区父级已审批金额-工业健康': '5433024.96', '片区父级已审批金额-楼宇办公': '47938457.6', '客户经理父级已审批金额-食饮部': '399487.44', '行业线父级已审批金额-工业健康': '5433024.96', '行业线父级已审批金额-楼宇办公': '47938457.6', '年度开单金额转换（以万为单位）': '138.039572', '客户经理父级已审批金额-工业健康': '798974', '客户经理父级已审批金额-楼宇办公': '5273230.16'}",2026-08-21 17:02:20.979544,2026-08-21 17:02:20.979544,2026-08-21 17:02:20.979544
67,recvkB7JbqyjVX,"{'2601': '1542840.45', '2602': '1948837.86', '2603': '1866463.12', '2604': '1493469.2', '公式': '0.000000196078431372549', '战区': '朔岑战区', '片区': '雾川片区', '状态': '待确认', '编号': '77', 'SourceID': 'NzY0MTE0MDA0MTE0MTU4NzEzODpyZWN2ZEp5UlJCTWV0ZjpmNDc0ZjRlM2M1NmEzZmI3ZjVmOTI5NGJlYmQ5MmE5ZDox', '事业群': '商用事业群', '创建人': '谢亦舟', '当前年': '2026', '当前月': '8', '食饮部': '744717.6', '客户经理': '沈南珩', '层级级别': '客户经理', '工业健康': '1023986.48', '当前日期': '21', '楼宇办公': '2978869.52', '父级引用': '24', '经营主体': '星澜集团总部', '1季度比例': '25%', '2季度比例': '25%', '3季度比例': '25%', '4季度比例': '25%', '任务维护人': '沈南珩', '年度开单金额': '174521.6', '总任务承接人': '沈南珩', '总任务达成率': '0.026603265502', '本月开单金额': '-3461.04', '食饮部（万）': '74.8', '链接字段(勿删)': '商用事业群;朔岑战区;雾川片区;沈南珩', '剩余分配百分比': '0', '工业健康（万）': '102.08', '当前月最后一天': '31', '总任务（金额）': '6560157.06', '战区总任务金额': '903634847.54', '楼宇办公（万）': '298.32', '本月当前目标阈值': '348225.806452', '本月总目标（万）': '39.563106', '食饮部待分配任务': '1179671.25', '健康-年度开单金额': '0', '食饮-年度开单金额': '14922.16', '工业健康待分配任务': '1543907.25', '当前月份任务达成率': '-0.006331019154', '本月开单金额（万）': '-0.346108', '楼宇办公待分配任务': '5050885.25', '战区已分配金额-食饮': '107053110.56', '父级已审批金额-食饮': '107053110.56', '事业群剩余未分配金额': '-787800876.77', '截止当天累计目标阈值': '4354996.345644', '本月当前目标阈值 (万)': '34.822581', '楼宇办公-年度开单金额': '159599.44', '片区已分配金额-食饮部': '6050828.08', '行业线已分配金额-食饮': '97744144.08', '战区下派片区总任务金额': '20757056.53', '截止当前目标阈值达成率': '0.040073879781', '健康-年度开单金额（万）': '0', '年度阈值/开单差额（万）': '-418.047475', '战区已分配金额-工业健康': '37235864.16', '战区已分配金额-楼宇办公': '279268983.84', '月度阈值/开单差额（万）': '-35.168685', '父级已审批金额-工业健康': '37235864.16', '父级已审批金额-楼宇办公': '279268983.84', '片区已分配金额-工业健康': '7726442.24', '片区已分配金额-楼宇办公': '50826954.64', '片区父级已审批金额-食饮': '2420330.88', '食饮-年度开单金额（万）': '1.492227', '事业群下派战区总任务金额': '831046465.92', '总金额转换（以万为单位）': '474.32', '总额的待分配任务（金额）': '7346811.57', '客户经理已分配金额-食饮部': '1117075.52', '行业线已分配金额-工业健康': '9308966.48', '行业线已分配金额-楼宇办公': '27926898.56', '行业线父级已审批金额-食饮': '2420330.88', '截止当天累计目标阈值（万）': '435.499634', '片区下派客户经理总任务金额': '18184900.13', '客户经理已分配金额-工业健康': '1396345.28', '客户经理已分配金额-楼宇办公': '10146773.12', '楼宇办公-年度开单金额（万）': '15.959943', '片区父级已审批金额-工业健康': '6330096.96', '片区父级已审批金额-楼宇办公': '55853797.12', '客户经理父级已审批金额-食饮部': '1117075.52', '行业线父级已审批金额-工业健康': '6330096.96', '行业线父级已审批金额-楼宇办公': '55853797.12', '年度开单金额转换（以万为单位）': '17.452171', '客户经理父级已审批金额-工业健康': '1396345.28', '客户经理父级已审批金额-楼宇办公': '10146773.12'}",2026-08-21 17:02:20.979544,2026-08-21 17:02:20.979544,2026-08-21 17:02:20.979544
68,recvkB7JbqG5ew,"{'2601': '1392031.76', '2602': '1829261.01', '2603': '1728341.73', '2604': '1632261.15', '公式': '0.000000222222222222222', '战区': '朔岑战区', '片区': '雾川片区', '状态': '待确认', '编号': '78', 'SourceID': 'NzY0MTE0MDA0MTE0MTU4NzEzODpyZWN2ZEp5UlJCQjY5OTpiZWIxNTYxZmY0ZTcwNWU2MTEwMWJkM2VhMTE4OWUwOTox', '事业群': '商用事业群', '创建人': '谢亦舟', '当前年': '2026', '当前月': '8', '食饮部': '202697.44', '客户经理': '黎怀川', '层级级别': '客户经理', '工业健康': '202697.44', '当前日期': '21', '楼宇办公': '4155289.6', '父级引用': '26', '经营主体': '星澜集团总部', '1季度比例': '25%', '2季度比例': '25%', '3季度比例': '25%', '4季度比例': '25%', '任务维护人': '沈南珩', '年度开单金额': '2551756.797009', '总任务承接人': '黎怀川', '总任务达成率': '0.574706847082', '本月开单金额': '50240.08', '食饮部（万）': '20.24', '链接字段(勿删)': '商用事业群;朔岑战区;雾川片区;黎怀川', '剩余分配百分比': '0', '工业健康（万）': '20.24', '当前月最后一天': '31', '总任务（金额）': '4440101.61', '战区总任务金额': '575808737.89', '楼宇办公（万）': '415.36', '本月当前目标阈值': '307258.064516', '本月总目标（万）': '38.005697', '食饮部待分配任务': '247661.43', '健康-年度开单金额': '164245.84', '食饮-年度开单金额': '298144.88', '工业健康待分配任务': '234562.65', '当前月份任务达成率': '0.135780892636', '本月开单金额（万）': '5.024049', '楼宇办公待分配任务': '6372717.76', '战区已分配金额-食饮': '116550802.72', '父级已审批金额-食饮': '116550802.72', '事业群剩余未分配金额': '-857694135.51', '截止当天累计目标阈值': '4183561.070684', '本月当前目标阈值 (万)': '30.725806', '楼宇办公-年度开单金额': '2089366.316054', '片区已分配金额-食饮部': '6587654.48', '行业线已分配金额-食饮': '106415950.96', '战区下派片区总任务金额': '15014051.76', '截止当前目标阈值达成率': '0.609948499351', '健康-年度开单金额（万）': '16.424542', '年度阈值/开单差额（万）': '-163.180427', '战区已分配金额-工业健康': '40539409.68', '战区已分配金额-楼宇办公': '304045573.04', '月度阈值/开单差额（万）': '-25.701798', '父级已审批金额-工业健康': '40539409.68', '父级已审批金额-楼宇办公': '304045573.04', '片区已分配金额-工业健康': '8411927.92', '片区已分配金额-楼宇办公': '55336294.64', '片区父级已审批金额-食饮': '2635061.44', '食饮-年度开单金额（万）': '29.814506', '事业群下派战区总任务金额': '751317076.23', '总金额转换（以万为单位）': '455.84', '总额的待分配任务（金额）': '5135772.05', '客户经理已分配金额-食饮部': '1216182', '行业线已分配金额-工业健康': '10134852.64', '行业线已分配金额-楼宇办公': '30404557.04', '行业线父级已审批金额-食饮': '2635061.44', '截止当天累计目标阈值（万）': '418.356108', '片区下派客户经理总任务金额': '19210266.38', '客户经理已分配金额-工业健康': '1520228.16', '客户经理已分配金额-楼宇办公': '11046989.36', '楼宇办公-年度开单金额（万）': '208.936631', '片区父级已审批金额-工业健康': '6891699.76', '片区父级已审批金额-楼宇办公': '60809114.96', '客户经理父级已审批金额-食饮部': '1216182', '行业线父级已审批金额-工业健康': '6891699.76', '行业线父级已审批金额-楼宇办公': '60809114.96', '年度开单金额转换（以万为单位）': '255.175679', '客户经理父级已审批金额-工业健康': '1520228.16', '客户经理父级已审批金额-楼宇办公': '11046989.36'}",2026-08-21 17:02:20.979544,2026-08-21 17:02:20.979544,2026-08-21 17:02:20.979544
69,recvkB7JbqRqiU,"{'2601': '885351.29', '2602': '1118049.58', '2603': '1763649', '2604': '1538168.12', '公式': '0.00000025', '战区': '朔岑战区', '片区': '雾川片区', '状态': '待确认', '编号': '79', 'SourceID': 'NzY0MTE0MDA0MTE0MTU4NzEzODpyZWN2ZEp5UlJCeUw2Njo0YjI1YTJkOGEyMTg5MmY1NWJmZWE4ZTQzZGU1YmJjNjox', '事业群': '商用事业群', '创建人': '谢亦舟', '当前年': '2026', '当前月': '8', '食饮部': '183802.96', '客户经理': '施屿青', '层级级别': '客户经理', '工业健康': '183802.96', '当前日期': '21', '楼宇办公': '3308450.64', '父级引用': '24', '经营主体': '星澜集团总部', '1季度比例': '25%', '2季度比例': '25%', '3季度比例': '25%', '4季度比例': '25%', '任务维护人': '沈南珩', '年度开单金额': '970949.724404', '总任务承接人': '施屿青', '总任务达成率': '0.185483177205', '本月开单金额': '227997.942288', '食饮部（万）': '18.48', '链接字段(勿删)': '商用事业群;朔岑战区;雾川片区;施屿青', '剩余分配百分比': '0', '工业健康（万）': '18.48', '当前月最后一天': '31', '总任务（金额）': '5234705.05', '战区总任务金额': '825445729.09', '楼宇办公（万）': '330.88', '本月当前目标阈值': '273118.27957', '本月总目标（万）': '30.633805', '食饮部待分配任务': '246123.46', '健康-年度开单金额': '0', '食饮-年度开单金额': '12277.76', '工业健康待分配任务': '238258.35', '当前月份任务达成率': '0.522660834053', '本月开单金额（万）': '22.799794', '楼宇办公待分配任务': '3455791.92', '战区已分配金额-食饮': '105686626.32', '父级已审批金额-食饮': '105686626.32', '事业群剩余未分配金额': '-777744957.08', '截止当天累计目标阈值': '3372083.763506', '本月当前目标阈值 (万)': '27.311828', '楼宇办公-年度开单金额': '958671.695494', '片区已分配金额-食饮部': '5973592.24', '行业线已分配金额-食饮': '96496484.48', '战区下派片区总任务金额': '20881897.53', '截止当前目标阈值达成率': '0.287937605498', '健康-年度开单金额（万）': '0', '年度阈值/开单差额（万）': '-240.113404', '战区已分配金额-工业健康': '36760565.6', '战区已分配金额-楼宇办公': '275704242', '月度阈值/开单差额（万）': '-4.512034', '父级已审批金额-工业健康': '36760565.6', '父级已审批金额-楼宇办公': '275704242', '片区已分配金额-工业健康': '7627817.12', '片区已分配金额-楼宇办公': '50178172', '片区父级已审批金额-食饮': '2389436.72', '食饮-年度开单金额（万）': '1.227803', '事业群下派战区总任务金额': '680458065.04', '总金额转换（以万为单位）': '367.84', '总额的待分配任务（金额）': '5329398.79', '客户经理已分配金额-食饮部': '1102816.88', '行业线已分配金额-工业健康': '9190140.96', '行业线已分配金额-楼宇办公': '27570423.76', '行业线父级已审批金额-食饮': '2389436.72', '截止当天累计目标阈值（万）': '337.208377', '片区下派客户经理总任务金额': '14757543.51', '客户经理已分配金额-工业健康': '1378520.88', '客户经理已分配金额-楼宇办公': '10017253.84', '楼宇办公-年度开单金额（万）': '95.867169', '片区父级已审批金额-工业健康': '6249296.24', '片区父级已审批金额-楼宇办公': '55140848.4', '客户经理父级已审批金额-食饮部': '1102816.88', '行业线父级已审批金额-工业健康': '6249296.24', '行业线父级已审批金额-楼宇办公': '55140848.4', '年度开单金额转换（以万为单位）': '97.094972', '客户经理父级已审批金额-工业健康': '1378520.88', '客户经理父级已审批金额-楼宇办公': '10017253.84'}",2026-08-21 17:02:20.979544,2026-08-21 17:02:20.979544,2026-08-21 17:02:20.979544
70,recvkB7JbqIafP,"{'2601': '1605321.91', '2602': '1149216.65', '2603': '1471343.26', '2604': '2245713.06', '公式': '0.0000002', '战区': '朔岑战区', '片区': '锦川片区', '状态': '待确认', '编号': '81', 'SourceID': 'NzY0MTE0MDA0MTE0MTU4NzEzODpyZWN2ZEp5UlJCc09jaDo0MTc4MjI5MzExZDQ3MzUwOTQzMjg3OWE1OTUxNDRhNjox', '事业群': '商用事业群', '创建人': '谢亦舟', '当前年': '2026', '当前月': '8', '食饮部': '179370.4', '客户经理': '许南珩', '层级级别': '客户经理', '工业健康': '717480.72', '当前日期': '21', '楼宇办公': '3587403.6', '父级引用': '19', '经营主体': '星澜集团总部', '1季度比例': '25%', '2季度比例': '25%', '3季度比例': '25%', '4季度比例': '25%', '任务维护人': '严怀川', '年度开单金额': '1877679.611331', '总任务承接人': '许南珩', '总任务达成率': '0.270355085641', '本月开单金额': '234548.16', '食饮部（万）': '17.6', '链接字段(勿删)': '商用事业群;朔岑战区;锦川片区;许南珩', '剩余分配百分比': '0', '工业健康（万）': '72.16', '当前月最后一天': '31', '总任务（金额）': '6945235.03', '战区总任务金额': '810460775.57', '楼宇办公（万）': '359.04', '本月当前目标阈值': '341397.849462', '本月总目标（万）': '37.368789', '食饮部待分配任务': '273439.89', '健康-年度开单金额': '27590.534103', '食饮-年度开单金额': '55588.72', '工业健康待分配任务': '1164235.67', '当前月份任务达成率': '0.405253084718', '本月开单金额（万）': '23.454805', '楼宇办公待分配任务': '4833415.53', '战区已分配金额-食饮': '103137858.56', '父级已审批金额-食饮': '103137858.56', '事业群剩余未分配金额': '-753940803.52', '截止当天累计目标阈值': '4113452.08811', '本月当前目标阈值 (万)': '34.139785', '楼宇办公-年度开单金额': '1794500.462017', '片区已分配金额-食饮部': '5829530.96', '行业线已分配金额-食饮': '94169349.12', '战区下派片区总任务金额': '21431406.21', '截止当前目标阈值达成率': '0.456472950483', '健康-年度开单金额（万）': '2.759053', '年度阈值/开单差额（万）': '-223.577248', '战区已分配金额-工业健康': '35874037.76', '战区已分配金额-楼宇办公': '269055283.2', '月度阈值/开单差额（万）': '-10.684969', '父级已审批金额-工业健康': '35874037.76', '父级已审批金额-楼宇办公': '269055283.2', '片区已分配金额-工业健康': '7443862.8', '片区已分配金额-楼宇办公': '48968061.12', '片区父级已审批金额-食饮': '2331812.56', '食饮-年度开单金额（万）': '5.558861', '事业群下派战区总任务金额': '917787820.25', '总金额转换（以万为单位）': '448.8', '总额的待分配任务（金额）': '6928886.32', '客户经理已分配金额-食饮部': '2331812.56', '行业线已分配金额-工业健康': '8968509.44', '行业线已分配金额-楼宇办公': '26905528.32', '行业线父级已审批金额-食饮': '2331812.56', '截止当天累计目标阈值（万）': '411.345209', '片区下派客户经理总任务金额': '22160876.43', '客户经理已分配金额-工业健康': '1793702.24', '客户经理已分配金额-楼宇办公': '11569377.6', '楼宇办公-年度开单金额（万）': '179.450046', '片区父级已审批金额-工业健康': '6098586.56', '片区父级已审批金额-楼宇办公': '53811056.64', '客户经理父级已审批金额-食饮部': '2331812.56', '行业线父级已审批金额-工业健康': '6098586.56', '行业线父级已审批金额-楼宇办公': '53811056.64', '年度开单金额转换（以万为单位）': '187.767961', '客户经理父级已审批金额-工业健康': '1793702.24', '客户经理父级已审批金额-楼宇办公': '11569377.6'}",2026-08-21 17:02:20.979544,2026-08-21 17:02:20.979544,2026-08-21 17:02:20.979544
71,recvkB7Jbq5hjk,"{'2601': '1570899.83', '2602': '2003644.71', '2603': '1692642.03', '2604': '1018172.97', '公式': '0.000000222222222222222', '战区': '朔岑战区', '片区': '锦川片区', '状态': '待确认', '编号': '82', 'SourceID': 'NzY0MTE0MDA0MTE0MTU4NzEzODpyZWN2ZEp5UlJCWXV4Njo1ZTIzZDRlZDI5NDI3MjYyZWUwMTdhOTJhMWUwOTU5MTox', '事业群': '商用事业群', '创建人': '谢亦舟', '当前年': '2026', '当前月': '8', '食饮部': '193564.8', '客户经理': '池朔风', '层级级别': '客户经理', '工业健康': '677476.8', '当前日期': '21', '楼宇办公': '3484168.16', '父级引用': '21', '经营主体': '星澜集团总部', '1季度比例': '25%', '2季度比例': '25%', '3季度比例': '25%', '4季度比例': '25%', '任务维护人': '严怀川', '年度开单金额': '1782250.890618', '总任务承接人': '池朔风', '总任务达成率': '0.286308039383', '本月开单金额': '473037.84', '食饮部（万）': '19.36', '链接字段(勿删)': '商用事业群;朔岑战区;锦川片区;池朔风', '剩余分配百分比': '0', '工业健康（万）': '67.76', '当前月最后一天': '31', '总任务（金额）': '6224941.83', '战区总任务金额': '862818547.41', '楼宇办公（万）': '348.48', '本月当前目标阈值': '307258.064516', '本月总目标（万）': '36.293415', '食饮部待分配任务': '316400.18', '健康-年度开单金额': '113345.350219', '食饮-年度开单金额': '84426.709022', '工业健康待分配任务': '683520.35', '当前月份任务达成率': '0.911888694709', '本月开单金额（万）': '47.303772', '楼宇办公待分配任务': '3582459.18', '战区已分配金额-食饮': '111299804.88', '父级已审批金额-食饮': '111299804.88', '事业群剩余未分配金额': '-813604873.93', '截止当天累计目标阈值': '3995077.844602', '本月当前目标阈值 (万)': '30.725806', '楼宇办公-年度开单金额': '1584478.831377', '片区已分配金额-食饮部': '6290858.64', '行业线已分配金额-食饮': '101621561.36', '战区下派片区总任务金额': '22688402.68', '截止当前目标阈值达成率': '0.446111680408', '健康-年度开单金额（万）': '11.334535', '年度阈值/开单差额（万）': '-221.282695', '战区已分配金额-工业健康': '38712975.84', '战区已分配金额-楼宇办公': '290347317.04', '月度阈值/开单差额（万）': '16.577978', '父级已审批金额-工业健康': '38712975.84', '父级已审批金额-楼宇办公': '290347317.04', '片区已分配金额-工业健康': '8032942.72', '片区已分配金额-楼宇办公': '52843211.52', '片区父级已审批金额-食饮': '2516343.28', '食饮-年度开单金额（万）': '8.442671', '事业群下派战区总任务金额': '922146572.01', '总金额转换（以万为单位）': '435.6', '总额的待分配任务（金额）': '6492148.56', '客户经理已分配金额-食饮部': '2516343.28', '行业线已分配金额-工业健康': '9678243.52', '行业线已分配金额-楼宇办公': '29034731.44', '行业线父级已审批金额-食饮': '2516343.28', '截止当天累计目标阈值（万）': '399.507785', '片区下派客户经理总任务金额': '24673551.11', '客户经理已分配金额-工业健康': '1935648.88', '客户经理已分配金额-楼宇办公': '12484934.88', '楼宇办公-年度开单金额（万）': '158.447883', '片区父级已审批金额-工业健康': '6581205.84', '片区父级已审批金额-楼宇办公': '58069463.76', '客户经理父级已审批金额-食饮部': '2516343.28', '行业线父级已审批金额-工业健康': '6581205.84', '行业线父级已审批金额-楼宇办公': '58069463.76', '年度开单金额转换（以万为单位）': '178.225089', '客户经理父级已审批金额-工业健康': '1935648.88', '客户经理父级已审批金额-楼宇办公': '12484934.88'}",2026-08-21 17:02:20.979544,2026-08-21 17:02:20.979544,2026-08-21 17:02:20.979544
72,recvkB7JbqZfhn,"{'2601': '629739.66', '2602': '1149242.05', '2603': '1312887.9', '2604': '1294194.77', '公式': '0.000000333333333333333', '战区': '朔岑战区', '片区': '锦川片区', '状态': '待确认', '编号': '83', 'SourceID': 'NzY0MTE0MDA0MTE0MTU4NzEzODpyZWN2ZEp5UlJCR0JXWDpiYWU0ZGJkMjUxNmU5MjVhNzU4YmI3NTljNDgzZjU5ZTox', '事业群': '商用事业群', '创建人': '谢亦舟', '当前年': '2026', '当前月': '8', '食饮部': '101305.6', '客户经理': '韩南珩', '层级级别': '客户经理', '工业健康': '303915.92', '当前日期': '21', '楼宇办公': '2633941.2', '父级引用': '22', '经营主体': '星澜集团总部', '1季度比例': '25%', '2季度比例': '25%', '3季度比例': '25%', '4季度比例': '25%', '任务维护人': '严怀川', '年度开单金额': '918930.053591', '总任务承接人': '韩南珩', '总任务达成率': '0.279674753614', '本月开单金额': '10439.44', '食饮部（万）': '10.56', '链接字段(勿删)': '商用事业群;朔岑战区;锦川片区;韩南珩', '剩余分配百分比': '0', '工业健康（万）': '30.8', '当前月最后一天': '31', '总任务（金额）': '3285709.71', '战区总任务金额': '555529851.6', '楼宇办公（万）': '263.12', '本月当前目标阈值': '204838.709677', '本月总目标（万）': '25.52', '食饮部待分配任务': '107541.06', '健康-年度开单金额': '0', '食饮-年度开单金额': '5183.2', '工业健康待分配任务': '325649.59', '当前月份任务达成率': '0.03812670353', '本月开单金额（万）': '1.043953', '楼宇办公待分配任务': '3048085.09', '战区已分配金额-食饮': '116501237.6', '父级已审批金额-食饮': '116501237.6', '事业群剩余未分配金额': '-851627500.45', '截止当天累计目标阈值': '2787854.619616', '本月当前目标阈值 (万)': '20.483871', '楼宇办公-年度开单金额': '913747.2681', '片区已分配金额-食饮部': '6584852.56', '行业线已分配金额-食饮': '106370695.2', '战区下派片区总任务金额': '25201632.35', '截止当前目标阈值达成率': '0.32961907236', '健康-年度开单金额（万）': '0', '年度阈值/开单差额（万）': '-186.892457', '战区已分配金额-工业健康': '40522169.6', '战区已分配金额-楼宇办公': '303916272', '月度阈值/开单差额（万）': '-19.439927', '父级已审批金额-工业健康': '40522169.6', '父级已审批金额-楼宇办公': '303916272', '片区已分配金额-工业健康': '8408349.84', '片区已分配金额-楼宇办公': '55312761.68', '片区父级已审批金额-食饮': '2633941.2', '食饮-年度开单金额（万）': '0.518279', '事业群下派战区总任务金额': '611232512.61', '总金额转换（以万为单位）': '303.6', '总额的待分配任务（金额）': '3323482.05', '客户经理已分配金额-食饮部': '2633941.2', '行业线已分配金额-工业健康': '10130542.4', '行业线已分配金额-楼宇办公': '30391627.2', '行业线父级已审批金额-食饮': '2633941.2', '截止当天累计目标阈值（万）': '278.785462', '片区下派客户经理总任务金额': '24287079.95', '客户经理已分配金额-工业健康': '2026108.48', '客户经理已分配金额-楼宇办公': '13068399.52', '楼宇办公-年度开单金额（万）': '91.374727', '片区父级已审批金额-工业健康': '6888768.48', '片区父级已审批金额-楼宇办公': '60783254.4', '客户经理父级已审批金额-食饮部': '2633941.2', '行业线父级已审批金额-工业健康': '6888768.48', '行业线父级已审批金额-楼宇办公': '60783254.4', '年度开单金额转换（以万为单位）': '91.893006', '客户经理父级已审批金额-工业健康': '2026108.48', '客户经理父级已审批金额-楼宇办公': '13068399.52'}",2026-08-21 17:02:20.979544,2026-08-21 17:02:20.979544,2026-08-21 17:02:20.979544
73,recvkB7JbqkkC0,"{'2601': '1174255.97', '2602': '608490.02', '2603': '1148289.55', '2604': '741184.7', '公式': '0.000000384615384615384', '战区': '朔岑战区', '片区': '锦川片区', '状态': '待确认', '编号': '84', 'SourceID': 'NzY0MTE0MDA0MTE0MTU4NzEzODpyZWN2ZEp5UlJCOHh5bTo1OGYzNmZmMTQ1MmJmMmUzYjU4ZWVkZmIxZmY2ZDlkNzox', '事业群': '商用事业群', '创建人': '谢亦舟', '当前年': '2026', '当前月': '8', '食饮部': '1957331.2', '客户经理': '邵朔风', '层级级别': '客户经理', '工业健康': '0', '当前日期': '21', '楼宇办公': '587199.36', '父级引用': '21', '经营主体': '星澜集团总部', '1季度比例': '25%', '2季度比例': '25%', '3季度比例': '25%', '4季度比例': '25%', '任务维护人': '严怀川', '年度开单金额': '24055.68', '总任务承接人': '邵朔风', '总任务达成率': '0.009377922173', '本月开单金额': '0', '食饮部（万）': '195.36', '链接字段(勿删)': '商用事业群;朔岑战区;锦川片区;邵朔风', '剩余分配百分比': '0', '工业健康（万）': '0', '当前月最后一天': '31', '总任务（金额）': '2565139.65', '战区总任务金额': '537364555.19', '楼宇办公（万）': '58.96', '本月当前目标阈值': '177526.88172', '本月总目标（万）': '21.204421', '食饮部待分配任务': '3059463.02', '健康-年度开单金额': '0', '食饮-年度开单金额': '23491.6', '工业健康待分配任务': '0', '当前月份任务达成率': '0', '本月开单金额（万）': '0', '楼宇办公待分配任务': '781490.69', '战区已分配金额-食饮': '112546544', '父级已审批金额-食饮': '112546544', '事业群剩余未分配金额': '-822718573', '截止当天累计目标阈值': '2334123.549808', '本月当前目标阈值 (万)': '17.752688', '楼宇办公-年度开单金额': '564.08', '片区已分配金额-食饮部': '6361326.4', '行业线已分配金额-食饮': '102759888', '战区下派片区总任务金额': '17571237.4', '截止当前目标阈值达成率': '0.01030608684', '健康-年度开单金额（万）': '0', '年度阈值/开单差额（万）': '-231.006787', '战区已分配金额-工业健康': '39146624', '战区已分配金额-楼宇办公': '293599680', '月度阈值/开单差额（万）': '-17.752688', '父级已审批金额-工业健康': '39146624', '父级已审批金额-楼宇办公': '293599680', '片区已分配金额-工业健康': '8122924.48', '片区已分配金额-楼宇办公': '53435141.76', '片区父级已审批金额-食饮': '2544530.56', '食饮-年度开单金额（万）': '2.349189', '事业群下派战区总任务金额': '898167246.08', '总金额转换（以万为单位）': '254.32', '总额的待分配任务（金额）': '3401207.32', '客户经理已分配金额-食饮部': '2544530.56', '行业线已分配金额-工业健康': '9786656', '行业线已分配金额-楼宇办公': '29359968', '行业线父级已审批金额-食饮': '2544530.56', '截止当天累计目标阈值（万）': '233.412355', '片区下派客户经理总任务金额': '21314695.75', '客户经理已分配金额-工业健康': '1957331.2', '客户经理已分配金额-楼宇办公': '12624786.24', '楼宇办公-年度开单金额（万）': '0.056371', '片区父级已审批金额-工业健康': '6654926.08', '片区父级已审批金额-楼宇办公': '58719936', '客户经理父级已审批金额-食饮部': '2544530.56', '行业线父级已审批金额-工业健康': '6654926.08', '行业线父级已审批金额-楼宇办公': '58719936', '年度开单金额转换（以万为单位）': '2.40556', '客户经理父级已审批金额-工业健康': '1957331.2', '客户经理父级已审批金额-楼宇办公': '12624786.24'}",2026-08-21 17:02:20.979544,2026-08-21 17:02:20.979544,2026-08-21 17:02:20.979544
74,recvkB7JbqK7CG,"{'2601': '1065315.37', '2602': '817228.49', '2603': '835042.78', '2604': '427134.02', '公式': '0.000000416666666666666', '战区': '朔岑战区', '片区': '锦川片区', '状态': '待确认', '编号': '85', 'SourceID': 'NzY0MTE0MDA0MTE0MTU4NzEzODpyZWN2ZEp5UlJCWlhqajo0YjhiOTczZTcwMGVmMjQyMDRhZjJiYzA5OGJhZjZhMjox', '事业群': '商用事业群', '创建人': '谢亦舟', '当前年': '2026', '当前月': '8', '食饮部': '90792.24', '客户经理': '严怀川', '层级级别': '客户经理', '工业健康': '181584.48', '当前日期': '21', '楼宇办公': '1906641.44', '父级引用': '20', '经营主体': '星澜集团总部', '1季度比例': '25%', '2季度比例': '25%', '3季度比例': '25%', '4季度比例': '25%', '任务维护人': '严怀川', '年度开单金额': '1816964.16', '总任务承接人': '严怀川', '总任务达成率': '0.566305804939', '本月开单金额': '0', '食饮部（万）': '8.8', '链接字段(勿删)': '商用事业群;朔岑战区;锦川片区;严怀川', '剩余分配百分比': '0', '工业健康（万）': '18.48', '当前月最后一天': '31', '总任务（金额）': '3208450.53', '战区总任务金额': '783608590.26', '楼宇办公（万）': '190.96', '本月当前目标阈值': '163870.967742', '本月总目标（万）': '18.48', '食饮部待分配任务': '158556.96', '健康-年度开单金额': '0', '食饮-年度开单金额': '0', '工业健康待分配任务': '214137.24', '当前月份任务达成率': '0', '本月开单金额（万）': '0', '楼宇办公待分配任务': '2602668.15', '战区已分配金额-食饮': '104411329.44', '父级已审批金额-食饮': '104411329.44', '事业群剩余未分配金额': '-763249909.87', '截止当天累计目标阈值': '1998836.145534', '本月当前目标阈值 (万)': '16.387097', '楼宇办公-年度开单金额': '1816964.16', '片区已分配金额-食饮部': '5901509.68', '行业线已分配金额-食饮': '95332082.56', '战区下派片区总任务金额': '23347070.4', '截止当前目标阈值达成率': '0.90901105829', '健康-年度开单金额（万）': '0', '年度阈值/开单差额（万）': '-18.187199', '战区已分配金额-工业健康': '36316984', '战区已分配金额-楼宇办公': '272377380', '月度阈值/开单差额（万）': '-16.387097', '父级已审批金额-工业健康': '36316984', '父级已审批金额-楼宇办公': '272377380', '片区已分配金额-工业健康': '7535774.4', '片区已分配金额-楼宇办公': '49572682.72', '片区父级已审批金额-食饮': '2360603.52', '食饮-年度开单金额（万）': '0', '事业群下派战区总任务金额': '637682151.1', '总金额转换（以万为单位）': '218.24', '总额的待分配任务（金额）': '3605328.07', '客户经理已分配金额-食饮部': '2360603.52', '行业线已分配金额-工业健康': '9079246', '行业线已分配金额-楼宇办公': '27237738', '行业线父级已审批金额-食饮': '2360603.52', '截止当天累计目标阈值（万）': '199.883615', '片区下派客户经理总任务金额': '17359746.84', '客户经理已分配金额-工业健康': '1815849.2', '客户经理已分配金额-楼宇办公': '11712227.12', '楼宇办公-年度开单金额（万）': '181.696413', '片区父级已审批金额-工业健康': '6173887.28', '片区父级已审批金额-楼宇办公': '54475476', '客户经理父级已审批金额-食饮部': '2360603.52', '行业线父级已审批金额-工业健康': '6173887.28', '行业线父级已审批金额-楼宇办公': '54475476', '年度开单金额转换（以万为单位）': '181.696413', '客户经理父级已审批金额-工业健康': '1815849.2', '客户经理父级已审批金额-楼宇办公': '11712227.12'}",2026-08-21 17:02:20.979544,2026-08-21 17:02:20.979544,2026-08-21 17:02:20.979544
75,recvkB7JbqfQjo,"{'2601': '615426.76', '2602': '589066.64', '2603': '911703.79', '2604': '878475.51', '公式': '0.000000416666666666666', '战区': '朔岑战区', '片区': '泠州片区', '状态': '待确认', '编号': '86', 'SourceID': 'NzY0MTE0MDA0MTE0MTU4NzEzODpyZWN2ZEp5UlJCSFN1WTpjOGRlMTAxZDQyYzY2MDE5Mjc0YWQ0MjYzM2QwYTE2MDox', '事业群': '商用事业群', '创建人': '谢亦舟', '当前年': '2026', '当前月': '8', '食饮部': '172920.88', '客户经理': '邵亦舟', '层级级别': '客户经理', '工业健康': '172920.88', '当前日期': '21', '楼宇办公': '1729207.04', '父级引用': '27', '经营主体': '星澜集团总部', '1季度比例': '25%', '2季度比例': '25%', '3季度比例': '25%', '4季度比例': '25%', '任务维护人': '邵亦舟', '年度开单金额': '739487.388826', '总任务承接人': '邵亦舟', '总任务达成率': '0.205953699344', '本月开单金额': '27681.28', '食饮部（万）': '17.6', '链接字段(勿删)': '商用事业群;朔岑战区;泠州片区;邵亦舟', '剩余分配百分比': '0', '工业健康（万）': '17.6', '当前月最后一天': '31', '总任务（金额）': '3590551.62', '战区总任务金额': '915436341.59', '楼宇办公（万）': '173.36', '本月当前目标阈值': '163870.967742', '本月总目标（万）': '17.6', '食饮部待分配任务': '234556.3', '健康-年度开单金额': '0', '食饮-年度开单金额': '66159.040271', '工业健康待分配任务': '219694.76', '当前月份任务达成率': '0.09251374027', '本月开单金额（万）': '2.768115', '楼宇办公待分配任务': '3093163.74', '战区已分配金额-食饮': '99429421.52', '父级已审批金额-食饮': '99429421.52', '事业群剩余未分配金额': '-738561154.32', '截止当天累计目标阈值': '1903463.195616', '本月当前目标阈值 (万)': '16.387097', '楼宇办公-年度开单金额': '673328.348554', '片区已分配金额-食饮部': '5619923.76', '行业线已分配金额-食饮': '90783385.44', '战区下派片区总任务金额': '21534360.03', '截止当前目标阈值达成率': '0.38849576421', '健康-年度开单金额（万）': '0', '年度阈值/开单差额（万）': '-116.397581', '战区已分配金额-工业健康': '34584146.96', '战区已分配金额-楼宇办公': '259381100', '月度阈值/开单差额（万）': '-13.618969', '父级已审批金额-工业健康': '34584146.96', '父级已审批金额-楼宇办公': '259381100', '片区已分配金额-工业健康': '7176210.8', '片区已分配金额-楼宇办公': '47207360.64', '片区父级已审批金额-食饮': '2247969.68', '食饮-年度开单金额（万）': '6.615904', '事业群下派战区总任务金额': '604749599.49', '总金额转换（以万为单位）': '207.68', '总额的待分配任务（金额）': '2791079', '客户经理已分配金额-食饮部': '432301.76', '行业线已分配金额-工业健康': '8646036.96', '行业线已分配金额-楼宇办公': '25938110', '行业线父级已审批金额-食饮': '2247969.68', '截止当天累计目标阈值（万）': '190.34632', '片区下派客户经理总任务金额': '10662756.17', '客户经理已分配金额-工业健康': '691682.64', '客户经理已分配金额-楼宇办公': '5879304.64', '楼宇办公-年度开单金额（万）': '67.332835', '片区父级已审批金额-工业健康': '5879304.64', '片区父级已审批金额-楼宇办公': '51876220', '客户经理父级已审批金额-食饮部': '432301.76', '行业线父级已审批金额-工业健康': '5879304.64', '行业线父级已审批金额-楼宇办公': '51876220', '年度开单金额转换（以万为单位）': '73.948739', '客户经理父级已审批金额-工业健康': '691682.64', '客户经理父级已审批金额-楼宇办公': '5879304.64'}",2026-08-21 17:02:20.979544,2026-08-21 17:02:20.979544,2026-08-21 17:02:20.979544
76,recvkB7JbqyDpa,"{'2601': '1514933.47', '2602': '828548', '2603': '1125669.58', '2604': '1332994.54', '公式': '0.000000285714285714285', '战区': '朔岑战区', '片区': '泠州片区', '状态': '待确认', '编号': '87', 'SourceID': 'NzY0MTE0MDA0MTE0MTU4NzEzODpyZWN2ZEp5UlJCRWptRzo1OTA1MDAxMzFhYTc4ODFkZGM3NGM1YWUzOTk1MTM5ZTox', '事业群': '商用事业群', '创建人': '谢亦舟', '当前年': '2026', '当前月': '8', '食饮部': '190141.6', '客户经理': '江既白', '层级级别': '客户经理', '工业健康': '285211.52', '当前日期': '21', '楼宇办公': '2852117.84', '父级引用': '29', '经营主体': '星澜集团总部', '1季度比例': '25%', '2季度比例': '25%', '3季度比例': '25%', '4季度比例': '25%', '任务维护人': '邵亦舟', '年度开单金额': '580599.950044', '总任务承接人': '江既白', '总任务达成率': '0.164716656486', '本月开单金额': '-37558.4767', '食饮部（万）': '19.36', '链接字段(勿删)': '商用事业群;朔岑战区;泠州片区;江既白', '剩余分配百分比': '0', '工业健康（万）': '28.16', '当前月最后一天': '31', '总任务（金额）': '3524840.55', '战区总任务金额': '909173505.5', '楼宇办公（万）': '285.12', '本月当前目标阈值': '238978.494624', '本月总目标（万）': '27.728925', '食饮部待分配任务': '259149.85', '健康-年度开单金额': '35123.44', '食饮-年度开单金额': '151656.56', '工业健康待分配任务': '299971.46', '当前月份任务达成率': '-0.12786442791', '本月开单金额（万）': '-3.755848', '楼宇办公待分配任务': '4053085.62', '战区已分配金额-食饮': '109331188.56', '父级已审批金额-食饮': '109331188.56', '事业群剩余未分配金额': '-812111421.24', '截止当天累计目标阈值': '3052322.676384', '本月当前目标阈值 (万)': '23.897849', '楼宇办公-年度开单金额': '393819.36', '片区已分配金额-食饮部': '6179588.8', '行业线已分配金额-食饮': '99824128.8', '战区下派片区总任务金额': '25069050.7', '截止当前目标阈值达成率': '0.190215783716', '健康-年度开单金额（万）': '3.512384', '年度阈值/开单差额（万）': '-247.172273', '战区已分配金额-工业健康': '38028239.92', '战区已分配金额-楼宇办公': '285211796.32', '月度阈值/开单差额（万）': '-27.653697', '父级已审批金额-工业健康': '38028239.92', '父级已审批金额-楼宇办公': '285211796.32', '片区已分配金额-工业健康': '7890859.68', '片区已分配金额-楼宇办公': '51908546.8', '片区父级已审批金额-食饮': '2471835.52', '食饮-年度开单金额（万）': '15.165662', '事业群下派战区总任务金额': '886695256.07', '总金额转换（以万为单位）': '332.64', '总额的待分配任务（金额）': '3159265.97', '客户经理已分配金额-食饮部': '475353.12', '行业线已分配金额-工业健康': '9507059.76', '行业线已分配金额-楼宇办公': '28521179.28', '行业线父级已审批金额-食饮': '2471835.52', '截止当天累计目标阈值（万）': '305.232267', '片区下派客户经理总任务金额': '12253895.99', '客户经理已分配金额-工业健康': '760564.64', '客户经理已分配金额-楼宇办公': '6464800.32', '楼宇办公-年度开单金额（万）': '39.38195', '片区父级已审批金额-工业健康': '6464800.32', '片区父级已审批金额-楼宇办公': '57042359.44', '客户经理父级已审批金额-食饮部': '475353.12', '行业线父级已审批金额-工业健康': '6464800.32', '行业线父级已审批金额-楼宇办公': '57042359.44', '年度开单金额转换（以万为单位）': '58.059995', '客户经理父级已审批金额-工业健康': '760564.64', '客户经理父级已审批金额-楼宇办公': '6464800.32'}",2026-08-21 17:02:20.979544,2026-08-21 17:02:20.979544,2026-08-21 17:02:20.979544
77,recvkB7JbqVHWy,"{'2601': '443840.87', '2602': '469799.67', '2603': '833316.85', '2604': '525080.23', '公式': '0.000000454545454545454', '战区': '朔岑战区', '片区': '泠州片区', '状态': '待确认', '编号': '88', 'SourceID': 'NzY0MTE0MDA0MTE0MTU4NzEzODpyZWN2ZEp5UlJCZVd0ZDo2MTM2MjQ0NDZmMmRmZmFjNmFkNjVjYmJkZDRlY2UxYTox', '事业群': '商用事业群', '创建人': '谢亦舟', '当前年': '2026', '当前月': '8', '食饮部': '71559.84', '客户经理': '秦屿青', '层级级别': '客户经理', '工业健康': '214680.4', '当前日期': '21', '楼宇办公': '1288084.16', '父级引用': '22', '经营主体': '星澜集团总部', '1季度比例': '25%', '2季度比例': '25%', '3季度比例': '25%', '4季度比例': '25%', '任务维护人': '邵亦舟', '年度开单金额': '393652.830148', '总任务承接人': '秦屿青', '总任务达成率': '0.132933936948', '本月开单金额': '-62853.12', '食饮部（万）': '7.04', '链接字段(勿删)': '商用事业群;朔岑战区;泠州片区;秦屿青', '剩余分配百分比': '0', '工业健康（万）': '21.12', '当前月最后一天': '31', '总任务（金额）': '2961266.62', '战区总任务金额': '706147562.81', '楼宇办公（万）': '128.48', '本月当前目标阈值': '150215.053763', '本月总目标（万）': '13.119377', '食饮部待分配任务': '151841.2', '健康-年度开单金额': '0', '食饮-年度开单金额': '54965.68', '工业健康待分配任务': '412276.29', '当前月份任务达成率': '-0.254700956309', '本月开单金额（万）': '-6.285351', '楼宇办公待分配任务': '2803634.22', '战区已分配金额-食饮': '82294276.24', '父级已审批金额-食饮': '82294276.24', '事业群剩余未分配金额': '-611281393.64', '截止当天累计目标阈值': '1444144.459836', '本月当前目标阈值 (万)': '15.021505', '楼宇办公-年度开单金额': '338687.409804', '片区已分配金额-食饮部': '4651416', '行业线已分配金额-食饮': '75138251.76', '战区下派片区总任务金额': '16407207.47', '截止当前目标阈值达成率': '0.272585493416', '健康-年度开单金额（万）': '0', '年度阈值/开单差额（万）': '-105.049163', '战区已分配金额-工业健康': '28624096.16', '战区已分配金额-楼宇办公': '214680720.32', '月度阈值/开单差额（万）': '-21.306817', '父级已审批金额-工业健康': '28624096.16', '父级已审批金额-楼宇办公': '214680720.32', '片区已分配金额-工业健康': '5939500.16', '片区已分配金额-楼宇办公': '39071890.88', '片区父级已审批金额-食饮': '1860566.4', '食饮-年度开单金额（万）': '5.496542', '事业群下派战区总任务金额': '875043806.17', '总金额转换（以万为单位）': '157.52', '总额的待分配任务（金额）': '2629841.07', '客户经理已分配金额-食饮部': '357800.96', '行业线已分配金额-工业健康': '7156023.6', '行业线已分配金额-楼宇办公': '21468071.68', '行业线父级已审批金额-食饮': '1860566.4', '截止当天累计目标阈值（万）': '144.414446', '片区下派客户经理总任务金额': '9266464.83', '客户经理已分配金额-工业健康': '572482.24', '客户经理已分配金额-楼宇办公': '4866096.4', '楼宇办公-年度开单金额（万）': '33.868741', '片区父级已审批金额-工业健康': '4866096.4', '片区父级已审批金额-楼宇办公': '42936144.24', '客户经理父级已审批金额-食饮部': '357800.96', '行业线父级已审批金额-工业健康': '4866096.4', '行业线父级已审批金额-楼宇办公': '42936144.24', '年度开单金额转换（以万为单位）': '39.365283', '客户经理父级已审批金额-工业健康': '572482.24', '客户经理父级已审批金额-楼宇办公': '4866096.4'}",2026-08-21 17:02:20.979544,2026-08-21 17:02:20.979544,2026-08-21 17:02:20.979544
78,recvkB7JbqutVT,"{'2601': '1127977.17', '2602': '1256102.39', '2603': '1658768.59', '2604': '769526.02', '公式': '0.000000256410256410256', '战区': '朔岑战区', '片区': '汀西片区', '状态': '待确认', '编号': '89', 'SourceID': 'NzY0MTE0MDA0MTE0MTU4NzEzODpyZWN2ZEp5UlJCQXE1TDo4NzM3ZmNlNGEzZjE5OWQ2NzhkNWQxOTNlZGM0YjdlMDox', '事业群': '商用事业群', '创建人': '谢亦舟', '当前年': '2026', '当前月': '8', '食饮部': '171003.36', '客户经理': '江屿青', '层级级别': '客户经理', '工业健康': '342005.84', '当前日期': '21', '楼宇办公': '2821549.28', '父级引用': '29', '经营主体': '星澜集团总部', '1季度比例': '25%', '2季度比例': '25%', '3季度比例': '25%', '4季度比例': '25%', '任务维护人': '江屿青', '年度开单金额': '860039.404988', '总任务承接人': '江屿青', '总任务达成率': '0.197462535098', '本月开单金额': '0', '食饮部（万）': '16.72', '链接字段(勿删)': '商用事业群;朔岑战区;汀西片区;江屿青', '剩余分配百分比': '0', '工业健康（万）': '34.32', '当前月最后一天': '31', '总任务（金额）': '4355456.11', '战区总任务金额': '543647660.48', '楼宇办公（万）': '282.48', '本月当前目标阈值': '266290.322581', '本月总目标（万）': '27.787987', '食饮部待分配任务': '256564.13', '健康-年度开单金额': '32575.84', '食饮-年度开单金额': '701.36', '工业健康待分配任务': '608948.49', '当前月份任务达成率': '0', '本月开单金额（万）': '0', '楼宇办公待分配任务': '4872206.41', '战区已分配金额-食饮': '98326724.32', '父级已审批金额-食饮': '98326724.32', '事业群剩余未分配金额': '-730370326.15', '截止当天累计目标阈值': '3058824.129972', '本月当前目标阈值 (万)': '26.629032', '楼宇办公-年度开单金额': '826762.221388', '片区已分配金额-食饮部': '5557597.76', '行业线已分配金额-食饮': '89776574.8', '战区下派片区总任务金额': '23129159.99', '截止当前目标阈值达成率': '0.28116667335', '健康-年度开单金额（万）': '3.257607', '年度阈值/开单差额（万）': '-219.878472', '战区已分配金额-工业健康': '34200599.84', '战区已分配金额-楼宇办公': '256504498.8', '月度阈值/开单差额（万）': '-26.629032', '父级已审批金额-工业健康': '34200599.84', '父级已审批金额-楼宇办公': '256504498.8', '片区已分配金额-工业健康': '7096624.48', '片区已分配金额-楼宇办公': '46683818.72', '片区父级已审批金额-食饮': '2223039.28', '食饮-年度开单金额（万）': '0.070111', '事业群下派战区总任务金额': '838024366.62', '总金额转换（以万为单位）': '333.52', '总额的待分配任务（金额）': '3956467.83', '客户经理已分配金额-食饮部': '342005.84', '行业线已分配金额-工业健康': '8550149.52', '行业线已分配金额-楼宇办公': '25650449.44', '行业线父级已审批金额-食饮': '2223039.28', '截止当天累计目标阈值（万）': '305.882413', '片区下派客户经理总任务金额': '10918986.29', '客户经理已分配金额-工业健康': '684011.68', '客户经理已分配金额-楼宇办公': '5899603.6', '楼宇办公-年度开单金额（万）': '82.676222', '片区父级已审批金额-工业健康': '5814101.92', '片区父级已审批金额-楼宇办公': '51300899.76', '客户经理父级已审批金额-食饮部': '427507.52', '行业线父级已审批金额-工业健康': '5814101.92', '行业线父级已审批金额-楼宇办公': '51300899.76', '年度开单金额转换（以万为单位）': '86.003941', '客户经理父级已审批金额-工业健康': '855015.04', '客户经理父级已审批金额-楼宇办公': '5643098.56'}",2026-08-21 17:02:20.979544,2026-08-21 17:02:20.979544,2026-08-21 17:02:20.979544
79,recvkB7JbqxN5c,"{'2601': '1566722.8', '2602': '1101324.95', '2603': '1502312.21', '2604': '1450111.4', '公式': '0.000000238095238095238', '战区': '朔岑战区', '片区': '汀西片区', '状态': '待确认', '编号': '90', 'SourceID': 'NzY0MTE0MDA0MTE0MTU4NzEzODpyZWN2ZEp5UlJCam93WDpjOTE1Nzc5NzQxNmFiOGQ0YmUyZWFmODViYmJlY2RkZjox', '事业群': '商用事业群', '创建人': '谢亦舟', '当前年': '2026', '当前月': '8', '食饮部': '185452.08', '客户经理': '白屿青', '层级级别': '客户经理', '工业健康': '370905.04', '当前日期': '21', '楼宇办公': '3338142.72', '父级引用': '32', '经营主体': '星澜集团总部', '1季度比例': '25%', '2季度比例': '25%', '3季度比例': '25%', '4季度比例': '25%', '任务维护人': '江屿青', '年度开单金额': '2228107.626984', '总任务承接人': '白屿青', '总任务达成率': '0.341522704873', '本月开单金额': '120105.04', '食饮部（万）': '18.48', '链接字段(勿删)': '商用事业群;朔岑战区;汀西片区;白屿青', '剩余分配百分比': '0', '工业健康（万）': '36.96', '当前月最后一天': '31', '总任务（金额）': '6524039.53', '战区总任务金额': '849835066.9', '楼宇办公（万）': '333.52', '本月当前目标阈值': '286774.193548', '本月总目标（万）': '32.56', '食饮部待分配任务': '240522.76', '健康-年度开单金额': '399705.398247', '食饮-年度开单金额': '153916.4', '工业健康待分配任务': '445955.42', '当前月份任务达成率': '0.220915350585', '本月开单金额（万）': '12.010544', '楼宇办公待分配任务': '4706923.53', '战区已分配金额-食饮': '106635114.96', '父级已审批金额-食饮': '106635114.96', '事业群剩余未分配金额': '-792084999.52', '截止当天累计目标阈值': '3572463.987726', '本月当前目标阈值 (万)': '28.677419', '楼宇办公-年度开单金额': '1674486.031489', '片区已分配金额-食饮部': '6027201.84', '行业线已分配金额-食饮': '97362496', '战区下派片区总任务金额': '15712935.3', '截止当前目标阈值达成率': '0.623689317692', '健康-年度开单金额（万）': '39.97054', '年度阈值/开单差额（万）': '-134.435636', '战区已分配金额-工业健康': '37090474.96', '战区已分配金额-楼宇办公': '278178560', '月度阈值/开单差额（万）': '-16.666915', '父级已审批金额-工业健康': '37090474.96', '父级已审批金额-楼宇办公': '278178560', '片区已分配金额-工业健康': '7696273.2', '片区已分配金额-楼宇办公': '50628497.92', '片区父级已审批金额-食饮': '2410880.56', '食饮-年度开单金额（万）': '15.39162', '事业群下派战区总任务金额': '620702428.9', '总金额转换（以万为单位）': '389.84', '总额的待分配任务（金额）': '6439387.68', '客户经理已分配金额-食饮部': '370905.04', '行业线已分配金额-工业健康': '9272618.96', '行业线已分配金额-楼宇办公': '27817856', '行业线父级已审批金额-食饮': '2410880.56', '截止当天累计目标阈值（万）': '357.246399', '片区下派客户经理总任务金额': '11836554.94', '客户经理已分配金额-工业健康': '741809.2', '客户经理已分配金额-楼宇办公': '6398106.88', '楼宇办公-年度开单金额（万）': '167.448604', '片区父级已审批金额-工业健康': '6305380.4', '片区父级已审批金额-楼宇办公': '55635712', '客户经理父级已审批金额-食饮部': '463630.64', '行业线父级已审批金额-工业健康': '6305380.4', '行业线父级已审批金额-楼宇办公': '55635712', '年度开单金额转换（以万为单位）': '222.810763', '客户经理父级已审批金额-工业健康': '927262.16', '客户经理父级已审批金额-楼宇办公': '6119928.32'}",2026-08-21 17:02:20.979544,2026-08-21 17:02:20.979544,2026-08-21 17:02:20.979544
80,recvkB7Jbq6NBC,"{'2601': '3156530.39', '2602': '2111655.67', '2603': '1775621.29', '2604': '3073825.45', '公式': '0.000000129870129870129', '战区': '朔岑战区', '片区': '秦屿片区', '状态': '待确认', '编号': '91', 'SourceID': 'NzY0MTE0MDA0MTE0MTU4NzEzODpyZWN2ZEp5UlJCSnl1azo1Y2U0ODFhYzdlMmMyZTY4NjJjYTU4YmRiZmY0MDEyNTox', '事业群': '商用事业群', '创建人': '谢亦舟', '当前年': '2026', '当前月': '8', '食饮部': '728378.64', '客户经理': '许屿青', '层级级别': '客户经理', '工业健康': '1092567.52', '当前日期': '21', '楼宇办公': '5189697.04', '父级引用': '22', '经营主体': '星澜集团总部', '1季度比例': '25%', '2季度比例': '25%', '3季度比例': '25%', '4季度比例': '25%', '任务维护人': '许屿青', '年度开单金额': '3257578.379821', '总任务承接人': '许屿青', '总任务达成率': '0.275795390883', '本月开单金额': '100935.12', '食饮部（万）': '73.04', '链接字段(勿删)': '商用事业群;朔岑战区;秦屿片区;许屿青', '剩余分配百分比': '0', '工业健康（万）': '109.12', '当前月最后一天': '31', '总任务（金额）': '11811576.58', '战区总任务金额': '914999239.34', '楼宇办公（万）': '519.2', '本月当前目标阈值': '525752.688172', '本月总目标（万）': '58.422027', '食饮部待分配任务': '1045984.7', '健康-年度开单金额': '0', '食饮-年度开单金额': '25033.36', '工业健康待分配任务': '1467328.79', '当前月份任务达成率': '0.102545281047', '本月开单金额（万）': '10.093505', '楼宇办公待分配任务': '5458807.98', '战区已分配金额-食饮': '104704411.68', '父级已审批金额-食饮': '104704411.68', '事业群剩余未分配金额': '-769991275.61', '截止当天累计目标阈值': '6430933.724932', '本月当前目标阈值 (万)': '52.575269', '楼宇办公-年度开单金额': '3232544.920759', '片区已分配金额-食饮部': '5918075.68', '行业线已分配金额-食饮': '95599680', '战区下派片区总任务金额': '22742674.86', '截止当前目标阈值达成率': '0.506548274194', '健康-年度开单金额（万）': '0', '年度阈值/开单差额（万）': '-317.335535', '战区已分配金额-工业健康': '36418925.84', '战区已分配金额-楼宇办公': '273141942.48', '月度阈值/开单差额（万）': '-42.481757', '父级已审批金额-工业健康': '36418925.84', '父级已审批金额-楼宇办公': '273141942.48', '片区已分配金额-工业健康': '7556926.96', '片区已分配金额-楼宇办公': '49711833.6', '片区父级已审批金额-食饮': '2367229.92', '食饮-年度开单金额（万）': '2.503346', '事业群下派战区总任务金额': '952413655.24', '总金额转换（以万为单位）': '701.36', '总额的待分配任务（金额）': '11317000.48', '客户经理已分配金额-食饮部': '1092567.52', '行业线已分配金额-工业健康': '9104731.68', '行业线已分配金额-楼宇办公': '27314194.16', '行业线父级已审批金额-食饮': '2367229.92', '截止当天累计目标阈值（万）': '643.093372', '片区下派客户经理总任务金额': '19478622.46', '客户经理已分配金额-工业健康': '1820946.16', '客户经理已分配金额-楼宇办公': '9833110.32', '楼宇办公-年度开单金额（万）': '323.254492', '片区父级已审批金额-工业健康': '6191217.12', '片区父级已审批金额-楼宇办公': '54628388.32', '客户经理父级已审批金额-食饮部': '1092567.52', '行业线父级已审批金额-工业健康': '6191217.12', '行业线父级已审批金额-楼宇办公': '54628388.32', '年度开单金额转换（以万为单位）': '325.757838', '客户经理父级已审批金额-工业健康': '1820946.16', '客户经理父级已审批金额-楼宇办公': '9833110.32'}",2026-08-21 17:02:20.979544,2026-08-21 17:02:20.979544,2026-08-21 17:02:20.979544
81,recvkB7Jbq1n3u,"{'2601': '1198465.98', '2602': '940155.6', '2603': '1211235.83', '2604': '634418.34', '公式': '0.000000357142857142857', '战区': '朔岑战区', '片区': '秦屿片区', '状态': '待确认', '编号': '92', 'SourceID': 'NzY0MTE0MDA0MTE0MTU4NzEzODpyZWN2ZEp5UlJCVFJDSzoxNWQzMWNlYzNhZTc5MGQ4NDc1NzY2YWIzOGUwZDczYTox', '事业群': '商用事业群', '创建人': '谢亦舟', '当前年': '2026', '当前月': '8', '食饮部': '197197.44', '客户经理': '黎屿青', '层级级别': '客户经理', '工业健康': '295795.28', '当前日期': '21', '楼宇办公': '2267765.28', '父级引用': '24', '经营主体': '星澜集团总部', '1季度比例': '25%', '2季度比例': '25%', '3季度比例': '25%', '4季度比例': '25%', '任务维护人': '许屿青', '年度开单金额': '648407.498239', '总任务承接人': '黎屿青', '总任务达成率': '0.207541168323', '本月开单金额': '7958.72', '食饮部（万）': '19.36', '链接字段(勿删)': '商用事业群;朔岑战区;秦屿片区;黎屿青', '剩余分配百分比': '0', '工业健康（万）': '29.92', '当前月最后一天': '31', '总任务（金额）': '3124235.56', '战区总任务金额': '562819186.78', '楼宇办公（万）': '227.04', '本月当前目标阈值': '191182.795699', '本月总目标（万）': '23.006317', '食饮部待分配任务': '276647.91', '健康-年度开单金额': '0', '食饮-年度开单金额': '115242.16', '工业健康待分配任务': '362649.77', '当前月份任务达成率': '0.030568962604', '本月开单金额（万）': '0.795887', '楼宇办公待分配任务': '2784200.68', '战区已分配金额-食饮': '113388274.56', '父级已审批金额-食饮': '113388274.56', '事业群剩余未分配金额': '-833851996.25', '截止当天累计目标阈值': '2532471.161644', '本月当前目标阈值 (万)': '19.11828', '楼宇办公-年度开单金额': '533165.571439', '片区已分配金额-食饮部': '6408902.72', '行业线已分配金额-食饮': '103528425.44', '战区下派片区总任务金额': '21662255.38', '截止当前目标阈值达成率': '0.256037465721', '健康-年度开单金额（万）': '0', '年度阈值/开单差额（万）': '-188.406366', '战区已分配金额-工业健康': '39439400', '战区已分配金额-楼宇办公': '295795500', '月度阈值/开单差额（万）': '-18.322408', '父级已审批金额-工业健康': '39439400', '父级已审批金额-楼宇办公': '295795500', '片区已分配金额-工业健康': '8183675.28', '片区已分配金额-楼宇办公': '53834781.44', '片区父级已审批金额-食饮': '2563561.44', '食饮-年度开单金额（万）': '11.524193', '事业群下派战区总任务金额': '642530128.45', '总金额转换（以万为单位）': '276.32', '总额的待分配任务（金额）': '3553813.06', '客户经理已分配金额-食饮部': '1183182', '行业线已分配金额-工业健康': '9859850', '行业线已分配金额-楼宇办公': '29579550', '行业线父级已审批金额-食饮': '2563561.44', '截止当天累计目标阈值（万）': '253.247116', '片区下派客户经理总任务金额': '13399496.95', '客户经理已分配金额-工业健康': '1971970', '客户经理已分配金额-楼宇办公': '10648638', '楼宇办公-年度开单金额（万）': '53.316557', '片区父级已审批金额-工业健康': '6704698', '片区父级已审批金额-楼宇办公': '59159100', '客户经理父级已审批金额-食饮部': '1183182', '行业线父级已审批金额-工业健康': '6704698', '行业线父级已审批金额-楼宇办公': '59159100', '年度开单金额转换（以万为单位）': '64.84075', '客户经理父级已审批金额-工业健康': '1971970', '客户经理父级已审批金额-楼宇办公': '10648638'}",2026-08-21 17:02:20.979544,2026-08-21 17:02:20.979544,2026-08-21 17:02:20.979544
82,recvkB7JbqxkaN,"{'2601': '1313733.72', '2602': '1422773.38', '2603': '1289757.39', '2604': '653675.35', '公式': '0.000000285714285714285', '战区': '朔岑战区', '片区': '秦屿片区', '状态': '待确认', '编号': '93', 'SourceID': 'NzY0MTE0MDA0MTE0MTU4NzEzODpyZWN2ZEp5UlJCQ3M4UTowZWJiM2UyOTFkMWVjNzk0MDQ2ZWU2ZjdhMTFjZmIyZjox', '事业群': '商用事业群', '创建人': '谢亦舟', '当前年': '2026', '当前月': '8', '食饮部': '185302.48', '客户经理': '祁既白', '层级级别': '客户经理', '工业健康': '463255.76', '当前日期': '21', '楼宇办公': '2594234.72', '父级引用': '22', '经营主体': '星澜集团总部', '1季度比例': '25%', '2季度比例': '25%', '3季度比例': '25%', '4季度比例': '25%', '任务维护人': '许屿青', '年度开单金额': '2500932.73822', '总任务承接人': '祁既白', '总任务达成率': '0.452233768186', '本月开单金额': '4392.08', '食饮部（万）': '18.48', '链接字段(勿删)': '商用事业群;朔岑战区;秦屿片区;祁既白', '剩余分配百分比': '0', '工业健康（万）': '46.64', '当前月最后一天': '31', '总任务（金额）': '5530176.9', '战区总任务金额': '853244111.39', '楼宇办公（万）': '259.6', '本月当前目标阈值': '238978.494624', '本月总目标（万）': '27.023275', '食饮部待分配任务': '228480.62', '健康-年度开单金额': '1828619.001536', '食饮-年度开单金额': '18159.68', '工业健康待分配任务': '533001.22', '当前月份任务达成率': '0.009530429307', '本月开单金额（万）': '0.439167', '楼宇办公待分配任务': '4360100.5', '战区已分配金额-食饮': '106548911.92', '父级已审批金额-食饮': '106548911.92', '事业群剩余未分配金额': '-783555641.42', '截止当天累计目标阈值': '2974646.692822', '本月当前目标阈值 (万)': '23.897849', '楼宇办公-年度开单金额': '654154.096108', '片区已分配金额-食饮部': '6022330.16', '行业线已分配金额-食饮': '97283788.8', '战区下派片区总任务金额': '21699220', '截止当前目标阈值达成率': '0.840749506237', '健康-年度开单金额（万）': '182.8619', '年度阈值/开单差额（万）': '-47.371395', '战区已分配金额-工业健康': '37060490.72', '战区已分配金额-楼宇办公': '277953682.16', '月度阈值/开单差额（万）': '-23.458641', '父级已审批金额-工业健康': '37060490.72', '父级已审批金额-楼宇办公': '277953682.16', '片区已分配金额-工业健康': '7690051.6', '片区已分配金额-楼宇办公': '50587570', '片区父级已审批金额-食饮': '2408932.24', '食饮-年度开单金额（万）': '1.815964', '事业群下派战区总任务金额': '642645634.95', '总金额转换（以万为单位）': '323.84', '总额的待分配任务（金额）': '3378645.77', '客户经理已分配金额-食饮部': '1111814.88', '行业线已分配金额-工业健康': '9265123.12', '行业线已分配金额-楼宇办公': '27795368.48', '行业线父级已审批金额-食饮': '2408932.24', '截止当天累计目标阈值（万）': '297.464669', '片区下派客户经理总任务金额': '18372307.68', '客户经理已分配金额-工业健康': '1853024.8', '客户经理已分配金额-楼宇办公': '10006332.16', '楼宇办公-年度开单金额（万）': '65.41541', '片区父级已审批金额-工业健康': '6300283.44', '片区父级已审批金额-楼宇办公': '55590736.08', '客户经理父级已审批金额-食饮部': '1111814.88', '行业线父级已审批金额-工业健康': '6300283.44', '行业线父级已审批金额-楼宇办公': '55590736.08', '年度开单金额转换（以万为单位）': '250.093274', '客户经理父级已审批金额-工业健康': '1853024.8', '客户经理父级已审批金额-楼宇办公': '10006332.16'}",2026-08-21 17:02:20.979544,2026-08-21 17:02:20.979544,2026-08-21 17:02:20.979544
83,recvkB7Jbq7PCF,"{'2601': '1517364.25', '2602': '1533030.97', '2603': '1507116.62', '2604': '1160414.24', '公式': '0.000000222222222222222', '战区': '瀚川战区', '片区': '碣石片区', '状态': '待确认', '编号': '95', 'SourceID': 'NzY0MTE0MDA0MTE0MTU4NzEzODpyZWN2ZEp5UlJCeFBPRTpkZDVkODUxZWJiMjRkMTYzMWJmNTllMDIwNTYyNDczNDox', '事业群': '商用事业群', '创建人': '谢亦舟', '当前年': '2026', '当前月': '8', '食饮部': '88044.88', '客户经理': '秦亦舟', '层级级别': '客户经理', '工业健康': '176089.76', '当前日期': '21', '楼宇办公': '3697892', '父级引用': '22', '经营主体': '星澜集团总部', '1季度比例': '25%', '2季度比例': '25%', '3季度比例': '25%', '4季度比例': '25%', '任务维护人': '韩朔风', '年度开单金额': '2161873.977044', '总任务承接人': '秦亦舟', '总任务达成率': '0.314184275873', '本月开单金额': '215486.576668', '食饮部（万）': '8.8', '链接字段(勿删)': '商用事业群;瀚川战区;碣石片区;秦亦舟', '剩余分配百分比': '0', '工业健康（万）': '17.6', '当前月最后一天': '31', '总任务（金额）': '6880910.8', '战区总任务金额': '683423261.04', '楼宇办公（万）': '369.6', '本月当前目标阈值': '307258.064516', '本月总目标（万）': '33.016896', '食饮部待分配任务': '100050.6', '健康-年度开单金额': '0', '食饮-年度开单金额': '72465.36', '工业健康待分配任务': '293001.7', '当前月份任务达成率': '0.375798930574', '本月开单金额（万）': '21.548658', '楼宇办公待分配任务': '5552410.79', '战区已分配金额-食饮': '101251814.4', '父级已审批金额-食饮': '101251814.4', '事业群剩余未分配金额': '-744855170.18', '截止当天累计目标阈值': '3634407.809754', '本月当前目标阈值 (万)': '30.725806', '楼宇办公-年度开单金额': '2089408.493704', '片区已分配金额-食饮部': '2289171.28', '行业线已分配金额-食饮': '92447308.8', '战区下派片区总任务金额': '19199844.76', '截止当前目标阈值达成率': '0.59483527722', '健康-年度开单金额（万）': '0', '年度阈值/开单差额（万）': '-147.253383', '战区已分配金额-工业健康': '35218022.4', '战区已分配金额-楼宇办公': '264135168', '月度阈值/开单差额（万）': '-9.177149', '父级已审批金额-工业健康': '35218022.4', '父级已审批金额-楼宇办公': '264135168', '片区已分配金额-工业健康': '5282703.36', '片区已分配金额-楼宇办公': '48424780.8', '片区父级已审批金额-食饮': '2289171.28', '食饮-年度开单金额（万）': '7.246548', '事业群下派战区总任务金额': '857294344.59', '总金额转换（以万为单位）': '396', '总额的待分配任务（金额）': '5994101.55', '客户经理已分配金额-食饮部': '176089.76', '行业线已分配金额-工业健康': '8804505.6', '行业线已分配金额-楼宇办公': '26413516.8', '行业线父级已审批金额-食饮': '2289171.28', '截止当天累计目标阈值（万）': '363.440781', '片区下派客户经理总任务金额': '15613193.31', '客户经理已分配金额-工业健康': '528270.16', '客户经理已分配金额-楼宇办公': '11445857.28', '楼宇办公-年度开单金额（万）': '208.940849', '片区父级已审批金额-工业健康': '5282703.36', '片区父级已审批金额-楼宇办公': '48424780.8', '客户经理父级已审批金额-食饮部': '176089.76', '行业线父级已审批金额-工业健康': '5282703.36', '行业线父级已审批金额-楼宇办公': '48424780.8', '年度开单金额转换（以万为单位）': '216.187397', '客户经理父级已审批金额-工业健康': '528270.16', '客户经理父级已审批金额-楼宇办公': '11445857.28'}",2026-08-21 17:02:20.979544,2026-08-21 17:02:20.979544,2026-08-21 17:02:20.979544
84,recvkB7JbqGKer,"{'2601': '1177284.92', '2602': '1049074.61', '2603': '894749.29', '2604': '1576745.64', '公式': '0.000000208333333333333', '战区': '瀚川战区', '片区': '碣石片区', '状态': '待确认', '编号': '96', 'SourceID': 'NzY0MTE0MDA0MTE0MTU4NzEzODpyZWN2ZEp5UlJCSHduUDo3MDI2ZjIwZjY0ZmNhNzg4NWEwMmRmNjBkNzkwMDkyMDox', '事业群': '商用事业群', '创建人': '谢亦舟', '当前年': '2026', '当前月': '8', '食饮部': '67817.2', '客户经理': '沈朔风', '层级级别': '客户经理', '工业健康': '135633.52', '当前日期': '21', '楼宇办公': '3051755.52', '父级引用': '17', '经营主体': '星澜集团总部', '1季度比例': '25%', '2季度比例': '25%', '3季度比例': '25%', '4季度比例': '25%', '任务维护人': '韩朔风', '年度开单金额': '1476332.709466', '总任务承接人': '沈朔风', '总任务达成率': '0.288588403644', '本月开单金额': '210509.847266', '食饮部（万）': '7.04', '链接字段(勿删)': '商用事业群;瀚川战区;碣石片区;沈朔风', '剩余分配百分比': '0', '工业健康（万）': '13.2', '当前月最后一天': '31', '总任务（金额）': '5115703.51', '战区总任务金额': '793528251.65', '楼宇办公（万）': '305.36', '本月当前目标阈值': '327741.935484', '本月总目标（万）': '27.28', '食饮部待分配任务': '112875.06', '健康-年度开单金额': '85042.32', '食饮-年度开单金额': '86653.6', '工业健康待分配任务': '200107.55', '当前月份任务达成率': '0.493796828189', '本月开单金额（万）': '21.050985', '楼宇办公待分配任务': '6842498.38', '战区已分配金额-食饮': '77989316.24', '父级已审批金额-食饮': '77989316.24', '事业群剩余未分配金额': '-573725475.61', '截止当天累计目标阈值': '2986033.51978', '本月当前目标阈值 (万)': '32.774194', '楼宇办公-年度开单金额': '1304636.856337', '片区已分配金额-食饮部': '1763236.64', '行业线已分配金额-食饮': '71207636.72', '战区下派片区总任务金额': '25549542.5', '截止当前目标阈值达成率': '0.494412637931', '健康-年度开单金额（万）': '8.504227', '年度阈值/开单差额（万）': '-150.970081', '战区已分配金额-工业健康': '27126718.96', '战区已分配金额-楼宇办公': '203450390', '月度阈值/开单差额（万）': '-11.723209', '父级已审批金额-工业健康': '27126718.96', '父级已审批金额-楼宇办公': '203450390', '片区已分配金额-工业健康': '4069007.36', '片区已分配金额-楼宇办公': '37299238.24', '片区父级已审批金额-食饮': '1763236.64', '食饮-年度开单金额（万）': '8.665359', '事业群下派战区总任务金额': '940734736.51', '总金额转换（以万为单位）': '325.6', '总额的待分配任务（金额）': '5449154.71', '客户经理已分配金额-食饮部': '135633.52', '行业线已分配金额-工业健康': '6781679.52', '行业线已分配金额-楼宇办公': '20345038.56', '行业线父级已审批金额-食饮': '1763236.64', '截止当天累计目标阈值（万）': '298.603352', '片区下派客户经理总任务金额': '18333874.94', '客户经理已分配金额-工业健康': '406900.56', '客户经理已分配金额-楼宇办公': '8816183.2', '楼宇办公-年度开单金额（万）': '130.463685', '片区父级已审批金额-工业健康': '4069007.36', '片区父级已审批金额-楼宇办公': '37299238.24', '客户经理父级已审批金额-食饮部': '135633.52', '行业线父级已审批金额-工业健康': '4069007.36', '行业线父级已审批金额-楼宇办公': '37299238.24', '年度开单金额转换（以万为单位）': '147.633271', '客户经理父级已审批金额-工业健康': '406900.56', '客户经理父级已审批金额-楼宇办公': '8816183.2'}",2026-08-21 17:02:20.979544,2026-08-21 17:02:20.979544,2026-08-21 17:02:20.979544
85,recvkB7Jbq9UNo,"{'2601': '1769991.38', '2602': '826115.95', '2603': '877647.47', '2604': '1969930.02', '公式': '0.000000222222222222222', '战区': '瀚川战区', '片区': '碣石片区', '状态': '待确认', '编号': '97', 'SourceID': 'NzY0MTE0MDA0MTE0MTU4NzEzODpyZWN2ZEp5UlJCd3YxMzo1MzNkNzMwYmI2NDliODY0NTAyZGMwYTZiMjhiZDRhOTox', '事业群': '商用事业群', '创建人': '谢亦舟', '当前年': '2026', '当前月': '8', '食饮部': '0', '客户经理': '裴怀川', '层级级别': '客户经理', '工业健康': '167644.4', '当前日期': '21', '楼宇办公': '3604357.68', '父级引用': '21', '经营主体': '星澜集团总部', '1季度比例': '25%', '2季度比例': '25%', '3季度比例': '25%', '4季度比例': '25%', '任务维护人': '韩朔风', '年度开单金额': '594005.918576', '总任务承接人': '韩朔风', '总任务达成率': '0.101449905654', '本月开单金额': '119408.08', '食饮部（万）': '0', '链接字段(勿删)': '商用事业群;瀚川战区;碣石片区;裴怀川', '剩余分配百分比': '0', '工业健康（万）': '16.72', '当前月最后一天': '31', '总任务（金额）': '5855164.82', '战区总任务金额': '877143817.21', '楼宇办公（万）': '360.8', '本月当前目标阈值': '307258.064516', '本月总目标（万）': '31.433351', '食饮部待分配任务': '0', '健康-年度开单金额': '0', '食饮-年度开单金额': '54861.84', '工业健康待分配任务': '306842.16', '当前月份任务达成率': '0.244723590889', '本月开单金额（万）': '11.940818', '楼宇办公待分配任务': '5049479.36', '战区已分配金额-食饮': '96395608.32', '父级已审批金额-食饮': '96395608.32', '事业群剩余未分配金额': '-709130675.97', '截止当天累计目标阈值': '3460095.556822', '本月当前目标阈值 (万)': '30.725806', '楼宇办公-年度开单金额': '539144.243879', '片区已分配金额-食饮部': '2179378.96', '行业线已分配金额-食饮': '88013382.16', '战区下派片区总任务金额': '18251136.98', '截止当前目标阈值达成率': '0.171673269949', '健康-年度开单金额（万）': '0', '年度阈值/开单差额（万）': '-286.608964', '战区已分配金额-工业健康': '33528907.28', '战区已分配金额-楼宇办公': '251466805.04', '月度阈值/开单差额（万）': '-18.784998', '父级已审批金额-工业健康': '33528907.28', '父级已审批金额-楼宇办公': '251466805.04', '片区已分配金额-工业健康': '5029336.4', '片区已分配金额-楼宇办公': '46102247.84', '片区父级已审批金额-食饮': '2179378.96', '食饮-年度开单金额（万）': '5.486167', '事业群下派战区总任务金额': '560085784.83', '总金额转换（以万为单位）': '377.52', '总额的待分配任务（金额）': '6968690.66', '客户经理已分配金额-食饮部': '167644.4', '行业线已分配金额-工业健康': '8382227.04', '行业线已分配金额-楼宇办公': '25146680.24', '行业线父级已审批金额-食饮': '2179378.96', '截止当天累计目标阈值（万）': '346.009556', '片区下派客户经理总任务金额': '17821140.38', '客户经理已分配金额-工业健康': '502933.2', '客户经理已分配金额-楼宇办公': '10896894.8', '楼宇办公-年度开单金额（万）': '53.914424', '片区父级已审批金额-工业健康': '5029336.4', '片区父级已审批金额-楼宇办公': '46102247.84', '客户经理父级已审批金额-食饮部': '167644.4', '行业线父级已审批金额-工业健康': '5029336.4', '行业线父级已审批金额-楼宇办公': '46102247.84', '年度开单金额转换（以万为单位）': '59.400592', '客户经理父级已审批金额-工业健康': '502933.2', '客户经理父级已审批金额-楼宇办公': '10896894.8'}",2026-08-21 17:02:20.979544,2026-08-21 17:02:20.979544,2026-08-21 17:02:20.979544
86,recvkB7JbqYokx,"{'2601': '1413764', '2602': '1289884.39', '2603': '882947.18', '2604': '670977.83', '公式': '0.00000032258064516129', '战区': '瀚川战区', '片区': '奉岚片区', '状态': '待确认', '编号': '98', 'SourceID': 'NzY0MTE0MDA0MTE0MTU4NzEzODpyZWN2ZEp5UlJCajhTRDo2NzJjYmEwMGNkZTlhODlhZWU3NmY3ZTZjMjQ1NjljZDox', '事业群': '商用事业群', '创建人': '谢亦舟', '当前年': '2026', '当前月': '8', '食饮部': '0', '客户经理': '陆朔风', '层级级别': '客户经理', '工业健康': '0', '当前日期': '21', '楼宇办公': '2950129.6', '父级引用': '30', '经营主体': '星澜集团总部', '1季度比例': '25%', '2季度比例': '25%', '3季度比例': '25%', '4季度比例': '25%', '任务维护人': '岑南珩', '年度开单金额': '614702.421788', '总任务承接人': '陆朔风', '总任务达成率': '0.191106698382', '本月开单金额': '4273.28', '食饮部（万）': '0', '链接字段(勿删)': '商用事业群;瀚川战区;奉岚片区;陆朔风', '剩余分配百分比': '0', '工业健康（万）': '0', '当前月最后一天': '31', '总任务（金额）': '3216540.43', '战区总任务金额': '837195704.32', '楼宇办公（万）': '294.8', '本月当前目标阈值': '211666.666667', '本月总目标（万）': '24.584413', '食饮部待分配任务': '0', '健康-年度开单金额': '37876.08', '食饮-年度开单金额': '56157.2', '工业健康待分配任务': '0', '当前月份任务达成率': '0.0159423956', '本月开单金额（万）': '0.427293', '楼宇办公待分配任务': '3267928.44', '战区已分配金额-食饮': '109440291.84', '父级已审批金额-食饮': '109440291.84', '事业群剩余未分配金额': '-810175015.41', '截止当天累计目标阈值': '2706183.640548', '本月当前目标阈值 (万)': '21.166667', '楼宇办公-年度开单金额': '520669.419924', '片区已分配金额-食饮部': '2474302.16', '行业线已分配金额-食饮': '99923744.8', '战区下派片区总任务金额': '19719731.96', '截止当前目标阈值达成率': '0.227147342323', '健康-年度开单金额（万）': '3.787586', '年度阈值/开单差额（万）': '-209.148122', '战区已分配金额-工业健康': '38066188.16', '战区已分配金额-楼宇办公': '285496412.96', '月度阈值/开单差额（万）': '-20.739339', '父级已审批金额-工业健康': '38066188.16', '父级已审批金额-楼宇办公': '285496412.96', '片区已分配金额-工业健康': '5709928.4', '片区已分配金额-楼宇办公': '52341008.72', '片区父级已审批金额-食饮': '2474302.16', '食饮-年度开单金额（万）': '5.615715', '事业群下派战区总任务金额': '768192716.85', '总金额转换（以万为单位）': '294.8', '总额的待分配任务（金额）': '3584389.58', '客户经理已分配金额-食饮部': '190330.8', '行业线已分配金额-工业健康': '9516547.04', '行业线已分配金额-楼宇办公': '28549641.12', '行业线父级已审批金额-食饮': '2474302.16', '截止当天累计目标阈值（万）': '270.618364', '片区下派客户经理总任务金额': '12622658.27', '客户经理已分配金额-工业健康': '951654.88', '客户经理已分配金额-楼宇办公': '8469727.2', '楼宇办公-年度开单金额（万）': '52.066942', '片区父级已审批金额-工业健康': '5709928.4', '片区父级已审批金额-楼宇办公': '52341008.72', '客户经理父级已审批金额-食饮部': '190330.8', '行业线父级已审批金额-工业健康': '5709928.4', '行业线父级已审批金额-楼宇办公': '52341008.72', '年度开单金额转换（以万为单位）': '61.470242', '客户经理父级已审批金额-工业健康': '1808143.92', '客户经理父级已审批金额-楼宇办公': '7613237.28'}",2026-08-21 17:02:20.979544,2026-08-21 17:02:20.979544,2026-08-21 17:02:20.979544
87,recvkB7Jbq1DW8,"{'2601': '388197.09', '2602': '879443.25', '2603': '508798.83', '2604': '509202.69', '公式': '0.000000465116279069767', '战区': '瀚川战区', '片区': '奉岚片区', '状态': '待确认', '编号': '99', 'SourceID': 'NzY0MTE0MDA0MTE0MTU4NzEzODpyZWN2ZEp5UlJCSEljbToxY2M5NTA3YzQ3ZWY2Y2QzMzE5YjFhMzkwZDRhNjU4Yzox', '事业群': '商用事业群', '创建人': '谢亦舟', '当前年': '2026', '当前月': '8', '食饮部': '0', '客户经理': '岑朔风', '层级级别': '客户经理', '工业健康': '0', '当前日期': '21', '楼宇办公': '1583751.84', '父级引用': '23', '经营主体': '星澜集团总部', '1季度比例': '25%', '2季度比例': '25%', '3季度比例': '25%', '4季度比例': '25%', '任务维护人': '岑南珩', '年度开单金额': '107308.247694', '总任务承接人': '岑朔风', '总任务达成率': '0.055836824108', '本月开单金额': '0', '食饮部（万）': '0', '链接字段(勿删)': '商用事业群;瀚川战区;奉岚片区;岑朔风', '剩余分配百分比': '0', '工业健康（万）': '0', '当前月最后一天': '31', '总任务（金额）': '1921818.61', '战区总任务金额': '646646524.84', '楼宇办公（万）': '158.4', '本月当前目标阈值': '146801.075269', '本月总目标（万）': '13.197932', '食饮部待分配任务': '0', '健康-年度开单金额': '9591.12', '食饮-年度开单金额': '1584', '工业健康待分配任务': '0', '当前月份任务达成率': '0', '本月开单金额（万）': '0', '楼宇办公待分配任务': '2270516.16', '战区已分配金额-食饮': '84712307.68', '父级已审批金额-食饮': '84712307.68', '事业群剩余未分配金额': '-627116341.65', '截止当天累计目标阈值': '1452791.53841', '本月当前目标阈值 (万)': '14.680108', '楼宇办公-年度开单金额': '96133.589362', '片区已分配金额-食饮部': '1915234.64', '行业线已分配金额-食饮': '77346020.4', '战区下派片区总任务金额': '15299799.22', '截止当前目标阈值达成率': '0.073863486162', '健康-年度开单金额（万）': '0.959091', '年度阈值/开单差额（万）': '-134.548329', '战区已分配金额-工业健康': '29465150.88', '战区已分配金额-楼宇办公': '220988628.96', '月度阈值/开单差额（万）': '-14.680108', '父级已审批金额-工业健康': '29465150.88', '父级已审批金额-楼宇办公': '220988628.96', '片区已分配金额-工业健康': '4419772.72', '片区已分配金额-楼宇办公': '40514582.24', '片区父级已审批金额-食饮': '1915234.64', '食饮-年度开单金额（万）': '0.158375', '事业群下派战区总任务金额': '769381689.58', '总金额转换（以万为单位）': '158.4', '总额的待分配任务（金额）': '3295556.02', '客户经理已分配金额-食饮部': '147326.08', '行业线已分配金额-工业健康': '7366287.28', '行业线已分配金额-楼宇办公': '22098862.72', '行业线父级已审批金额-食饮': '1915234.64', '截止当天累计目标阈值（万）': '145.279154', '片区下派客户经理总任务金额': '15358000.78', '客户经理已分配金额-工业健康': '736628.64', '客户经理已分配金额-楼宇办公': '6555995.6', '楼宇办公-年度开单金额（万）': '9.613359', '片区父级已审批金额-工业健康': '4419772.72', '片区父级已审批金额-楼宇办公': '40514582.24', '客户经理父级已审批金额-食饮部': '147326.08', '行业线父级已审批金额-工业健康': '4419772.72', '行业线父级已审批金额-楼宇办公': '40514582.24', '年度开单金额转换（以万为单位）': '10.730825', '客户经理父级已审批金额-工业健康': '1399594.24', '客户经理父级已审批金额-楼宇办公': '5893030'}",2026-08-21 17:02:20.979544,2026-08-21 17:02:20.979544,2026-08-21 17:02:20.979544
88,recvkB7JbqyIzp,"{'2601': '1302773.62', '2602': '2084613.56', '2603': '1764181.13', '2604': '1271339.85', '公式': '0.000000206185567010309', '战区': '瀚川战区', '片区': '奉岚片区', '状态': '待确认', '编号': '100', 'SourceID': 'NzY0MTE0MDA0MTE0MTU4NzEzODpyZWN2ZEp5UlJCOG9hMzpjZjRmMDZhYzQzYWNlYmJkZDIyMGUwOTcwMjU3ZDM1MTox', '事业群': '商用事业群', '创建人': '谢亦舟', '当前年': '2026', '当前月': '8', '食饮部': '183526.64', '客户经理': '岑南珩', '层级级别': '客户经理', '工业健康': '917633.2', '当前日期': '21', '楼宇办公': '3349360.08', '父级引用': '29', '经营主体': '星澜集团总部', '1季度比例': '25%', '2季度比例': '25%', '3季度比例': '25%', '4季度比例': '25%', '任务维护人': '岑南珩', '年度开单金额': '2498212.403742', '总任务承接人': '岑南珩', '总任务达成率': '0.541370092102', '本月开单金额': '230782.64', '食饮部（万）': '18.48', '链接字段(勿删)': '商用事业群;瀚川战区;奉岚片区;岑南珩', '剩余分配百分比': '0', '工业健康（万）': '91.52', '当前月最后一天': '31', '总任务（金额）': '4614611.04', '战区总任务金额': '598469571.41', '楼宇办公（万）': '335.28', '本月当前目标阈值': '331155.913978', '本月总目标（万）': '37.087659', '食饮部待分配任务': '202614.53', '健康-年度开单金额': '0', '食饮-年度开单金额': '58728.663846', '工业健康待分配任务': '1184276.27', '当前月份任务达成率': '0.600135451503', '本月开单金额（万）': '23.078282', '楼宇办公待分配任务': '5075314.97', '战区已分配金额-食饮': '105527771.36', '父级已审批金额-食饮': '105527771.36', '事业群剩余未分配金额': '-781211036', '截止当天累计目标阈值': '4082506.008548', '本月当前目标阈值 (万)': '33.115591', '楼宇办公-年度开单金额': '2439483.739897', '片区已分配金额-食饮部': '2385845.44', '行业线已分配金额-食饮': '96351442.88', '战区下派片区总任务金额': '25886436.67', '截止当前目标阈值达成率': '0.611931102737', '健康-年度开单金额（万）': '0', '年度阈值/开单差额（万）': '-158.42936', '战区已分配金额-工业健康': '36705311.28', '战区已分配金额-楼宇办公': '275289837.68', '月度阈值/开单差额（万）': '-10.037327', '父级已审批金额-工业健康': '36705311.28', '父级已审批金额-楼宇办公': '275289837.68', '片区已分配金额-工业健康': '5505796.56', '片区已分配金额-楼宇办公': '50469803.12', '片区父级已审批金额-食饮': '2385845.44', '食饮-年度开单金额（万）': '5.872867', '事业群下派战区总任务金额': '786489448.1', '总金额转换（以万为单位）': '445.28', '总额的待分配任务（金额）': '6905357.03', '客户经理已分配金额-食饮部': '183526.64', '行业线已分配金额-工业健康': '9176327.6', '行业线已分配金额-楼宇办公': '27528983.68', '行业线父级已审批金额-食饮': '2385845.44', '截止当天累计目标阈值（万）': '408.250601', '片区下派客户经理总任务金额': '11701846.04', '客户经理已分配金额-工业健康': '917633.2', '客户经理已分配金额-楼宇办公': '8166931.52', '楼宇办公-年度开单金额（万）': '243.948374', '片区父级已审批金额-工业健康': '5505796.56', '片区父级已审批金额-楼宇办公': '50469803.12', '客户经理父级已审批金额-食饮部': '183526.64', '行业线父级已审批金额-工业健康': '5505796.56', '行业线父级已审批金额-楼宇办公': '50469803.12', '年度开单金额转换（以万为单位）': '249.82124', '客户经理父级已审批金额-工业健康': '1743502.64', '客户经理父级已审批金额-楼宇办公': '7341062.08'}",2026-08-21 17:02:20.979544,2026-08-21 17:02:20.979544,2026-08-21 17:02:20.979544
89,recvkB7Jbqp3rG,"{'2601': '695443.11', '2602': '423246.55', '2603': '392386.82', '2604': '564272.43', '公式': '0.0000005', '战区': '瀚川战区', '片区': '霁林片区', '状态': '待确认', '编号': '101', 'SourceID': 'NzY0MTE0MDA0MTE0MTU4NzEzODpyZWN2ZEp5UlJCc1JGSTpiYjBiZDhkMGJmNjViZmNjZjg1NGRkMjg2NmY4MjhmMDox', '事业群': '商用事业群', '创建人': '谢亦舟', '当前年': '2026', '当前月': '8', '食饮部': '0', '客户经理': '薛屿青', '层级级别': '客户经理', '工业健康': '0', '当前日期': '21', '楼宇办公': '1438037.04', '父级引用': '24', '经营主体': '星澜集团总部', '1季度比例': '25%', '2季度比例': '25%', '3季度比例': '25%', '4季度比例': '25%', '任务维护人': '岑南珩', '年度开单金额': '232618.683517', '总任务承接人': '薛屿青', '总任务达成率': '0.096055915082', '本月开单金额': '5615.28', '食饮部（万）': '0', '链接字段(勿删)': '商用事业群;瀚川战区;霁林片区;薛屿青', '剩余分配百分比': '0', '工业健康（万）': '0', '当前月最后一天': '31', '总任务（金额）': '2421700.77', '战区总任务金额': '605720694.83', '楼宇办公（万）': '143.44', '本月当前目标阈值': '136559.139785', '本月总目标（万）': '11.983642', '食饮部待分配任务': '0', '健康-年度开单金额': '0', '食饮-年度开单金额': '44399.52', '工业健康待分配任务': '0', '当前月份任务达成率': '0.02782480843', '本月开单金额（万）': '0.561554', '楼宇办公待分配任务': '2113405.73', '战区已分配金额-食饮': '82687130.24', '父级已审批金额-食饮': '82687130.24', '事业群剩余未分配金额': '-620529324.09', '截止当天累计目标阈值': '1319125.88252', '本月当前目标阈值 (万)': '13.655914', '楼宇办公-年度开单金额': '188219.289907', '片区已分配金额-食饮部': '1869448.24', '行业线已分配金额-食饮': '75496944.16', '战区下派片区总任务金额': '15326031.07', '截止当前目标阈值达成率': '0.176343051561', '健康-年度开单金额（万）': '0', '年度阈值/开单差额（万）': '-108.65072', '战区已分配金额-工业健康': '28760740.8', '战区已分配金额-楼宇办公': '215705556', '月度阈值/开单差额（万）': '-13.094386', '父级已审批金额-工业健康': '28760740.8', '父级已审批金额-楼宇办公': '215705556', '片区已分配金额-工业健康': '4314111.12', '片区已分配金额-楼宇办公': '39546019.04', '片区父级已审批金额-食饮': '1869448.24', '食饮-年度开单金额（万）': '4.43994', '事业群下派战区总任务金额': '877589460.21', '总金额转换（以万为单位）': '143.44', '总额的待分配任务（金额）': '2407460.26', '客户经理已分配金额-食饮部': '0', '行业线已分配金额-工业健康': '7190185.2', '行业线已分配金额-楼宇办公': '21570555.6', '行业线父级已审批金额-食饮': '1869448.24', '截止当天累计目标阈值（万）': '131.912589', '片区下派客户经理总任务金额': '1945255.19', '客户经理已分配金额-工业健康': '0', '客户经理已分配金额-楼宇办公': '1438037.04', '楼宇办公-年度开单金额（万）': '18.821929', '片区父级已审批金额-工业健康': '4314111.12', '片区父级已审批金额-楼宇办公': '39546019.04', '客户经理父级已审批金额-食饮部': '0', '行业线父级已审批金额-工业健康': '4314111.12', '行业线父级已审批金额-楼宇办公': '39546019.04', '年度开单金额转换（以万为单位）': '23.261868', '客户经理父级已审批金额-工业健康': '0', '客户经理父级已审批金额-楼宇办公': '1438037.04'}",2026-08-21 17:02:20.979544,2026-08-21 17:02:20.979544,2026-08-21 17:02:20.979544
90,recvkB7Jbqt79W,"{'2601': '3819927.59', '2602': '2957918.9', '2603': '1912435.85', '2604': '3368051.43', '公式': '0.0000001', '战区': '瀚川战区', '片区': '珩京片区', '状态': '待确认', '编号': '102', 'SourceID': 'NzY0MTE0MDA0MTE0MTU4NzEzODpyZWN2ZEp5UlJCMUVJSjpmYmYyM2E5OTVhZDE1MmRkNTg1OTY3YTcxNTdiNzQ2ODox', '事业群': '商用事业群', '创建人': '谢亦舟', '当前年': '2026', '当前月': '8', '食饮部': '0', '客户经理': '洛既白', '层级级别': '客户经理', '工业健康': '334215.2', '当前日期': '21', '楼宇办公': '8021165.68', '父级引用': '19', '经营主体': '星澜集团总部', '1季度比例': '25%', '2季度比例': '25%', '3季度比例': '25%', '4季度比例': '25%', '任务维护人': '洛既白', '年度开单金额': '4283992.07404', '总任务承接人': '洛既白', '总任务达成率': '0.458854132563', '本月开单金额': '349210.4', '食饮部（万）': '0', '链接字段(勿删)': '商用事业群;瀚川战区;珩京片区;洛既白', '剩余分配百分比': '0', '工业健康（万）': '33.44', '当前月最后一天': '31', '总任务（金额）': '9336283.08', '战区总任务金额': '800043243.7', '楼宇办公（万）': '801.68', '本月当前目标阈值': '682795.698925', '本月总目标（万）': '69.628174', '食饮部待分配任务': '0', '健康-年度开单金额': '71522', '食饮-年度开单金额': '229953.600824', '工业健康待分配任务': '420481.76', '当前月份任务达成率': '0.448842945752', '本月开单金额（万）': '34.921064', '楼宇办公待分配任务': '12631701.94', '战区已分配金额-食饮': '96086879.68', '父级已审批金额-食饮': '96086879.68', '事业群剩余未分配金额': '-695042358.96', '截止当天累计目标阈值': '7664475.163398', '本月当前目标阈值 (万)': '68.27957', '楼宇办公-年度开单金额': '3982516.412882', '片区已分配金额-食饮部': '2172398.8', '行业线已分配金额-食饮': '87731499.68', '战区下派片区总任务金额': '21657406.52', '截止当前目标阈值达成率': '0.558941347282', '健康-年度开单金额（万）': '7.152206', '年度阈值/开单差额（万）': '-338.048309', '战区已分配金额-工业健康': '33421523.52', '战区已分配金额-楼宇办公': '250661426.4', '月度阈值/开单差额（万）': '-33.35853', '父级已审批金额-工业健康': '33421523.52', '父级已审批金额-楼宇办公': '250661426.4', '片区已分配金额-工业健康': '5013228.88', '片区已分配金额-楼宇办公': '45954594.4', '片区父级已审批金额-食饮': '2172398.8', '食饮-年度开单金额（万）': '22.99536', '事业群下派战区总任务金额': '940780006.93', '总金额转换（以万为单位）': '835.12', '总额的待分配任务（金额）': '12296087.93', '客户经理已分配金额-食饮部': '1671076', '行业线已分配金额-工业健康': '8355380.88', '行业线已分配金额-楼宇办公': '25066142.64', '行业线父级已审批金额-食饮': '2172398.8', '截止当天累计目标阈值（万）': '766.447516', '片区下派客户经理总任务金额': '36540337.13', '客户经理已分配金额-工业健康': '1336860.8', '客户经理已分配金额-楼宇办公': '16710761.76', '楼宇办公-年度开单金额（万）': '398.251641', '片区父级已审批金额-工业健康': '5013228.88', '片区父级已审批金额-楼宇办公': '45954594.4', '客户经理父级已审批金额-食饮部': '1671076', '行业线父级已审批金额-工业健康': '5013228.88', '行业线父级已审批金额-楼宇办公': '45954594.4', '年度开单金额转换（以万为单位）': '428.399207', '客户经理父级已审批金额-工业健康': '1336860.8', '客户经理父级已审批金额-楼宇办公': '16710761.76'}",2026-08-21 17:02:20.979544,2026-08-21 17:02:20.979544,2026-08-21 17:02:20.979544
91,recvkB7JbqpqID,"{'2601': '1072483.25', '2602': '2539406.91', '2603': '2047391.13', '2604': '1586180.47', '公式': '0.000000166666666666666', '战区': '瀚川战区', '片区': '珩京片区', '状态': '待确认', '编号': '103', 'SourceID': 'NzY0MTE0MDA0MTE0MTU4NzEzODpyZWN2ZEp5UlJCY2Z6Vzo3YTViMjg1MGQwNWIwODE0Mzk2N2RlOTUzYmZlMWJkMTox', '事业群': '商用事业群', '创建人': '谢亦舟', '当前年': '2026', '当前月': '8', '食饮部': '0', '客户经理': '韩亦舟', '层级级别': '客户经理', '工业健康': '502047.92', '当前日期': '21', '楼宇办公': '4518429.52', '父级引用': '19', '经营主体': '星澜集团总部', '1季度比例': '25%', '2季度比例': '25%', '3季度比例': '25%', '4季度比例': '25%', '任务维护人': '洛既白', '年度开单金额': '3558389.048151', '总任务承接人': '韩亦舟', '总任务达成率': '0.47825995099', '本月开单金额': '235333.357122', '食饮部（万）': '0', '链接字段(勿删)': '商用事业群;瀚川战区;珩京片区;韩亦舟', '剩余分配百分比': '0', '工业健康（万）': '50.16', '当前月最后一天': '31', '总任务（金额）': '7440282.3', '战区总任务金额': '659899649.21', '楼宇办公（万）': '451.44', '本月当前目标阈值': '409677.419355', '本月总目标（万）': '42.24', '食饮部待分配任务': '0', '健康-年度开单金额': '1047564.32', '食饮-年度开单金额': '39431.817175', '工业健康待分配任务': '724898.22', '当前月份任务达成率': '0.379555529158', '本月开单金额（万）': '23.533336', '楼宇办公待分配任务': '7650628.59', '战区已分配金额-食饮': '96225817.6', '父级已审批金额-食饮': '96225817.6', '事业群剩余未分配金额': '-696047359.49', '截止当天累计目标阈值': '4605334.598136', '本月当前目标阈值 (万)': '40.967742', '楼宇办公-年度开单金额': '2471392.88', '片区已分配金额-食饮部': '2175540.4', '行业线已分配金额-食饮': '87858355.2', '战区下派片区总任务金额': '17911572', '截止当前目标阈值达成率': '0.772666778564', '健康-年度开单金额（万）': '104.756445', '年度阈值/开单差额（万）': '-104.694555', '战区已分配金额-工业健康': '33469849.6', '战区已分配金额-楼宇办公': '251023872', '月度阈值/开单差额（万）': '-17.434406', '父级已审批金额-工业健康': '33469849.6', '父级已审批金额-楼宇办公': '251023872', '片区已分配金额-工业健康': '5020477.44', '片区已分配金额-楼宇办公': '46021043.2', '片区父级已审批金额-食饮': '2175540.4', '食饮-年度开单金额（万）': '3.943181', '事业群下派战区总任务金额': '794208123.29', '总金额转换（以万为单位）': '502.48', '总额的待分配任务（金额）': '8871134.15', '客户经理已分配金额-食饮部': '1673492.48', '行业线已分配金额-工业健康': '8367462.4', '行业线已分配金额-楼宇办公': '25102387.2', '行业线父级已审批金额-食饮': '2175540.4', '截止当天累计目标阈值（万）': '460.53346', '片区下派客户经理总任务金额': '29772096.92', '客户经理已分配金额-工业健康': '1338794.16', '客户经理已分配金额-楼宇办公': '16734924.8', '楼宇办公-年度开单金额（万）': '247.139277', '片区父级已审批金额-工业健康': '5020477.44', '片区父级已审批金额-楼宇办公': '46021043.2', '客户经理父级已审批金额-食饮部': '1673492.48', '行业线父级已审批金额-工业健康': '5020477.44', '行业线父级已审批金额-楼宇办公': '46021043.2', '年度开单金额转换（以万为单位）': '355.838905', '客户经理父级已审批金额-工业健康': '1338794.16', '客户经理父级已审批金额-楼宇办公': '16734924.8'}",2026-08-21 17:02:20.979544,2026-08-21 17:02:20.979544,2026-08-21 17:02:20.979544
92,recvkB7JbqpTQ2,"{'2601': '1113589.34', '2602': '2232535.54', '2603': '1238279.21', '2604': '2549085.58', '公式': '0.000000178571428571428', '战区': '瀚川战区', '片区': '珩京片区', '状态': '待确认', '编号': '104', 'SourceID': 'NzY0MTE0MDA0MTE0MTU4NzEzODpyZWN2ZEp5UlJCc1pjQzoxYWUxOWY2ODU2Njk4OTNmY2ZkY2FhNTdjYzMyZWNkMDox', '事业群': '商用事业群', '创建人': '谢亦舟', '当前年': '2026', '当前月': '8', '食饮部': '0', '客户经理': '郑屿青', '层级级别': '客户经理', '工业健康': '529595.44', '当前日期': '21', '楼宇办公': '4413295.04', '父级引用': '20', '经营主体': '星澜集团总部', '1季度比例': '25%', '2季度比例': '25%', '3季度比例': '25%', '4季度比例': '25%', '任务维护人': '洛既白', '年度开单金额': '1813242.908891', '总任务承接人': '郑屿青', '总任务达成率': '0.238939272531', '本月开单金额': '-213949.12', '食饮部（万）': '0', '链接字段(勿删)': '商用事业群;瀚川战区;珩京片区;郑屿青', '剩余分配百分比': '0', '工业健康（万）': '52.8', '当前月最后一天': '31', '总任务（金额）': '7588718.63', '战区总任务金额': '575758388.74', '楼宇办公（万）': '441.76', '本月当前目标阈值': '382365.591398', '本月总目标（万）': '41.190754', '食饮部待分配任务': '0', '健康-年度开单金额': '0', '食饮-年度开单金额': '19594.96', '工业健康待分配任务': '815618.13', '当前月份任务达成率': '-0.338316594036', '本月开单金额（万）': '-21.394948', '楼宇办公待分配任务': '6847723.16', '战区已分配金额-食饮': '101505786.8', '父级已审批金额-食饮': '101505786.8', '事业群剩余未分配金额': '-734239900.58', '截止当天累计目标阈值': '4534163.297096', '本月当前目标阈值 (万)': '38.236559', '楼宇办公-年度开单金额': '1793647.878774', '片区已分配金额-食饮部': '2294913.28', '行业线已分配金额-食饮': '92679196.72', '战区下派片区总任务金额': '21916790.05', '截止当前目标阈值达成率': '0.399906838391', '健康-年度开单金额（万）': '0', '年度阈值/开单差额（万）': '-272.092039', '战区已分配金额-工业健康': '35306360.32', '战区已分配金额-楼宇办公': '264797704.16', '月度阈值/开单差额（万）': '-59.631471', '父级已审批金额-工业健康': '35306360.32', '父级已审批金额-楼宇办公': '264797704.16', '片区已分配金额-工业健康': '5295954.4', '片区已分配金额-楼宇办公': '48546245.44', '片区父级已审批金额-食饮': '2294913.28', '食饮-年度开单金额（万）': '1.959503', '事业群下派战区总任务金额': '697381005.54', '总金额转换（以万为单位）': '494.56', '总额的待分配任务（金额）': '6824770.45', '客户经理已分配金额-食饮部': '1765317.84', '行业线已分配金额-工业健康': '8826590.08', '行业线已分配金额-楼宇办公': '26479770.24', '行业线父级已审批金额-食饮': '2294913.28', '截止当天累计目标阈值（万）': '453.41633', '片区下派客户经理总任务金额': '33618745.31', '客户经理已分配金额-工业健康': '1412254.8', '客户经理已分配金额-楼宇办公': '17653180.16', '楼宇办公-年度开单金额（万）': '179.364788', '片区父级已审批金额-工业健康': '5295954.4', '片区父级已审批金额-楼宇办公': '48546245.44', '客户经理父级已审批金额-食饮部': '1765317.84', '行业线父级已审批金额-工业健康': '5295954.4', '行业线父级已审批金额-楼宇办公': '48546245.44', '年度开单金额转换（以万为单位）': '181.324291', '客户经理父级已审批金额-工业健康': '1412254.8', '客户经理父级已审批金额-楼宇办公': '17653180.16'}",2026-08-21 17:02:20.979544,2026-08-21 17:02:20.979544,2026-08-21 17:02:20.979544
93,recvkB7Jbq0qAM,"{'2601': '550819.32', '2602': '688195.22', '2603': '455914.76', '2604': '389453.12', '公式': '0.0000005', '战区': '瀚川战区', '片区': '珩京片区', '状态': '待确认', '编号': '105', 'SourceID': 'NzY0MTE0MDA0MTE0MTU4NzEzODpyZWN2ZEp5UlJCaWdPNzowMmZkNDZjNDdlZjc2OWY4NTBlNGZmNjI4ZmQwMWRjMDox', '事业群': '商用事业群', '创建人': '谢亦舟', '当前年': '2026', '当前月': '8', '食饮部': '1444296.48', '客户经理': '池南珩', '层级级别': '客户经理', '工业健康': '0', '当前日期': '21', '楼宇办公': '0', '父级引用': '16', '经营主体': '星澜集团总部', '1季度比例': '25%', '2季度比例': '25%', '3季度比例': '25%', '4季度比例': '25%', '任务维护人': '洛既白', '年度开单金额': '707482.673005', '总任务承接人': '池南珩', '总任务达成率': '0.287943305275', '本月开单金额': '72591.2', '食饮部（万）': '144.32', '链接字段(勿删)': '商用事业群;瀚川战区;珩京片区;池南珩', '剩余分配百分比': '0', '工业健康（万）': '0', '当前月最后一天': '31', '总任务（金额）': '2457020.74', '战区总任务金额': '645894721.67', '楼宇办公（万）': '0', '本月当前目标阈值': '136559.139785', '本月总目标（万）': '12.035804', '食饮部待分配任务': '2523316.01', '健康-年度开单金额': '19786.8', '食饮-年度开单金额': '530994.64', '工业健康待分配任务': '0', '当前月份任务达成率': '0.354532782658', '本月开单金额（万）': '7.259106', '楼宇办公待分配任务': '0', '战区已分配金额-食饮': '83047047.6', '父级已审批金额-食饮': '83047047.6', '事业群剩余未分配金额': '-600719013.19', '截止当天累计目标阈值': '1324867.729972', '本月当前目标阈值 (万)': '13.655914', '楼宇办公-年度开单金额': '156700.932505', '片区已分配金额-食饮部': '1877585.6', '行业线已分配金额-食饮': '75825565.2', '战区下派片区总任务金额': '23559140.08', '截止当前目标阈值达成率': '0.53400249474', '健康-年度开单金额（万）': '1.978686', '年度阈值/开单差额（万）': '-61.738506', '战区已分配金额-工业健康': '28885929.6', '战区已分配金额-楼宇办公': '216644472', '月度阈值/开单差额（万）': '-6.396794', '父级已审批金额-工业健康': '28885929.6', '父级已审批金额-楼宇办公': '216644472', '片区已分配金额-工业健康': '4332889.44', '片区已分配金额-楼宇办公': '39718153.2', '片区父级已审批金额-食饮': '1877585.6', '食饮-年度开单金额（万）': '53.099488', '事业群下派战区总任务金额': '699595616.3', '总金额转换（以万为单位）': '144.32', '总额的待分配任务（金额）': '2347084.46', '客户经理已分配金额-食饮部': '1444296.48', '行业线已分配金额-工业健康': '7221482.4', '行业线已分配金额-楼宇办公': '21664447.2', '行业线父级已审批金额-食饮': '1877585.6', '截止当天累计目标阈值（万）': '132.486773', '片区下派客户经理总任务金额': '24073248.78', '客户经理已分配金额-工业健康': '1155437.36', '客户经理已分配金额-楼宇办公': '14442964.8', '楼宇办公-年度开单金额（万）': '15.670093', '片区父级已审批金额-工业健康': '4332889.44', '片区父级已审批金额-楼宇办公': '39718153.2', '客户经理父级已审批金额-食饮部': '1444296.48', '行业线父级已审批金额-工业健康': '4332889.44', '行业线父级已审批金额-楼宇办公': '39718153.2', '年度开单金额转换（以万为单位）': '70.748267', '客户经理父级已审批金额-工业健康': '1155437.36', '客户经理父级已审批金额-楼宇办公': '14442964.8'}",2026-08-21 17:02:20.979544,2026-08-21 17:02:20.979544,2026-08-21 17:02:20.979544
94,recvkB7Jbqw64k,"{'2601': '911663.15', '2602': '646198.86', '2603': '527361.15', '2604': '546831.52', '公式': '0.0000005', '战区': '瀚川战区', '片区': '墨汀片区', '状态': '待确认', '编号': '106', 'SourceID': 'NzY0MTE0MDA0MTE0MTU4NzEzODpyZWN2ZEp5UlJCaWdzTDo3ZTJmNjQ1OTc0NTk1YWUxMGUxYTRlOTcxMTkxZWM2Mjox', '事业群': '商用事业群', '创建人': '谢亦舟', '当前年': '2026', '当前月': '8', '食饮部': '0', '客户经理': '郑朔风', '层级级别': '客户经理', '工业健康': '0', '当前日期': '21', '楼宇办公': '1823785.92', '父级引用': '27', '经营主体': '星澜集团总部', '1季度比例': '25%', '2季度比例': '25%', '3季度比例': '25%', '4季度比例': '25%', '任务维护人': '郑朔风', '年度开单金额': '677096.298549', '总任务承接人': '郑朔风', '总任务达成率': '0.369013021102', '本月开单金额': '2240.48', '食饮部（万）': '0', '链接字段(勿删)': '商用事业群;瀚川战区;墨汀片区;郑朔风', '剩余分配百分比': '0', '工业健康（万）': '0', '当前月最后一天': '31', '总任务（金额）': '1834884.57', '战区总任务金额': '668500002.85', '楼宇办公（万）': '182.16', '本月当前目标阈值': '136559.139785', '本月总目标（万）': '15.198216', '食饮部待分配任务': '0', '健康-年度开单金额': '20936.96', '食饮-年度开单金额': '95976.32', '工业健康待分配任务': '0', '当前月份任务达成率': '0.014652562041', '本月开单金额（万）': '0.224052', '楼宇办公待分配任务': '1917786.36', '战区已分配金额-食饮': '104867690.4', '父级已审批金额-食饮': '104867690.4', '事业群剩余未分配金额': '-786984349.32', '截止当天累计目标阈值': '1672977.22126', '本月当前目标阈值 (万)': '13.655914', '楼宇办公-年度开单金额': '560182.502147', '片区已分配金额-食饮部': '2370921.52', '行业线已分配金额-食饮': '95748760.8', '战区下派片区总任务金额': '19722228.78', '截止当前目标阈值达成率': '0.404725354263', '健康-年度开单金额（万）': '2.093707', '年度阈值/开单差额（万）': '-99.588092', '战区已分配金额-工业健康': '36475718.4', '战区已分配金额-楼宇办公': '273567888', '月度阈值/开单差额（万）': '-13.431866', '父级已审批金额-工业健康': '36475718.4', '父级已审批金额-楼宇办公': '273567888', '片区已分配金额-工业健康': '5471357.76', '片区已分配金额-楼宇办公': '50154112.8', '片区父级已审批金额-食饮': '2370921.52', '食饮-年度开单金额（万）': '9.597673', '事业群下派战区总任务金额': '828042307.59', '总金额转换（以万为单位）': '182.16', '总额的待分配任务（金额）': '2902295.44', '客户经理已分配金额-食饮部': '0', '行业线已分配金额-工业健康': '9118929.6', '行业线已分配金额-楼宇办公': '27356788.8', '行业线父级已审批金额-食饮': '2370921.52', '截止当天累计目标阈值（万）': '167.297722', '片区下派客户经理总任务金额': '2820821.13', '客户经理已分配金额-工业健康': '0', '客户经理已分配金额-楼宇办公': '1823785.92', '楼宇办公-年度开单金额（万）': '56.018251', '片区父级已审批金额-工业健康': '5471357.76', '片区父级已审批金额-楼宇办公': '50154112.8', '客户经理父级已审批金额-食饮部': '0', '行业线父级已审批金额-工业健康': '5471357.76', '行业线父级已审批金额-楼宇办公': '50154112.8', '年度开单金额转换（以万为单位）': '67.70963', '客户经理父级已审批金额-工业健康': '0', '客户经理父级已审批金额-楼宇办公': '1823785.92'}",2026-08-21 17:02:20.979544,2026-08-21 17:02:20.979544,2026-08-21 17:02:20.979544
95,recvkB7JbqXPf2,"{'2601': '5054696.52', '2602': '4686637.82', '2603': '4775419.71', '2604': '2555034.26', '公式': '0.0000000826446280991735', '战区': '瀚川战区', '片区': '朔岑片区', '状态': '待确认', '编号': '108', 'SourceID': 'NzY0MTE0MDA0MTE0MTU4NzEzODpyZWN2ZEp5UlJCTDdnbTowYzMwMDZjMTZkNDQ1MjYyODQ5YjQ5ZTRhZmZkMDE4YTox', '事业群': '商用事业群', '创建人': '谢亦舟', '当前年': '2026', '当前月': '8', '食饮部': '195525.44', '客户经理': '谢怀川', '层级级别': '客户经理', '工业健康': '1857489.04', '当前日期': '21', '楼宇办公': '9776257.04', '父级引用': '27', '经营主体': '星澜集团总部', '1季度比例': '25%', '2季度比例': '25%', '3季度比例': '25%', '4季度比例': '25%', '任务维护人': '谢怀川', '年度开单金额': '1863685.360746', '总任务承接人': '谢怀川', '总任务达成率': '0.137737987958', '本月开单金额': '-29133.28', '食饮部（万）': '19.36', '链接字段(勿删)': '商用事业群;瀚川战区;朔岑片区;谢怀川', '剩余分配百分比': '0', '工业健康（万）': '185.68', '当前月最后一天': '31', '总任务（金额）': '13530656.2', '战区总任务金额': '942151774.57', '楼宇办公（万）': '977.68', '本月当前目标阈值': '826182.795699', '本月总目标（万）': '98.577255', '食饮部待分配任务': '308499.51', '健康-年度开单金额': '0', '食饮-年度开单金额': '44726', '工业健康待分配任务': '3004973.67', '当前月份任务达成率': '-0.025837576155', '本月开单金额（万）': '-2.913324', '楼宇办公待分配任务': '12674748.59', '战区已分配金额-食饮': '112426952', '父级已审批金额-食饮': '112426952', '事业群剩余未分配金额': '-829463169.62', '截止当天累计目标阈值': '10851109.281972', '本月当前目标阈值 (万)': '82.61828', '楼宇办公-年度开单金额': '1818958.986219', '片区已分配金额-食饮部': '2541826.32', '行业线已分配金额-食饮': '102650695.84', '战区下派片区总任务金额': '15006354.29', '截止当前目标阈值达成率': '0.171750676573', '健康-年度开单金额（万）': '0', '年度阈值/开单差额（万）': '-898.742392', '战区已分配金额-工业健康': '39105027.28', '战区已分配金额-楼宇办公': '293287701.52', '月度阈值/开单差额（万）': '-85.531608', '父级已审批金额-工业健康': '39105027.28', '父级已审批金额-楼宇办公': '293287701.52', '片区已分配金额-工业健康': '5865754.4', '片区已分配金额-楼宇办公': '53769412.4', '片区父级已审批金额-食饮': '2541826.32', '食饮-年度开单金额（万）': '4.472638', '事业群下派战区总任务金额': '913504750.33', '总金额转换（以万为单位）': '1182.72', '总额的待分配任务（金额）': '13154553.32', '客户经理已分配金额-食饮部': '195525.44', '行业线已分配金额-工业健康': '9776257.04', '行业线已分配金额-楼宇办公': '29328770.24', '行业线父级已审批金额-食饮': '2541826.32', '截止当天累计目标阈值（万）': '1085.110929', '片区下派客户经理总任务金额': '13069586.51', '客户经理已分配金额-工业健康': '1857489.04', '客户经理已分配金额-楼宇办公': '9776257.04', '楼宇办公-年度开单金额（万）': '181.895899', '片区父级已审批金额-工业健康': '5865754.4', '片区父级已审批金额-楼宇办公': '53769412.4', '客户经理父级已审批金额-食饮部': '195525.44', '行业线父级已审批金额-工业健康': '5865754.4', '行业线父级已审批金额-楼宇办公': '53769412.4', '年度开单金额转换（以万为单位）': '186.368536', '客户经理父级已审批金额-工业健康': '1857489.04', '客户经理父级已审批金额-楼宇办公': '9776257.04'}",2026-08-21 17:02:20.979544,2026-08-21 17:02:20.979544,2026-08-21 17:02:20.979544
96,recvkB7JbqEQA6,"{'2601': '3740190.64', '2602': '2512763.58', '2603': '2624137.5', '2604': '3343174.67', '公式': '0.000000109890109890109', '战区': '岚屿战区', '片区': '潮汀片区', '状态': '待确认', '编号': '109', 'SourceID': 'NzY0MTE0MDA0MTE0MTU4NzEzODpyZWN2ZEp5UlJCSWF4YTpkZTIwZTllNWZlZjYzZTdmMzRhOGI0Y2M0NGFmMjRjMjox', '事业群': '商用事业群', '创建人': '谢亦舟', '当前年': '2026', '当前月': '8', '食饮部': '46525.6', '客户经理': '邵屿青', '层级级别': '客户经理', '工业健康': '930504.08', '当前日期': '21', '楼宇办公': '7490557.36', '父级引用': '37', '经营主体': '星澜集团总部', '1季度比例': '25%', '2季度比例': '25%', '3季度比例': '25%', '4季度比例': '25%', '任务维护人': '傅屿青', '年度开单金额': '5410874.828208', '总任务承接人': '邵屿青', '总任务达成率': '0.445823724114', '本月开单金额': '829215.359333', '食饮部（万）': '4.4', '链接字段(勿删)': '商用事业群;岚屿战区;潮汀片区;邵屿青', '剩余分配百分比': '0', '工业健康（万）': '93.28', '当前月最后一天': '31', '总任务（金额）': '12136803.26', '战区总任务金额': '941350977.34', '楼宇办公（万）': '748.88', '本月当前目标阈值': '621344.086022', '本月总目标（万）': '70.563218', '食饮部待分配任务': '65740.28', '健康-年度开单金额': '27728.8', '食饮-年度开单金额': '138057.04', '工业健康待分配任务': '1273208.02', '当前月份任务达成率': '0.819868634172', '本月开单金额（万）': '82.921536', '楼宇办公待分配任务': '7345599.99', '战区已分配金额-食饮': '107007956.88', '父级已审批金额-食饮': '107007956.88', '事业群剩余未分配金额': '-767459586.49', '截止当天累计目标阈值': '7767402.198576', '本月当前目标阈值 (万)': '62.134409', '楼宇办公-年度开单金额': '5245088.796234', '片区已分配金额-食饮部': '2419310.08', '行业线已分配金额-食饮': '97702916.96', '战区下派片区总任务金额': '17425289', '截止当前目标阈值达成率': '0.696613190598', '健康-年度开单金额（万）': '2.772902', '年度阈值/开单差额（万）': '-235.652737', '战区已分配金额-工业健康': '37220158.8', '战区已分配金额-楼宇办公': '279151192.32', '月度阈值/开单差额（万）': '20.787127', '父级已审批金额-工业健康': '37220158.8', '父级已审批金额-楼宇办公': '279151192.32', '片区已分配金额-工业健康': '8746737.12', '片区已分配金额-楼宇办公': '65135278.56', '片区父级已审批金额-食饮': '2419310.08', '食饮-年度开单金额（万）': '13.805701', '事业群下派战区总任务金额': '598949541.24', '总金额转换（以万为单位）': '846.56', '总额的待分配任务（金额）': '11047234.7', '客户经理已分配金额-食饮部': '186100.64', '行业线已分配金额-工业健康': '9305039.92', '行业线已分配金额-楼宇办公': '27915118.88', '行业线父级已审批金额-食饮': '2419310.08', '截止当天累计目标阈值（万）': '776.740219', '片区下派客户经理总任务金额': '36470295.36', '客户经理已分配金额-工业健康': '2977612.88', '客户经理已分配金额-楼宇办公': '23355649.68', '楼宇办公-年度开单金额（万）': '524.50888', '片区父级已审批金额-工业健康': '8746737.12', '片区父级已审批金额-楼宇办公': '65135278.56', '客户经理父级已审批金额-食饮部': '186100.64', '行业线父级已审批金额-工业健康': '8746737.12', '行业线父级已审批金额-楼宇办公': '65135278.56', '年度开单金额转换（以万为单位）': '541.087483', '客户经理父级已审批金额-工业健康': '2977612.88', '客户经理父级已审批金额-楼宇办公': '23355649.68'}",2026-08-21 17:02:20.979544,2026-08-21 17:02:20.979544,2026-08-21 17:02:20.979544
97,recvkB7JbqBlZP,"{'2601': '1025169.4', '2602': '1146456.94', '2603': '1972539.87', '2604': '2338497.99', '公式': '0.000000178571428571428', '战区': '岚屿战区', '片区': '潮汀片区', '状态': '待确认', '编号': '110', 'SourceID': 'NzY0MTE0MDA0MTE0MTU4NzEzODpyZWN2ZEp5UlJCNTdGRjo5MjA0NzlkNWM4OWM1NGFmNWRkMzg5MzgzZjE0MGY1MDox', '事业群': '商用事业群', '创建人': '谢亦舟', '当前年': '2026', '当前月': '8', '食饮部': '32084.8', '客户经理': '苏屿青', '层级级别': '客户经理', '工业健康': '1764685.12', '当前日期': '21', '楼宇办公': '2695154.88', '父级引用': '32', '经营主体': '星澜集团总部', '1季度比例': '25%', '2季度比例': '25%', '3季度比例': '25%', '4季度比例': '25%', '任务维护人': '傅屿青', '年度开单金额': '3009324.776926', '总任务承接人': '苏屿青', '总任务达成率': '0.376327055535', '本月开单金额': '204740.8', '食饮部（万）': '3.52', '链接字段(勿删)': '商用事业群;岚屿战区;潮汀片区;苏屿青', '剩余分配百分比': '0', '工业健康（万）': '176.88', '当前月最后一天': '31', '总任务（金额）': '7996567.7', '战区总任务金额': '594780634.16', '楼宇办公（万）': '269.28', '本月当前目标阈值': '382365.591398', '本月总目标（万）': '37.432707', '食饮部待分配任务': '46200.06', '健康-年度开单金额': '0', '食饮-年度开单金额': '35218.48', '工业健康待分配任务': '2001373.95', '当前月份任务达成率': '0.307243018777', '本月开单金额（万）': '20.474113', '楼宇办公待分配任务': '3559929.38', '战区已分配金额-食饮': '92244884.16', '父级已审批金额-食饮': '92244884.16', '事业群剩余未分配金额': '-661579033.71', '截止当天累计目标阈值': '4120487.929864', '本月当前目标阈值 (万)': '38.236559', '楼宇办公-年度开单金额': '2974106.482236', '片区已分配金额-食饮部': '2085536.64', '行业线已分配金额-食饮': '84223590', '战区下派片区总任务金额': '22235857.23', '截止当前目标阈值达成率': '0.730332142248', '健康-年度开单金额（万）': '0', '年度阈值/开单差额（万）': '-111.116315', '战区已分配金额-工业健康': '32085177.52', '战区已分配金额-楼宇办公': '240638828.32', '月度阈值/开单差额（万）': '-17.762479', '父级已审批金额-工业健康': '32085177.52', '父级已审批金额-楼宇办公': '240638828.32', '片区已分配金额-工业健康': '7540016.88', '片区已分配金额-楼宇办公': '56149060', '片区父级已审批金额-食饮': '2085536.64', '食饮-年度开单金额（万）': '3.52183', '事业群下派战区总任务金额': '611072191.62', '总金额转换（以万为单位）': '448.8', '总额的待分配任务（金额）': '7766309.08', '客户经理已分配金额-食饮部': '160425.76', '行业线已分配金额-工业健康': '8021294.16', '行业线已分配金额-楼宇办公': '24063882.48', '行业线父级已审批金额-食饮': '2085536.64', '截止当天累计目标阈值（万）': '412.048792', '片区下派客户经理总任务金额': '38608934.72', '客户经理已分配金额-工业健康': '2566813.92', '客户经理已分配金额-楼宇办公': '20133448.72', '楼宇办公-年度开单金额（万）': '297.410648', '片区父级已审批金额-工业健康': '7540016.88', '片区父级已审批金额-楼宇办公': '56149060', '客户经理父级已审批金额-食饮部': '160425.76', '行业线父级已审批金额-工业健康': '7540016.88', '行业线父级已审批金额-楼宇办公': '56149060', '年度开单金额转换（以万为单位）': '300.932478', '客户经理父级已审批金额-工业健康': '2566813.92', '客户经理父级已审批金额-楼宇办公': '20133448.72'}",2026-08-21 17:02:20.979544,2026-08-21 17:02:20.979544,2026-08-21 17:02:20.979544
98,recvkB7Jbq3oIX,"{'2601': '758424.95', '2602': '1113552.51', '2603': '988258.12', '2604': '1318727.36', '公式': '0.000000333333333333333', '战区': '岚屿战区', '片区': '潮汀片区', '状态': '待确认', '编号': '111', 'SourceID': 'NzY0MTE0MDA0MTE0MTU4NzEzODpyZWN2ZEp5UlJCRzVnOTplZWY4MGVlMjVmMTI5MTU4ZTBjNTQ4NmU5MDJlMGFlYjox', '事业群': '商用事业群', '创建人': '谢亦舟', '当前年': '2026', '当前月': '8', '食饮部': '28956.4', '客户经理': '池屿青', '层级级别': '客户经理', '工业健康': '0', '当前日期': '21', '楼宇办公': '2866702.96', '父级引用': '38', '经营主体': '星澜集团总部', '1季度比例': '25%', '2季度比例': '25%', '3季度比例': '25%', '4季度比例': '25%', '任务维护人': '傅屿青', '年度开单金额': '1464658.315938', '总任务承接人': '池屿青', '总任务达成率': '0.307796382936', '本月开单金额': '308681.12', '食饮部（万）': '2.64', '链接字段(勿删)': '商用事业群;岚屿战区;潮汀片区;池屿青', '剩余分配百分比': '0', '工业健康（万）': '0', '当前月最后一天': '31', '总任务（金额）': '4758529.98', '战区总任务金额': '906217030.59', '楼宇办公（万）': '286.88', '本月当前目标阈值': '204838.709677', '本月总目标（万）': '23.76', '食饮部待分配任务': '47045.88', '健康-年度开单金额': '0', '食饮-年度开单金额': '124431.12', '工业健康待分配任务': '0', '当前月份任务达成率': '0.778428097662', '本月开单金额（万）': '30.868115', '楼宇办公待分配任务': '4135459.09', '战区已分配金额-食饮': '111000275.76', '父级已审批金额-食饮': '111000275.76', '事业群剩余未分配金额': '-796092440.07', '截止当天累计目标阈值': '2656217.539946', '本月当前目标阈值 (万)': '20.483871', '楼宇办公-年度开单金额': '1340227.007139', '片区已分配金额-食饮部': '2509571.68', '行业线已分配金额-食饮': '101348077.6', '战区下派片区总任务金额': '22105264.4', '截止当前目标阈值达成率': '0.551407516106', '健康-年度开单金额（万）': '0', '年度阈值/开单差额（万）': '-119.155922', '战区已分配金额-工业健康': '38608791.76', '战区已分配金额-楼宇办公': '289565936', '月度阈值/开单差额（万）': '10.384241', '父级已审批金额-工业健康': '38608791.76', '父级已审批金额-楼宇办公': '289565936', '片区已分配金额-工业健康': '9073065.76', '片区已分配金额-楼宇办公': '67565385.36', '片区父级已审批金额-食饮': '2509571.68', '食饮-年度开单金额（万）': '12.44313', '事业群下派战区总任务金额': '621425601.19', '总金额转换（以万为单位）': '289.52', '总额的待分配任务（金额）': '4300179.36', '客户经理已分配金额-食饮部': '193043.84', '行业线已分配金额-工业健康': '9652198.16', '行业线已分配金额-楼宇办公': '28956593.6', '行业线父级已审批金额-食饮': '2509571.68', '截止当天累计目标阈值（万）': '265.621753', '片区下派客户经理总任务金额': '45080847.1', '客户经理已分配金额-工业健康': '3088703.2', '客户经理已分配金额-楼宇办公': '24227016.88', '楼宇办公-年度开单金额（万）': '134.022701', '片区父级已审批金额-工业健康': '9073065.76', '片区父级已审批金额-楼宇办公': '67565385.36', '客户经理父级已审批金额-食饮部': '193043.84', '行业线父级已审批金额-工业健康': '9073065.76', '行业线父级已审批金额-楼宇办公': '67565385.36', '年度开单金额转换（以万为单位）': '146.465832', '客户经理父级已审批金额-工业健康': '3088703.2', '客户经理父级已审批金额-楼宇办公': '24227016.88'}",2026-08-21 17:02:20.979544,2026-08-21 17:02:20.979544,2026-08-21 17:02:20.979544
99,recvkB7Jbq5V60,"{'2601': '2118772.75', '2602': '1517149.62', '2603': '961570.34', '2604': '1561771.07', '公式': '0.000000212765957446808', '战区': '岚屿战区', '片区': '潮汀片区', '状态': '待确认', '编号': '112', 'SourceID': 'NzY0MTE0MDA0MTE0MTU4NzEzODpyZWN2ZEp5UlJCcFN1Tjo4NWRjNDhiMWVmNzBlYTVjZGQzMGZkNjg0Yzk4ZDcyOTox', '事业群': '商用事业群', '创建人': '谢亦舟', '当前年': '2026', '当前月': '8', '食饮部': '45402.72', '客户经理': '卫亦舟', '层级级别': '客户经理', '工业健康': '0', '当前日期': '21', '楼宇办公': '4222433.6', '父级引用': '36', '经营主体': '星澜集团总部', '1季度比例': '25%', '2季度比例': '25%', '3季度比例': '25%', '4季度比例': '25%', '任务维护人': '傅屿青', '年度开单金额': '2529208.783079', '总任务承接人': '卫亦舟', '总任务达成率': '0.546655750624', '本月开单金额': '152015.6', '食饮部（万）': '4.4', '链接字段(勿删)': '商用事业群;岚屿战区;潮汀片区;卫亦舟', '剩余分配百分比': '0', '工业健康（万）': '0', '当前月最后一天': '31', '总任务（金额）': '4626693.82', '战区总任务金额': '703705061.98', '楼宇办公（万）': '422.4', '本月当前目标阈值': '320913.978495', '本月总目标（万）': '35.565303', '食饮部待分配任务': '59742.07', '健康-年度开单金额': '0', '食饮-年度开单金额': '11894.08', '工业健康待分配任务': '0', '当前月份任务达成率': '0.394274458386', '本月开单金额（万）': '15.201579', '楼宇办公待分配任务': '6686011.52', '战区已分配金额-食饮': '104425782.56', '父级已审批金额-食饮': '104425782.56', '事业群剩余未分配金额': '-748940266.15', '截止当天累计目标阈值': '3914929.30674', '本月当前目标阈值 (万)': '32.091398', '楼宇办公-年度开单金额': '2517315.1405', '片区已分配金额-食饮部': '2360930.88', '行业线已分配金额-食饮': '95345279.92', '战区下派片区总任务金额': '18665061.73', '截止当前目标阈值达成率': '0.646042006103', '健康-年度开单金额（万）': '0', '年度阈值/开单差额（万）': '-138.572052', '战区已分配金额-工业健康': '36322011.44', '战区已分配金额-楼宇办公': '272415084.48', '月度阈值/开单差额（万）': '-16.889838', '父级已审批金额-工业健康': '36322011.44', '父级已审批金额-楼宇办公': '272415084.48', '片区已分配金额-工业健康': '8535672.64', '片区已分配金额-楼宇办公': '63563519.36', '片区父级已审批金额-食饮': '2360930.88', '食饮-年度开单金额（万）': '1.189364', '事业群下派战区总任务金额': '921620182.41', '总金额转换（以万为单位）': '426.8', '总额的待分配任务（金额）': '4427134.91', '客户经理已分配金额-食饮部': '181610', '行业线已分配金额-工业健康': '9080502.64', '行业线已分配金额-楼宇办公': '27241508.8', '行业线父级已审批金额-食饮': '2360930.88', '截止当天累计目标阈值（万）': '391.492931', '片区下派客户经理总任务金额': '26198277.55', '客户经理已分配金额-工业健康': '2905760.88', '客户经理已分配金额-楼宇办公': '22792062.48', '楼宇办公-年度开单金额（万）': '251.731514', '片区父级已审批金额-工业健康': '8535672.64', '片区父级已审批金额-楼宇办公': '63563519.36', '客户经理父级已审批金额-食饮部': '181610', '行业线父级已审批金额-工业健康': '8535672.64', '行业线父级已审批金额-楼宇办公': '63563519.36', '年度开单金额转换（以万为单位）': '252.920878', '客户经理父级已审批金额-工业健康': '2905760.88', '客户经理父级已审批金额-楼宇办公': '22792062.48'}",2026-08-21 17:02:20.979544,2026-08-21 17:02:20.979544,2026-08-21 17:02:20.979544
100,recvkB7JbqEpfz,"{'2601': '695111.64', '2602': '1304034.73', '2603': '1369204.78', '2604': '1297443.43', '公式': '0.000000303030303030303', '战区': '岚屿战区', '片区': '潮汀片区', '状态': '待确认', '编号': '113', 'SourceID': 'NzY0MTE0MDA0MTE0MTU4NzEzODpyZWN2ZEp5UlJCclJvYzo2NzA1NjVkNzY2MzU0OWE2MWQ5ODcyYTkwZDVjMmNhOTox', '事业群': '商用事业群', '创建人': '谢亦舟', '当前年': '2026', '当前月': '8', '食饮部': '29391.12', '客户经理': '岳屿青', '层级级别': '客户经理', '工业健康': '0', '当前日期': '21', '楼宇办公': '3203600.4', '父级引用': '39', '经营主体': '星澜集团总部', '1季度比例': '25%', '2季度比例': '25%', '3季度比例': '25%', '4季度比例': '25%', '任务维护人': '傅屿青', '年度开单金额': '2088868.738803', '总任务承接人': '岳屿青', '总任务达成率': '0.494089513585', '本月开单金额': '19662.72', '食饮部（万）': '2.64', '链接字段(勿删)': '商用事业群;岚屿战区;潮汀片区;岳屿青', '剩余分配百分比': '0', '工业健康（万）': '0', '当前月最后一天': '31', '总任务（金额）': '4227713.16', '战区总任务金额': '772606225.93', '楼宇办公（万）': '320.32', '本月当前目标阈值': '225322.580645', '本月总目标（万）': '26.941596', '食饮部待分配任务': '28924.25', '健康-年度开单金额': '0', '食饮-年度开单金额': '6378.24', '工业健康待分配任务': '0', '当前月份任务达成率': '0.055810938697', '本月开单金额（万）': '1.966246', '楼宇办公待分配任务': '3462207.96', '战区已分配金额-食饮': '112664855.6', '父级已审批金额-食饮': '112664855.6', '事业群剩余未分配金额': '-808030788.05', '截止当天累计目标阈值': '2965655.733042', '本月当前目标阈值 (万)': '22.532258', '楼宇办公-年度开单金额': '2082490.92826', '片区已分配金额-食饮部': '2547205.76', '行业线已分配金额-食饮': '102867912.4', '战区下派片区总任务金额': '23905311.6', '截止当前目标阈值达成率': '0.704353076296', '健康-年度开单金额（万）': '0', '年度阈值/开单差额（万）': '-87.678699', '战区已分配金额-工业健康': '39187776.32', '战区已分配金额-楼宇办公': '293908319.76', '月度阈值/开单差额（万）': '-20.565986', '父级已审批金额-工业健康': '39187776.32', '父级已审批金额-楼宇办公': '293908319.76', '片区已分配金额-工业健康': '9209126.96', '片区已分配金额-楼宇办公': '68578607.68', '片区父级已审批金额-食饮': '2547205.76', '食饮-年度开单金额（万）': '0.637781', '事业群下派战区总任务金额': '745883797.79', '总金额转换（以万为单位）': '322.96', '总额的待分配任务（金额）': '5081413.51', '客户经理已分配金额-食饮部': '195939.04', '行业线已分配金额-工业健康': '9796944.08', '行业线已分配金额-楼宇办公': '29390832.24', '行业线父级已审批金额-食饮': '2547205.76', '截止当天累计目标阈值（万）': '296.565573', '片区下派客户经理总任务金额': '36220119.33', '客户经理已分配金额-工业健康': '3135022', '客户经理已分配金额-楼宇办公': '24590329.28', '楼宇办公-年度开单金额（万）': '208.249092', '片区父级已审批金额-工业健康': '9209126.96', '片区父级已审批金额-楼宇办公': '68578607.68', '客户经理父级已审批金额-食饮部': '195939.04', '行业线父级已审批金额-工业健康': '9209126.96', '行业线父级已审批金额-楼宇办公': '68578607.68', '年度开单金额转换（以万为单位）': '208.886874', '客户经理父级已审批金额-工业健康': '3135022', '客户经理父级已审批金额-楼宇办公': '24590329.28'}",2026-08-21 17:02:20.979544,2026-08-21 17:02:20.979544,2026-08-21 17:02:20.979544
101,recvkB7JbqLSnG,"{'2601': '1045624.02', '2602': '1229989.92', '2603': '1080185.8', '2604': '597301.32', '公式': '0.000000357142857142857', '战区': '岚屿战区', '片区': '潮汀片区', '状态': '待确认', '编号': '114', 'SourceID': 'NzY0MTE0MDA0MTE0MTU4NzEzODpyZWN2ZEp5UlJCYUZnRTpmNzc5ZmUzOGE3MGUyODA3Y2M0NGRkNWZmYzVlNGJlMzox', '事业群': '商用事业群', '创建人': '谢亦舟', '当前年': '2026', '当前月': '8', '食饮部': '0', '客户经理': '傅屿青', '层级级别': '客户经理', '工业健康': '0', '当前日期': '21', '楼宇办公': '2739156.64', '父级引用': '39', '经营主体': '星澜集团总部', '1季度比例': '25%', '2季度比例': '25%', '3季度比例': '25%', '4季度比例': '25%', '任务维护人': '傅屿青', '年度开单金额': '21746.56', '总任务承接人': '傅屿青', '总任务达成率': '0.005260505124', '本月开单金额': '0', '食饮部（万）': '0', '链接字段(勿删)': '商用事业群;岚屿战区;潮汀片区;傅屿青', '剩余分配百分比': '0', '工业健康（万）': '0', '当前月最后一天': '31', '总任务（金额）': '4133930.01', '战区总任务金额': '697967193.09', '楼宇办公（万）': '273.68', '本月当前目标阈值': '191182.795699', '本月总目标（万）': '22.826305', '食饮部待分配任务': '0', '健康-年度开单金额': '0', '食饮-年度开单金额': '0', '工业健康待分配任务': '0', '当前月份任务达成率': '0', '本月开单金额（万）': '0', '楼宇办公待分配任务': '2755972.39', '战区已分配金额-食饮': '112501076.16', '父级已审批金额-食饮': '112501076.16', '事业群剩余未分配金额': '-806856162.51', '截止当天累计目标阈值': '2512656.01622', '本月当前目标阈值 (万)': '19.11828', '楼宇办公-年度开单金额': '21746.56', '片区已分配金额-食饮部': '2543502.72', '行业线已分配金额-食饮': '102718374', '战区下派片区总任务金额': '15650716.73', '截止当前目标阈值达成率': '0.008654809835', '健康-年度开单金额（万）': '0', '年度阈值/开单差额（万）': '-249.090946', '战区已分配金额-工业健康': '39130809.52', '战区已分配金额-楼宇办公': '293481068.32', '月度阈值/开单差额（万）': '-19.11828', '父级已审批金额-工业健康': '39130809.52', '父级已审批金额-楼宇办公': '293481068.32', '片区已分配金额-工业健康': '9195740.4', '片区已分配金额-楼宇办公': '68478916', '片区父级已审批金额-食饮': '2543502.72', '食饮-年度开单金额（万）': '0', '事业群下派战区总任务金额': '653415214.63', '总金额转换（以万为单位）': '273.68', '总额的待分配任务（金额）': '3696635.99', '客户经理已分配金额-食饮部': '195653.92', '行业线已分配金额-工业健康': '9782702.16', '行业线已分配金额-楼宇办公': '29348106.48', '行业线父级已审批金额-食饮': '2543502.72', '截止当天累计目标阈值（万）': '251.265601', '片区下派客户经理总任务金额': '43186362.7', '客户经理已分配金额-工业健康': '3130464.48', '客户经理已分配金额-楼宇办公': '24554582.8', '楼宇办公-年度开单金额（万）': '2.174695', '片区父级已审批金额-工业健康': '9195740.4', '片区父级已审批金额-楼宇办公': '68478916', '客户经理父级已审批金额-食饮部': '195653.92', '行业线父级已审批金额-工业健康': '9195740.4', '行业线父级已审批金额-楼宇办公': '68478916', '年度开单金额转换（以万为单位）': '2.174695', '客户经理父级已审批金额-工业健康': '3130464.48', '客户经理父级已审批金额-楼宇办公': '24554582.8'}",2026-08-21 17:02:20.979544,2026-08-21 17:02:20.979544,2026-08-21 17:02:20.979544
102,recvkB7Jbqpzjv,"{'2601': '610443.28', '2602': '609887.02', '2603': '766284.98', '2604': '447612.77', '公式': '0.0000005', '战区': '岚屿战区', '片区': '食饮', '状态': '待确认', '编号': '115', 'SourceID': 'NzY0MTE0MDA0MTE0MTU4NzEzODpyZWN2ZEp5UlJCY3pVRTozYThlM2U0Y2FkNjQ2ODg1MWQxNzliMGYyOWQ1MTZiNTox', '事业群': '商用事业群', '创建人': '谢亦舟', '当前年': '2026', '当前月': '8', '食饮部': '1686709.2', '客户经理': '岳怀川', '层级级别': '客户经理', '工业健康': '0', '当前日期': '21', '楼宇办公': '0', '父级引用': '39', '经营主体': '星澜集团总部', '1季度比例': '25%', '2季度比例': '25%', '3季度比例': '25%', '4季度比例': '25%', '任务维护人': '岳怀川', '年度开单金额': '409792.493971', '总任务承接人': '岳怀川', '总任务达成率': '0.190473052241', '本月开单金额': '27104.74216', '食饮部（万）': '168.96', '链接字段(勿删)': '商用事业群;岚屿战区;食饮;岳怀川', '剩余分配百分比': '0', '工业健康（万）': '0', '当前月最后一天': '31', '总任务（金额）': '2151446.04', '战区总任务金额': '587074360.52', '楼宇办公（万）': '0', '本月当前目标阈值': '136559.139785', '本月总目标（万）': '14.05591', '食饮部待分配任务': '2195739.83', '健康-年度开单金额': '0', '食饮-年度开单金额': '405967.037505', '工业健康待分配任务': '0', '当前月份任务达成率': '0.151180601267', '本月开单金额（万）': '2.710474', '楼宇办公待分配任务': '0', '战区已分配金额-食饮': '96985778.56', '父级已审批金额-食饮': '96985778.56', '事业群剩余未分配金额': '-727834186.95', '截止当天累计目标阈值': '1547235.363288', '本月当前目标阈值 (万)': '13.655914', '楼宇办公-年度开单金额': '3825.36', '片区已分配金额-食饮部': '2192722.4', '行业线已分配金额-食饮': '88552233.44', '战区下派片区总任务金额': '17875330.01', '截止当前目标阈值达成率': '0.264854658635', '健康-年度开单金额（万）': '0', '年度阈值/开单差额（万）': '-113.744287', '战区已分配金额-工业健康': '33734184', '战区已分配金额-楼宇办公': '253006380', '月度阈值/开单差额（万）': '-10.94544', '父级已审批金额-工业健康': '33734184', '父级已审批金额-楼宇办公': '253006380', '片区已分配金额-工业健康': '7927532.8', '片区已分配金额-楼宇办公': '59034822', '片区父级已审批金额-食饮': '2192722.4', '食饮-年度开单金额（万）': '40.596704', '事业群下派战区总任务金额': '536399632.05', '总金额转换（以万为单位）': '168.96', '总额的待分配任务（金额）': '2488835.51', '客户经理已分配金额-食饮部': '1686709.2', '行业线已分配金额-工业健康': '8433546', '行业线已分配金额-楼宇办公': '25300638', '行业线父级已审批金额-食饮': '2192722.4', '截止当天累计目标阈值（万）': '154.723536', '片区下派客户经理总任务金额': '2292396.99', '客户经理已分配金额-工业健康': '0', '客户经理已分配金额-楼宇办公': '0', '楼宇办公-年度开单金额（万）': '0.382546', '片区父级已审批金额-工业健康': '7927532.8', '片区父级已审批金额-楼宇办公': '59034822', '客户经理父级已审批金额-食饮部': '1686709.2', '行业线父级已审批金额-工业健康': '7927532.8', '行业线父级已审批金额-楼宇办公': '59034822', '年度开单金额转换（以万为单位）': '40.97925', '客户经理父级已审批金额-工业健康': '0', '客户经理父级已审批金额-楼宇办公': '0'}",2026-08-21 17:02:20.979544,2026-08-21 17:02:20.979544,2026-08-21 17:02:20.979544
103,recvkB7JbqXjzi,"{'2601': '673790.88', '2602': '1205524.64', '2603': '669085.53', '2604': '1146822.7', '公式': '0.000000285714285714285', '战区': '岚屿战区', '片区': '桂屿片区', '状态': '待确认', '编号': '116', 'SourceID': 'NzY0MTE0MDA0MTE0MTU4NzEzODpyZWN2ZEp5UlJCY2FxSDo3OWU0YTE5NDU5OTExYTIwNjkwMDI4MjRhMGE2M2VjNTox', '事业群': '商用事业群', '创建人': '谢亦舟', '当前年': '2026', '当前月': '8', '食饮部': '14630.88', '客户经理': '温怀川', '层级级别': '客户经理', '工业健康': '219468.48', '当前日期': '21', '楼宇办公': '2326369.76', '父级引用': '31', '经营主体': '星澜集团总部', '1季度比例': '25%', '2季度比例': '25%', '3季度比例': '25%', '4季度比例': '25%', '任务维护人': '沈既白', '年度开单金额': '781388.893727', '总任务承接人': '温怀川', '总任务达成率': '0.152916301949', '本月开单金额': '40989.52', '食饮部（万）': '1.76', '链接字段(勿删)': '商用事业群;岚屿战区;桂屿片区;温怀川', '剩余分配百分比': '0', '工业健康（万）': '22', '当前月最后一天': '31', '总任务（金额）': '5109912.31', '战区总任务金额': '918234608.79', '楼宇办公（万）': '232.32', '本月当前目标阈值': '238978.494624', '本月总目标（万）': '21.33725', '食饮部待分配任务': '27212.29', '健康-年度开单金额': '0', '食饮-年度开单金额': '45690.145971', '工业健康待分配任务': '312630.82', '当前月份任务达成率': '0.096258841671', '本月开单金额（万）': '4.098947', '楼宇办公待分配任务': '3077184.6', '战区已分配金额-食饮': '84129728.32', '父级已审批金额-食饮': '84129728.32', '事业群剩余未分配金额': '-612879253.03', '截止当天累计目标阈值': '2348744.958904', '本月当前目标阈值 (万)': '23.897849', '楼宇办公-年度开单金额': '735698.747756', '片区已分配金额-食饮部': '1902063.68', '行业线已分配金额-食饮': '76814100', '战区下派片区总任务金额': '24971316.58', '截止当前目标阈值达成率': '0.332683585233', '健康-年度开单金额（万）': '0', '年度阈值/开单差额（万）': '-156.735607', '战区已分配金额-工业健康': '29262514.16', '战区已分配金额-楼宇办公': '219468857.52', '月度阈值/开单差额（万）': '-19.798897', '父级已审批金额-工业健康': '29262514.16', '父级已审批金额-楼宇办公': '219468857.52', '片区已分配金额-工业健康': '6876690.48', '片区已分配金额-楼宇办公': '51209400', '片区父级已审批金额-食饮': '1902063.68', '食饮-年度开单金额（万）': '4.569015', '事业群下派战区总任务金额': '550107678.04', '总金额转换（以万为单位）': '256.08', '总额的待分配任务（金额）': '3279463.85', '客户经理已分配金额-食饮部': '73156.16', '行业线已分配金额-工业健康': '7315628.32', '行业线已分配金额-楼宇办公': '21946885.84', '行业线父级已审批金额-食饮': '1902063.68', '截止当天累计目标阈值（万）': '234.874496', '片区下派客户经理总任务金额': '30715600.24', '客户经理已分配金额-工业健康': '1682594.32', '客户经理已分配金额-楼宇办公': '12509724.48', '楼宇办公-年度开单金额（万）': '73.569874', '片区父级已审批金额-工业健康': '6876690.48', '片区父级已审批金额-楼宇办公': '51209400', '客户经理父级已审批金额-食饮部': '73156.16', '行业线父级已审批金额-工业健康': '6876690.48', '行业线父级已审批金额-楼宇办公': '51209400', '年度开单金额转换（以万为单位）': '78.138889', '客户经理父级已审批金额-工业健康': '1682594.32', '客户经理父级已审批金额-楼宇办公': '12509724.48'}",2026-08-21 17:02:20.979544,2026-08-21 17:02:20.979544,2026-08-21 17:02:20.979544
104,recvkB7JbqCSB2,"{'2601': '1534788.65', '2602': '1305848.29', '2603': '906287.24', '2604': '657767.29', '公式': '0.000000277777777777777', '战区': '岚屿战区', '片区': '桂屿片区', '状态': '待确认', '编号': '117', 'SourceID': 'NzY0MTE0MDA0MTE0MTU4NzEzODpyZWN2ZEp5UlJCZFVzMTo0ZmNjMmJkYWQxYmYzY2UzNDA5ZmE0NmNkY2ViYmViMzox', '事业群': '商用事业群', '创建人': '谢亦舟', '当前年': '2026', '当前月': '8', '食饮部': '16955.84', '客户经理': '郑亦舟', '层级级别': '客户经理', '工业健康': '423898.64', '当前日期': '21', '楼宇办公': '2611215.2', '父级引用': '36', '经营主体': '星澜集团总部', '1季度比例': '25%', '2季度比例': '25%', '3季度比例': '25%', '4季度比例': '25%', '任务维护人': '沈既白', '年度开单金额': '1880104.383831', '总任务承接人': '郑亦舟', '总任务达成率': '0.354227928696', '本月开单金额': '168656.4', '食饮部（万）': '1.76', '链接字段(勿删)': '商用事业群;岚屿战区;桂屿片区;郑亦舟', '剩余分配百分比': '0', '工业健康（万）': '42.24', '当前月最后一天': '31', '总任务（金额）': '5307611.94', '战区总任务金额': '579053354.21', '楼宇办公（万）': '261.36', '本月当前目标阈值': '245806.451613', '本月总目标（万）': '25.52', '食饮部待分配任务': '19231.61', '健康-年度开单金额': '111604.24', '食饮-年度开单金额': '68887.332171', '工业健康待分配任务': '584023.47', '当前月份任务达成率': '0.381315895525', '本月开单金额（万）': '16.865652', '楼宇办公待分配任务': '3477027.59', '战区已分配金额-食饮': '97496670.48', '父级已审批金额-食饮': '97496670.48', '事业群剩余未分配金额': '-710256499.22', '截止当天累计目标阈值': '2799694.30422', '本月当前目标阈值 (万)': '24.580645', '楼宇办公-年度开单金额': '1699613.037028', '片区已分配金额-食饮部': '2204272.4', '行业线已分配金额-食饮': '89018698.56', '战区下派片区总任务金额': '15675742.08', '截止当前目标阈值达成率': '0.671539168043', '健康-年度开单金额（万）': '11.160401', '年度阈值/开单差额（万）': '-91.958992', '战区已分配金额-工业健康': '33911885.04', '战区已分配金额-楼宇办公': '254339140', '月度阈值/开单差额（万）': '-7.715005', '父级已审批金额-工业健康': '33911885.04', '父级已审批金额-楼宇办公': '254339140', '片区已分配金额-工业健康': '7969293.2', '片区已分配金额-楼宇办公': '59345799.04', '片区父级已审批金额-食饮': '2204272.4', '食饮-年度开单金额（万）': '6.888733', '事业群下派战区总任务金额': '887006983.92', '总金额转换（以万为单位）': '305.36', '总额的待分配任务（金额）': '3649089.73', '客户经理已分配金额-食饮部': '84780.08', '行业线已分配金额-工业健康': '8477971.04', '行业线已分配金额-楼宇办公': '25433914', '行业线父级已审批金额-食饮': '2204272.4', '截止当天累计目标阈值（万）': '279.96943', '片区下派客户经理总任务金额': '24559205.39', '客户经理已分配金额-工业健康': '1949933.04', '客户经理已分配金额-楼宇办公': '14497331.2', '楼宇办公-年度开单金额（万）': '169.961304', '片区父级已审批金额-工业健康': '7969293.2', '片区父级已审批金额-楼宇办公': '59345799.04', '客户经理父级已审批金额-食饮部': '84780.08', '行业线父级已审批金额-工业健康': '7969293.2', '行业线父级已审批金额-楼宇办公': '59345799.04', '年度开单金额转换（以万为单位）': '188.010438', '客户经理父级已审批金额-工业健康': '1949933.04', '客户经理父级已审批金额-楼宇办公': '14497331.2'}",2026-08-21 17:02:20.979544,2026-08-21 17:02:20.979544,2026-08-21 17:02:20.979544
105,recvkB7JbqvkrS,"{'2601': '1402501.64', '2602': '1176540.7', '2603': '867742.74', '2604': '1084322.19', '公式': '0.000000303030303030303', '战区': '岚屿战区', '片区': '桂屿片区', '状态': '待确认', '编号': '118', 'SourceID': 'NzY0MTE0MDA0MTE0MTU4NzEzODpyZWN2ZEp5UlJCRk1HYjpiNWQ2NDFhMDVmOTcxNWRjZjVlNTNmZGQzY2QwZjYxOTox', '事业群': '商用事业群', '创建人': '谢亦舟', '当前年': '2026', '当前月': '8', '食饮部': '19028.24', '客户经理': '沈怀川', '层级级别': '客户经理', '工业健康': '475706.88', '当前日期': '21', '楼宇办公': '2644929.76', '父级引用': '40', '经营主体': '星澜集团总部', '1季度比例': '25%', '2季度比例': '25%', '3季度比例': '25%', '4季度比例': '25%', '任务维护人': '沈既白', '年度开单金额': '1498594.24', '总任务承接人': '沈怀川', '总任务达成率': '0.392115870209', '本月开单金额': '10579.36', '食饮部（万）': '1.76', '链接字段(勿删)': '商用事业群;岚屿战区;桂屿片区;沈怀川', '剩余分配百分比': '0', '工业健康（万）': '47.52', '当前月最后一天': '31', '总任务（金额）': '3821814.81', '战区总任务金额': '675428287.19', '楼宇办公（万）': '264.88', '本月当前目标阈值': '225322.580645', '本月总目标（万）': '26.163874', '食饮部待分配任务': '23945.85', '健康-年度开单金额': '0', '食饮-年度开单金额': '0', '工业健康待分配任务': '624484.4', '当前月份任务达成率': '0.033217810467', '本月开单金额（万）': '1.057972', '楼宇办公待分配任务': '4071829.55', '战区已分配金额-食饮': '109412563.92', '父级已审批金额-食饮': '109412563.92', '事业群剩余未分配金额': '-797062960.1', '截止当天累计目标阈值': '2880046.264768', '本月当前目标阈值 (万)': '22.532258', '楼宇办公-年度开单金额': '1498594.24', '片区已分配金额-食饮部': '2473675.6', '行业线已分配金额-食饮': '99898428.08', '战区下派片区总任务金额': '17534934.45', '截止当前目标阈值达成率': '0.52033686345', '健康-年度开单金额（万）': '0', '年度阈值/开单差额（万）': '-138.145202', '战区已分配金额-工业健康': '38056544.24', '战区已分配金额-楼宇办公': '285424079.6', '月度阈值/开单差额（万）': '-21.474322', '父级已审批金额-工业健康': '38056544.24', '父级已审批金额-楼宇办公': '285424079.6', '片区已分配金额-工业健康': '8943287.76', '片区已分配金额-楼宇办公': '66598951.76', '片区父级已审批金额-食饮': '2473675.6', '食饮-年度开单金额（万）': '0', '事业群下派战区总任务金额': '632955764.82', '总金额转换（以万为单位）': '314.16', '总额的待分配任务（金额）': '3110190.63', '客户经理已分配金额-食饮部': '95141.2', '行业线已分配金额-工业健康': '9514135.84', '行业线已分配金额-楼宇办公': '28542408.4', '行业线父级已审批金额-食饮': '2473675.6', '截止当天累计目标阈值（万）': '288.004626', '片区下派客户经理总任务金额': '17601609.45', '客户经理已分配金额-工业健康': '2188251.12', '客户经理已分配金额-楼宇办公': '16269172.48', '楼宇办公-年度开单金额（万）': '149.85944', '片区父级已审批金额-工业健康': '8943287.76', '片区父级已审批金额-楼宇办公': '66598951.76', '客户经理父级已审批金额-食饮部': '95141.2', '行业线父级已审批金额-工业健康': '8943287.76', '行业线父级已审批金额-楼宇办公': '66598951.76', '年度开单金额转换（以万为单位）': '149.85944', '客户经理父级已审批金额-工业健康': '2188251.12', '客户经理父级已审批金额-楼宇办公': '16269172.48'}",2026-08-21 17:02:20.979544,2026-08-21 17:02:20.979544,2026-08-21 17:02:20.979544
106,recvkB7Jbq1IBS,"{'2601': '2668375.41', '2602': '1335360.55', '2603': '2584888.15', '2604': '2545588', '公式': '0.000000149253731343283', '战区': '岚屿战区', '片区': '桂屿片区', '状态': '待确认', '编号': '119', 'SourceID': 'NzY0MTE0MDA0MTE0MTU4NzEzODpyZWN2ZEp5UlJCc05ZNDozNTVlODUyYTU3ODkxOWRkNWNlNDViMDk1N2MxMWM0Yjox', '事业群': '商用事业群', '创建人': '谢亦舟', '当前年': '2026', '当前月': '8', '食饮部': '28339.52', '客户经理': '沈既白', '层级级别': '客户经理', '工业健康': '661261.92', '当前日期': '21', '楼宇办公': '5639616.4', '父级引用': '40', '经营主体': '星澜集团总部', '1季度比例': '25%', '2季度比例': '25%', '3季度比例': '25%', '4季度比例': '25%', '任务维护人': '沈既白', '年度开单金额': '1782696.319933', '总任务承接人': '沈既白', '总任务达成率': '0.28484175496', '本月开单金额': '40570.475286', '食饮部（万）': '2.64', '链接字段(勿删)': '商用事业群;岚屿战区;桂屿片区;沈既白', '剩余分配百分比': '0', '工业健康（万）': '66', '当前月最后一天': '31', '总任务（金额）': '6258549.84', '战区总任务金额': '918519760.62', '楼宇办公（万）': '564.08', '本月当前目标阈值': '457473.11828', '本月总目标（万）': '52.743482', '食饮部待分配任务': '27484.07', '健康-年度开单金额': '0', '食饮-年度开单金额': '38638.16', '工业健康待分配任务': '1021844.54', '当前月份任务达成率': '0.077788899326', '本月开单金额（万）': '4.057047', '楼宇办公待分配任务': '6767659.82', '战区已分配金额-食饮': '108635828.4', '父级已审批金额-食饮': '108635828.4', '事业群剩余未分配金额': '-791404496.69', '截止当天累计目标阈值': '5805855.368548', '本月当前目标阈值 (万)': '45.747312', '楼宇办公-年度开单金额': '1744057.862009', '片区已分配金额-食饮部': '2456114.32', '行业线已分配金额-食饮': '99189235.2', '战区下派片区总任务金额': '20125750.96', '截止当前目标阈值达成率': '0.307051451814', '健康-年度开单金额（万）': '0', '年度阈值/开单差额（万）': '-402.315905', '战区已分配金额-工业健康': '37786375.44', '战区已分配金额-楼宇办公': '283397813.6', '月度阈值/开单差额（万）': '-41.690264', '父级已审批金额-工业健康': '37786375.44', '父级已审批金额-楼宇办公': '283397813.6', '片区已分配金额-工业健康': '8879798.4', '片区已分配金额-楼宇办公': '66126156.8', '片区父级已审批金额-食饮': '2456114.32', '食饮-年度开单金额（万）': '3.863846', '事业群下派战区总任务金额': '945142608.06', '总金额转换（以万为单位）': '632.72', '总额的待分配任务（金额）': '6248452.07', '客户经理已分配金额-食饮部': '94466.24', '行业线已分配金额-工业健康': '9446594.08', '行业线已分配金额-楼宇办公': '28339781.36', '行业线父级已审批金额-食饮': '2456114.32', '截止当天累计目标阈值（万）': '580.585537', '片区下派客户经理总任务金额': '30028441.34', '客户经理已分配金额-工业健康': '2172716.48', '客户经理已分配金额-楼宇办公': '16153675.12', '楼宇办公-年度开单金额（万）': '174.405786', '片区父级已审批金额-工业健康': '8879798.4', '片区父级已审批金额-楼宇办公': '66126156.8', '客户经理父级已审批金额-食饮部': '94466.24', '行业线父级已审批金额-工业健康': '8879798.4', '行业线父级已审批金额-楼宇办公': '66126156.8', '年度开单金额转换（以万为单位）': '178.269632', '客户经理父级已审批金额-工业健康': '2172716.48', '客户经理父级已审批金额-楼宇办公': '16153675.12'}",2026-08-21 17:02:20.979544,2026-08-21 17:02:20.979544,2026-08-21 17:02:20.979544
107,recvkB7JbqRc6D,"{'2601': '710241.15', '2602': '622127.28', '2603': '959330.06', '2604': '905433.8', '公式': '0.000000416666666666666', '战区': '岚屿战区', '片区': '桂屿片区', '状态': '待确认', '编号': '120', 'SourceID': 'NzY0MTE0MDA0MTE0MTU4NzEzODpyZWN2ZEp5UlJCN3FlSjphZDU5NjVlMjgwOTM2ZjAzYTMyMzAxNmQyNWU1MDMzYTox', '事业群': '商用事业群', '创建人': '谢亦舟', '当前年': '2026', '当前月': '8', '食饮部': '9230.32', '客户经理': '白朔风', '层级级别': '客户经理', '工业健康': '276916.64', '当前日期': '21', '楼宇办公': '1929187.92', '父级引用': '39', '经营主体': '星澜集团总部', '1季度比例': '25%', '2季度比例': '25%', '3季度比例': '25%', '4季度比例': '25%', '任务维护人': '沈既白', '年度开单金额': '887353.28', '总任务承接人': '白朔风', '总任务达成率': '0.291164619556', '本月开单金额': '222588.08', '食饮部（万）': '0.88', '链接字段(勿删)': '商用事业群;岚屿战区;桂屿片区;白朔风', '剩余分配百分比': '0', '工业健康（万）': '27.28', '当前月最后一天': '31', '总任务（金额）': '3047599.95', '战区总任务金额': '773259084.67', '楼宇办公（万）': '192.72', '本月当前目标阈值': '163870.967742', '本月总目标（万）': '18.48', '食饮部待分配任务': '11857.99', '健康-年度开单金额': '16568.64', '食饮-年度开单金额': '22273.68', '工业健康待分配任务': '451138.29', '当前月份任务达成率': '0.876446057167', '本月开单金额（万）': '22.258771', '楼宇办公待分配任务': '3191008.35', '战区已分配金额-食饮': '106151504.8', '父级已审批金额-食饮': '106151504.8', '事业群剩余未分配金额': '-773306373.12', '截止当天累计目标阈值': '2032149.839124', '本月当前目标阈值 (万)': '16.387097', '楼宇办公-年度开单金额': '848511.84', '片区已分配金额-食饮部': '2399947.44', '行业线已分配金额-食饮': '96920939.28', '战区下派片区总任务金额': '22262873.94', '截止当前目标阈值达成率': '0.436657407301', '健康-年度开单金额（万）': '1.656887', '年度阈值/开单差额（万）': '-114.479656', '战区已分配金额-工业健康': '36922262.96', '战区已分配金额-楼宇办公': '276916970', '月度阈值/开单差额（万）': '5.871711', '父级已审批金额-工业健康': '36922262.96', '父级已审批金额-楼宇办公': '276916970', '片区已分配金额-工业健康': '8676731.36', '片区已分配金额-楼宇办公': '64613959.52', '片区父级已审批金额-食饮': '2399947.44', '食饮-年度开单金额（万）': '2.227335', '事业群下派战区总任务金额': '838994043.37', '总金额转换（以万为单位）': '221.76', '总额的待分配任务（金额）': '3630625.2', '客户经理已分配金额-食饮部': '92305.84', '行业线已分配金额-工业健康': '9230565.52', '行业线已分配金额-楼宇办公': '27691697.44', '行业线父级已审批金额-食饮': '2399947.44', '截止当天累计目标阈值（万）': '203.214983', '片区下派客户经理总任务金额': '30575897.7', '客户经理已分配金额-工业健康': '2123029.92', '客户经理已分配金额-楼宇办公': '15784266.96', '楼宇办公-年度开单金额（万）': '84.851144', '片区父级已审批金额-工业健康': '8676731.36', '片区父级已审批金额-楼宇办公': '64613959.52', '客户经理父级已审批金额-食饮部': '92305.84', '行业线父级已审批金额-工业健康': '8676731.36', '行业线父级已审批金额-楼宇办公': '64613959.52', '年度开单金额转换（以万为单位）': '88.735366', '客户经理父级已审批金额-工业健康': '2123029.92', '客户经理父级已审批金额-楼宇办公': '15784266.96'}",2026-08-21 17:02:20.979544,2026-08-21 17:02:20.979544,2026-08-21 17:02:20.979544
108,recvkB7JbqBvqE,"{'2601': '3630232.77', '2602': '3432483.61', '2603': '3180746.75', '2604': '3132437.22', '公式': '0.000000111111111111111', '战区': '岚屿战区', '片区': '浔阳片区', '状态': '待确认', '编号': '122', 'SourceID': 'NzY0MTE0MDA0MTE0MTU4NzEzODpyZWN2ZEp5UlJCNVZBaTpkZTg1NjYxNTE0ZDBkOGQ2MDM1MWNjNGI3OGExYThjNzox', '事业群': '商用事业群', '创建人': '谢亦舟', '当前年': '2026', '当前月': '8', '食饮部': '61789.2', '客户经理': '岳亦舟', '层级级别': '客户经理', '工业健康': '720871.36', '当前日期': '21', '楼宇办公': '8485680.72', '父级引用': '46', '经营主体': '星澜集团总部', '1季度比例': '25%', '2季度比例': '25%', '3季度比例': '25%', '4季度比例': '25%', '任务维护人': '岳亦舟', '年度开单金额': '2240536.283272', '总任务承接人': '岳亦舟', '总任务达成率': '0.201194759208', '本月开单金额': '-394297.135688', '食饮部（万）': '6.16', '链接字段(勿删)': '商用事业群;岚屿战区;浔阳片区;岳亦舟', '剩余分配百分比': '0', '工业健康（万）': '72.16', '当前月最后一天': '31', '总任务（金额）': '11136156.29', '战区总任务金额': '566486840.1', '楼宇办公（万）': '848.32', '本月当前目标阈值': '614516.129032', '本月总目标（万）': '77.44', '食饮部待分配任务': '76850.24', '健康-年度开单金额': '315940.814664', '食饮-年度开单金额': '59246', '工业健康待分配任务': '660986.74', '当前月份任务达成率': '-0.424883191744', '本月开单金额（万）': '-39.429714', '楼宇办公待分配任务': '12643787.26', '战区已分配金额-食饮': '118428794', '父级已审批金额-食饮': '118428794', '事业群剩余未分配金额': '-869433522.75', '截止当天累计目标阈值': '8501942.140274', '本月当前目标阈值 (万)': '61.451613', '楼宇办公-年度开单金额': '1865349.147325', '片区已分配金额-食饮部': '2677520.56', '行业线已分配金额-食饮': '108130638', '战区下派片区总任务金额': '19144921.07', '截止当前目标阈值达成率': '0.263532290188', '健康-年度开单金额（万）': '31.594081', '年度阈值/开单差额（万）': '-626.140586', '战区已分配金额-工业健康': '41192624', '战区已分配金额-楼宇办公': '308944680', '月度阈值/开单差额（万）': '-100.881326', '父级已审批金额-工业健康': '41192624', '父级已审批金额-楼宇办公': '308944680', '片区已分配金额-工业健康': '9680266.64', '片区已分配金额-楼宇办公': '72087092', '片区父级已审批金额-食饮': '2677520.56', '食饮-年度开单金额（万）': '5.924633', '事业群下派战区总任务金额': '921969320.65', '总金额转换（以万为单位）': '926.64', '总额的待分配任务（金额）': '8182620.16', '客户经理已分配金额-食饮部': '102981.12', '行业线已分配金额-工业健康': '10298156', '行业线已分配金额-楼宇办公': '30894468', '行业线父级已审批金额-食饮': '2677520.56', '截止当天累计目标阈值（万）': '850.194214', '片区下派客户经理总任务金额': '18341832.76', '客户经理已分配金额-工业健康': '1853668.08', '客户经理已分配金额-楼宇办公': '13490584.8', '楼宇办公-年度开单金额（万）': '186.534915', '片区父级已审批金额-工业健康': '9680266.64', '片区父级已审批金额-楼宇办公': '72087092', '客户经理父级已审批金额-食饮部': '102981.12', '行业线父级已审批金额-工业健康': '9680266.64', '行业线父级已审批金额-楼宇办公': '72087092', '年度开单金额转换（以万为单位）': '224.053628', '客户经理父级已审批金额-工业健康': '1853668.08', '客户经理父级已审批金额-楼宇办公': '13490584.8'}",2026-08-21 17:02:20.979544,2026-08-21 17:02:20.979544,2026-08-21 17:02:20.979544
109,recvkB7JbqBIeY,"{'2601': '530898.1', '2602': '927045.39', '2603': '1143971.55', '2604': '553905.42', '公式': '0.000000333333333333333', '战区': '岚屿战区', '片区': '浔阳片区', '状态': '待确认', '编号': '124', 'SourceID': 'NzY0MTE0MDA0MTE0MTU4NzEzODpyZWN2ZEp5UlJCTElKQzpmOWY0MGNkMTFiOTBkZGM4NWViMmI1NTExNmZhNTk0Yzox', '事业群': '商用事业群', '创建人': '谢亦舟', '当前年': '2026', '当前月': '8', '食饮部': '14578.08', '客户经理': '傅朔风', '层级级别': '客户经理', '工业健康': '145780.8', '当前日期': '21', '楼宇办公': '2026351.36', '父级引用': '32', '经营主体': '星澜集团总部', '1季度比例': '25%', '2季度比例': '25%', '3季度比例': '25%', '4季度比例': '25%', '任务维护人': '岳亦舟', '年度开单金额': '-220139.618597', '总任务承接人': '傅朔风', '总任务达成率': '-0.058598517531', '本月开单金额': '-417641.538105', '食饮部（万）': '1.76', '链接字段(勿删)': '商用事业群;岚屿战区;浔阳片区;傅朔风', '剩余分配百分比': '0', '工业健康（万）': '14.96', '当前月最后一天': '31', '总任务（金额）': '3756743.82', '战区总任务金额': '647960742.43', '楼宇办公（万）': '202.4', '本月当前目标阈值': '204838.709677', '本月总目标（万）': '18.48', '食饮部待分配任务': '18453.1', '健康-年度开单金额': '0', '食饮-年度开单金额': '11939.073458', '工业健康待分配任务': '258020.82', '当前月份任务达成率': '-1.334053823574', '本月开单金额（万）': '-41.764154', '楼宇办公待分配任务': '3361662.06', '战区已分配金额-食饮': '83823892.24', '父级已审批金额-食饮': '83823892.24', '事业群剩余未分配金额': '-615384989.7', '截止当天累计目标阈值': '2005891.360876', '本月当前目标阈值 (万)': '20.483871', '楼宇办公-年度开单金额': '-232078.692056', '片区已分配金额-食饮部': '1895148.64', '行业线已分配金额-食饮': '76534858.4', '战区下派片区总任务金额': '23588691.71', '截止当前目标阈值达成率': '-0.109746531089', '健康-年度开单金额（万）': '0', '年度阈值/开单差额（万）': '-222.603098', '战区已分配金额-工业健康': '29156136.24', '战区已分配金额-楼宇办公': '218671024', '月度阈值/开单差额（万）': '-62.248025', '父级已审批金额-工业健康': '29156136.24', '父级已审批金额-楼宇办公': '218671024', '片区已分配金额-工业健康': '6851692.32', '片区已分配金额-楼宇办公': '51023238.64', '片区父级已审批金额-食饮': '1895148.64', '食饮-年度开单金额（万）': '1.193907', '事业群下派战区总任务金额': '621122798.9', '总金额转换（以万为单位）': '218.24', '总额的待分配任务（金额）': '4568325.89', '客户经理已分配金额-食饮部': '72890.4', '行业线已分配金额-工业健康': '7289033.84', '行业线已分配金额-楼宇办公': '21867102.4', '行业线父级已审批金额-食饮': '1895148.64', '截止当天累计目标阈值（万）': '200.589137', '片区下派客户经理总任务金额': '14529645.82', '客户经理已分配金额-工业健康': '1312026.32', '客户经理已分配金额-楼宇办公': '9548634.48', '楼宇办公-年度开单金额（万）': '-23.20787', '片区父级已审批金额-工业健康': '6851692.32', '片区父级已审批金额-楼宇办公': '51023238.64', '客户经理父级已审批金额-食饮部': '72890.4', '行业线父级已审批金额-工业健康': '6851692.32', '行业线父级已审批金额-楼宇办公': '51023238.64', '年度开单金额转换（以万为单位）': '-22.013962', '客户经理父级已审批金额-工业健康': '1312026.32', '客户经理父级已审批金额-楼宇办公': '9548634.48'}",2026-08-21 17:02:20.979544,2026-08-21 17:02:20.979544,2026-08-21 17:02:20.979544
110,recvkB7JbqfVKM,"{'2601': '1121813.86', '2602': '1096591.66', '2603': '676108.63', '2604': '695545.98', '公式': '0.000000333333333333333', '战区': '岚屿战区', '片区': '浔阳片区', '状态': '待确认', '编号': '125', 'SourceID': 'NzY0MTE0MDA0MTE0MTU4NzEzODpyZWN2ZEp5UlJCdWNzZToyYmNkNWVkMzk0MDM4MTJmMDhkYTVkY2E1NzYwOWI2NDox', '事业群': '商用事业群', '创建人': '谢亦舟', '当前年': '2026', '当前月': '8', '食饮部': '16583.6', '客户经理': '林既白', '层级级别': '客户经理', '工业健康': '746280.48', '当前日期': '21', '楼宇办公': '1724736.64', '父级引用': '37', '经营主体': '星澜集团总部', '1季度比例': '25%', '2季度比例': '25%', '3季度比例': '25%', '4季度比例': '25%', '任务维护人': '岳亦舟', '年度开单金额': '1002406.289324', '总任务承接人': '林既白', '总任务达成率': '0.230649729521', '本月开单金额': '169.84', '食饮部（万）': '1.76', '链接字段(勿删)': '商用事业群;岚屿战区;浔阳片区;林既白', '剩余分配百分比': '0', '工业健康（万）': '74.8', '当前月最后一天': '31', '总任务（金额）': '4346011.12', '战区总任务金额': '769388457.41', '楼宇办公（万）': '172.48', '本月当前目标阈值': '204838.709677', '本月总目标（万）': '21.12', '食饮部待分配任务': '20557.49', '健康-年度开单金额': '447765.368363', '食饮-年度开单金额': '4561.04', '工业健康待分配任务': '1038176.74', '当前月份任务达成率': '0.000468954161', '本月开单金额（万）': '0.016999', '楼宇办公待分配任务': '3031566.2', '战区已分配金额-食饮': '95358027.6', '父级已审批金额-食饮': '95358027.6', '事业群剩余未分配金额': '-700061725.35', '截止当天累计目标阈值': '2281901.233316', '本月当前目标阈值 (万)': '20.483871', '楼宇办公-年度开单金额': '550080.319641', '片区已分配金额-食饮部': '2155920.8', '行业线已分配金额-食饮': '87066025.2', '战区下派片区总任务金额': '21148934.08', '截止当前目标阈值达成率': '0.43928557235', '健康-年度开单金额（万）': '44.776537', '年度阈值/开单差额（万）': '-127.949494', '战区已分配金额-工业健康': '33168009.6', '战区已分配金额-楼宇办公': '248760072', '月度阈值/开单差额（万）': '-20.466887', '父级已审批金额-工业健康': '33168009.6', '父级已审批金额-楼宇办公': '248760072', '片区已分配金额-工业健康': '7794482.08', '片区已分配金额-楼宇办公': '58044016.8', '片区父级已审批金额-食饮': '2155920.8', '食饮-年度开单金额（万）': '0.45606', '事业群下派战区总任务金额': '547870730.52', '总金额转换（以万为单位）': '249.04', '总额的待分配任务（金额）': '3428759.97', '客户经理已分配金额-食饮部': '82919.76', '行业线已分配金额-工业健康': '8292002.4', '行业线已分配金额-楼宇办公': '24876007.2', '行业线父级已审批金额-食饮': '2155920.8', '截止当天累计目标阈值（万）': '228.190123', '片区下派客户经理总任务金额': '22105580.63', '客户经理已分配金额-工业健康': '1492560.08', '客户经理已分配金额-楼宇办公': '10862522.88', '楼宇办公-年度开单金额（万）': '55.008032', '片区父级已审批金额-工业健康': '7794482.08', '片区父级已审批金额-楼宇办公': '58044016.8', '客户经理父级已审批金额-食饮部': '82919.76', '行业线父级已审批金额-工业健康': '7794482.08', '行业线父级已审批金额-楼宇办公': '58044016.8', '年度开单金额转换（以万为单位）': '100.240629', '客户经理父级已审批金额-工业健康': '1492560.08', '客户经理父级已审批金额-楼宇办公': '10862522.88'}",2026-08-21 17:02:20.979544,2026-08-21 17:02:20.979544,2026-08-21 17:02:20.979544
111,recvkB7Jbq1BgD,"{'2601': '1413499.84', '2602': '1556318.96', '2603': '1407720.07', '2604': '1459158.88', '公式': '0.000000285714285714285', '战区': '岚屿战区', '片区': '榕岸片区', '状态': '待确认', '编号': '126', 'SourceID': 'NzY0MTE0MDA0MTE0MTU4NzEzODpyZWN2ZEp5UlJCb29yMzoxYjJhY2IzMzBjYjJlZmFmODExNDViOWU1YTAwYmIzNjox', '事业群': '商用事业群', '创建人': '谢亦舟', '当前年': '2026', '当前月': '8', '食饮部': '57776.4', '客户经理': '谢既白', '层级级别': '客户经理', '工业健康': '577760.48', '当前日期': '21', '楼宇办公': '3408789.12', '父级引用': '56', '经营主体': '星澜集团总部', '1季度比例': '25%', '2季度比例': '25%', '3季度比例': '25%', '4季度比例': '25%', '任务维护人': '谢既白', '年度开单金额': '961982.111286', '总任务承接人': '谢既白', '总任务达成率': '0.236527622618', '本月开单金额': '27606.48', '食饮部（万）': '6.16', '链接字段(勿删)': '商用事业群;岚屿战区;榕岸片区;谢既白', '剩余分配百分比': '0', '工业健康（万）': '58.08', '当前月最后一天': '31', '总任务（金额）': '4067102.61', '战区总任务金额': '849539070.54', '楼宇办公（万）': '340.56', '本月当前目标阈值': '238978.494624', '本月总目标（万）': '33.702717', '食饮部待分配任务': '70039.23', '健康-年度开单金额': '81325.2', '食饮-年度开单金额': '57648.8', '工业健康待分配任务': '713967.33', '当前月份任务达成率': '0.081453012566', '本月开单金额（万）': '2.760657', '楼宇办公待分配任务': '4519363.58', '战区已分配金额-食饮': '132884997.52', '父级已审批金额-食饮': '132884997.52', '事业群剩余未分配金额': '-988903361.28', '截止当天累计目标阈值': '3709901.035616', '本月当前目标阈值 (万)': '23.897849', '楼宇办公-年度开单金额': '823007.514709', '片区已分配金额-食饮部': '3004356.08', '行业线已分配金额-食饮': '121329780', '战区下派片区总任务金额': '17132225.07', '截止当前目标阈值达成率': '0.25930128649', '健康-年度开单金额（万）': '8.132562', '年度阈值/开单差额（万）': '-274.791892', '战区已分配金额-工业健康': '46220868.32', '战区已分配金额-楼宇办公': '346656514.16', '月度阈值/开单差额（万）': '-21.137201', '父级已审批金额-工业健康': '46220868.32', '父级已审批金额-楼宇办公': '346656514.16', '片区已分配金额-工业健康': '10861904.24', '片区已分配金额-楼宇办公': '80886520', '片区父级已审批金额-食饮': '3004356.08', '食饮-年度开单金额（万）': '5.764898', '事业群下派战区总任务金额': '927639540.45', '总金额转换（以万为单位）': '404.8', '总额的待分配任务（金额）': '5304844.61', '客户经理已分配金额-食饮部': '115551.92', '行业线已分配金额-工业健康': '11555217.52', '行业线已分配金额-楼宇办公': '34665651.68', '行业线父级已审批金额-食饮': '3004356.08', '截止当天累计目标阈值（万）': '370.990104', '片区下派客户经理总任务金额': '9533602.98', '客户经理已分配金额-工业健康': '1155521.84', '客户经理已分配金额-楼宇办公': '6817578.24', '楼宇办公-年度开单金额（万）': '82.300751', '片区父级已审批金额-工业健康': '10861904.24', '片区父级已审批金额-楼宇办公': '80886520', '客户经理父级已审批金额-食饮部': '115551.92', '行业线父级已审批金额-工业健康': '10861904.24', '行业线父级已审批金额-楼宇办公': '80886520', '年度开单金额转换（以万为单位）': '96.198211', '客户经理父级已审批金额-工业健康': '1155521.84', '客户经理父级已审批金额-楼宇办公': '6817578.24'}",2026-08-21 17:02:20.979544,2026-08-21 17:02:20.979544,2026-08-21 17:02:20.979544
112,recvkB7JbqBnox,"{'2601': '1353562.19', '2602': '1102904.83', '2603': '691125.11', '2604': '869088.94', '公式': '0.000000285714285714285', '战区': '岚屿战区', '片区': '榕岸片区', '状态': '待确认', '编号': '127', 'SourceID': 'NzY0MTE0MDA0MTE0MTU4NzEzODpyZWN2ZEp5UlJCMFNEWTpmNzZmMTkxZTBlMTdjY2JjMzNjYWVmNDA1YTYxMjk1NDox', '事业群': '商用事业群', '创建人': '谢亦舟', '当前年': '2026', '当前月': '8', '食饮部': '39760.16', '客户经理': '卫怀川', '层级级别': '客户经理', '工业健康': '397601.6', '当前日期': '21', '楼宇办公': '2345850.32', '父级引用': '39', '经营主体': '星澜集团总部', '1季度比例': '25%', '2季度比例': '25%', '3季度比例': '25%', '4季度比例': '25%', '任务维护人': '谢既白', '年度开单金额': '859558.423837', '总任务承接人': '卫怀川', '总任务达成率': '0.267728503388', '本月开单金额': '23323.52', '食饮部（万）': '4.4', '链接字段(勿删)': '商用事业群;岚屿战区;榕岸片区;卫怀川', '剩余分配百分比': '0', '工业健康（万）': '39.6', '当前月最后一天': '31', '总任务（金额）': '3210560', '战区总任务金额': '916626696.08', '楼宇办公（万）': '234.96', '本月当前目标阈值': '238978.494624', '本月总目标（万）': '23.193434', '食饮部待分配任务': '58831.48', '健康-年度开单金额': '15546.08', '食饮-年度开单金额': '43950.72', '工业健康待分配任务': '580132.19', '当前月份任务达成率': '0.087175520781', '本月开单金额（万）': '2.332332', '楼宇办公待分配任务': '3041592.85', '战区已分配金额-食饮': '91448397.04', '父级已审批金额-食饮': '91448397.04', '事业群剩余未分配金额': '-680540535.03', '截止当天累计目标阈值': '2553068.515726', '本月当前目标阈值 (万)': '23.897849', '楼宇办公-年度开单金额': '800061.301601', '片区已分配金额-食饮部': '2067529.2', '行业线已分配金额-食饮': '83496362.4', '战区下派片区总任务金额': '17689226.75', '截止当前目标阈值达成率': '0.336676598588', '健康-年度开单金额（万）': '1.554623', '年度阈值/开单差额（万）': '-169.351009', '战区已分配金额-工业健康': '31808137.68', '战区已分配金额-楼宇办公': '238561035.68', '月度阈值/开单差额（万）': '-21.565497', '父级已审批金额-工业健康': '31808137.68', '父级已审批金额-楼宇办公': '238561035.68', '片区已分配金额-工业健康': '7474912.72', '片区已分配金额-楼宇办公': '55664241.6', '片区父级已审批金额-食饮': '2067529.2', '食饮-年度开单金额（万）': '4.39509', '事业群下派战区总任务金额': '705499136.37', '总金额转换（以万为单位）': '278.08', '总额的待分配任务（金额）': '3246146.67', '客户经理已分配金额-食饮部': '79520.32', '行业线已分配金额-工业健康': '7952034.64', '行业线已分配金额-楼宇办公': '23856103.92', '行业线父级已审批金额-食饮': '2067529.2', '截止当天累计目标阈值（万）': '255.306852', '片区下派客户经理总任务金额': '8253341.38', '客户经理已分配金额-工业健康': '795203.2', '客户经理已分配金额-楼宇办公': '4691700.64', '楼宇办公-年度开单金额（万）': '80.00613', '片区父级已审批金额-工业健康': '7474912.72', '片区父级已审批金额-楼宇办公': '55664241.6', '客户经理父级已审批金额-食饮部': '79520.32', '行业线父级已审批金额-工业健康': '7474912.72', '行业线父级已审批金额-楼宇办公': '55664241.6', '年度开单金额转换（以万为单位）': '85.955843', '客户经理父级已审批金额-工业健康': '795203.2', '客户经理父级已审批金额-楼宇办公': '4691700.64'}",2026-08-21 17:02:20.979544,2026-08-21 17:02:20.979544,2026-08-21 17:02:20.979544
113,recvkB7JbqRawC,"{'2601': '765053.08', '2602': '868729.53', '2603': '569419.74', '2604': '877792.25', '公式': '0.000000333333333333333', '战区': '岚屿战区', '片区': '潇湘片区', '状态': '待确认', '编号': '128', 'SourceID': 'NzY0MTE0MDA0MTE0MTU4NzEzODpyZWN2ZEp5UlJCcXNmOTo0NmYwZjAzNzAwYzU5OGY3MDAxZTY5ZTIxZmFiYjgzMjox', '事业群': '商用事业群', '创建人': '谢亦舟', '当前年': '2026', '当前月': '8', '食饮部': '71162.08', '客户经理': '江南珩', '层级级别': '客户经理', '工业健康': '0', '当前日期': '21', '楼宇办公': '2063700.32', '父级引用': '34', '经营主体': '星澜集团总部', '1季度比例': '25%', '2季度比例': '25%', '3季度比例': '25%', '4季度比例': '25%', '任务维护人': '江南珩', '年度开单金额': '422694.585793', '总任务承接人': '江南珩', '总任务达成率': '0.096038037319', '本月开单金额': '35203.52', '食饮部（万）': '7.04', '链接字段(勿删)': '商用事业群;岚屿战区;潇湘片区;江南珩', '剩余分配百分比': '0', '工业健康（万）': '0', '当前月最后一天': '31', '总任务（金额）': '4401324.7', '战区总任务金额': '609517030.9', '楼宇办公（万）': '206.8', '本月当前目标阈值': '204838.709677', '本月总目标（万）': '17.6', '食饮部待分配任务': '111425.99', '健康-年度开单金额': '9393.12', '食饮-年度开单金额': '9061.437689', '工业健康待分配任务': '0', '当前月份任务达成率': '0.095980703264', '本月开单金额（万）': '3.520388', '楼宇办公待分配任务': '4594994.62', '战区已分配金额-食饮': '81836392', '父级已审批金额-食饮': '81836392', '事业群剩余未分配金额': '-605928938', '截止当天累计目标阈值': '1958330.814246', '本月当前目标阈值 (万)': '20.483871', '楼宇办公-年度开单金额': '404239.44', '片区已分配金额-食饮部': '1850214.08', '行业线已分配金额-食饮': '74720184', '战区下派片区总任务金额': '14665783.47', '截止当前目标阈值达成率': '0.215844321459', '健康-年度开单金额（万）': '0.939339', '年度阈值/开单差额（万）': '-153.563623', '战区已分配金额-工业健康': '28464832', '战区已分配金额-楼宇办公': '213486240', '月度阈值/开单差额（万）': '-16.963519', '父级已审批金额-工业健康': '28464832', '父级已审批金额-楼宇办公': '213486240', '片区已分配金额-工业健康': '6689235.52', '片区已分配金额-楼宇办公': '49813456', '片区父级已审批金额-食饮': '1850214.08', '食饮-年度开单金额（万）': '0.906144', '事业群下派战区总任务金额': '851238622.64', '总金额转换（以万为单位）': '213.84', '总额的待分配任务（金额）': '3457883.61', '客户经理已分配金额-食饮部': '71162.08', '行业线已分配金额-工业健康': '7116208', '行业线已分配金额-楼宇办公': '21348624', '行业线父级已审批金额-食饮': '1850214.08', '截止当天累计目标阈值（万）': '195.833082', '片区下派客户经理总任务金额': '9067900.33', '客户经理已分配金额-工业健康': '782782.88', '客户经理已分配金额-楼宇办公': '6262263.04', '楼宇办公-年度开单金额（万）': '40.423976', '片区父级已审批金额-工业健康': '6689235.52', '片区父级已审批金额-楼宇办公': '49813456', '客户经理父级已审批金额-食饮部': '71162.08', '行业线父级已审批金额-工业健康': '6689235.52', '行业线父级已审批金额-楼宇办公': '49813456', '年度开单金额转换（以万为单位）': '42.269459', '客户经理父级已审批金额-工业健康': '782782.88', '客户经理父级已审批金额-楼宇办公': '6262263.04'}",2026-08-21 17:02:20.979544,2026-08-21 17:02:20.979544,2026-08-21 17:02:20.979544
5,recvkB7JbqTsAW,"{'2601': '20787997.54', '2602': '21836302.53', '2603': '17784629.15', '2604': '18717519.08', '公式': '0.0000000157232704402515', '战区': '瀚川战区', '状态': '已审批', '编号': '5', 'SourceID': 'NzY0MTE0MDA0MTE0MTU4NzEzODpyZWN2ZElRSHdsaVVDUTo0MGYyMzk5NWQ2NDUzODcwMTdkNGE5ZGNkY2YyZmNjYjox', '事业群': '商用事业群', '创建人': '谢南珩', '当前年': '2026', '当前月': '8', '食饮部': '1979210.64', '层级级别': '战区', '工业健康': '4620348.48', '当前日期': '21', '楼宇办公': '48228216.96', '父级引用': '294', '经营主体': '星澜集团总部', '1季度比例': '25%', '2季度比例': '25%', '3季度比例': '25%', '4季度比例': '25%', '任务维护人': '沈亦舟、陆亦舟', '年度开单金额': '20588942.725207', '总任务承接人': '池既白', '总任务达成率': '0.285108960527', '本月开单金额': '1202368.741056', '食饮部（万）': '198', '链接字段(勿删)': '商用事业群;瀚川战区;;', '剩余分配百分比': '0', '工业健康（万）': '461.12', '当前月最后一天': '31', '总任务（金额）': '72214295.5', '战区总任务金额': '9334375606.040001', '楼宇办公（万）': '4822.4', '本月当前目标阈值': '4342580.645161', '本月总目标（万）': '457.454096', '食饮部待分配任务': '3247355.71', '健康-年度开单金额': '1292319.6', '食饮-年度开单金额': '1335527.521845', '工业健康待分配任务': '6950199.46', '当前月份任务达成率': '0.199800119807', '本月开单金额（万）': '120.236874', '楼宇办公待分配任务': '71894142.47', '战区已分配金额-食饮': '1252164414.16', '父级已审批金额-食饮': '1252164414.16', '事业群剩余未分配金额': '-9209239190.07', '截止当天累计目标阈值': '50294071.248217', '本月当前目标阈值 (万)': '434.258065', '楼宇办公-年度开单金额': '17961095.225536', '片区已分配金额-食饮部': '28309803.28', '行业线已分配金额-食饮': '1143280553.36', '战区下派片区总任务金额': '259006014.88', '截止当前目标阈值达成率': '0.409371168693', '健康-年度开单金额（万）': '129.231948', '年度阈值/开单差额（万）': '-2970.512852', '战区已分配金额-工业健康': '435535448.48', '战区已分配金额-楼宇办公': '3266515862.72', '月度阈值/开单差额（万）': '-314.02119', '父级已审批金额-工业健康': '435535448.48', '父级已审批金额-楼宇办公': '3266515862.72', '片区已分配金额-工业健康': '65330318.24', '片区已分配金额-楼宇办公': '598861241.44', '片区父级已审批金额-食饮': '28309803.28', '食饮-年度开单金额（万）': '133.552815', '事业群下派战区总任务金额': '10433279990.65', '总金额转换（以万为单位）': '5482.4', '总额的待分配任务（金额）': '81000635.56', '客户经理已分配金额-食饮部': '7750259.44', '行业线已分配金额-工业健康': '108883861.68', '行业线已分配金额-楼宇办公': '326651585.04', '行业线父级已审批金额-食饮': '28309803.28', '截止当天累计目标阈值（万）': '5029.407127', '片区下派客户经理总任务金额': '233290804.69', '客户经理已分配金额-工业健康': '11144856.8', '客户经理已分配金额-楼宇办公': '132931501.12', '楼宇办公-年度开单金额（万）': '1796.109513', '片区父级已审批金额-工业健康': '65330318.24', '片区父级已审批金额-楼宇办公': '598861241.44', '客户经理父级已审批金额-食饮部': '7750259.44', '行业线父级已审批金额-工业健康': '65330318.24', '行业线父级已审批金额-楼宇办公': '598861241.44', '年度开单金额转换（以万为单位）': '2058.894272', '客户经理父级已审批金额-工业健康': '13490180.88', '客户经理父级已审批金额-楼宇办公': '130586176.16'}",2026-08-21 17:02:20.979544,2026-08-21 17:02:20.979544,2026-08-21 17:02:20.979544
9,recvkB7JbqyUCI,"{'2601': '36519756.78', '2602': '25029944.86', '2603': '27252537.57', '2604': '18063899.61', '公式': '0.0000000111111111111111', '战区': '食饮行业部', '状态': '待确认', '编号': '9', 'SourceID': 'NzY0MTE0MDA0MTE0MTU4NzEzODpyZWN2ZElVMWlEWmFWTjplYzBmOTFkMTZiOTUzZjQ5MDFiZmE4OWVhNGRhMjBhMzox', '事业群': '商用事业群', '创建人': '谢南珩', '当前年': '2026', '当前月': '8', '食饮部': '74048978.08', '客户经理': '殷怀川', '层级级别': '客户经理', '当前日期': '21', '父级引用': '6', '经营主体': '星澜集团总部', '1季度比例': '25%', '2季度比例': '25%', '3季度比例': '25%', '4季度比例': '25%', '任务维护人': '殷怀川', '年度开单金额': '26493178.000443', '总任务承接人': '殷怀川', '总任务达成率': '0.192044162553', '本月开单金额': '564342.367939', '食饮部（万）': '7405.2', '链接字段(勿删)': '商用事业群;食饮行业部;;殷怀川', '剩余分配百分比': '0', '工业健康（万）': '0', '当前月最后一天': '31', '总任务（金额）': '137953570.93', '战区总任务金额': '744949048.58', '楼宇办公（万）': '0', '本月当前目标阈值': '6145161.290323', '本月总目标（万）': '616.88', '食饮部待分配任务': '105766326.44', '健康-年度开单金额': '0', '食饮-年度开单金额': '26493178.000443', '工业健康待分配任务': '0', '当前月份任务达成率': '0.049089765271', '本月开单金额（万）': '56.434237', '楼宇办公待分配任务': '0', '战区已分配金额-食饮': '94618138.56', '父级已审批金额-食饮': '94618138.56', '事业群剩余未分配金额': '-587763763.51', '截止当天累计目标阈值': '67925874.537644', '本月当前目标阈值 (万)': '614.516129', '楼宇办公-年度开单金额': '0', '片区已分配金额-食饮部': '0', '行业线已分配金额-食饮': '86390474.72', '战区下派片区总任务金额': '15580827.36', '截止当前目标阈值达成率': '0.39003072365', '健康-年度开单金额（万）': '0', '年度阈值/开单差额（万）': '-4143.269654', '战区已分配金额-工业健康': '32910657.12', '战区已分配金额-楼宇办公': '246829926.64', '月度阈值/开单差额（万）': '-558.081892', '父级已审批金额-工业健康': '32910657.12', '父级已审批金额-楼宇办公': '246829926.64', '片区已分配金额-工业健康': '0', '片区已分配金额-楼宇办公': '0', '片区父级已审批金额-食饮': '94618138.56', '食饮-年度开单金额（万）': '2649.3178', '事业群下派战区总任务金额': '848694250.03', '总金额转换（以万为单位）': '7405.2', '总额的待分配任务（金额）': '127920065.47', '客户经理已分配金额-食饮部': '0', '行业线已分配金额-工业健康': '8227663.84', '行业线已分配金额-楼宇办公': '24682992.4', '行业线父级已审批金额-食饮': '94618138.56', '截止当天累计目标阈值（万）': '6792.587454', '片区下派客户经理总任务金额': '0', '客户经理已分配金额-工业健康': '0', '客户经理已分配金额-楼宇办公': '0', '楼宇办公-年度开单金额（万）': '0', '片区父级已审批金额-工业健康': '0', '片区父级已审批金额-楼宇办公': '0', '客户经理父级已审批金额-食饮部': '189236277.12', '行业线父级已审批金额-工业健康': '0', '行业线父级已审批金额-楼宇办公': '0', '年度开单金额转换（以万为单位）': '2649.3178', '客户经理父级已审批金额-工业健康': '65821314.24', '客户经理父级已审批金额-楼宇办公': '493659854.16'}",2026-08-21 17:02:20.979544,2026-08-21 17:02:20.979544,2026-08-21 17:02:20.979544
10,recvkB7JbqcNTH,"{'2601': '3440927.84', '2602': '3612503.57', '2603': '4455609.58', '2604': '3134418.42', '公式': '0.0000001', '战区': '食饮行业部', '状态': '已审批', '编号': '10', 'SourceID': 'NzY0MTE0MDA0MTE0MTU4NzEzODpyZWN2ZElVNmNoRDUwdTowMTliMDUwMmU1MmI4YzBiZmIwNjg4YjA4OGFlNmQzODox', '事业群': '商用事业群', '创建人': '洛屿青', '当前年': '2026', '当前月': '8', '食饮部': '10146649.04', '客户经理': '施亦舟', '层级级别': '客户经理', '当前日期': '21', '父级引用': '7', '经营主体': '星澜集团总部', '1季度比例': '25%', '2季度比例': '25%', '3季度比例': '25%', '4季度比例': '25%', '任务维护人': '殷怀川', '年度开单金额': '7743666.719866', '总任务承接人': '施亦舟', '总任务达成率': '0.585721885397', '本月开单金额': '14426.72', '食饮部（万）': '1014.64', '链接字段(勿删)': '商用事业群;食饮行业部;;施亦舟', '剩余分配百分比': '0', '工业健康（万）': '0', '当前月最后一天': '31', '总任务（金额）': '13220722.86', '战区总任务金额': '840261671.01', '楼宇办公（万）': '0', '本月当前目标阈值': '682795.698925', '本月总目标（万）': '84.555409', '食饮部待分配任务': '13124925.49', '健康-年度开单金额': '0', '食饮-年度开单金额': '7743666.719866', '工业健康待分配任务': '0', '已分配任务（金额）': '14149598.32', '当前月份任务达成率': '0.013094642542', '本月开单金额（万）': '1.442651', '楼宇办公待分配任务': '0', '战区已分配金额-食饮': '116686463.52', '父级已审批金额-食饮': '116686463.52', '事业群剩余未分配金额': '-724851240.16', '截止当天累计目标阈值': '9307623.515398', '本月当前目标阈值 (万)': '68.27957', '楼宇办公-年度开单金额': '0', '片区已分配金额-食饮部': '0', '行业线已分配金额-食饮': '106539814.48', '战区下派片区总任务金额': '25186548.56', '截止当前目标阈值达成率': '0.831970342059', '健康-年度开单金额（万）': '0', '年度阈值/开单差额（万）': '-156.39568', '战区已分配金额-工业健康': '40586596.16', '战区已分配金额-楼宇办公': '304399471.2', '月度阈值/开单差额（万）': '-66.836898', '父级已审批金额-工业健康': '40586596.16', '父级已审批金额-楼宇办公': '304399471.2', '片区已分配金额-工业健康': '0', '片区已分配金额-楼宇办公': '0', '片区父级已审批金额-食饮': '116686463.52', '食饮-年度开单金额（万）': '774.366672', '事业群下派战区总任务金额': '599900959.2', '总金额转换（以万为单位）': '1014.64', '总额的待分配任务（金额）': '0', '客户经理已分配金额-食饮部': '0', '行业线已分配金额-工业健康': '10146649.04', '行业线已分配金额-楼宇办公': '30439947.12', '行业线父级已审批金额-食饮': '116686463.52', '截止当天累计目标阈值（万）': '930.762351', '片区下派客户经理总任务金额': '0', '客户经理已分配金额-工业健康': '0', '客户经理已分配金额-楼宇办公': '0', '楼宇办公-年度开单金额（万）': '0', '片区父级已审批金额-工业健康': '0', '片区父级已审批金额-楼宇办公': '0', '客户经理父级已审批金额-食饮部': '233372927.92', '行业线父级已审批金额-工业健康': '0', '行业线父级已审批金额-楼宇办公': '0', '年度开单金额转换（以万为单位）': '774.366672', '客户经理父级已审批金额-工业健康': '81173192.32', '客户经理父级已审批金额-楼宇办公': '608798942.4'}",2026-08-21 17:02:20.979544,2026-08-21 17:02:20.979544,2026-08-21 17:02:20.979544
13,recvkB7JbqT9bx,"{'2601': '745131.86', '2602': '867671.62', '2603': '537237.94', '2604': '490080.3', '公式': '0.0000005', '战区': '工业健康行业部', '状态': '待确认', '编号': '13', 'SourceID': 'NzY0MTE0MDA0MTE0MTU4NzEzODpyZWN2ZElWbW0zVlFzWjowNzEyZmJlYjRkODlmYTk5NTAwMGJjZTBhNjE2NzkwMDox', '事业群': '商用事业群', '创建人': '洛屿青', '当前年': '2026', '当前月': '8', '客户经理': '苏朔风', '层级级别': '客户经理', '工业健康': '1829375.68', '当前日期': '21', '父级引用': '8', '经营主体': '星澜集团总部', '1季度比例': '25%', '2季度比例': '25%', '3季度比例': '25%', '4季度比例': '25%', '任务维护人': '苏朔风', '年度开单金额': '0', '总任务承接人': '苏朔风', '总任务达成率': '0', '本月开单金额': '0', '食饮部（万）': '0', '链接字段(勿删)': '商用事业群;工业健康行业部;;苏朔风', '剩余分配百分比': '0', '工业健康（万）': '183.04', '当前月最后一天': '31', '总任务（金额）': '2473420.25', '战区总任务金额': '760757355.8', '楼宇办公（万）': '0', '本月当前目标阈值': '136559.139785', '本月总目标（万）': '15.244797', '食饮部待分配任务': '0', '健康-年度开单金额': '0', '食饮-年度开单金额': '0', '工业健康待分配任务': '2850878.22', '当前月份任务达成率': '0', '本月开单金额（万）': '0', '楼宇办公待分配任务': '0', '战区已分配金额-食饮': '105189101.6', '父级已审批金额-食饮': '105189101.6', '事业群剩余未分配金额': '-778835907.4', '截止当天累计目标阈值': '1678104.764494', '本月当前目标阈值 (万)': '13.655914', '楼宇办公-年度开单金额': '0', '片区已分配金额-食饮部': '0', '行业线已分配金额-食饮': '96042223.2', '战区下派片区总任务金额': '23612638.83', '截止当前目标阈值达成率': '0', '健康-年度开单金额（万）': '0', '年度阈值/开单差额（万）': '-167.810476', '战区已分配金额-工业健康': '36587513.6', '战区已分配金额-楼宇办公': '274406352', '月度阈值/开单差额（万）': '-13.655914', '父级已审批金额-工业健康': '36587513.6', '父级已审批金额-楼宇办公': '274406352', '片区已分配金额-工业健康': '0', '片区已分配金额-楼宇办公': '0', '片区父级已审批金额-食饮': '0', '食饮-年度开单金额（万）': '0', '事业群下派战区总任务金额': '542703321.5', '总金额转换（以万为单位）': '183.04', '总额的待分配任务（金额）': '2018408.46', '客户经理已分配金额-食饮部': '0', '行业线已分配金额-工业健康': '9146878.4', '行业线已分配金额-楼宇办公': '27440635.2', '行业线父级已审批金额-食饮': '0', '截止当天累计目标阈值（万）': '167.810476', '片区下派客户经理总任务金额': '0', '客户经理已分配金额-工业健康': '0', '客户经理已分配金额-楼宇办公': '0', '楼宇办公-年度开单金额（万）': '0', '片区父级已审批金额-工业健康': '9146878.4', '片区父级已审批金额-楼宇办公': '0', '客户经理父级已审批金额-食饮部': '210378203.2', '行业线父级已审批金额-工业健康': '9146878.4', '行业线父级已审批金额-楼宇办公': '0', '年度开单金额转换（以万为单位）': '0', '客户经理父级已审批金额-工业健康': '73175027.2', '客户经理父级已审批金额-楼宇办公': '548812704'}",2026-08-21 17:02:20.979544,2026-08-21 17:02:20.979544,2026-08-21 17:02:20.979544
115,recvkB7JbqlNPe,"{'2601': '821042.3', '2602': '1556156.4', '2603': '1156430.25', '2604': '971061.05', '公式': '0.000000285714285714285', '战区': '岚屿战区', '片区': '潇湘片区', '状态': '待确认', '编号': '130', 'SourceID': 'NzY0MTE0MDA0MTE0MTU4NzEzODpyZWN2ZEp5UlJCRzdsbDplNGFkYWFmNWI3Nzc0NmI3ZDQwYmY3NGVkNWU4ZDgwMTox', '事业群': '商用事业群', '创建人': '谢亦舟', '当前年': '2026', '当前月': '8', '食饮部': '0', '客户经理': '殷既白', '层级级别': '客户经理', '工业健康': '980998.48', '当前日期': '21', '楼宇办公': '2140361.52', '父级引用': '43', '经营主体': '星澜集团总部', '1季度比例': '25%', '2季度比例': '25%', '3季度比例': '25%', '4季度比例': '25%', '任务维护人': '江南珩', '年度开单金额': '2860012.210405', '总任务承接人': '殷既白', '总任务达成率': '0.651004663872', '本月开单金额': '725928.72', '食饮部（万）': '0', '链接字段(勿删)': '商用事业群;岚屿战区;潇湘片区;殷既白', '剩余分配百分比': '0', '工业健康（万）': '97.68', '当前月最后一天': '31', '总任务（金额）': '4393228.45', '战区总任务金额': '774983850.08', '楼宇办公（万）': '213.84', '本月当前目标阈值': '238978.494624', '本月总目标（万）': '26.011333', '食饮部待分配任务': '0', '健康-年度开单金额': '1131806.322117', '食饮-年度开单金额': '57116.4', '工业健康待分配任务': '1145995.93', '当前月份任务达成率': '1.98285719469', '本月开单金额（万）': '72.592846', '楼宇办公待分配任务': '2464422.3', '战区已分配金额-食饮': '102558971.68', '父级已审批金额-食饮': '102558971.68', '事业群剩余未分配金额': '-759362028.39', '截止当天累计目标阈值': '2863255.013698', '本月当前目标阈值 (万)': '23.897849', '楼宇办公-年度开单金额': '1671089.459374', '片区已分配金额-食饮部': '2318724.32', '行业线已分配金额-食饮': '93640800', '战区下派片区总任务金额': '17506610.91', '截止当前目标阈值达成率': '0.998867441678', '健康-年度开单金额（万）': '113.180632', '年度阈值/开单差额（万）': '-0.32428', '战区已分配金额-工业健康': '35672685.84', '战区已分配金额-楼宇办公': '267545142.48', '月度阈值/开单差额（万）': '48.695023', '父级已审批金额-工业健康': '35672685.84', '父级已审批金额-楼宇办公': '267545142.48', '片区已分配金额-工业健康': '8383081.52', '片区已分配金额-楼宇办公': '62427200', '片区父级已审批金额-食饮': '2318724.32', '食饮-年度开单金额（万）': '5.711643', '事业群下派战区总任务金额': '629067937.95', '总金额转换（以万为单位）': '312.4', '总额的待分配任务（金额）': '4183265.7', '客户经理已分配金额-食饮部': '89181.84', '行业线已分配金额-工业健康': '8918171.68', '行业线已分配金额-楼宇办公': '26754514.16', '行业线父级已审批金额-食饮': '2318724.32', '截止当天累计目标阈值（万）': '286.325502', '片区下派客户经理总任务金额': '9652651.51', '客户经理已分配金额-工业健康': '980998.48', '客户经理已分配金额-楼宇办公': '7847990.48', '楼宇办公-年度开单金额（万）': '167.108946', '片区父级已审批金额-工业健康': '8383081.52', '片区父级已审批金额-楼宇办公': '62427200', '客户经理父级已审批金额-食饮部': '89181.84', '行业线父级已审批金额-工业健康': '8383081.52', '行业线父级已审批金额-楼宇办公': '62427200', '年度开单金额转换（以万为单位）': '286.001221', '客户经理父级已审批金额-工业健康': '980998.48', '客户经理父级已审批金额-楼宇办公': '7847990.48'}",2026-08-21 17:02:20.979544,2026-08-21 17:02:20.979544,2026-08-21 17:02:20.979544
116,recvmFLhiI9hQt,"{'2601': '641334.76', '2602': '911561.55', '2603': '746809.53', '2604': '1190240.19', '公式': '0.000000277777777777777', '战区': '澔原战区', '片区': '衡原片区', '状态': '待确认', '编号': '131', 'SourceID': 'NzY0MTE0MDA0MTE0MTU4NzEzODpyZWN2bUZJZEpWbTlxNjpmMTRlYTYzZjE2YjZmMmZjOTJkNGRmY2QwZDBhNDk2Njox', '事业群': '商用事业群', '创建人': '谢南珩', '当前年': '2026', '当前月': '8', '食饮部': '67173.04', '客户经理': '黎朔风', '层级级别': '客户经理', '工业健康': '67173.04', '当前日期': '21', '楼宇办公': '2283884.24', '父级引用': '29', '经营主体': '星澜集团总部', '1季度比例': '25%', '2季度比例': '25%', '3季度比例': '25%', '4季度比例': '25%', '任务维护人': '裴既白', '年度开单金额': '462708.4', '总任务承接人': '黎朔风', '总任务达成率': '0.100526925332', '本月开单金额': '355201.44', '食饮部（万）': '7.04', '链接字段(勿删)': '商用事业群;澔原战区;衡原片区;黎朔风', '剩余分配百分比': '0', '工业健康（万）': '7.04', '当前月最后一天': '31', '总任务（金额）': '4602830.52', '战区总任务金额': '603046703.48', '楼宇办公（万）': '228.8', '本月当前目标阈值': '245806.451613', '本月总目标（万）': '20.24', '食饮部待分配任务': '143675.1', '健康-年度开单金额': '80608', '食饮-年度开单金额': '9525.12', '工业健康待分配任务': '100181.41', '当前月份任务达成率': '0.92604262996', '本月开单金额（万）': '35.520109', '楼宇办公待分配任务': '4093317.95', '战区已分配金额-食饮': '77249024.16', '父级已审批金额-食饮': '77249024.16', '事业群剩余未分配金额': '-568279545.43', '截止当天累计目标阈值': '2218267.065644', '本月当前目标阈值 (万)': '24.580645', '楼宇办公-年度开单金额': '372575.28', '片区已分配金额-食饮部': '3157133.76', '行业线已分配金额-食饮': '70531717.52', '战区下派片区总任务金额': '24989021.65', '截止当前目标阈值达成率': '0.208590032808', '健康-年度开单金额（万）': '7.92', '年度阈值/开单差额（万）': '-175.555867', '战区已分配金额-工业健康': '26869225.68', '战区已分配金额-楼宇办公': '201519193.04', '月度阈值/开单差额（万）': '10.939499', '父级已审批金额-工业健康': '26869225.68', '父级已审批金额-楼宇办公': '201519193.04', '片区已分配金额-工业健康': '5508191.04', '片区已分配金额-楼宇办公': '55149086.08', '片区父级已审批金额-食饮': '1477807.76', '食饮-年度开单金额（万）': '0.952514', '事业群下派战区总任务金额': '623622209.7', '总金额转换（以万为单位）': '242', '总额的待分配任务（金额）': '3699996.41', '客户经理已分配金额-食饮部': '268692.16', '行业线已分配金额-工业健康': '6717306.64', '行业线已分配金额-楼宇办公': '20151919.04', '行业线父级已审批金额-食饮': '1477807.76', '截止当天累计目标阈值（万）': '221.826706', '片区下派客户经理总任务金额': '13601106.91', '客户经理已分配金额-工业健康': '1074768.64', '客户经理已分配金额-楼宇办公': '7926421.36', '楼宇办公-年度开单金额（万）': '37.25754', '片区父级已审批金额-工业健康': '5239498.88', '片区父级已审批金额-楼宇办公': '57097105.12', '客户经理父级已审批金额-食饮部': '201519.12', '行业线父级已审批金额-工业健康': '5239498.88', '行业线父级已审批金额-楼宇办公': '57097105.12', '年度开单金额转换（以万为单位）': '46.270822', '客户经理父级已审批金额-工业健康': '1007595.6', '客户经理父级已审批金额-楼宇办公': '8060767.44'}",2026-08-21 17:02:20.979544,2026-08-21 17:02:20.979544,2026-08-21 17:02:20.979544
114,recvkB7JbqJX43,"{'2601': '780408.65', '2602': '1497008.69', '2603': '1462578.99', '2604': '920149.29', '公式': '0.000000285714285714285', '战区': '岚屿战区', '片区': '潇湘片区', '状态': '待确认', '编号': '129', 'SourceID': 'NzY0MTE0MDA0MTE0MTU4NzEzODpyZWN2ZEp5UlJCQmRpTDo4MTZkMmU4ZThhMTllY2FhYjVjMjE4YjhkOTliYWEzYTox', '事业群': '商用事业群', '创建人': '谢亦舟', '当前年': '2026', '当前月': '8', '食饮部': '0', '客户经理': '祁亦舟', '层级级别': '客户经理', '工业健康': '0', '当前日期': '21', '楼宇办公': '3229077.28', '父级引用': '44', '经营主体': '星澜集团总部', '1季度比例': '25%', '2季度比例': '25%', '3季度比例': '25%', '4季度比例': '25%', '任务维护人': '江南珩', '年度开单金额': '1375645.782746', '总任务承接人': '祁亦舟', '总任务达成率': '0.366342591579', '本月开单金额': '54842.48', '食饮部（万）': '0', '链接字段(勿删)': '商用事业群;岚屿战区;潇湘片区;祁亦舟', '剩余分配百分比': '0', '工业健康（万）': '0', '当前月最后一天': '31', '总任务（金额）': '3755080.12', '战区总任务金额': '664206897.39', '楼宇办公（万）': '322.96', '本月当前目标阈值': '238978.494624', '本月总目标（万）': '26.908977', '食饮部待分配任务': '0', '健康-年度开单金额': '42303.218852', '食饮-年度开单金额': '75999.44', '工业健康待分配任务': '0', '当前月份任务达成率': '0.175258513525', '本月开单金额（万）': '5.484265', '楼宇办公待分配任务': '4358007.54', '战区已分配金额-食饮': '106098253.36', '父级已审批金额-食饮': '106098253.36', '事业群剩余未分配金额': '-785567403.97', '截止当天累计目标阈值': '2962065.161206', '本月当前目标阈值 (万)': '23.897849', '楼宇办公-年度开单金额': '1257343.001032', '片区已分配金额-食饮部': '2398742.72', '行业线已分配金额-食饮': '96872318.4', '战区下派片区总任务金额': '19427466.86', '截止当前目标阈值达成率': '0.464421175051', '健康-年度开单金额（万）': '4.230322', '年度阈值/开单差额（万）': '-158.641938', '战区已分配金额-工业健康': '36903740.72', '战区已分配金额-楼宇办公': '276778052.32', '月度阈值/开单差额（万）': '-18.413601', '父级已审批金额-工业健康': '36903740.72', '父级已审批金额-楼宇办公': '276778052.32', '片区已分配金额-工业健康': '8672378.88', '片区已分配金额-楼宇办公': '64581545.6', '片区父级已审批金额-食饮': '2398742.72', '食饮-年度开单金额（万）': '7.599956', '事业群下派战区总任务金额': '613058207.46', '总金额转换（以万为单位）': '322.96', '总额的待分配任务（金额）': '4769624.7', '客户经理已分配金额-食饮部': '92259.2', '行业线已分配金额-工业健康': '9225934.96', '行业线已分配金额-楼宇办公': '27677804.88', '行业线父级已审批金额-食饮': '2398742.72', '截止当天累计目标阈值（万）': '296.206516', '片区下派客户经理总任务金额': '9994524.08', '客户经理已分配金额-工业健康': '1014852.96', '客户经理已分配金额-楼宇办公': '8118822.8', '楼宇办公-年度开单金额（万）': '125.7343', '片区父级已审批金额-工业健康': '8672378.88', '片区父级已审批金额-楼宇办公': '64581545.6', '客户经理父级已审批金额-食饮部': '92259.2', '行业线父级已审批金额-工业健康': '8672378.88', '行业线父级已审批金额-楼宇办公': '64581545.6', '年度开单金额转换（以万为单位）': '137.564578', '客户经理父级已审批金额-工业健康': '1014852.96', '客户经理父级已审批金额-楼宇办公': '8118822.8'}",2026-08-21 17:02:20.979544,2026-08-21 17:02:20.979544,2026-08-21 17:02:20.979544
