id,record_id,fields,created_time,updated_time,sync_time
1,recvdINcFhveNI,"{'2601': 113750000, '2602': 113750000, '2603': 113750000, '2604': 113750000, '公式': 2.1978021978022e-09, '状态': '已审批', '编号': '1', '事业群': '商用事业群', '创建人': '廖望舒', '当前年': 2026, '当前月': 8, '食饮部': '115000000', '楼宇办公': '300000000', '层级级别': '事业群', '工业健康': '40000000', '当前日期': 21, '父级引用': [{'type': 'text', 'table_id': 'tblfyIqpJcf4Rjyv', 'text_arr': []}], '经营主体': '星澜集团总部', '1季度比例': '25%', '2季度比例': '25%', '3季度比例': '25%', '4季度比例': '25%', '任务维护人': '肖伟、郭娟', '年度开单金额': 212397388.502768, '总任务承接人': '袁知远', '总任务达成率': 0.466807447258831, '本月开单金额': 9535612.66, '食饮部（万）': 11500, '链接字段(勿删)': [{'text': '商用事业群;;;', 'type': 'text'}], '楼宇办公（万）': 30000, '剩余分配百分比': 0, '工业健康（万）': 4000, '当前月最后一天': 31, '总任务（金额）': '441750131', '战区总任务金额': 600000000, '本月当前目标阈值': 24462365.5913978, '本月总目标（万）': 3791.66666666667, '食饮部待分配任务': 115000000, '健康-年度开单金额': 18002593.63, '食饮-年度开单金额': 52061541.01, '楼宇办公待分配任务': 300000000, '工业健康待分配任务': 40000000, '已分配任务（金额）': '385600000', '当前月份任务达成率': 0.251488685538462, '本月开单金额（万）': 953.561266, '父级已审批金额-食饮': 115000000, '事业群剩余未分配金额': -600000000, '截止当天累计目标阈值': 289205479.452055, '本月当前目标阈值 (万)': 2446.23655913978, '楼宇办公-年度开单金额': 142333253.862768, '战区已分配金额-食饮': 0, '行业线已分配金额-食饮': 0, '截止当前目标阈值达成率': 0.73441688900635, '片区已分配金额-食饮部': 0, '健康-年度开单金额（万）': 1800.259363, '年度阈值/开单差额（万）': -7680.80909492869, '月度阈值/开单差额（万）': -1492.67529313978, '父级已审批金额-楼宇办公': 300000000, '父级已审批金额-工业健康': 40000000, '食饮-年度开单金额（万）': 5206.154101, '总金额转换（以万为单位）': 45500, '总额的待分配任务（金额）': 69400000, '客户经理已分配金额-食饮部': 0, '片区已分配金额-楼宇办公': 0, '片区已分配金额-工业健康': 0, '片区父级已审批金额-食饮': 115000000, '战区已分配金额-楼宇办公': 0, '战区已分配金额-工业健康': 0, '行业线已分配金额-楼宇办公': 0, '行业线已分配金额-工业健康': 0, '行业线父级已审批金额-食饮': 115000000, '事业群下派战区总任务金额': 0, '战区下派片区总任务金额': 0, '截止当天累计目标阈值（万）': 28920.5479452055, '客户经理已分配金额-楼宇办公': 0, '客户经理已分配金额-工业健康': 0, '楼宇办公-年度开单金额（万）': 14233.3253862768, '片区下派客户经理总任务金额': 0, '客户经理父级已审批金额-食饮部': 230000000, '片区父级已审批金额-楼宇办公': 300000000, '片区父级已审批金额-工业健康': 40000000, '行业线父级已审批金额-楼宇办公': 300000000, '行业线父级已审批金额-工业健康': 40000000, '年度开单金额转换（以万为单位）': 21239.7388502768, '客户经理父级已审批金额-楼宇办公': 600000000, '客户经理父级已审批金额-工业健康': 80000000}",2026-08-21 17:04:35.666689,2026-08-21 17:04:35.666689,2026-08-21 17:04:35.666689
2,recvdIONI7neIv,"{'2601': 23750000, '2602': 23750000, '2603': 23750000, '2604': 23750000, '公式': 1.05263157894737e-08, '状态': '已审批', '编号': '2', '事业群': '商用事业群', '战区': '沧澜战区', '创建人': '廖望舒', '当前年': 2026, '当前月': 8, '食饮部': '3995999', '楼宇办公': '82719888', '层级级别': '战区', '工业健康': '8284896', '当前日期': 21, '父级引用': [{'text': '1', 'type': 'text', 'table_id': 'tblfyIqpJcf4Rjyv', 'text_arr': ['1'], 'record_ids': ['recvdINcFhveNI']}], '经营主体': '星澜集团总部', '1季度比例': '25%', '2季度比例': '25%', '3季度比例': '25%', '4季度比例': '25%', '任务维护人': '肖伟、郭娟', '年度开单金额': 39108687.74, '总任务承接人': '刘其琛', '总任务达成率': 0.411670397263158, '本月开单金额': 937588.189999999, '食饮部（万）': 220, '链接字段(勿删)': [{'text': '商用事业群;沧澜战区;;', 'type': 'text'}], '楼宇办公（万）': 8500, '剩余分配百分比': 0, '工业健康（万）': 780, '当前月最后一天': 31, '总任务（金额）': '88605368', '战区总任务金额': 600000000, '本月当前目标阈值': 5107526.88172043, '本月总目标（万）': 791.666666666667, '食饮部待分配任务': 2200000, '健康-年度开单金额': 5409188.14, '食饮-年度开单金额': 1924141.51, '楼宇办公待分配任务': 85000000, '工业健康待分配任务': 7800000, '当前月份任务达成率': 0.118432192421053, '本月开单金额（万）': 93.7588189999999, '父级已审批金额-食饮': 115000000, '事业群剩余未分配金额': -145000000, '截止当天累计目标阈值': 60383561.6438356, '本月当前目标阈值 (万)': 510.752688172043, '楼宇办公-年度开单金额': 31775358.09, '战区已分配金额-食饮': 115000000, '行业线已分配金额-食饮': 0, '截止当前目标阈值达成率': 0.647671099142468, '片区已分配金额-食饮部': 0, '健康-年度开单金额（万）': 540.918814, '年度阈值/开单差额（万）': -2127.48739038356, '月度阈值/开单差额（万）': -416.993869172043, '父级已审批金额-楼宇办公': 300000000, '父级已审批金额-工业健康': 40000000, '食饮-年度开单金额（万）': 192.414151, '总金额转换（以万为单位）': 9500, '总额的待分配任务（金额）': 95000000, '客户经理已分配金额-食饮部': 0, '片区已分配金额-楼宇办公': 0, '片区已分配金额-工业健康': 0, '片区父级已审批金额-食饮': 2200000, '战区已分配金额-楼宇办公': 300000000, '战区已分配金额-工业健康': 40000000, '行业线已分配金额-楼宇办公': 0, '行业线已分配金额-工业健康': 0, '行业线父级已审批金额-食饮': 2200000, '事业群下派战区总任务金额': 600000000, '战区下派片区总任务金额': 0, '截止当天累计目标阈值（万）': 6038.35616438356, '客户经理已分配金额-楼宇办公': 0, '客户经理已分配金额-工业健康': 0, '楼宇办公-年度开单金额（万）': 3177.535809, '片区下派客户经理总任务金额': 0, '客户经理父级已审批金额-食饮部': 230000000, '片区父级已审批金额-楼宇办公': 85000000, '片区父级已审批金额-工业健康': 7800000, '行业线父级已审批金额-楼宇办公': 85000000, '行业线父级已审批金额-工业健康': 7800000, '年度开单金额转换（以万为单位）': 3910.868774, '客户经理父级已审批金额-楼宇办公': 600000000, '客户经理父级已审批金额-工业健康': 80000000}",2026-08-21 17:04:35.666689,2026-08-21 17:04:35.666689,2026-08-21 17:04:35.666689
3,recvdIQhFgBefI,"{'2601': 20500000, '2602': 20500000, '2603': 20500000, '2604': 20500000, '公式': 1.21951219512195e-08, '状态': '已审批', '编号': '3', '事业群': '商用事业群', '战区': '淼澜战区', '创建人': '廖望舒', '当前年': 2026, '当前月': 8, '食饮部': '2175213', '楼宇办公': '67700399', '层级级别': '战区', '工业健康': '9253915', '当前日期': 21, '父级引用': [{'text': '1', 'type': 'text', 'table_id': 'tblfyIqpJcf4Rjyv', 'text_arr': ['1'], 'record_ids': ['recvdINcFhveNI']}], '经营主体': '星澜集团总部', '1季度比例': '25%', '2季度比例': '25%', '3季度比例': '25%', '4季度比例': '25%', '任务维护人': '肖伟、郭娟', '年度开单金额': 37320886.442768, '总任务承接人': '赵清晏', '总任务达成率': 0.455132761497171, '本月开单金额': 2375188.2, '食饮部（万）': 260, '链接字段(勿删)': [{'text': '商用事业群;淼澜战区;;', 'type': 'text'}], '楼宇办公（万）': 7000, '剩余分配百分比': 0, '工业健康（万）': 940, '当前月最后一天': 31, '总任务（金额）': '73697269', '战区总任务金额': 600000000, '本月当前目标阈值': 4408602.15053763, '本月总目标（万）': 683.333333333333, '食饮部待分配任务': 2600000, '健康-年度开单金额': 2852174.08, '食饮-年度开单金额': 1517736.93, '楼宇办公待分配任务': 70000000, '工业健康待分配任务': 9400000, '当前月份任务达成率': 0.347588517073171, '本月开单金额（万）': 237.51882, '父级已审批金额-食饮': 115000000, '事业群剩余未分配金额': -145000000, '截止当天累计目标阈值': 52120547.9452055, '本月当前目标阈值 (万)': 440.860215053763, '楼宇办公-年度开单金额': 32950975.432768, '战区已分配金额-食饮': 115000000, '行业线已分配金额-食饮': 0, '截止当前目标阈值达成率': 0.71604938770029, '片区已分配金额-食饮部': 0, '健康-年度开单金额（万）': 285.217408, '年度阈值/开单差额（万）': -1479.96615024375, '月度阈值/开单差额（万）': -203.341395053763, '父级已审批金额-楼宇办公': 300000000, '父级已审批金额-工业健康': 40000000, '食饮-年度开单金额（万）': 151.773693, '总金额转换（以万为单位）': 8200, '总额的待分配任务（金额）': 82000000, '客户经理已分配金额-食饮部': 0, '片区已分配金额-楼宇办公': 0, '片区已分配金额-工业健康': 0, '片区父级已审批金额-食饮': 2600000, '战区已分配金额-楼宇办公': 300000000, '战区已分配金额-工业健康': 40000000, '行业线已分配金额-楼宇办公': 0, '行业线已分配金额-工业健康': 0, '行业线父级已审批金额-食饮': 2600000, '事业群下派战区总任务金额': 600000000, '战区下派片区总任务金额': 0, '截止当天累计目标阈值（万）': 5212.05479452055, '客户经理已分配金额-楼宇办公': 0, '客户经理已分配金额-工业健康': 0, '楼宇办公-年度开单金额（万）': 3295.0975432768, '片区下派客户经理总任务金额': 0, '客户经理父级已审批金额-食饮部': 230000000, '片区父级已审批金额-楼宇办公': 70000000, '片区父级已审批金额-工业健康': 9400000, '行业线父级已审批金额-楼宇办公': 70000000, '行业线父级已审批金额-工业健康': 9400000, '年度开单金额转换（以万为单位）': 3732.0886442768, '客户经理父级已审批金额-楼宇办公': 600000000, '客户经理父级已审批金额-工业健康': 80000000}",2026-08-21 17:04:35.666689,2026-08-21 17:04:35.666689,2026-08-21 17:04:35.666689
4,recvdIQyBuSUDW,"{'2601': 17350000, '2602': 17350000, '2603': 17350000, '2604': 17350000, '公式': 1.44092219020173e-08, '状态': '已审批', '编号': '4', '事业群': '商用事业群', '战区': '漠澜战区', '创建人': '廖望舒', '当前年': 2026, '当前月': 8, '食饮部': '5759011', '楼宇办公': '54150192', '层级级别': '战区', '工业健康': '8125894', '当前日期': 21, '父级引用': [{'text': '1', 'type': 'text', 'table_id': 'tblfyIqpJcf4Rjyv', 'text_arr': ['1'], 'record_ids': ['recvdINcFhveNI']}], '经营主体': '星澜集团总部', '1季度比例': '25%', '2季度比例': '25%', '3季度比例': '25%', '4季度比例': '25%', '任务维护人': '肖伟、郭娟', '年度开单金额': 26130298, '总任务承接人': '陈怀瑾', '总任务达成率': 0.376517262247838, '本月开单金额': 1301037.82, '食饮部（万）': 260, '链接字段(勿删)': [{'text': '商用事业群;漠澜战区;;', 'type': 'text'}], '楼宇办公（万）': 6000, '剩余分配百分比': 0, '工业健康（万）': 680, '当前月最后一天': 31, '总任务（金额）': '69334137', '战区总任务金额': 600000000, '本月当前目标阈值': 3731182.79569892, '本月总目标（万）': 578.333333333333, '食饮部待分配任务': 2600000, '健康-年度开单金额': 2789700.92, '食饮-年度开单金额': 1501443.76, '楼宇办公待分配任务': 60000000, '工业健康待分配任务': 6800000, '当前月份任务达成率': 0.224963311815562, '本月开单金额（万）': 130.103782, '父级已审批金额-食饮': 115000000, '事业群剩余未分配金额': -145000000, '截止当天累计目标阈值': 44111780.8219178, '本月当前目标阈值 (万)': 373.118279569892, '楼宇办公-年度开单金额': 21839153.32, '战区已分配金额-食饮': 115000000, '行业线已分配金额-食饮': 0, '截止当前目标阈值达成率': 0.592365520346815, '片区已分配金额-食饮部': 0, '健康-年度开单金额（万）': 278.970092, '年度阈值/开单差额（万）': -1798.14828219178, '月度阈值/开单差额（万）': -243.014497569892, '父级已审批金额-楼宇办公': 300000000, '父级已审批金额-工业健康': 40000000, '食饮-年度开单金额（万）': 150.144376, '总金额转换（以万为单位）': 6940, '总额的待分配任务（金额）': 69400000, '客户经理已分配金额-食饮部': 0, '片区已分配金额-楼宇办公': 0, '片区已分配金额-工业健康': 0, '片区父级已审批金额-食饮': 2600000, '战区已分配金额-楼宇办公': 300000000, '战区已分配金额-工业健康': 40000000, '行业线已分配金额-楼宇办公': 0, '行业线已分配金额-工业健康': 0, '行业线父级已审批金额-食饮': 2600000, '事业群下派战区总任务金额': 600000000, '战区下派片区总任务金额': 0, '截止当天累计目标阈值（万）': 4411.17808219178, '客户经理已分配金额-楼宇办公': 0, '客户经理已分配金额-工业健康': 0, '楼宇办公-年度开单金额（万）': 2183.915332, '片区下派客户经理总任务金额': 0, '客户经理父级已审批金额-食饮部': 230000000, '片区父级已审批金额-楼宇办公': 60000000, '片区父级已审批金额-工业健康': 6800000, '行业线父级已审批金额-楼宇办公': 60000000, '行业线父级已审批金额-工业健康': 6800000, '年度开单金额转换（以万为单位）': 2613.0298, '客户经理父级已审批金额-楼宇办公': 600000000, '客户经理父级已审批金额-工业健康': 80000000}",2026-08-21 17:04:35.666689,2026-08-21 17:04:35.666689,2026-08-21 17:04:35.666689
5,recvdIQHwliUCQ,"{'2601': 15900000, '2602': 15900000, '2603': 15900000, '2604': 15900000, '公式': 1.57232704402516e-08, '状态': '已审批', '编号': '5', '事业群': '商用事业群', '战区': '凛澜战区', '创建人': '廖望舒', '当前年': 2026, '当前月': 8, '食饮部': '2227407', '楼宇办公': '56302372', '层级级别': '战区', '工业健康': '5562028', '当前日期': 21, '父级引用': [{'text': '1', 'type': 'text', 'table_id': 'tblfyIqpJcf4Rjyv', 'text_arr': ['1'], 'record_ids': ['recvdINcFhveNI']}], '经营主体': '星澜集团总部', '1季度比例': '25%', '2季度比例': '25%', '3季度比例': '25%', '4季度比例': '25%', '任务维护人': '肖伟、郭娟', '年度开单金额': 26049556.16, '总任务承接人': '王静姝', '总任务达成率': 0.409584216352201, '本月开单金额': 1541577.58, '食饮部（万）': 260, '链接字段(勿删)': [{'text': '商用事业群;凛澜战区;;', 'type': 'text'}], '楼宇办公（万）': 5500, '剩余分配百分比': 0, '工业健康（万）': 600, '当前月最后一天': 31, '总任务（金额）': '65113357', '战区总任务金额': 600000000, '本月当前目标阈值': 3419354.83870968, '本月总目标（万）': 530, '食饮部待分配任务': 2600000, '健康-年度开单金额': 1086130, '食饮-年度开单金额': 1813951.54, '楼宇办公待分配任务': 55000000, '工业健康待分配任务': 6000000, '当前月份任务达成率': 0.290863694339623, '本月开单金额（万）': 154.157758, '父级已审批金额-食饮': 115000000, '事业群剩余未分配金额': -145000000, '截止当天累计目标阈值': 40425205.4794521, '本月当前目标阈值 (万)': 341.935483870968, '楼宇办公-年度开单金额': 23149474.62, '战区已分配金额-食饮': 115000000, '行业线已分配金额-食饮': 0, '截止当前目标阈值达成率': 0.64438896107135, '片区已分配金额-食饮部': 0, '健康-年度开单金额（万）': 108.613, '年度阈值/开单差额（万）': -1437.56493194521, '月度阈值/开单差额（万）': -187.777725870968, '父级已审批金额-楼宇办公': 300000000, '父级已审批金额-工业健康': 40000000, '食饮-年度开单金额（万）': 181.395154, '总金额转换（以万为单位）': 6360, '总额的待分配任务（金额）': 63600000, '客户经理已分配金额-食饮部': 0, '片区已分配金额-楼宇办公': 0, '片区已分配金额-工业健康': 0, '片区父级已审批金额-食饮': 2600000, '战区已分配金额-楼宇办公': 300000000, '战区已分配金额-工业健康': 40000000, '行业线已分配金额-楼宇办公': 0, '行业线已分配金额-工业健康': 0, '行业线父级已审批金额-食饮': 2600000, '事业群下派战区总任务金额': 600000000, '战区下派片区总任务金额': 0, '截止当天累计目标阈值（万）': 4042.52054794521, '客户经理已分配金额-楼宇办公': 0, '客户经理已分配金额-工业健康': 0, '楼宇办公-年度开单金额（万）': 2314.947462, '片区下派客户经理总任务金额': 0, '客户经理父级已审批金额-食饮部': 230000000, '片区父级已审批金额-楼宇办公': 55000000, '片区父级已审批金额-工业健康': 6000000, '行业线父级已审批金额-楼宇办公': 55000000, '行业线父级已审批金额-工业健康': 6000000, '年度开单金额转换（以万为单位）': 2604.955616, '客户经理父级已审批金额-楼宇办公': 600000000, '客户经理父级已审批金额-工业健康': 80000000}",2026-08-21 17:04:35.666689,2026-08-21 17:04:35.666689,2026-08-21 17:04:35.666689
6,recvdIRsQP9RqU,"{'2601': 26250000, '2602': 26250000, '2603': 26250000, '2604': 26250000, '公式': 9.52380952380952e-09, '状态': '已审批', '编号': '6', '事业群': '商用事业群', '战区': '食饮行业部', '创建人': '廖望舒', '当前年': 2026, '当前月': 8, '食饮部': '105000000', '层级级别': '战区', '当前日期': 21, '父级引用': [{'text': '1', 'type': 'text', 'table_id': 'tblfyIqpJcf4Rjyv', 'text_arr': ['1'], 'record_ids': ['recvdINcFhveNI']}], '经营主体': '星澜集团总部', '1季度比例': '25%', '2季度比例': '25%', '3季度比例': '25%', '4季度比例': '25%', '任务维护人': '郭娟、肖伟', '年度开单金额': 45302518.92, '总任务承接人': '钟自蹊', '总任务达成率': 0.431452561142857, '本月开单金额': 992943.17, '食饮部（万）': 10500, '链接字段(勿删)': [{'text': '商用事业群;食饮行业部;;', 'type': 'text'}], '楼宇办公（万）': 0, '剩余分配百分比': 0, '工业健康（万）': 0, '当前月最后一天': 31, '总任务（金额）': '105000000', '战区总任务金额': 600000000, '本月当前目标阈值': 5645161.29032258, '本月总目标（万）': 875, '食饮部待分配任务': 105000000, '健康-年度开单金额': 0, '食饮-年度开单金额': 45302518.92, '楼宇办公待分配任务': 0, '工业健康待分配任务': 0, '当前月份任务达成率': 0.113479219428571, '本月开单金额（万）': 99.294317, '父级已审批金额-食饮': 115000000, '事业群剩余未分配金额': -145000000, '截止当天累计目标阈值': 66739726.0273973, '本月当前目标阈值 (万)': 564.516129032258, '楼宇办公-年度开单金额': 0, '战区已分配金额-食饮': 115000000, '行业线已分配金额-食饮': 0, '截止当前目标阈值达成率': 0.678793900073892, '片区已分配金额-食饮部': 0, '健康-年度开单金额（万）': 0, '年度阈值/开单差额（万）': -2143.72071073973, '月度阈值/开单差额（万）': -465.221812032258, '父级已审批金额-楼宇办公': 300000000, '父级已审批金额-工业健康': 40000000, '食饮-年度开单金额（万）': 4530.251892, '总金额转换（以万为单位）': 10500, '总额的待分配任务（金额）': 105000000, '行业线年度开单金额（万）': '2773.91201699999', '客户经理已分配金额-食饮部': 0, '片区已分配金额-楼宇办公': 0, '片区已分配金额-工业健康': 0, '片区父级已审批金额-食饮': 115000000, '战区已分配金额-楼宇办公': 300000000, '战区已分配金额-工业健康': 40000000, '行业线已分配金额-楼宇办公': 0, '行业线已分配金额-工业健康': 0, '行业线父级已审批金额-食饮': 115000000, '事业群下派战区总任务金额': 600000000, '战区下派片区总任务金额': 0, '截止当天累计目标阈值（万）': 6673.97260273973, '客户经理已分配金额-楼宇办公': 0, '客户经理已分配金额-工业健康': 0, '楼宇办公-年度开单金额（万）': 0, '片区下派客户经理总任务金额': 0, '客户经理父级已审批金额-食饮部': 230000000, '片区父级已审批金额-楼宇办公': 0, '片区父级已审批金额-工业健康': 0, '行业线父级已审批金额-楼宇办公': 0, '行业线父级已审批金额-工业健康': 0, '年度开单金额转换（以万为单位）': 4530.251892, '客户经理父级已审批金额-楼宇办公': 600000000, '客户经理父级已审批金额-工业健康': 80000000}",2026-08-21 17:04:35.666689,2026-08-21 17:04:35.666689,2026-08-21 17:04:35.666689
7,recvdIRBey2dsx,"{'2601': 7500000, '2602': 7500000, '2603': 7500000, '2604': 7500000, '公式': 3.33333333333333e-08, '状态': '已审批', '编号': '7', '事业群': '商用事业群', '战区': '楼宇办公行业部', '创建人': '廖望舒', '当前年': 2026, '当前月': 8, '楼宇办公': '30000000', '层级级别': '战区', '当前日期': 21, '父级引用': [{'text': '1', 'type': 'text', 'table_id': 'tblfyIqpJcf4Rjyv', 'text_arr': ['1'], 'record_ids': ['recvdINcFhveNI']}], '经营主体': '星澜集团总部', '1季度比例': '25%', '2季度比例': '25%', '3季度比例': '25%', '4季度比例': '25%', '任务维护人': '肖伟、郭娟', '年度开单金额': 38127209.63, '总任务承接人': '萧清晏', '总任务达成率': 1.27090698766667, '本月开单金额': 2382027.7, '食饮部（万）': 0, '链接字段(勿删)': [{'text': '商用事业群;楼宇办公行业部;;', 'type': 'text'}], '楼宇办公（万）': 3000, '剩余分配百分比': 0, '工业健康（万）': 0, '当前月最后一天': 31, '总任务（金额）': '30000000', '战区总任务金额': 600000000, '本月当前目标阈值': 1612903.22580645, '本月总目标（万）': 250, '食饮部待分配任务': 0, '健康-年度开单金额': 0, '食饮-年度开单金额': 0, '楼宇办公待分配任务': 30000000, '工业健康待分配任务': 0, '当前月份任务达成率': 0.95281108, '本月开单金额（万）': 238.20277, '父级已审批金额-食饮': 115000000, '事业群剩余未分配金额': -145000000, '截止当天累计目标阈值': 19068493.1506849, '本月当前目标阈值 (万)': 161.290322580645, '楼宇办公-年度开单金额': 38127209.63, '战区已分配金额-食饮': 115000000, '行业线已分配金额-食饮': 0, '截止当前目标阈值达成率': 1.99948728663075, '片区已分配金额-食饮部': 0, '健康-年度开单金额（万）': 0, '年度阈值/开单差额（万）': 1905.8716479315, '月度阈值/开单差额（万）': 76.9124474193549, '父级已审批金额-楼宇办公': 300000000, '父级已审批金额-工业健康': 40000000, '食饮-年度开单金额（万）': 0, '总金额转换（以万为单位）': 3000, '总额的待分配任务（金额）': 30000000, '行业线年度开单金额（万）': '2363.120706', '客户经理已分配金额-食饮部': 0, '片区已分配金额-楼宇办公': 0, '片区已分配金额-工业健康': 0, '片区父级已审批金额-食饮': 0, '战区已分配金额-楼宇办公': 300000000, '战区已分配金额-工业健康': 40000000, '行业线已分配金额-楼宇办公': 0, '行业线已分配金额-工业健康': 0, '行业线父级已审批金额-食饮': 0, '事业群下派战区总任务金额': 600000000, '战区下派片区总任务金额': 0, '截止当天累计目标阈值（万）': 1906.84931506849, '客户经理已分配金额-楼宇办公': 0, '客户经理已分配金额-工业健康': 0, '楼宇办公-年度开单金额（万）': 3812.720963, '片区下派客户经理总任务金额': 0, '客户经理父级已审批金额-食饮部': 230000000, '片区父级已审批金额-楼宇办公': 34000000, '片区父级已审批金额-工业健康': 0, '行业线父级已审批金额-楼宇办公': 34000000, '行业线父级已审批金额-工业健康': 0, '年度开单金额转换（以万为单位）': 3812.720963, '客户经理父级已审批金额-楼宇办公': 600000000, '客户经理父级已审批金额-工业健康': 80000000}",2026-08-21 17:04:35.666689,2026-08-21 17:04:35.666689,2026-08-21 17:04:35.666689
8,recvdIRTmv9oq4,"{'2601': 2500000, '2602': 2500000, '2603': 2500000, '2604': 2500000, '公式': 1e-07, '状态': '已审批', '编号': '8', '事业群': '商用事业群', '战区': '工业健康行业部', '创建人': '廖望舒', '当前年': 2026, '当前月': 8, '层级级别': '战区', '工业健康': '10000000', '当前日期': 21, '父级引用': [{'text': '1', 'type': 'text', 'table_id': 'tblfyIqpJcf4Rjyv', 'text_arr': ['1'], 'record_ids': ['recvdINcFhveNI']}], '经营主体': '星澜集团总部', '1季度比例': '25%', '2季度比例': '25%', '3季度比例': '25%', '4季度比例': '25%', '任务维护人': '郭娟、肖伟', '年度开单金额': 12325511.73, '总任务承接人': '陆自蹊', '总任务达成率': 1.232551173, '本月开单金额': 5250, '食饮部（万）': 0, '链接字段(勿删)': [{'text': '商用事业群;工业健康行业部;;', 'type': 'text'}], '楼宇办公（万）': 0, '剩余分配百分比': 0, '工业健康（万）': 1000, '当前月最后一天': 31, '总任务（金额）': '10000000', '战区总任务金额': 600000000, '本月当前目标阈值': 537634.408602151, '本月总目标（万）': 83.3333333333333, '食饮部待分配任务': 0, '健康-年度开单金额': 12325511.73, '食饮-年度开单金额': 0, '楼宇办公待分配任务': 0, '工业健康待分配任务': 10000000, '当前月份任务达成率': 0.0063, '本月开单金额（万）': 0.525, '父级已审批金额-食饮': 115000000, '事业群剩余未分配金额': -145000000, '截止当天累计目标阈值': 6356164.38356164, '本月当前目标阈值 (万)': 53.763440860215, '楼宇办公-年度开单金额': 0, '战区已分配金额-食饮': 115000000, '行业线已分配金额-食饮': 0, '截止当前目标阈值达成率': 1.93914300924569, '片区已分配金额-食饮部': 0, '健康-年度开单金额（万）': 1232.551173, '年度阈值/开单差额（万）': 596.934734643836, '月度阈值/开单差额（万）': -53.2384408602151, '父级已审批金额-楼宇办公': 300000000, '父级已审批金额-工业健康': 40000000, '食饮-年度开单金额（万）': 0, '总金额转换（以万为单位）': 1000, '总额的待分配任务（金额）': 10000000, '行业线年度开单金额（万）': '636.788536', '客户经理已分配金额-食饮部': 0, '片区已分配金额-楼宇办公': 0, '片区已分配金额-工业健康': 0, '片区父级已审批金额-食饮': 0, '战区已分配金额-楼宇办公': 300000000, '战区已分配金额-工业健康': 40000000, '行业线已分配金额-楼宇办公': 0, '行业线已分配金额-工业健康': 0, '行业线父级已审批金额-食饮': 0, '事业群下派战区总任务金额': 600000000, '战区下派片区总任务金额': 0, '截止当天累计目标阈值（万）': 635.616438356165, '客户经理已分配金额-楼宇办公': 0, '客户经理已分配金额-工业健康': 0, '楼宇办公-年度开单金额（万）': 0, '片区下派客户经理总任务金额': 0, '客户经理父级已审批金额-食饮部': 230000000, '片区父级已审批金额-楼宇办公': 0, '片区父级已审批金额-工业健康': 10000000, '行业线父级已审批金额-楼宇办公': 0, '行业线父级已审批金额-工业健康': 10000000, '年度开单金额转换（以万为单位）': 1232.551173, '客户经理父级已审批金额-楼宇办公': 600000000, '客户经理父级已审批金额-工业健康': 80000000}",2026-08-21 17:04:35.666689,2026-08-21 17:04:35.666689,2026-08-21 17:04:35.666689
9,recvdIU1iDZaVN,"{'2601': 22500000, '2602': 22500000, '2603': 22500000, '2604': 22500000, '公式': 1.11111111111111e-08, '状态': '待确认', '编号': '9', '事业群': '商用事业群', '战区': '食饮行业部', '创建人': '廖望舒', '当前年': 2026, '当前月': 8, '食饮部': '85086356', '客户经理': '钟自蹊', '层级级别': '客户经理', '当前日期': 21, '父级引用': [{'text': '6', 'type': 'text', 'table_id': 'tblfyIqpJcf4Rjyv', 'text_arr': ['6'], 'record_ids': ['recvdIRsQP9RqU']}], '经营主体': '星澜集团总部', '1季度比例': '25%', '2季度比例': '25%', '3季度比例': '25%', '4季度比例': '25%', '任务维护人': '钟自蹊', '年度开单金额': 32200120.54, '总任务承接人': '钟自蹊', '总任务达成率': 0.357779117111111, '本月开单金额': 685908.36, '食饮部（万）': 9000, '链接字段(勿删)': [{'text': '商用事业群;食饮行业部;;钟自蹊', 'type': 'text'}], '楼宇办公（万）': 0, '剩余分配百分比': 0, '工业健康（万）': 0, '当前月最后一天': 31, '总任务（金额）': '109693660', '战区总任务金额': 600000000, '本月当前目标阈值': 4838709.67741936, '本月总目标（万）': 750, '食饮部待分配任务': 90000000, '健康-年度开单金额': 0, '食饮-年度开单金额': 32200120.54, '楼宇办公待分配任务': 0, '工业健康待分配任务': 0, '当前月份任务达成率': 0.091454448, '本月开单金额（万）': 68.590836, '父级已审批金额-食饮': 115000000, '事业群剩余未分配金额': -495000000, '截止当天累计目标阈值': 57205479.4520548, '本月当前目标阈值 (万)': 483.870967741935, '楼宇办公-年度开单金额': 0, '战区已分配金额-食饮': 115000000, '行业线已分配金额-食饮': 105000000, '截止当前目标阈值达成率': 0.562885248903256, '片区已分配金额-食饮部': 0, '健康-年度开单金额（万）': 0, '年度阈值/开单差额（万）': -2500.53589120548, '月度阈值/开单差额（万）': -415.280131741936, '父级已审批金额-楼宇办公': 300000000, '父级已审批金额-工业健康': 40000000, '食饮-年度开单金额（万）': 3220.012054, '总金额转换（以万为单位）': 9000, '总额的待分配任务（金额）': 90000000, '客户经理已分配金额-食饮部': 0, '片区已分配金额-楼宇办公': 0, '片区已分配金额-工业健康': 0, '片区父级已审批金额-食饮': 115000000, '战区已分配金额-楼宇办公': 300000000, '战区已分配金额-工业健康': 40000000, '行业线已分配金额-楼宇办公': 30000000, '行业线已分配金额-工业健康': 10000000, '行业线父级已审批金额-食饮': 115000000, '事业群下派战区总任务金额': 600000000, '战区下派片区总任务金额': 16400000, '截止当天累计目标阈值（万）': 5720.54794520548, '客户经理已分配金额-楼宇办公': 0, '客户经理已分配金额-工业健康': 0, '楼宇办公-年度开单金额（万）': 0, '片区下派客户经理总任务金额': 0, '客户经理父级已审批金额-食饮部': 230000000, '片区父级已审批金额-楼宇办公': 0, '片区父级已审批金额-工业健康': 0, '行业线父级已审批金额-楼宇办公': 0, '行业线父级已审批金额-工业健康': 0, '年度开单金额转换（以万为单位）': 3220.012054, '客户经理父级已审批金额-楼宇办公': 600000000, '客户经理父级已审批金额-工业健康': 80000000}",2026-08-21 17:04:35.666689,2026-08-21 17:04:35.666689,2026-08-21 17:04:35.666689
10,recvdIU6chD50u,"{'2601': 2500000, '2602': 2500000, '2603': 2500000, '2604': 2500000, '公式': 1e-07, '状态': '已审批', '编号': '10', '事业群': '商用事业群', '战区': '食饮行业部', '创建人': '袁慕白', '当前年': 2026, '当前月': 8, '食饮部': '8194653', '客户经理': '姜景行', '层级级别': '客户经理', '当前日期': 21, '父级引用': [{'text': '6', 'type': 'text', 'table_id': 'tblfyIqpJcf4Rjyv', 'text_arr': ['6'], 'record_ids': ['recvdIRsQP9RqU']}], '经营主体': '星澜集团总部', '1季度比例': '25%', '2季度比例': '25%', '3季度比例': '25%', '4季度比例': '25%', '任务维护人': '钟自蹊', '年度开单金额': 7631747.87, '总任务承接人': '姜景行', '总任务达成率': 0.763174787, '本月开单金额': 14218, '食饮部（万）': 1000, '链接字段(勿删)': [{'text': '商用事业群;食饮行业部;;姜景行', 'type': 'text'}], '楼宇办公（万）': 0, '剩余分配百分比': 0, '工业健康（万）': 0, '当前月最后一天': 31, '总任务（金额）': '9243331', '战区总任务金额': 600000000, '本月当前目标阈值': 537634.408602151, '本月总目标（万）': 83.3333333333333, '食饮部待分配任务': 10000000, '健康-年度开单金额': 0, '食饮-年度开单金额': 7631747.87, '楼宇办公待分配任务': 0, '工业健康待分配任务': 0, '已分配任务（金额）': '12459080', '当前月份任务达成率': 0.0170616, '本月开单金额（万）': 1.4218, '父级已审批金额-食饮': 115000000, '事业群剩余未分配金额': -495000000, '截止当天累计目标阈值': 6356164.38356164, '本月当前目标阈值 (万)': 53.763440860215, '楼宇办公-年度开单金额': 0, '战区已分配金额-食饮': 115000000, '行业线已分配金额-食饮': 105000000, '截止当前目标阈值达成率': 1.20068447092672, '片区已分配金额-食饮部': 0, '健康-年度开单金额（万）': 0, '年度阈值/开单差额（万）': 127.558348643836, '月度阈值/开单差额（万）': -52.3416408602151, '父级已审批金额-楼宇办公': 300000000, '父级已审批金额-工业健康': 40000000, '食饮-年度开单金额（万）': 763.174787, '总金额转换（以万为单位）': 1000, '总额的待分配任务（金额）': 0, '客户经理已分配金额-食饮部': 0, '片区已分配金额-楼宇办公': 0, '片区已分配金额-工业健康': 0, '片区父级已审批金额-食饮': 115000000, '战区已分配金额-楼宇办公': 300000000, '战区已分配金额-工业健康': 40000000, '行业线已分配金额-楼宇办公': 30000000, '行业线已分配金额-工业健康': 10000000, '行业线父级已审批金额-食饮': 115000000, '事业群下派战区总任务金额': 600000000, '战区下派片区总任务金额': 16400000, '截止当天累计目标阈值（万）': 635.616438356165, '客户经理已分配金额-楼宇办公': 0, '客户经理已分配金额-工业健康': 0, '楼宇办公-年度开单金额（万）': 0, '片区下派客户经理总任务金额': 0, '客户经理父级已审批金额-食饮部': 230000000, '片区父级已审批金额-楼宇办公': 0, '片区父级已审批金额-工业健康': 0, '行业线父级已审批金额-楼宇办公': 0, '行业线父级已审批金额-工业健康': 0, '年度开单金额转换（以万为单位）': 763.174787, '客户经理父级已审批金额-楼宇办公': 600000000, '客户经理父级已审批金额-工业健康': 80000000}",2026-08-21 17:04:35.666689,2026-08-21 17:04:35.666689,2026-08-21 17:04:35.666689
11,recvdIUva50897,"{'2601': 1250000, '2602': 1250000, '2603': 1250000, '2604': 1250000, '公式': 2e-07, '状态': '待确认', '编号': '11', '事业群': '商用事业群', '战区': '食饮行业部', '创建人': '廖望舒', '当前年': 2026, '当前月': 8, '食饮部': '5182942', '客户经理': '沈栖迟', '层级级别': '客户经理', '当前日期': 21, '父级引用': [{'text': '6', 'type': 'text', 'table_id': 'tblfyIqpJcf4Rjyv', 'text_arr': ['6'], 'record_ids': ['recvdIRsQP9RqU']}], '经营主体': '星澜集团总部', '1季度比例': '25%', '2季度比例': '25%', '3季度比例': '25%', '4季度比例': '25%', '任务维护人': '钟自蹊', '年度开单金额': 4694383, '总任务承接人': '沈栖迟', '总任务达成率': 0.9388766, '本月开单金额': 271561, '食饮部（万）': 500, '链接字段(勿删)': [{'text': '商用事业群;食饮行业部;;沈栖迟', 'type': 'text'}], '楼宇办公（万）': 0, '剩余分配百分比': 0, '工业健康（万）': 0, '当前月最后一天': 31, '总任务（金额）': '3994115', '战区总任务金额': 600000000, '本月当前目标阈值': 268817.204301075, '本月总目标（万）': 41.6666666666667, '食饮部待分配任务': 5000000, '健康-年度开单金额': 0, '食饮-年度开单金额': 4694383, '楼宇办公待分配任务': 0, '工业健康待分配任务': 0, '当前月份任务达成率': 0.6517464, '本月开单金额（万）': 27.1561, '父级已审批金额-食饮': 115000000, '事业群剩余未分配金额': -495000000, '截止当天累计目标阈值': 3178082.19178082, '本月当前目标阈值 (万)': 26.8817204301075, '楼宇办公-年度开单金额': 0, '战区已分配金额-食饮': 115000000, '行业线已分配金额-食饮': 105000000, '截止当前目标阈值达成率': 1.47711189224138, '片区已分配金额-食饮部': 0, '健康-年度开单金额（万）': 0, '年度阈值/开单差额（万）': 151.630080821918, '月度阈值/开单差额（万）': 0.274379569892474, '父级已审批金额-楼宇办公': 300000000, '父级已审批金额-工业健康': 40000000, '食饮-年度开单金额（万）': 469.4383, '总金额转换（以万为单位）': 500, '总额的待分配任务（金额）': 5000000, '客户经理已分配金额-食饮部': 0, '片区已分配金额-楼宇办公': 0, '片区已分配金额-工业健康': 0, '片区父级已审批金额-食饮': 115000000, '战区已分配金额-楼宇办公': 300000000, '战区已分配金额-工业健康': 40000000, '行业线已分配金额-楼宇办公': 30000000, '行业线已分配金额-工业健康': 10000000, '行业线父级已审批金额-食饮': 115000000, '事业群下派战区总任务金额': 600000000, '战区下派片区总任务金额': 16400000, '截止当天累计目标阈值（万）': 317.808219178082, '客户经理已分配金额-楼宇办公': 0, '客户经理已分配金额-工业健康': 0, '楼宇办公-年度开单金额（万）': 0, '片区下派客户经理总任务金额': 0, '客户经理父级已审批金额-食饮部': 230000000, '片区父级已审批金额-楼宇办公': 0, '片区父级已审批金额-工业健康': 0, '行业线父级已审批金额-楼宇办公': 0, '行业线父级已审批金额-工业健康': 0, '年度开单金额转换（以万为单位）': 469.4383, '客户经理父级已审批金额-楼宇办公': 600000000, '客户经理父级已审批金额-工业健康': 80000000}",2026-08-21 17:04:35.666689,2026-08-21 17:04:35.666689,2026-08-21 17:04:35.666689
12,recvdIV0RMDzUH,"{'2601': 1250000, '2602': 1250000, '2603': 1250000, '2604': 1250000, '公式': 2e-07, '状态': '待确认', '编号': '12', '事业群': '商用事业群', '战区': '工业健康行业部', '创建人': '袁慕白', '当前年': 2026, '当前月': 8, '客户经理': '叶天翊', '层级级别': '客户经理', '工业健康': '4364662', '当前日期': 21, '父级引用': [{'text': '8', 'type': 'text', 'table_id': 'tblfyIqpJcf4Rjyv', 'text_arr': ['8'], 'record_ids': ['recvdIRTmv9oq4']}], '经营主体': '星澜集团总部', '1季度比例': '25%', '2季度比例': '25%', '3季度比例': '25%', '4季度比例': '25%', '任务维护人': '陆自蹊', '年度开单金额': 0, '总任务承接人': '叶天翊', '总任务达成率': 0, '本月开单金额': 0, '食饮部（万）': 0, '链接字段(勿删)': [{'text': '商用事业群;工业健康行业部;;叶天翊', 'type': 'text'}], '楼宇办公（万）': 0, '剩余分配百分比': 0, '工业健康（万）': 500, '当前月最后一天': 31, '总任务（金额）': '3557179', '战区总任务金额': 600000000, '本月当前目标阈值': 268817.204301075, '本月总目标（万）': 41.6666666666667, '食饮部待分配任务': 0, '健康-年度开单金额': 0, '食饮-年度开单金额': 0, '楼宇办公待分配任务': 0, '工业健康待分配任务': 5000000, '当前月份任务达成率': 0, '本月开单金额（万）': 0, '父级已审批金额-食饮': 115000000, '事业群剩余未分配金额': -590000000, '截止当天累计目标阈值': 3178082.19178082, '本月当前目标阈值 (万)': 26.8817204301075, '楼宇办公-年度开单金额': 0, '战区已分配金额-食饮': 115000000, '行业线已分配金额-食饮': 105000000, '截止当前目标阈值达成率': 0, '片区已分配金额-食饮部': 0, '健康-年度开单金额（万）': 0, '年度阈值/开单差额（万）': -317.808219178082, '月度阈值/开单差额（万）': -26.8817204301075, '父级已审批金额-楼宇办公': 300000000, '父级已审批金额-工业健康': 40000000, '食饮-年度开单金额（万）': 0, '总金额转换（以万为单位）': 500, '总额的待分配任务（金额）': 5000000, '客户经理已分配金额-食饮部': 0, '片区已分配金额-楼宇办公': 0, '片区已分配金额-工业健康': 0, '片区父级已审批金额-食饮': 0, '战区已分配金额-楼宇办公': 300000000, '战区已分配金额-工业健康': 40000000, '行业线已分配金额-楼宇办公': 30000000, '行业线已分配金额-工业健康': 10000000, '行业线父级已审批金额-食饮': 0, '事业群下派战区总任务金额': 600000000, '战区下派片区总任务金额': 16400000, '截止当天累计目标阈值（万）': 317.808219178082, '客户经理已分配金额-楼宇办公': 0, '客户经理已分配金额-工业健康': 0, '楼宇办公-年度开单金额（万）': 0, '片区下派客户经理总任务金额': 0, '客户经理父级已审批金额-食饮部': 230000000, '片区父级已审批金额-楼宇办公': 0, '片区父级已审批金额-工业健康': 10000000, '行业线父级已审批金额-楼宇办公': 0, '行业线父级已审批金额-工业健康': 10000000, '年度开单金额转换（以万为单位）': 0, '客户经理父级已审批金额-楼宇办公': 600000000, '客户经理父级已审批金额-工业健康': 80000000}",2026-08-21 17:04:35.666689,2026-08-21 17:04:35.666689,2026-08-21 17:04:35.666689
13,recvdIVmm3VQsZ,"{'2601': 500000, '2602': 500000, '2603': 500000, '2604': 500000, '公式': 5e-07, '状态': '待确认', '编号': '13', '事业群': '商用事业群', '战区': '工业健康行业部', '创建人': '袁慕白', '当前年': 2026, '当前月': 8, '客户经理': '陆自蹊', '层级级别': '客户经理', '工业健康': '1722786', '当前日期': 21, '父级引用': [{'text': '8', 'type': 'text', 'table_id': 'tblfyIqpJcf4Rjyv', 'text_arr': ['8'], 'record_ids': ['recvdIRTmv9oq4']}], '经营主体': '星澜集团总部', '1季度比例': '25%', '2季度比例': '25%', '3季度比例': '25%', '4季度比例': '25%', '任务维护人': '陆自蹊', '年度开单金额': 0, '总任务承接人': '陆自蹊', '总任务达成率': 0, '本月开单金额': 0, '食饮部（万）': 0, '链接字段(勿删)': [{'text': '商用事业群;工业健康行业部;;陆自蹊', 'type': 'text'}], '楼宇办公（万）': 0, '剩余分配百分比': 0, '工业健康（万）': 200, '当前月最后一天': 31, '总任务（金额）': '1409242', '战区总任务金额': 600000000, '本月当前目标阈值': 107526.88172043, '本月总目标（万）': 16.6666666666667, '食饮部待分配任务': 0, '健康-年度开单金额': 0, '食饮-年度开单金额': 0, '楼宇办公待分配任务': 0, '工业健康待分配任务': 2000000, '当前月份任务达成率': 0, '本月开单金额（万）': 0, '父级已审批金额-食饮': 115000000, '事业群剩余未分配金额': -590000000, '截止当天累计目标阈值': 1271232.87671233, '本月当前目标阈值 (万)': 10.752688172043, '楼宇办公-年度开单金额': 0, '战区已分配金额-食饮': 115000000, '行业线已分配金额-食饮': 105000000, '截止当前目标阈值达成率': 0, '片区已分配金额-食饮部': 0, '健康-年度开单金额（万）': 0, '年度阈值/开单差额（万）': -127.123287671233, '月度阈值/开单差额（万）': -10.752688172043, '父级已审批金额-楼宇办公': 300000000, '父级已审批金额-工业健康': 40000000, '食饮-年度开单金额（万）': 0, '总金额转换（以万为单位）': 200, '总额的待分配任务（金额）': 2000000, '客户经理已分配金额-食饮部': 0, '片区已分配金额-楼宇办公': 0, '片区已分配金额-工业健康': 0, '片区父级已审批金额-食饮': 0, '战区已分配金额-楼宇办公': 300000000, '战区已分配金额-工业健康': 40000000, '行业线已分配金额-楼宇办公': 30000000, '行业线已分配金额-工业健康': 10000000, '行业线父级已审批金额-食饮': 0, '事业群下派战区总任务金额': 600000000, '战区下派片区总任务金额': 16400000, '截止当天累计目标阈值（万）': 127.123287671233, '客户经理已分配金额-楼宇办公': 0, '客户经理已分配金额-工业健康': 0, '楼宇办公-年度开单金额（万）': 0, '片区下派客户经理总任务金额': 0, '客户经理父级已审批金额-食饮部': 230000000, '片区父级已审批金额-楼宇办公': 0, '片区父级已审批金额-工业健康': 10000000, '行业线父级已审批金额-楼宇办公': 0, '行业线父级已审批金额-工业健康': 10000000, '年度开单金额转换（以万为单位）': 0, '客户经理父级已审批金额-楼宇办公': 600000000, '客户经理父级已审批金额-工业健康': 80000000}",2026-08-21 17:04:35.666689,2026-08-21 17:04:35.666689,2026-08-21 17:04:35.666689
14,recvdIVAqArZAV,"{'2601': 750000, '2602': 750000, '2603': 750000, '2604': 750000, '公式': 3.33333333333333e-07, '状态': '待确认', '编号': '14', '事业群': '商用事业群', '战区': '工业健康行业部', '创建人': '袁慕白', '当前年': 2026, '当前月': 8, '客户经理': '程听雨', '层级级别': '客户经理', '工业健康': '2625961', '当前日期': 21, '父级引用': [{'text': '8', 'type': 'text', 'table_id': 'tblfyIqpJcf4Rjyv', 'text_arr': ['8'], 'record_ids': ['recvdIRTmv9oq4']}], '经营主体': '星澜集团总部', '1季度比例': '25%', '2季度比例': '25%', '3季度比例': '25%', '4季度比例': '25%', '任务维护人': '陆自蹊', '年度开单金额': 1601763.25, '总任务承接人': '程听雨', '总任务达成率': 0.533921083333333, '本月开单金额': 0, '食饮部（万）': 0, '链接字段(勿删)': [{'text': '商用事业群;工业健康行业部;;程听雨', 'type': 'text'}], '楼宇办公（万）': 0, '剩余分配百分比': 0, '工业健康（万）': 300, '当前月最后一天': 31, '总任务（金额）': '3232080', '战区总任务金额': 600000000, '本月当前目标阈值': 161290.322580645, '本月总目标（万）': 25, '食饮部待分配任务': 0, '健康-年度开单金额': 1601763.25, '食饮-年度开单金额': 0, '楼宇办公待分配任务': 0, '工业健康待分配任务': 3000000, '当前月份任务达成率': 0, '本月开单金额（万）': 0, '父级已审批金额-食饮': 115000000, '事业群剩余未分配金额': -590000000, '截止当天累计目标阈值': 1906849.31506849, '本月当前目标阈值 (万)': 16.1290322580645, '楼宇办公-年度开单金额': 0, '战区已分配金额-食饮': 115000000, '行业线已分配金额-食饮': 105000000, '截止当前目标阈值达成率': 0.840005152658046, '片区已分配金额-食饮部': 0, '健康-年度开单金额（万）': 160.176325, '年度阈值/开单差额（万）': -30.5086065068493, '月度阈值/开单差额（万）': -16.1290322580645, '父级已审批金额-楼宇办公': 300000000, '父级已审批金额-工业健康': 40000000, '食饮-年度开单金额（万）': 0, '总金额转换（以万为单位）': 300, '总额的待分配任务（金额）': 3000000, '客户经理已分配金额-食饮部': 0, '片区已分配金额-楼宇办公': 0, '片区已分配金额-工业健康': 0, '片区父级已审批金额-食饮': 0, '战区已分配金额-楼宇办公': 300000000, '战区已分配金额-工业健康': 40000000, '行业线已分配金额-楼宇办公': 30000000, '行业线已分配金额-工业健康': 10000000, '行业线父级已审批金额-食饮': 0, '事业群下派战区总任务金额': 600000000, '战区下派片区总任务金额': 16400000, '截止当天累计目标阈值（万）': 190.684931506849, '客户经理已分配金额-楼宇办公': 0, '客户经理已分配金额-工业健康': 0, '楼宇办公-年度开单金额（万）': 0, '片区下派客户经理总任务金额': 0, '客户经理父级已审批金额-食饮部': 230000000, '片区父级已审批金额-楼宇办公': 0, '片区父级已审批金额-工业健康': 10000000, '行业线父级已审批金额-楼宇办公': 0, '行业线父级已审批金额-工业健康': 10000000, '年度开单金额转换（以万为单位）': 160.176325, '客户经理父级已审批金额-楼宇办公': 600000000, '客户经理父级已审批金额-工业健康': 80000000}",2026-08-21 17:04:35.666689,2026-08-21 17:04:35.666689,2026-08-21 17:04:35.666689
15,recvdIXCrL2I1u,"{'2601': 1750000, '2602': 1750000, '2603': 1750000, '2604': 1750000, '公式': 1.42857142857143e-07, '状态': '待确认', '编号': '15', '事业群': '商用事业群', '战区': '楼宇办公行业部', '创建人': '袁慕白', '当前年': 2026, '当前月': 8, '客户经理': '苏观澜', '楼宇办公': '4911405', '层级级别': '客户经理', '当前日期': 21, '父级引用': [{'text': '7', 'type': 'text', 'table_id': 'tblfyIqpJcf4Rjyv', 'text_arr': ['7'], 'record_ids': ['recvdIRBey2dsx']}], '经营主体': '星澜集团总部', '1季度比例': '25%', '2季度比例': '25%', '3季度比例': '25%', '4季度比例': '25%', '任务维护人': '萧清晏', '年度开单金额': 4812809.23, '总任务承接人': '苏观澜', '总任务达成率': 0.687544175714286, '本月开单金额': 626624.85, '食饮部（万）': 0, '链接字段(勿删)': [{'text': '商用事业群;楼宇办公行业部;;苏观澜', 'type': 'text'}], '楼宇办公（万）': 700, '剩余分配百分比': 0, '工业健康（万）': 0, '当前月最后一天': 31, '总任务（金额）': '5057690', '战区总任务金额': 600000000, '本月当前目标阈值': 376344.086021505, '本月总目标（万）': 58.3333333333333, '食饮部待分配任务': 0, '健康-年度开单金额': 0, '食饮-年度开单金额': 0, '楼宇办公待分配任务': 7000000, '工业健康待分配任务': 0, '当前月份任务达成率': 1.07421402857143, '本月开单金额（万）': 62.662485, '父级已审批金额-食饮': 115000000, '事业群剩余未分配金额': -570000000, '截止当天累计目标阈值': 4449315.06849315, '本月当前目标阈值 (万)': 37.6344086021505, '楼宇办公-年度开单金额': 4812809.23, '战区已分配金额-食饮': 115000000, '行业线已分配金额-食饮': 105000000, '截止当前目标阈值达成率': 1.08169665575739, '片区已分配金额-食饮部': 0, '健康-年度开单金额（万）': 0, '年度阈值/开单差额（万）': 36.3494161506849, '月度阈值/开单差额（万）': 25.0280763978495, '父级已审批金额-楼宇办公': 300000000, '父级已审批金额-工业健康': 40000000, '食饮-年度开单金额（万）': 0, '总金额转换（以万为单位）': 700, '总额的待分配任务（金额）': 7000000, '客户经理已分配金额-食饮部': 0, '片区已分配金额-楼宇办公': 0, '片区已分配金额-工业健康': 0, '片区父级已审批金额-食饮': 0, '战区已分配金额-楼宇办公': 300000000, '战区已分配金额-工业健康': 40000000, '行业线已分配金额-楼宇办公': 30000000, '行业线已分配金额-工业健康': 10000000, '行业线父级已审批金额-食饮': 0, '事业群下派战区总任务金额': 600000000, '战区下派片区总任务金额': 16400000, '截止当天累计目标阈值（万）': 444.931506849315, '客户经理已分配金额-楼宇办公': 0, '客户经理已分配金额-工业健康': 0, '楼宇办公-年度开单金额（万）': 481.280923, '片区下派客户经理总任务金额': 0, '客户经理父级已审批金额-食饮部': 230000000, '片区父级已审批金额-楼宇办公': 34000000, '片区父级已审批金额-工业健康': 0, '行业线父级已审批金额-楼宇办公': 34000000, '行业线父级已审批金额-工业健康': 0, '年度开单金额转换（以万为单位）': 481.280923, '客户经理父级已审批金额-楼宇办公': 600000000, '客户经理父级已审批金额-工业健康': 80000000}",2026-08-21 17:04:35.666689,2026-08-21 17:04:35.666689,2026-08-21 17:04:35.666689
16,recvdIXOGCOGp7,"{'2601': 1750000, '2602': 1750000, '2603': 1750000, '2604': 1750000, '公式': 1.42857142857143e-07, '状态': '待确认', '编号': '16', '事业群': '商用事业群', '战区': '楼宇办公行业部', '创建人': '袁慕白', '当前年': 2026, '当前月': 8, '客户经理': '萧清晏', '楼宇办公': '4565657', '层级级别': '客户经理', '当前日期': 21, '父级引用': [{'text': '7', 'type': 'text', 'table_id': 'tblfyIqpJcf4Rjyv', 'text_arr': ['7'], 'record_ids': ['recvdIRBey2dsx']}], '经营主体': '星澜集团总部', '1季度比例': '25%', '2季度比例': '25%', '3季度比例': '25%', '4季度比例': '25%', '任务维护人': '萧清晏', '年度开单金额': 1402793.42, '总任务承接人': '萧清晏', '总任务达成率': 0.20039906, '本月开单金额': 0, '食饮部（万）': 0, '链接字段(勿删)': [{'text': '商用事业群;楼宇办公行业部;;萧清晏', 'type': 'text'}], '楼宇办公（万）': 700, '剩余分配百分比': 0, '工业健康（万）': 0, '当前月最后一天': 31, '总任务（金额）': '6780117', '战区总任务金额': 600000000, '本月当前目标阈值': 376344.086021505, '本月总目标（万）': 58.3333333333333, '食饮部待分配任务': 0, '健康-年度开单金额': 0, '食饮-年度开单金额': 0, '楼宇办公待分配任务': 7000000, '工业健康待分配任务': 0, '当前月份任务达成率': 0, '本月开单金额（万）': 0, '父级已审批金额-食饮': 115000000, '事业群剩余未分配金额': -570000000, '截止当天累计目标阈值': 4449315.06849315, '本月当前目标阈值 (万)': 37.6344086021505, '楼宇办公-年度开单金额': 1402793.42, '战区已分配金额-食饮': 115000000, '行业线已分配金额-食饮': 105000000, '截止当前目标阈值达成率': 0.31528300387931, '片区已分配金额-食饮部': 0, '健康-年度开单金额（万）': 0, '年度阈值/开单差额（万）': -304.652164849315, '月度阈值/开单差额（万）': -37.6344086021505, '父级已审批金额-楼宇办公': 300000000, '父级已审批金额-工业健康': 40000000, '食饮-年度开单金额（万）': 0, '总金额转换（以万为单位）': 700, '总额的待分配任务（金额）': 7000000, '客户经理已分配金额-食饮部': 0, '片区已分配金额-楼宇办公': 0, '片区已分配金额-工业健康': 0, '片区父级已审批金额-食饮': 0, '战区已分配金额-楼宇办公': 300000000, '战区已分配金额-工业健康': 40000000, '行业线已分配金额-楼宇办公': 30000000, '行业线已分配金额-工业健康': 10000000, '行业线父级已审批金额-食饮': 0, '事业群下派战区总任务金额': 600000000, '战区下派片区总任务金额': 16400000, '截止当天累计目标阈值（万）': 444.931506849315, '客户经理已分配金额-楼宇办公': 0, '客户经理已分配金额-工业健康': 0, '楼宇办公-年度开单金额（万）': 140.279342, '片区下派客户经理总任务金额': 0, '客户经理父级已审批金额-食饮部': 230000000, '片区父级已审批金额-楼宇办公': 34000000, '片区父级已审批金额-工业健康': 0, '行业线父级已审批金额-楼宇办公': 34000000, '行业线父级已审批金额-工业健康': 0, '年度开单金额转换（以万为单位）': 140.279342, '客户经理父级已审批金额-楼宇办公': 600000000, '客户经理父级已审批金额-工业健康': 80000000}",2026-08-21 17:04:35.666689,2026-08-21 17:04:35.666689,2026-08-21 17:04:35.666689
17,recvdIY2oHg4Eq,"{'2601': 3000000, '2602': 3000000, '2603': 3000000, '2604': 3000000, '公式': 8.33333333333333e-08, '状态': '待确认', '编号': '17', '事业群': '商用事业群', '战区': '楼宇办公行业部', '创建人': '袁慕白', '当前年': 2026, '当前月': 8, '客户经理': '叶自蹊', '楼宇办公': '8440854', '层级级别': '客户经理', '当前日期': 21, '父级引用': [{'text': '7', 'type': 'text', 'table_id': 'tblfyIqpJcf4Rjyv', 'text_arr': ['7'], 'record_ids': ['recvdIRBey2dsx']}], '经营主体': '星澜集团总部', '1季度比例': '25%', '2季度比例': '25%', '3季度比例': '25%', '4季度比例': '25%', '任务维护人': '萧清晏', '年度开单金额': 12843400.72, '总任务承接人': '叶自蹊', '总任务达成率': 1.07028339333333, '本月开单金额': 1105390.12, '食饮部（万）': 0, '链接字段(勿删)': [{'text': '商用事业群;楼宇办公行业部;;叶自蹊', 'type': 'text'}], '楼宇办公（万）': 1200, '剩余分配百分比': 0, '工业健康（万）': 0, '当前月最后一天': 31, '总任务（金额）': '10769829', '战区总任务金额': 600000000, '本月当前目标阈值': 645161.290322581, '本月总目标（万）': 100, '食饮部待分配任务': 0, '健康-年度开单金额': 0, '食饮-年度开单金额': 0, '楼宇办公待分配任务': 12000000, '工业健康待分配任务': 0, '当前月份任务达成率': 1.10539012, '本月开单金额（万）': 110.539012, '父级已审批金额-食饮': 115000000, '事业群剩余未分配金额': -570000000, '截止当天累计目标阈值': 7627397.26027397, '本月当前目标阈值 (万)': 64.5161290322581, '楼宇办公-年度开单金额': 12843400.72, '战区已分配金额-食饮': 115000000, '行业线已分配金额-食饮': 105000000, '截止当前目标阈值达成率': 1.6838510283046, '片区已分配金额-食饮部': 0, '健康-年度开单金额（万）': 0, '年度阈值/开单差额（万）': 521.600345972603, '月度阈值/开单差额（万）': 46.0228829677419, '父级已审批金额-楼宇办公': 300000000, '父级已审批金额-工业健康': 40000000, '食饮-年度开单金额（万）': 0, '总金额转换（以万为单位）': 1200, '总额的待分配任务（金额）': 12000000, '客户经理已分配金额-食饮部': 0, '片区已分配金额-楼宇办公': 0, '片区已分配金额-工业健康': 0, '片区父级已审批金额-食饮': 0, '战区已分配金额-楼宇办公': 300000000, '战区已分配金额-工业健康': 40000000, '行业线已分配金额-楼宇办公': 30000000, '行业线已分配金额-工业健康': 10000000, '行业线父级已审批金额-食饮': 0, '事业群下派战区总任务金额': 600000000, '战区下派片区总任务金额': 16400000, '截止当天累计目标阈值（万）': 762.739726027397, '客户经理已分配金额-楼宇办公': 0, '客户经理已分配金额-工业健康': 0, '楼宇办公-年度开单金额（万）': 1284.340072, '片区下派客户经理总任务金额': 0, '客户经理父级已审批金额-食饮部': 230000000, '片区父级已审批金额-楼宇办公': 34000000, '片区父级已审批金额-工业健康': 0, '行业线父级已审批金额-楼宇办公': 34000000, '行业线父级已审批金额-工业健康': 0, '年度开单金额转换（以万为单位）': 1284.340072, '客户经理父级已审批金额-楼宇办公': 600000000, '客户经理父级已审批金额-工业健康': 80000000}",2026-08-21 17:04:35.666689,2026-08-21 17:04:35.666689,2026-08-21 17:04:35.666689
18,recvdIYdPUSLnm,"{'2601': 1000000, '2602': 1000000, '2603': 1000000, '2604': 1000000, '公式': 2.5e-07, '状态': '已审批', '编号': '18', '事业群': '商用事业群', '战区': '楼宇办公行业部', '创建人': '袁慕白', '当前年': 2026, '当前月': 8, '客户经理': '崔观澜', '楼宇办公': '4797832', '层级级别': '客户经理', '当前日期': 21, '父级引用': [{'text': '7', 'type': 'text', 'table_id': 'tblfyIqpJcf4Rjyv', 'text_arr': ['7'], 'record_ids': ['recvdIRBey2dsx']}], '经营主体': '星澜集团总部', '1季度比例': '25%', '2季度比例': '25%', '3季度比例': '25%', '4季度比例': '25%', '任务维护人': '萧清晏', '年度开单金额': 623746.22, '总任务承接人': '崔观澜', '总任务达成率': 0.155936555, '本月开单金额': 0, '食饮部（万）': 0, '链接字段(勿删)': [{'text': '商用事业群;楼宇办公行业部;;崔观澜', 'type': 'text'}], '楼宇办公（万）': 400, '剩余分配百分比': 0, '工业健康（万）': 0, '当前月最后一天': 31, '总任务（金额）': '4464248', '战区总任务金额': 600000000, '本月当前目标阈值': 215053.76344086, '本月总目标（万）': 33.3333333333333, '食饮部待分配任务': 0, '健康-年度开单金额': 0, '食饮-年度开单金额': 0, '楼宇办公待分配任务': 4000000, '工业健康待分配任务': 0, '已分配任务（金额）': '4195568', '当前月份任务达成率': 0, '本月开单金额（万）': 0, '父级已审批金额-食饮': 115000000, '事业群剩余未分配金额': -570000000, '截止当天累计目标阈值': 2542465.75342466, '本月当前目标阈值 (万)': 21.505376344086, '楼宇办公-年度开单金额': 623746.22, '战区已分配金额-食饮': 115000000, '行业线已分配金额-食饮': 105000000, '截止当前目标阈值达成率': 0.24533121799569, '片区已分配金额-食饮部': 0, '健康-年度开单金额（万）': 0, '年度阈值/开单差额（万）': -191.871953342466, '月度阈值/开单差额（万）': -21.505376344086, '父级已审批金额-楼宇办公': 300000000, '父级已审批金额-工业健康': 40000000, '食饮-年度开单金额（万）': 0, '总金额转换（以万为单位）': 400, '总额的待分配任务（金额）': 0, '客户经理已分配金额-食饮部': 0, '片区已分配金额-楼宇办公': 0, '片区已分配金额-工业健康': 0, '片区父级已审批金额-食饮': 0, '战区已分配金额-楼宇办公': 300000000, '战区已分配金额-工业健康': 40000000, '行业线已分配金额-楼宇办公': 30000000, '行业线已分配金额-工业健康': 10000000, '行业线父级已审批金额-食饮': 0, '事业群下派战区总任务金额': 600000000, '战区下派片区总任务金额': 16400000, '截止当天累计目标阈值（万）': 254.246575342466, '客户经理已分配金额-楼宇办公': 0, '客户经理已分配金额-工业健康': 0, '楼宇办公-年度开单金额（万）': 62.374622, '片区下派客户经理总任务金额': 0, '客户经理父级已审批金额-食饮部': 230000000, '片区父级已审批金额-楼宇办公': 34000000, '片区父级已审批金额-工业健康': 0, '行业线父级已审批金额-楼宇办公': 34000000, '行业线父级已审批金额-工业健康': 0, '年度开单金额转换（以万为单位）': 62.374622, '客户经理父级已审批金额-楼宇办公': 600000000, '客户经理父级已审批金额-工业健康': 80000000}",2026-08-21 17:04:35.666689,2026-08-21 17:04:35.666689,2026-08-21 17:04:35.666689
19,recvdIZBQSMnHV,"{'2601': 4375000, '2602': 4375000, '2603': 4375000, '2604': 4375000, '公式': 5.71428571428571e-08, '状态': '已审批', '编号': '19', '事业群': '商用事业群', '片区': '锦川片区', '战区': '漠澜战区', '创建人': '廖望舒', '当前年': 2026, '当前月': 8, '食饮部': '1841997', '楼宇办公': '10871280', '层级级别': '片区', '工业健康': '1755458', '当前日期': 21, '父级引用': [{'text': '4', 'type': 'text', 'table_id': 'tblfyIqpJcf4Rjyv', 'text_arr': ['4'], 'record_ids': ['recvdIQyBuSUDW']}], '经营主体': '星澜集团总部', '1季度比例': '25%', '2季度比例': '25%', '3季度比例': '25%', '4季度比例': '25%', '任务维护人': '陈怀瑾', '年度开单金额': 6867834.26, '总任务承接人': '陆从周', '总任务达成率': 0.392447672, '本月开单金额': 760593, '食饮部（万）': 260, '链接字段(勿删)': [{'text': '商用事业群;漠澜战区;锦川片区;', 'type': 'text'}], '楼宇办公（万）': 1290, '剩余分配百分比': 0, '工业健康（万）': 200, '当前月最后一天': 31, '总任务（金额）': '16767902', '战区总任务金额': 600000000, '本月当前目标阈值': 940860.215053763, '本月总目标（万）': 145.833333333333, '食饮部待分配任务': 2600000, '健康-年度开单金额': 147877.34, '食饮-年度开单金额': 178335.5, '楼宇办公待分配任务': 12900000, '工业健康待分配任务': 2000000, '当前月份任务达成率': 0.521549485714286, '本月开单金额（万）': 76.0593, '父级已审批金额-食饮': 115000000, '事业群剩余未分配金额': -530600000, '截止当天累计目标阈值': 11123287.6712329, '本月当前目标阈值 (万)': 94.0860215053763, '楼宇办公-年度开单金额': 6541621.42, '战区已分配金额-食饮': 115000000, '行业线已分配金额-食饮': 105000000, '截止当前目标阈值达成率': 0.617428449482759, '片区已分配金额-食饮部': 6500000, '健康-年度开单金额（万）': 14.787734, '年度阈值/开单差额（万）': -425.545341123288, '月度阈值/开单差额（万）': -18.0267215053763, '父级已审批金额-楼宇办公': 300000000, '父级已审批金额-工业健康': 40000000, '食饮-年度开单金额（万）': 17.83355, '总金额转换（以万为单位）': 1750, '总额的待分配任务（金额）': 17500000, '客户经理已分配金额-食饮部': 0, '片区已分配金额-楼宇办公': 54600000, '片区已分配金额-工业健康': 8300000, '片区父级已审批金额-食饮': 2600000, '战区已分配金额-楼宇办公': 300000000, '战区已分配金额-工业健康': 40000000, '行业线已分配金额-楼宇办公': 30000000, '行业线已分配金额-工业健康': 10000000, '行业线父级已审批金额-食饮': 2600000, '事业群下派战区总任务金额': 600000000, '战区下派片区总任务金额': 16400000, '截止当天累计目标阈值（万）': 1112.32876712329, '客户经理已分配金额-楼宇办公': 0, '客户经理已分配金额-工业健康': 0, '楼宇办公-年度开单金额（万）': 654.162142, '片区下派客户经理总任务金额': 0, '客户经理父级已审批金额-食饮部': 2600000, '片区父级已审批金额-楼宇办公': 60000000, '片区父级已审批金额-工业健康': 6800000, '行业线父级已审批金额-楼宇办公': 60000000, '行业线父级已审批金额-工业健康': 6800000, '年度开单金额转换（以万为单位）': 686.783426, '客户经理父级已审批金额-楼宇办公': 12900000, '客户经理父级已审批金额-工业健康': 2000000}",2026-08-21 17:04:35.666689,2026-08-21 17:04:35.666689,2026-08-21 17:04:35.666689
20,recvdJ0CNt8zSu,"{'2601': 5900000, '2602': 5900000, '2603': 5900000, '2604': 5900000, '公式': 4.23728813559322e-08, '状态': '已审批', '编号': '20', '事业群': '商用事业群', '片区': '珩京片区', '战区': '凛澜战区', '创建人': '袁慕白', '当前年': 2026, '当前月': 8, '食饮部': '1625317', '楼宇办公': '21568160', '层级级别': '片区', '工业健康': '1658770', '当前日期': 21, '父级引用': [{'text': '5', 'type': 'text', 'table_id': 'tblfyIqpJcf4Rjyv', 'text_arr': ['5'], 'record_ids': ['recvdIQHwliUCQ']}], '经营主体': '星澜集团总部', '1季度比例': '25%', '2季度比例': '25%', '3季度比例': '25%', '4季度比例': '25%', '任务维护人': '王静姝', '年度开单金额': 11807082, '总任务承接人': '苏观澜', '总任务达成率': 0.500300084745763, '本月开单金额': 557324.179999999, '食饮部（万）': 200, '链接字段(勿删)': [{'text': '商用事业群;凛澜战区;珩京片区;', 'type': 'text'}], '楼宇办公（万）': 2000, '剩余分配百分比': 0, '工业健康（万）': 160, '当前月最后一天': 31, '总任务（金额）': '23428504', '战区总任务金额': 600000000, '本月当前目标阈值': 1268817.20430108, '本月总目标（万）': 196.666666666667, '食饮部待分配任务': 2000000, '健康-年度开单金额': 404950, '食饮-年度开单金额': 1075540.36, '楼宇办公待分配任务': 20000000, '工业健康待分配任务': 1600000, '当前月份任务达成率': 0.283385176271186, '本月开单金额（万）': 55.7324179999999, '父级已审批金额-食饮': 115000000, '事业群剩余未分配金额': -536400000, '截止当天累计目标阈值': 15000547.9452055, '本月当前目标阈值 (万)': 126.881720430108, '楼宇办公-年度开单金额': 10326591.64, '战区已分配金额-食饮': 115000000, '行业线已分配金额-食饮': 105000000, '截止当前目标阈值达成率': 0.787110047121566, '片区已分配金额-食饮部': 2600000, '健康-年度开单金额（万）': 40.495, '年度阈值/开单差额（万）': -319.346594520548, '月度阈值/开单差额（万）': -71.1493024301076, '父级已审批金额-楼宇办公': 300000000, '父级已审批金额-工业健康': 40000000, '食饮-年度开单金额（万）': 107.554036, '总金额转换（以万为单位）': 2360, '总额的待分配任务（金额）': 23600000, '客户经理已分配金额-食饮部': 0, '片区已分配金额-楼宇办公': 55000000, '片区已分配金额-工业健康': 6000000, '片区父级已审批金额-食饮': 2600000, '战区已分配金额-楼宇办公': 300000000, '战区已分配金额-工业健康': 40000000, '行业线已分配金额-楼宇办公': 30000000, '行业线已分配金额-工业健康': 10000000, '行业线父级已审批金额-食饮': 2600000, '事业群下派战区总任务金额': 600000000, '战区下派片区总任务金额': 16400000, '截止当天累计目标阈值（万）': 1500.05479452055, '客户经理已分配金额-楼宇办公': 0, '客户经理已分配金额-工业健康': 0, '楼宇办公-年度开单金额（万）': 1032.659164, '片区下派客户经理总任务金额': 0, '客户经理父级已审批金额-食饮部': 2000000, '片区父级已审批金额-楼宇办公': 55000000, '片区父级已审批金额-工业健康': 6000000, '行业线父级已审批金额-楼宇办公': 55000000, '行业线父级已审批金额-工业健康': 6000000, '年度开单金额转换（以万为单位）': 1180.7082, '客户经理父级已审批金额-楼宇办公': 20000000, '客户经理父级已审批金额-工业健康': 1600000}",2026-08-21 17:04:35.666689,2026-08-21 17:04:35.666689,2026-08-21 17:04:35.666689
21,recvdJ0WcVB7Su,"{'2601': 3500000, '2602': 3500000, '2603': 3500000, '2604': 3500000, '公式': 7.14285714285714e-08, '状态': '已审批', '编号': '21', '事业群': '商用事业群', '片区': '秦澜片区', '战区': '漠澜战区', '创建人': '廖望舒', '当前年': 2026, '当前月': 8, '食饮部': '1208473', '楼宇办公': '11266171', '层级级别': '片区', '工业健康': '2099249', '当前日期': 21, '父级引用': [{'text': '4', 'type': 'text', 'table_id': 'tblfyIqpJcf4Rjyv', 'text_arr': ['4'], 'record_ids': ['recvdIQyBuSUDW']}], '经营主体': '星澜集团总部', '1季度比例': '25%', '2季度比例': '25%', '3季度比例': '25%', '4季度比例': '25%', '任务维护人': '陈怀瑾', '年度开单金额': 6934818.29, '总任务承接人': '萧亦辰', '总任务达成率': 0.495344163571428, '本月开单金额': 123672, '食饮部（万）': 120, '链接字段(勿删)': [{'text': '商用事业群;漠澜战区;秦澜片区;', 'type': 'text'}], '楼宇办公（万）': 1080, '剩余分配百分比': 0, '工业健康（万）': 200, '当前月最后一天': 31, '总任务（金额）': '14262545', '战区总任务金额': 600000000, '本月当前目标阈值': 752688.172043011, '本月总目标（万）': 116.666666666667, '食饮部待分配任务': 1200000, '健康-年度开单金额': 1973658.69, '食饮-年度开单金额': 163975, '楼宇办公待分配任务': 10800000, '工业健康待分配任务': 2000000, '当前月份任务达成率': 0.106004571428571, '本月开单金额（万）': 12.3672, '父级已审批金额-食饮': 115000000, '事业群剩余未分配金额': -530600000, '截止当天累计目标阈值': 8898630.1369863, '本月当前目标阈值 (万)': 75.2688172043011, '楼宇办公-年度开单金额': 4797184.6, '战区已分配金额-食饮': 115000000, '行业线已分配金额-食饮': 105000000, '截止当前目标阈值达成率': 0.77931301596367, '片区已分配金额-食饮部': 6500000, '健康-年度开单金额（万）': 197.365869, '年度阈值/开单差额（万）': -196.38118469863, '月度阈值/开单差额（万）': -62.9016172043011, '父级已审批金额-楼宇办公': 300000000, '父级已审批金额-工业健康': 40000000, '食饮-年度开单金额（万）': 16.3975, '总金额转换（以万为单位）': 1400, '总额的待分配任务（金额）': 14000000, '客户经理已分配金额-食饮部': 0, '片区已分配金额-楼宇办公': 54600000, '片区已分配金额-工业健康': 8300000, '片区父级已审批金额-食饮': 2600000, '战区已分配金额-楼宇办公': 300000000, '战区已分配金额-工业健康': 40000000, '行业线已分配金额-楼宇办公': 30000000, '行业线已分配金额-工业健康': 10000000, '行业线父级已审批金额-食饮': 2600000, '事业群下派战区总任务金额': 600000000, '战区下派片区总任务金额': 16400000, '截止当天累计目标阈值（万）': 889.86301369863, '客户经理已分配金额-楼宇办公': 0, '客户经理已分配金额-工业健康': 0, '楼宇办公-年度开单金额（万）': 479.71846, '片区下派客户经理总任务金额': 0, '客户经理父级已审批金额-食饮部': 1200000, '片区父级已审批金额-楼宇办公': 60000000, '片区父级已审批金额-工业健康': 6800000, '行业线父级已审批金额-楼宇办公': 60000000, '行业线父级已审批金额-工业健康': 6800000, '年度开单金额转换（以万为单位）': 693.481829, '客户经理父级已审批金额-楼宇办公': 10800000, '客户经理父级已审批金额-工业健康': 2000000}",2026-08-21 17:04:35.666689,2026-08-21 17:04:35.666689,2026-08-21 17:04:35.666689
22,recvdJ1ej9uqNO,"{'2601': 3450000, '2602': 3450000, '2603': 3450000, '2604': 3450000, '公式': 7.2463768115942e-08, '状态': '已审批', '编号': '22', '事业群': '商用事业群', '片区': '碣石片区', '战区': '凛澜战区', '创建人': '袁慕白', '当前年': 2026, '当前月': 8, '食饮部': '147605', '楼宇办公': '8918713', '层级级别': '片区', '工业健康': '412935', '当前日期': 21, '父级引用': [{'text': '5', 'type': 'text', 'table_id': 'tblfyIqpJcf4Rjyv', 'text_arr': ['5'], 'record_ids': ['recvdIQHwliUCQ']}], '经营主体': '星澜集团总部', '1季度比例': '25%', '2季度比例': '25%', '3季度比例': '25%', '4季度比例': '25%', '任务维护人': '王静姝', '年度开单金额': 6169598.65999999, '总任务承接人': '徐若尘', '总任务达成率': 0.447072366666666, '本月开单金额': 697609.4, '食饮部（万）': 20, '链接字段(勿删)': [{'text': '商用事业群;凛澜战区;碣石片区;', 'type': 'text'}], '楼宇办公（万）': 1300, '剩余分配百分比': 0, '工业健康（万）': 60, '当前月最后一天': 31, '总任务（金额）': '14040552', '战区总任务金额': 600000000, '本月当前目标阈值': 741935.483870968, '本月总目标（万）': 115, '食饮部待分配任务': 200000, '健康-年度开单金额': 125400, '食饮-年度开单金额': 324711, '楼宇办公待分配任务': 13000000, '工业健康待分配任务': 600000, '当前月份任务达成率': 0.606616869565217, '本月开单金额（万）': 69.76094, '父级已审批金额-食饮': 115000000, '事业群剩余未分配金额': -536400000, '截止当天累计目标阈值': 8771506.84931507, '本月当前目标阈值 (万)': 74.1935483870968, '楼宇办公-年度开单金额': 5719487.66, '战区已分配金额-食饮': 115000000, '行业线已分配金额-食饮': 105000000, '截止当前目标阈值达成率': 0.703368163074712, '片区已分配金额-食饮部': 2600000, '健康-年度开单金额（万）': 12.54, '年度阈值/开单差额（万）': -260.190818931508, '月度阈值/开单差额（万）': -4.43260838709676, '父级已审批金额-楼宇办公': 300000000, '父级已审批金额-工业健康': 40000000, '食饮-年度开单金额（万）': 32.4711, '总金额转换（以万为单位）': 1380, '总额的待分配任务（金额）': 13800000, '客户经理已分配金额-食饮部': 0, '片区已分配金额-楼宇办公': 55000000, '片区已分配金额-工业健康': 6000000, '片区父级已审批金额-食饮': 2600000, '战区已分配金额-楼宇办公': 300000000, '战区已分配金额-工业健康': 40000000, '行业线已分配金额-楼宇办公': 30000000, '行业线已分配金额-工业健康': 10000000, '行业线父级已审批金额-食饮': 2600000, '事业群下派战区总任务金额': 600000000, '战区下派片区总任务金额': 16400000, '截止当天累计目标阈值（万）': 877.150684931507, '客户经理已分配金额-楼宇办公': 0, '客户经理已分配金额-工业健康': 0, '楼宇办公-年度开单金额（万）': 571.948766, '片区下派客户经理总任务金额': 0, '客户经理父级已审批金额-食饮部': 200000, '片区父级已审批金额-楼宇办公': 55000000, '片区父级已审批金额-工业健康': 6000000, '行业线父级已审批金额-楼宇办公': 55000000, '行业线父级已审批金额-工业健康': 6000000, '年度开单金额转换（以万为单位）': 616.959865999999, '客户经理父级已审批金额-楼宇办公': 13000000, '客户经理父级已审批金额-工业健康': 600000}",2026-08-21 17:04:35.666689,2026-08-21 17:04:35.666689,2026-08-21 17:04:35.666689
23,recvdJ1n4pBVWO,"{'2601': 3400000, '2602': 3400000, '2603': 3400000, '2604': 3400000, '公式': 7.35294117647059e-08, '状态': '已审批', '编号': '23', '事业群': '商用事业群', '片区': '雾川片区', '战区': '漠澜战区', '创建人': '廖望舒', '当前年': 2026, '当前月': 8, '食饮部': '1147421', '楼宇办公': '9671308', '层级级别': '片区', '工业健康': '1455875', '当前日期': 21, '父级引用': [{'text': '4', 'type': 'text', 'table_id': 'tblfyIqpJcf4Rjyv', 'text_arr': ['4'], 'record_ids': ['recvdIQyBuSUDW']}], '经营主体': '星澜集团总部', '1季度比例': '25%', '2季度比例': '25%', '3季度比例': '25%', '4季度比例': '25%', '任务维护人': '陈怀瑾', '年度开单金额': 3761792.88, '总任务承接人': '崔明轩', '总任务达成率': 0.276602417647059, '本月开单金额': 293943.7, '食饮部（万）': 120, '链接字段(勿删)': [{'text': '商用事业群;漠澜战区;雾川片区;', 'type': 'text'}], '楼宇办公（万）': 1090, '剩余分配百分比': 0, '工业健康（万）': 150, '当前月最后一天': 31, '总任务（金额）': '14139243', '战区总任务金额': 600000000, '本月当前目标阈值': 731182.795698925, '本月总目标（万）': 113.333333333333, '食饮部待分配任务': 1200000, '健康-年度开单金额': 162060, '食饮-年度开单金额': 323568, '楼宇办公待分配任务': 10900000, '工业健康待分配任务': 1500000, '当前月份任务达成率': 0.259362088235294, '本月开单金额（万）': 29.39437, '父级已审批金额-食饮': 115000000, '事业群剩余未分配金额': -530600000, '截止当天累计目标阈值': 8644383.56164384, '本月当前目标阈值 (万)': 73.1182795698925, '楼宇办公-年度开单金额': 3276164.88, '战区已分配金额-食饮': 115000000, '行业线已分配金额-食饮': 105000000, '截止当前目标阈值达成率': 0.435171907074036, '片区已分配金额-食饮部': 6500000, '健康-年度开单金额（万）': 16.206, '年度阈值/开单差额（万）': -488.259068164384, '月度阈值/开单差额（万）': -43.7239095698925, '父级已审批金额-楼宇办公': 300000000, '父级已审批金额-工业健康': 40000000, '食饮-年度开单金额（万）': 32.3568, '总金额转换（以万为单位）': 1360, '总额的待分配任务（金额）': 13600000, '客户经理已分配金额-食饮部': 0, '片区已分配金额-楼宇办公': 54600000, '片区已分配金额-工业健康': 8300000, '片区父级已审批金额-食饮': 2600000, '战区已分配金额-楼宇办公': 300000000, '战区已分配金额-工业健康': 40000000, '行业线已分配金额-楼宇办公': 30000000, '行业线已分配金额-工业健康': 10000000, '行业线父级已审批金额-食饮': 2600000, '事业群下派战区总任务金额': 600000000, '战区下派片区总任务金额': 16400000, '截止当天累计目标阈值（万）': 864.438356164384, '客户经理已分配金额-楼宇办公': 0, '客户经理已分配金额-工业健康': 0, '楼宇办公-年度开单金额（万）': 327.616488, '片区下派客户经理总任务金额': 0, '客户经理父级已审批金额-食饮部': 1200000, '片区父级已审批金额-楼宇办公': 60000000, '片区父级已审批金额-工业健康': 6800000, '行业线父级已审批金额-楼宇办公': 60000000, '行业线父级已审批金额-工业健康': 6800000, '年度开单金额转换（以万为单位）': 376.179288, '客户经理父级已审批金额-楼宇办公': 10900000, '客户经理父级已审批金额-工业健康': 1500000}",2026-08-21 17:04:35.666689,2026-08-21 17:04:35.666689,2026-08-21 17:04:35.666689
24,recvdJ1y2u6y5N,"{'2601': 3025000, '2602': 3025000, '2603': 3025000, '2604': 3025000, '公式': 8.26446280991736e-08, '状态': '已审批', '编号': '24', '事业群': '商用事业群', '片区': '朔蒙片区', '战区': '凛澜战区', '创建人': '袁慕白', '当前年': 2026, '当前月': 8, '食饮部': '270645', '楼宇办公': '13532236', '层级级别': '片区', '工业健康': '2571125', '当前日期': 21, '父级引用': [{'text': '5', 'type': 'text', 'table_id': 'tblfyIqpJcf4Rjyv', 'text_arr': ['5'], 'record_ids': ['recvdIQHwliUCQ']}], '经营主体': '星澜集团总部', '1季度比例': '25%', '2季度比例': '25%', '3季度比例': '25%', '4季度比例': '25%', '任务维护人': '王静姝', '年度开单金额': 3021723.5, '总任务承接人': '苏攸宁', '总任务达成率': 0.249729214876033, '本月开单金额': 20389, '食饮部（万）': 20, '链接字段(勿删)': [{'text': '商用事业群;凛澜战区;朔蒙片区;', 'type': 'text'}], '楼宇办公（万）': 1000, '剩余分配百分比': 0, '工业健康（万）': 190, '当前月最后一天': 31, '总任务（金额）': '14786355', '战区总任务金额': 600000000, '本月当前目标阈值': 650537.634408602, '本月总目标（万）': 100.833333333333, '食饮部待分配任务': 200000, '健康-年度开单金额': 0, '食饮-年度开单金额': 119390, '楼宇办公待分配任务': 10000000, '工业健康待分配任务': 1900000, '当前月份任务达成率': 0.0202204958677686, '本月开单金额（万）': 2.0389, '父级已审批金额-食饮': 115000000, '事业群剩余未分配金额': -536400000, '截止当天累计目标阈值': 7690958.90410959, '本月当前目标阈值 (万)': 65.0537634408602, '楼宇办公-年度开单金额': 2902333.5, '战区已分配金额-食饮': 115000000, '行业线已分配金额-食饮': 105000000, '截止当前目标阈值达成率': 0.392892945817897, '片区已分配金额-食饮部': 2600000, '健康-年度开单金额（万）': 0, '年度阈值/开单差额（万）': -466.923540410959, '月度阈值/开单差额（万）': -63.0148634408602, '父级已审批金额-楼宇办公': 300000000, '父级已审批金额-工业健康': 40000000, '食饮-年度开单金额（万）': 11.939, '总金额转换（以万为单位）': 1210, '总额的待分配任务（金额）': 12100000, '客户经理已分配金额-食饮部': 0, '片区已分配金额-楼宇办公': 55000000, '片区已分配金额-工业健康': 6000000, '片区父级已审批金额-食饮': 2600000, '战区已分配金额-楼宇办公': 300000000, '战区已分配金额-工业健康': 40000000, '行业线已分配金额-楼宇办公': 30000000, '行业线已分配金额-工业健康': 10000000, '行业线父级已审批金额-食饮': 2600000, '事业群下派战区总任务金额': 600000000, '战区下派片区总任务金额': 16400000, '截止当天累计目标阈值（万）': 769.095890410959, '客户经理已分配金额-楼宇办公': 0, '客户经理已分配金额-工业健康': 0, '楼宇办公-年度开单金额（万）': 290.23335, '片区下派客户经理总任务金额': 0, '客户经理父级已审批金额-食饮部': 200000, '片区父级已审批金额-楼宇办公': 55000000, '片区父级已审批金额-工业健康': 6000000, '行业线父级已审批金额-楼宇办公': 55000000, '行业线父级已审批金额-工业健康': 6000000, '年度开单金额转换（以万为单位）': 302.17235, '客户经理父级已审批金额-楼宇办公': 10000000, '客户经理父级已审批金额-工业健康': 1900000}",2026-08-21 17:04:35.666689,2026-08-21 17:04:35.666689,2026-08-21 17:04:35.666689
25,recvdJ1E5DgcyG,"{'2601': 2025000, '2602': 2025000, '2603': 2025000, '2604': 2025000, '公式': 1.23456790123457e-07, '状态': '已审批', '编号': '25', '事业群': '商用事业群', '片区': '苍云片区', '战区': '漠澜战区', '创建人': '廖望舒', '当前年': 2026, '当前月': 8, '食饮部': '566284', '楼宇办公': '7365041', '层级级别': '片区', '工业健康': '1090297', '当前日期': 21, '父级引用': [{'text': '4', 'type': 'text', 'table_id': 'tblfyIqpJcf4Rjyv', 'text_arr': ['4'], 'record_ids': ['recvdIQyBuSUDW']}], '经营主体': '星澜集团总部', '1季度比例': '25%', '2季度比例': '25%', '3季度比例': '25%', '4季度比例': '25%', '任务维护人': '陈怀瑾', '年度开单金额': 2944965.33, '总任务承接人': '袁天翊', '总任务达成率': 0.363575966666667, '本月开单金额': 88625, '食饮部（万）': 50, '链接字段(勿删)': [{'text': '商用事业群;漠澜战区;苍云片区;', 'type': 'text'}], '楼宇办公（万）': 660, '剩余分配百分比': 0, '工业健康（万）': 100, '当前月最后一天': 31, '总任务（金额）': '8285141', '战区总任务金额': 600000000, '本月当前目标阈值': 435483.870967742, '本月总目标（万）': 67.5, '食饮部待分配任务': 500000, '健康-年度开单金额': 0, '食饮-年度开单金额': 355905.76, '楼宇办公待分配任务': 6600000, '工业健康待分配任务': 1000000, '当前月份任务达成率': 0.131296296296296, '本月开单金额（万）': 8.8625, '父级已审批金额-食饮': 115000000, '事业群剩余未分配金额': -530600000, '截止当天累计目标阈值': 5148493.15068493, '本月当前目标阈值 (万)': 43.5483870967742, '楼宇办公-年度开单金额': 2589059.57, '战区已分配金额-食饮': 115000000, '行业线已分配金额-食饮': 105000000, '截止当前目标阈值达成率': 0.572005292385057, '片区已分配金额-食饮部': 6500000, '健康-年度开单金额（万）': 0, '年度阈值/开单差额（万）': -220.352782068493, '月度阈值/开单差额（万）': -34.6858870967742, '父级已审批金额-楼宇办公': 300000000, '父级已审批金额-工业健康': 40000000, '食饮-年度开单金额（万）': 35.590576, '总金额转换（以万为单位）': 810, '总额的待分配任务（金额）': 8100000, '客户经理已分配金额-食饮部': 0, '片区已分配金额-楼宇办公': 54600000, '片区已分配金额-工业健康': 8300000, '片区父级已审批金额-食饮': 2600000, '战区已分配金额-楼宇办公': 300000000, '战区已分配金额-工业健康': 40000000, '行业线已分配金额-楼宇办公': 30000000, '行业线已分配金额-工业健康': 10000000, '行业线父级已审批金额-食饮': 2600000, '事业群下派战区总任务金额': 600000000, '战区下派片区总任务金额': 16400000, '截止当天累计目标阈值（万）': 514.849315068493, '客户经理已分配金额-楼宇办公': 0, '客户经理已分配金额-工业健康': 0, '楼宇办公-年度开单金额（万）': 258.905957, '片区下派客户经理总任务金额': 0, '客户经理父级已审批金额-食饮部': 500000, '片区父级已审批金额-楼宇办公': 60000000, '片区父级已审批金额-工业健康': 6800000, '行业线父级已审批金额-楼宇办公': 60000000, '行业线父级已审批金额-工业健康': 6800000, '年度开单金额转换（以万为单位）': 294.496533, '客户经理父级已审批金额-楼宇办公': 6600000, '客户经理父级已审批金额-工业健康': 1000000}",2026-08-21 17:04:35.666689,2026-08-21 17:04:35.666689,2026-08-21 17:04:35.666689
26,recvdJ1QJd55yR,"{'2601': 500000, '2602': 500000, '2603': 500000, '2604': 500000, '公式': 5e-07, '状态': '已审批', '编号': '26', '事业群': '商用事业群', '片区': '黑澜片区', '战区': '凛澜战区', '创建人': '袁慕白', '当前年': 2026, '当前月': 8, '楼宇办公': '2671975', '层级级别': '片区', '当前日期': 21, '父级引用': [{'text': '5', 'type': 'text', 'table_id': 'tblfyIqpJcf4Rjyv', 'text_arr': ['5'], 'record_ids': ['recvdIQHwliUCQ']}], '经营主体': '星澜集团总部', '1季度比例': '25%', '2季度比例': '25%', '3季度比例': '25%', '4季度比例': '25%', '任务维护人': '王静姝', '年度开单金额': 497705.3, '总任务承接人': '顾思成', '总任务达成率': 0.24885265, '本月开单金额': 2457, '食饮部（万）': 0, '链接字段(勿删)': [{'text': '商用事业群;凛澜战区;黑澜片区;', 'type': 'text'}], '楼宇办公（万）': 200, '剩余分配百分比': 0, '工业健康（万）': 0, '当前月最后一天': 31, '总任务（金额）': '2429571', '战区总任务金额': 600000000, '本月当前目标阈值': 107526.88172043, '本月总目标（万）': 16.6666666666667, '食饮部待分配任务': 0, '健康-年度开单金额': 22960, '食饮-年度开单金额': 105250, '楼宇办公待分配任务': 2000000, '工业健康待分配任务': 0, '当前月份任务达成率': 0.014742, '本月开单金额（万）': 0.2457, '父级已审批金额-食饮': 115000000, '事业群剩余未分配金额': -536400000, '截止当天累计目标阈值': 1271232.87671233, '本月当前目标阈值 (万)': 10.752688172043, '楼宇办公-年度开单金额': 369495.3, '战区已分配金额-食饮': 115000000, '行业线已分配金额-食饮': 105000000, '截止当前目标阈值达成率': 0.391513867456897, '片区已分配金额-食饮部': 2600000, '健康-年度开单金额（万）': 2.296, '年度阈值/开单差额（万）': -77.3527576712329, '月度阈值/开单差额（万）': -10.506988172043, '父级已审批金额-楼宇办公': 300000000, '父级已审批金额-工业健康': 40000000, '食饮-年度开单金额（万）': 10.525, '总金额转换（以万为单位）': 200, '总额的待分配任务（金额）': 2000000, '客户经理已分配金额-食饮部': 0, '片区已分配金额-楼宇办公': 55000000, '片区已分配金额-工业健康': 6000000, '片区父级已审批金额-食饮': 2600000, '战区已分配金额-楼宇办公': 300000000, '战区已分配金额-工业健康': 40000000, '行业线已分配金额-楼宇办公': 30000000, '行业线已分配金额-工业健康': 10000000, '行业线父级已审批金额-食饮': 2600000, '事业群下派战区总任务金额': 600000000, '战区下派片区总任务金额': 16400000, '截止当天累计目标阈值（万）': 127.123287671233, '客户经理已分配金额-楼宇办公': 0, '客户经理已分配金额-工业健康': 0, '楼宇办公-年度开单金额（万）': 36.94953, '片区下派客户经理总任务金额': 0, '客户经理父级已审批金额-食饮部': 0, '片区父级已审批金额-楼宇办公': 55000000, '片区父级已审批金额-工业健康': 6000000, '行业线父级已审批金额-楼宇办公': 55000000, '行业线父级已审批金额-工业健康': 6000000, '年度开单金额转换（以万为单位）': 49.77053, '客户经理父级已审批金额-楼宇办公': 2000000, '客户经理父级已审批金额-工业健康': 0, '食饮部': '0', '工业健康': '0'}",2026-08-21 17:04:35.666689,2026-08-21 17:04:35.666689,2026-08-21 17:04:35.666689
27,recvdJ24i0zlsZ,"{'2601': 2025000, '2602': 2025000, '2603': 2025000, '2604': 2025000, '公式': 1.23456790123457e-07, '状态': '已审批', '编号': '27', '事业群': '商用事业群', '片区': '凉州片区', '战区': '漠澜战区', '创建人': '廖望舒', '当前年': 2026, '当前月': 8, '食饮部': '529667', '楼宇办公': '6897993', '层级级别': '片区', '工业健康': '794676', '当前日期': 21, '父级引用': [{'text': '4', 'type': 'text', 'table_id': 'tblfyIqpJcf4Rjyv', 'text_arr': ['4'], 'record_ids': ['recvdIQyBuSUDW']}], '经营主体': '星澜集团总部', '1季度比例': '25%', '2季度比例': '25%', '3季度比例': '25%', '4季度比例': '25%', '任务维护人': '陈怀瑾', '年度开单金额': 2016094.53, '总任务承接人': '傅沐阳', '总任务达成率': 0.248900559259259, '本月开单金额': -95322.88, '食饮部（万）': 50, '链接字段(勿删)': [{'text': '商用事业群;漠澜战区;凉州片区;', 'type': 'text'}], '楼宇办公（万）': 680, '剩余分配百分比': 0, '工业健康（万）': 80, '当前月最后一天': 31, '总任务（金额）': '8945491', '战区总任务金额': 600000000, '本月当前目标阈值': 435483.870967742, '本月总目标（万）': 67.5, '食饮部待分配任务': 500000, '健康-年度开单金额': 36945, '食饮-年度开单金额': 312849.5, '楼宇办公待分配任务': 6800000, '工业健康待分配任务': 800000, '当前月份任务达成率': -0.141219081481481, '本月开单金额（万）': -9.532288, '父级已审批金额-食饮': 115000000, '事业群剩余未分配金额': -530600000, '截止当天累计目标阈值': 5148493.15068493, '本月当前目标阈值 (万)': 43.5483870967742, '楼宇办公-年度开单金额': 1666300.03, '战区已分配金额-食饮': 115000000, '行业线已分配金额-食饮': 105000000, '截止当前目标阈值达成率': 0.391589241938059, '片区已分配金额-食饮部': 6500000, '健康-年度开单金额（万）': 3.6945, '年度阈值/开单差额（万）': -313.239862068493, '月度阈值/开单差额（万）': -53.0806750967742, '父级已审批金额-楼宇办公': 300000000, '父级已审批金额-工业健康': 40000000, '食饮-年度开单金额（万）': 31.28495, '总金额转换（以万为单位）': 810, '总额的待分配任务（金额）': 8100000, '客户经理已分配金额-食饮部': 0, '片区已分配金额-楼宇办公': 54600000, '片区已分配金额-工业健康': 8300000, '片区父级已审批金额-食饮': 2600000, '战区已分配金额-楼宇办公': 300000000, '战区已分配金额-工业健康': 40000000, '行业线已分配金额-楼宇办公': 30000000, '行业线已分配金额-工业健康': 10000000, '行业线父级已审批金额-食饮': 2600000, '事业群下派战区总任务金额': 600000000, '战区下派片区总任务金额': 16400000, '截止当天累计目标阈值（万）': 514.849315068493, '客户经理已分配金额-楼宇办公': 0, '客户经理已分配金额-工业健康': 0, '楼宇办公-年度开单金额（万）': 166.630003, '片区下派客户经理总任务金额': 0, '客户经理父级已审批金额-食饮部': 500000, '片区父级已审批金额-楼宇办公': 60000000, '片区父级已审批金额-工业健康': 6800000, '行业线父级已审批金额-楼宇办公': 60000000, '行业线父级已审批金额-工业健康': 6800000, '年度开单金额转换（以万为单位）': 201.609453, '客户经理父级已审批金额-楼宇办公': 6800000, '客户经理父级已审批金额-工业健康': 800000}",2026-08-21 17:04:35.666689,2026-08-21 17:04:35.666689,2026-08-21 17:04:35.666689
28,recvdJ25fb1wLO,"{'2601': 2525000, '2602': 2525000, '2603': 2525000, '2604': 2525000, '公式': 9.9009900990099e-08, '状态': '已审批', '编号': '28', '事业群': '商用事业群', '片区': '奉澜片区', '战区': '凛澜战区', '创建人': '袁慕白', '当前年': 2026, '当前月': 8, '食饮部': '183840', '楼宇办公': '7622273', '层级级别': '片区', '工业健康': '919198', '当前日期': 21, '父级引用': [{'text': '5', 'type': 'text', 'table_id': 'tblfyIqpJcf4Rjyv', 'text_arr': ['5'], 'record_ids': ['recvdIQHwliUCQ']}], '经营主体': '星澜集团总部', '1季度比例': '25%', '2季度比例': '25%', '3季度比例': '25%', '4季度比例': '25%', '任务维护人': '王静姝', '年度开单金额': 3514058.18, '总任务承接人': '方维桢', '总任务达成率': 0.347926552475248, '本月开单金额': 255988, '食饮部（万）': 20, '链接字段(勿删)': [{'text': '商用事业群;凛澜战区;奉澜片区;', 'type': 'text'}], '楼宇办公（万）': 800, '剩余分配百分比': 0, '工业健康（万）': 190, '当前月最后一天': 31, '总任务（金额）': '8739565', '战区总任务金额': 600000000, '本月当前目标阈值': 543010.752688172, '本月总目标（万）': 84.1666666666667, '食饮部待分配任务': 200000, '健康-年度开单金额': 52820, '食饮-年度开单金额': 125160.18, '楼宇办公待分配任务': 8000000, '工业健康待分配任务': 1900000, '当前月份任务达成率': 0.304144158415842, '本月开单金额（万）': 25.5988, '父级已审批金额-食饮': 115000000, '事业群剩余未分配金额': -536400000, '截止当天累计目标阈值': 6419726.02739726, '本月当前目标阈值 (万)': 54.3010752688172, '楼宇办公-年度开单金额': 3336078, '战区已分配金额-食饮': 115000000, '行业线已分配金额-食饮': 105000000, '截止当前目标阈值达成率': 0.547384446782178, '片区已分配金额-食饮部': 2600000, '健康-年度开单金额（万）': 5.282, '年度阈值/开单差额（万）': -290.566784739726, '月度阈值/开单差额（万）': -28.7022752688172, '父级已审批金额-楼宇办公': 300000000, '父级已审批金额-工业健康': 40000000, '食饮-年度开单金额（万）': 12.516018, '总金额转换（以万为单位）': 1010, '总额的待分配任务（金额）': 10100000, '客户经理已分配金额-食饮部': 0, '片区已分配金额-楼宇办公': 55000000, '片区已分配金额-工业健康': 6000000, '片区父级已审批金额-食饮': 2600000, '战区已分配金额-楼宇办公': 300000000, '战区已分配金额-工业健康': 40000000, '行业线已分配金额-楼宇办公': 30000000, '行业线已分配金额-工业健康': 10000000, '行业线父级已审批金额-食饮': 2600000, '事业群下派战区总任务金额': 600000000, '战区下派片区总任务金额': 16400000, '截止当天累计目标阈值（万）': 641.972602739726, '客户经理已分配金额-楼宇办公': 0, '客户经理已分配金额-工业健康': 0, '楼宇办公-年度开单金额（万）': 333.6078, '片区下派客户经理总任务金额': 0, '客户经理父级已审批金额-食饮部': 200000, '片区父级已审批金额-楼宇办公': 55000000, '片区父级已审批金额-工业健康': 6000000, '行业线父级已审批金额-楼宇办公': 55000000, '行业线父级已审批金额-工业健康': 6000000, '年度开单金额转换（以万为单位）': 351.405818, '客户经理父级已审批金额-楼宇办公': 8000000, '客户经理父级已审批金额-工业健康': 1900000}",2026-08-21 17:04:35.666689,2026-08-21 17:04:35.666689,2026-08-21 17:04:35.666689
29,recvdJ2gfDxXvJ,"{'2601': 500000, '2602': 500000, '2603': 500000, '2604': 500000, '公式': 5e-07, '状态': '已审批', '编号': '29', '事业群': '商用事业群', '片区': '吉林片区', '战区': '凛澜战区', '创建人': '袁慕白', '当前年': 2026, '当前月': 8, '楼宇办公': '1989015', '层级级别': '片区', '当前日期': 21, '父级引用': [{'text': '5', 'type': 'text', 'table_id': 'tblfyIqpJcf4Rjyv', 'text_arr': ['5'], 'record_ids': ['recvdIQHwliUCQ']}], '经营主体': '星澜集团总部', '1季度比例': '25%', '2季度比例': '25%', '3季度比例': '25%', '4季度比例': '25%', '任务维护人': '王静姝', '年度开单金额': 439785.52, '总任务承接人': '方维桢', '总任务达成率': 0.21989276, '本月开单金额': 7810, '食饮部（万）': 0, '链接字段(勿删)': [{'text': '商用事业群;凛澜战区;吉林片区;', 'type': 'text'}], '楼宇办公（万）': 200, '剩余分配百分比': 0, '工业健康（万）': 0, '当前月最后一天': 31, '总任务（金额）': '1688810', '战区总任务金额': 600000000, '本月当前目标阈值': 107526.88172043, '本月总目标（万）': 16.6666666666667, '食饮部待分配任务': 0, '健康-年度开单金额': 0, '食饮-年度开单金额': 61750, '楼宇办公待分配任务': 2000000, '工业健康待分配任务': 0, '当前月份任务达成率': 0.04686, '本月开单金额（万）': 0.781, '父级已审批金额-食饮': 115000000, '事业群剩余未分配金额': -536400000, '截止当天累计目标阈值': 1271232.87671233, '本月当前目标阈值 (万)': 10.752688172043, '楼宇办公-年度开单金额': 378035.52, '战区已分配金额-食饮': 115000000, '行业线已分配金额-食饮': 105000000, '截止当前目标阈值达成率': 0.345951971551724, '片区已分配金额-食饮部': 2600000, '健康-年度开单金额（万）': 0, '年度阈值/开单差额（万）': -83.1447356712329, '月度阈值/开单差额（万）': -9.97168817204301, '父级已审批金额-楼宇办公': 300000000, '父级已审批金额-工业健康': 40000000, '食饮-年度开单金额（万）': 6.175, '总金额转换（以万为单位）': 200, '总额的待分配任务（金额）': 2000000, '客户经理已分配金额-食饮部': 0, '片区已分配金额-楼宇办公': 55000000, '片区已分配金额-工业健康': 6000000, '片区父级已审批金额-食饮': 2600000, '战区已分配金额-楼宇办公': 300000000, '战区已分配金额-工业健康': 40000000, '行业线已分配金额-楼宇办公': 30000000, '行业线已分配金额-工业健康': 10000000, '行业线父级已审批金额-食饮': 2600000, '事业群下派战区总任务金额': 600000000, '战区下派片区总任务金额': 16400000, '截止当天累计目标阈值（万）': 127.123287671233, '客户经理已分配金额-楼宇办公': 0, '客户经理已分配金额-工业健康': 0, '楼宇办公-年度开单金额（万）': 37.803552, '片区下派客户经理总任务金额': 0, '客户经理父级已审批金额-食饮部': 0, '片区父级已审批金额-楼宇办公': 55000000, '片区父级已审批金额-工业健康': 6000000, '行业线父级已审批金额-楼宇办公': 55000000, '行业线父级已审批金额-工业健康': 6000000, '年度开单金额转换（以万为单位）': 43.978552, '客户经理父级已审批金额-楼宇办公': 2000000, '客户经理父级已审批金额-工业健康': 0, '食饮部': '0', '工业健康': '0'}",2026-08-21 17:04:35.666689,2026-08-21 17:04:35.666689,2026-08-21 17:04:35.666689
30,recvdJ2nulD1ap,"{'2601': 2025000, '2602': 2025000, '2603': 2025000, '2604': 2025000, '公式': 1.23456790123457e-07, '状态': '已审批', '编号': '30', '事业群': '商用事业群', '片区': '朔西片区', '战区': '漠澜战区', '创建人': '廖望舒', '当前年': 2026, '当前月': 8, '食饮部': '465169', '楼宇办公': '8078399', '层级级别': '片区', '工业健康': '930339', '当前日期': 21, '父级引用': [{'text': '4', 'type': 'text', 'table_id': 'tblfyIqpJcf4Rjyv', 'text_arr': ['4'], 'record_ids': ['recvdIQyBuSUDW']}], '经营主体': '星澜集团总部', '1季度比例': '25%', '2季度比例': '25%', '3季度比例': '25%', '4季度比例': '25%', '任务维护人': '陈怀瑾', '年度开单金额': 3603225.71, '总任务承接人': '萧望舒', '总任务达成率': 0.444842680246914, '本月开单金额': 129527, '食饮部（万）': 50, '链接字段(勿删)': [{'text': '商用事业群;漠澜战区;朔西片区;', 'type': 'text'}], '楼宇办公（万）': 660, '剩余分配百分比': 0, '工业健康（万）': 100, '当前月最后一天': 31, '总任务（金额）': '6933815', '战区总任务金额': 600000000, '本月当前目标阈值': 435483.870967742, '本月总目标（万）': 67.5, '食饮部待分配任务': 500000, '健康-年度开单金额': 469159.89, '食饮-年度开单金额': 166810, '楼宇办公待分配任务': 6600000, '工业健康待分配任务': 1000000, '当前月份任务达成率': 0.191891851851852, '本月开单金额（万）': 12.9527, '父级已审批金额-食饮': 115000000, '事业群剩余未分配金额': -530600000, '截止当天累计目标阈值': 5148493.15068493, '本月当前目标阈值 (万)': 43.5483870967742, '楼宇办公-年度开单金额': 2967255.82, '战区已分配金额-食饮': 115000000, '行业线已分配金额-食饮': 105000000, '截止当前目标阈值达成率': 0.699860251250532, '片区已分配金额-食饮部': 6500000, '健康-年度开单金额（万）': 46.915989, '年度阈值/开单差额（万）': -154.526744068493, '月度阈值/开单差额（万）': -30.5956870967742, '父级已审批金额-楼宇办公': 300000000, '父级已审批金额-工业健康': 40000000, '食饮-年度开单金额（万）': 16.681, '总金额转换（以万为单位）': 810, '总额的待分配任务（金额）': 8100000, '客户经理已分配金额-食饮部': 0, '片区已分配金额-楼宇办公': 54600000, '片区已分配金额-工业健康': 8300000, '片区父级已审批金额-食饮': 2600000, '战区已分配金额-楼宇办公': 300000000, '战区已分配金额-工业健康': 40000000, '行业线已分配金额-楼宇办公': 30000000, '行业线已分配金额-工业健康': 10000000, '行业线父级已审批金额-食饮': 2600000, '事业群下派战区总任务金额': 600000000, '战区下派片区总任务金额': 16400000, '截止当天累计目标阈值（万）': 514.849315068493, '客户经理已分配金额-楼宇办公': 0, '客户经理已分配金额-工业健康': 0, '楼宇办公-年度开单金额（万）': 296.725582, '片区下派客户经理总任务金额': 0, '客户经理父级已审批金额-食饮部': 500000, '片区父级已审批金额-楼宇办公': 60000000, '片区父级已审批金额-工业健康': 6800000, '行业线父级已审批金额-楼宇办公': 60000000, '行业线父级已审批金额-工业健康': 6800000, '年度开单金额转换（以万为单位）': 360.322571, '客户经理父级已审批金额-楼宇办公': 6600000, '客户经理父级已审批金额-工业健康': 1000000}",2026-08-21 17:04:35.666689,2026-08-21 17:04:35.666689,2026-08-21 17:04:35.666689
31,recvdJ3qTQcIJF,"{'2601': 5775000, '2602': 5775000, '2603': 5775000, '2604': 5775000, '公式': 4.32900432900433e-08, '状态': '已审批', '编号': '31', '事业群': '商用事业群', '片区': '云梦片区', '战区': '沧澜战区', '创建人': '袁慕白', '当前年': 2026, '当前月': 8, '食饮部': '609992', '楼宇办公': '21851379', '层级级别': '片区', '工业健康': '2033685', '当前日期': 21, '父级引用': [{'text': '2', 'type': 'text', 'table_id': 'tblfyIqpJcf4Rjyv', 'text_arr': ['2'], 'record_ids': ['recvdIONI7neIv']}], '经营主体': '星澜集团总部', '1季度比例': '25%', '2季度比例': '25%', '3季度比例': '25%', '4季度比例': '25%', '任务维护人': '刘其琛', '年度开单金额': 8269061.69999999, '总任务承接人': '沈慕白', '总任务达成率': 0.357968038961039, '本月开单金额': -339922.84, '食饮部（万）': 60, '链接字段(勿删)': [{'text': '商用事业群;沧澜战区;云梦片区;', 'type': 'text'}], '楼宇办公（万）': 2050, '剩余分配百分比': 0, '工业健康（万）': 200, '当前月最后一天': 31, '总任务（金额）': '23737783', '战区总任务金额': 600000000, '本月当前目标阈值': 1241935.48387097, '本月总目标（万）': 192.5, '食饮部待分配任务': 600000, '健康-年度开单金额': 2356445.14, '食饮-年度开单金额': 377479.5, '楼宇办公待分配任务': 20500000, '工业健康待分配任务': 2000000, '当前月份任务达成率': -0.176583293506494, '本月开单金额（万）': -33.992284, '父级已审批金额-食饮': 115000000, '事业群剩余未分配金额': -505000000, '截止当天累计目标阈值': 14682739.7260274, '本月当前目标阈值 (万)': 124.193548387097, '楼宇办公-年度开单金额': 5535137.06, '战区已分配金额-食饮': 115000000, '行业线已分配金额-食饮': 105000000, '截止当前目标阈值达成率': 0.563182475089565, '片区已分配金额-食饮部': 4700000, '健康-年度开单金额（万）': 235.644514, '年度阈值/开单差额（万）': -641.367802602741, '月度阈值/开单差额（万）': -158.185832387097, '父级已审批金额-楼宇办公': 300000000, '父级已审批金额-工业健康': 40000000, '食饮-年度开单金额（万）': 37.74795, '总金额转换（以万为单位）': 2310, '总额的待分配任务（金额）': 23100000, '客户经理已分配金额-食饮部': 0, '片区已分配金额-楼宇办公': 82100000, '片区已分配金额-工业健康': 8200000, '片区父级已审批金额-食饮': 2200000, '战区已分配金额-楼宇办公': 300000000, '战区已分配金额-工业健康': 40000000, '行业线已分配金额-楼宇办公': 30000000, '行业线已分配金额-工业健康': 10000000, '行业线父级已审批金额-食饮': 2200000, '事业群下派战区总任务金额': 600000000, '战区下派片区总任务金额': 16400000, '截止当天累计目标阈值（万）': 1468.27397260274, '客户经理已分配金额-楼宇办公': 0, '客户经理已分配金额-工业健康': 0, '楼宇办公-年度开单金额（万）': 553.513706, '片区下派客户经理总任务金额': 0, '客户经理父级已审批金额-食饮部': 600000, '片区父级已审批金额-楼宇办公': 85000000, '片区父级已审批金额-工业健康': 7800000, '行业线父级已审批金额-楼宇办公': 85000000, '行业线父级已审批金额-工业健康': 7800000, '年度开单金额转换（以万为单位）': 826.906169999999, '客户经理父级已审批金额-楼宇办公': 20500000, '客户经理父级已审批金额-工业健康': 2000000}",2026-08-21 17:04:35.666689,2026-08-21 17:04:35.666689,2026-08-21 17:04:35.666689
32,recvdJ3J1W6SMw,"{'2601': 3650000, '2602': 3650000, '2603': 3650000, '2604': 3650000, '公式': 6.84931506849315e-08, '状态': '已审批', '编号': '32', '事业群': '商用事业群', '片区': '越溪片区', '战区': '沧澜战区', '创建人': '袁慕白', '当前年': 2026, '当前月': 8, '食饮部': '437936', '楼宇办公': '13464015', '层级级别': '片区', '工业健康': '1100867', '当前日期': 21, '父级引用': [{'text': '2', 'type': 'text', 'table_id': 'tblfyIqpJcf4Rjyv', 'text_arr': ['2'], 'record_ids': ['recvdIONI7neIv']}], '经营主体': '星澜集团总部', '1季度比例': '25%', '2季度比例': '25%', '3季度比例': '25%', '4季度比例': '25%', '任务维护人': '刘其琛', '年度开单金额': 5733692.17, '总任务承接人': '汪天翊', '总任务达成率': 0.392718641780822, '本月开单金额': 172745.9, '食饮部（万）': 34, '链接字段(勿删)': [{'text': '商用事业群;沧澜战区;越溪片区;', 'type': 'text'}], '楼宇办公（万）': 1306, '剩余分配百分比': 0, '工业健康（万）': 120, '当前月最后一天': 31, '总任务（金额）': '12313371', '战区总任务金额': 600000000, '本月当前目标阈值': 784946.23655914, '本月总目标（万）': 121.666666666667, '食饮部待分配任务': 340000, '健康-年度开单金额': 22960, '食饮-年度开单金额': 82892, '楼宇办公待分配任务': 13060000, '工业健康待分配任务': 1200000, '当前月份任务达成率': 0.141982931506849, '本月开单金额（万）': 17.27459, '父级已审批金额-食饮': 115000000, '事业群剩余未分配金额': -505000000, '截止当天累计目标阈值': 9280000, '本月当前目标阈值 (万)': 78.494623655914, '楼宇办公-年度开单金额': 5627840.17, '战区已分配金额-食饮': 115000000, '行业线已分配金额-食饮': 105000000, '截止当前目标阈值达成率': 0.617854759698276, '片区已分配金额-食饮部': 4700000, '健康-年度开单金额（万）': 2.296, '年度阈值/开单差额（万）': -354.630783, '月度阈值/开单差额（万）': -61.220033655914, '父级已审批金额-楼宇办公': 300000000, '父级已审批金额-工业健康': 40000000, '食饮-年度开单金额（万）': 8.2892, '总金额转换（以万为单位）': 1460, '总额的待分配任务（金额）': 14600000, '客户经理已分配金额-食饮部': 0, '片区已分配金额-楼宇办公': 82100000, '片区已分配金额-工业健康': 8200000, '片区父级已审批金额-食饮': 2200000, '战区已分配金额-楼宇办公': 300000000, '战区已分配金额-工业健康': 40000000, '行业线已分配金额-楼宇办公': 30000000, '行业线已分配金额-工业健康': 10000000, '行业线父级已审批金额-食饮': 2200000, '事业群下派战区总任务金额': 600000000, '战区下派片区总任务金额': 16400000, '截止当天累计目标阈值（万）': 928, '客户经理已分配金额-楼宇办公': 0, '客户经理已分配金额-工业健康': 0, '楼宇办公-年度开单金额（万）': 562.784017, '片区下派客户经理总任务金额': 0, '客户经理父级已审批金额-食饮部': 340000, '片区父级已审批金额-楼宇办公': 85000000, '片区父级已审批金额-工业健康': 7800000, '行业线父级已审批金额-楼宇办公': 85000000, '行业线父级已审批金额-工业健康': 7800000, '年度开单金额转换（以万为单位）': 573.369217, '客户经理父级已审批金额-楼宇办公': 13060000, '客户经理父级已审批金额-工业健康': 1200000}",2026-08-21 17:04:35.666689,2026-08-21 17:04:35.666689,2026-08-21 17:04:35.666689
33,recvdJ412pEF3d,"{'2601': 3050000, '2602': 3050000, '2603': 3050000, '2604': 3050000, '公式': 8.19672131147541e-08, '状态': '已审批', '编号': '33', '事业群': '商用事业群', '片区': '岱川片区', '战区': '沧澜战区', '创建人': '袁慕白', '当前年': 2026, '当前月': 8, '食饮部': '302135', '楼宇办公': '12937961', '层级级别': '片区', '工业健康': '1322326', '当前日期': 21, '父级引用': [{'text': '2', 'type': 'text', 'table_id': 'tblfyIqpJcf4Rjyv', 'text_arr': ['2'], 'record_ids': ['recvdIONI7neIv']}], '经营主体': '星澜集团总部', '1季度比例': '25%', '2季度比例': '25%', '3季度比例': '25%', '4季度比例': '25%', '任务维护人': '刘其琛', '年度开单金额': 7804174.04, '总任务承接人': '姜天翊', '总任务达成率': 0.639686396721311, '本月开单金额': 548570.03, '食饮部（万）': 28, '链接字段(勿删)': [{'text': '商用事业群;沧澜战区;岱川片区;', 'type': 'text'}], '楼宇办公（万）': 1092, '剩余分配百分比': 0, '工业健康（万）': 100, '当前月最后一天': 31, '总任务（金额）': '10630125', '战区总任务金额': 600000000, '本月当前目标阈值': 655913.978494624, '本月总目标（万）': 101.666666666667, '食饮部待分配任务': 280000, '健康-年度开单金额': 841980, '食饮-年度开单金额': 606290.18, '楼宇办公待分配任务': 10920000, '工业健康待分配任务': 1000000, '当前月份任务达成率': 0.539577078688525, '本月开单金额（万）': 54.857003, '父级已审批金额-食饮': 115000000, '事业群剩余未分配金额': -505000000, '截止当天累计目标阈值': 7754520.54794521, '本月当前目标阈值 (万)': 65.5913978494624, '楼宇办公-年度开单金额': 6355903.86, '战区已分配金额-食饮': 115000000, '行业线已分配金额-食饮': 105000000, '截止当前目标阈值达成率': 1.00640316725551, '片区已分配金额-食饮部': 4700000, '健康-年度开单金额（万）': 84.198, '年度阈值/开单差额（万）': 4.96534920547947, '月度阈值/开单差额（万）': -10.7343948494623, '父级已审批金额-楼宇办公': 300000000, '父级已审批金额-工业健康': 40000000, '食饮-年度开单金额（万）': 60.629018, '总金额转换（以万为单位）': 1220, '总额的待分配任务（金额）': 12200000, '客户经理已分配金额-食饮部': 0, '片区已分配金额-楼宇办公': 82100000, '片区已分配金额-工业健康': 8200000, '片区父级已审批金额-食饮': 2200000, '战区已分配金额-楼宇办公': 300000000, '战区已分配金额-工业健康': 40000000, '行业线已分配金额-楼宇办公': 30000000, '行业线已分配金额-工业健康': 10000000, '行业线父级已审批金额-食饮': 2200000, '事业群下派战区总任务金额': 600000000, '战区下派片区总任务金额': 16400000, '截止当天累计目标阈值（万）': 775.452054794521, '客户经理已分配金额-楼宇办公': 0, '客户经理已分配金额-工业健康': 0, '楼宇办公-年度开单金额（万）': 635.590386, '片区下派客户经理总任务金额': 0, '客户经理父级已审批金额-食饮部': 280000, '片区父级已审批金额-楼宇办公': 85000000, '片区父级已审批金额-工业健康': 7800000, '行业线父级已审批金额-楼宇办公': 85000000, '行业线父级已审批金额-工业健康': 7800000, '年度开单金额转换（以万为单位）': 780.417404, '客户经理父级已审批金额-楼宇办公': 10920000, '客户经理父级已审批金额-工业健康': 1000000}",2026-08-21 17:04:35.666689,2026-08-21 17:04:35.666689,2026-08-21 17:04:35.666689
34,recvdJ4glnezzf,"{'2601': 3050000, '2602': 3050000, '2603': 3050000, '2604': 3050000, '公式': 8.19672131147541e-08, '状态': '已审批', '编号': '34', '事业群': '商用事业群', '片区': '吴陵片区', '战区': '沧澜战区', '创建人': '袁慕白', '当前年': 2026, '当前月': 8, '食饮部': '348614', '楼宇办公': '13691754', '层级级别': '片区', '工业健康': '1328105', '当前日期': 21, '父级引用': [{'text': '2', 'type': 'text', 'table_id': 'tblfyIqpJcf4Rjyv', 'text_arr': ['2'], 'record_ids': ['recvdIONI7neIv']}], '经营主体': '星澜集团总部', '1季度比例': '25%', '2季度比例': '25%', '3季度比例': '25%', '4季度比例': '25%', '任务维护人': '刘其琛', '年度开单金额': 6083936.76, '总任务承接人': '崔亦然', '总任务达成率': 0.498683340983607, '本月开单金额': 520057.8, '食饮部（万）': 28, '链接字段(勿删)': [{'text': '商用事业群;沧澜战区;吴陵片区;', 'type': 'text'}], '楼宇办公（万）': 1092, '剩余分配百分比': 0, '工业健康（万）': 100, '当前月最后一天': 31, '总任务（金额）': '10609650', '战区总任务金额': 600000000, '本月当前目标阈值': 655913.978494624, '本月总目标（万）': 101.666666666667, '食饮部待分配任务': 280000, '健康-年度开单金额': 285720, '食饮-年度开单金额': 105661.83, '楼宇办公待分配任务': 10920000, '工业健康待分配任务': 1000000, '当前月份任务达成率': 0.511532262295082, '本月开单金额（万）': 52.00578, '父级已审批金额-食饮': 115000000, '事业群剩余未分配金额': -505000000, '截止当天累计目标阈值': 7754520.54794521, '本月当前目标阈值 (万)': 65.5913978494624, '楼宇办公-年度开单金额': 5692554.93, '战区已分配金额-食饮': 115000000, '行业线已分配金额-食饮': 105000000, '截止当前目标阈值达成率': 0.784566463185415, '片区已分配金额-食饮部': 4700000, '健康-年度开单金额（万）': 28.572, '年度阈值/开单差额（万）': -167.058378794521, '月度阈值/开单差额（万）': -13.5856178494624, '父级已审批金额-楼宇办公': 300000000, '父级已审批金额-工业健康': 40000000, '食饮-年度开单金额（万）': 10.566183, '总金额转换（以万为单位）': 1220, '总额的待分配任务（金额）': 12200000, '客户经理已分配金额-食饮部': 0, '片区已分配金额-楼宇办公': 82100000, '片区已分配金额-工业健康': 8200000, '片区父级已审批金额-食饮': 2200000, '战区已分配金额-楼宇办公': 300000000, '战区已分配金额-工业健康': 40000000, '行业线已分配金额-楼宇办公': 30000000, '行业线已分配金额-工业健康': 10000000, '行业线父级已审批金额-食饮': 2200000, '事业群下派战区总任务金额': 600000000, '战区下派片区总任务金额': 16400000, '截止当天累计目标阈值（万）': 775.452054794521, '客户经理已分配金额-楼宇办公': 0, '客户经理已分配金额-工业健康': 0, '楼宇办公-年度开单金额（万）': 569.255493, '片区下派客户经理总任务金额': 0, '客户经理父级已审批金额-食饮部': 280000, '片区父级已审批金额-楼宇办公': 85000000, '片区父级已审批金额-工业健康': 7800000, '行业线父级已审批金额-楼宇办公': 85000000, '行业线父级已审批金额-工业健康': 7800000, '年度开单金额转换（以万为单位）': 608.393676, '客户经理父级已审批金额-楼宇办公': 10920000, '客户经理父级已审批金额-工业健康': 1000000}",2026-08-21 17:04:35.666689,2026-08-21 17:04:35.666689,2026-08-21 17:04:35.666689
35,recvdJ4mTVhy5X,"{'2601': 7125000, '2602': 7125000, '2603': 7125000, '2604': 7125000, '公式': 3.50877192982456e-08, '状态': '已审批', '编号': '35', '事业群': '商用事业群', '片区': '潮澜片区', '战区': '淼澜战区', '创建人': '廖望舒', '当前年': 2026, '当前月': 8, '食饮部': '202515', '楼宇办公': '27173335', '层级级别': '片区', '工业健康': '3368445', '当前日期': 21, '父级引用': [{'text': '3', 'type': 'text', 'table_id': 'tblfyIqpJcf4Rjyv', 'text_arr': ['3'], 'record_ids': ['recvdIQhFgBefI']}], '经营主体': '星澜集团总部', '1季度比例': '25%', '2季度比例': '25%', '3季度比例': '25%', '4季度比例': '25%', '任务维护人': '赵清晏', '年度开单金额': 16023810.24, '总任务承接人': '萧见山', '总任务达成率': 0.562238955789473, '本月开单金额': 1653676.5, '食饮部（万）': 20, '链接字段(勿删)': [{'text': '商用事业群;淼澜战区;潮澜片区;', 'type': 'text'}], '楼宇办公（万）': 2510, '剩余分配百分比': 0, '工业健康（万）': 320, '当前月最后一天': 31, '总任务（金额）': '25140408', '战区总任务金额': 600000000, '本月当前目标阈值': 1532258.06451613, '本月总目标（万）': 237.5, '食饮部待分配任务': 200000, '健康-年度开单金额': 29800, '食饮-年度开单金额': 340797, '楼宇办公待分配任务': 25100000, '工业健康待分配任务': 3200000, '当前月份任务达成率': 0.696284842105263, '本月开单金额（万）': 165.36765, '父级已审批金额-食饮': 115000000, '事业群剩余未分配金额': -518000000, '截止当天累计目标阈值': 18115068.4931507, '本月当前目标阈值 (万)': 153.225806451613, '楼宇办公-年度开单金额': 15653213.24, '战区已分配金额-食饮': 115000000, '行业线已分配金额-食饮': 105000000, '截止当前目标阈值达成率': 0.884556977858439, '片区已分配金额-食饮部': 2600000, '健康-年度开单金额（万）': 2.98, '年度阈值/开单差额（万）': -209.12582531507, '月度阈值/开单差额（万）': 12.1418435483871, '父级已审批金额-楼宇办公': 300000000, '父级已审批金额-工业健康': 40000000, '食饮-年度开单金额（万）': 34.0797, '总金额转换（以万为单位）': 2850, '总额的待分配任务（金额）': 28500000, '客户经理已分配金额-食饮部': 0, '片区已分配金额-楼宇办公': 70000000, '片区已分配金额-工业健康': 9400000, '片区父级已审批金额-食饮': 2600000, '战区已分配金额-楼宇办公': 300000000, '战区已分配金额-工业健康': 40000000, '行业线已分配金额-楼宇办公': 30000000, '行业线已分配金额-工业健康': 10000000, '行业线父级已审批金额-食饮': 2600000, '事业群下派战区总任务金额': 600000000, '战区下派片区总任务金额': 16400000, '截止当天累计目标阈值（万）': 1811.50684931507, '客户经理已分配金额-楼宇办公': 0, '客户经理已分配金额-工业健康': 0, '楼宇办公-年度开单金额（万）': 1565.321324, '片区下派客户经理总任务金额': 0, '客户经理父级已审批金额-食饮部': 200000, '片区父级已审批金额-楼宇办公': 70000000, '片区父级已审批金额-工业健康': 9400000, '行业线父级已审批金额-楼宇办公': 70000000, '行业线父级已审批金额-工业健康': 9400000, '年度开单金额转换（以万为单位）': 1602.381024, '客户经理父级已审批金额-楼宇办公': 25100000, '客户经理父级已审批金额-工业健康': 3200000}",2026-08-21 17:04:35.666689,2026-08-21 17:04:35.666689,2026-08-21 17:04:35.666689
36,recvdJ4tBFWDy7,"{'2601': 2125000, '2602': 2125000, '2603': 2125000, '2604': 2125000, '公式': 1.17647058823529e-07, '状态': '已审批', '编号': '36', '事业群': '商用事业群', '片区': '淮岸片区', '战区': '沧澜战区', '创建人': '袁慕白', '当前年': 2026, '当前月': 8, '食饮部': '220187', '楼宇办公': '5504678', '层级级别': '片区', '工业健康': '513770', '当前日期': 21, '父级引用': [{'text': '2', 'type': 'text', 'table_id': 'tblfyIqpJcf4Rjyv', 'text_arr': ['2'], 'record_ids': ['recvdIONI7neIv']}], '经营主体': '星澜集团总部', '1季度比例': '25%', '2季度比例': '25%', '3季度比例': '25%', '4季度比例': '25%', '任务维护人': '刘其琛', '年度开单金额': 2414087.8, '总任务承接人': '程允文', '总任务达成率': 0.284010329411765, '本月开单金额': 38783.1, '食饮部（万）': 30, '链接字段(勿删)': [{'text': '商用事业群;沧澜战区;淮岸片区;', 'type': 'text'}], '楼宇办公（万）': 750, '剩余分配百分比': 0, '工业健康（万）': 70, '当前月最后一天': 31, '总任务（金额）': '6320369', '战区总任务金额': 600000000, '本月当前目标阈值': 456989.247311828, '本月总目标（万）': 70.8333333333333, '食饮部待分配任务': 300000, '健康-年度开单金额': 43080, '食饮-年度开单金额': 94560, '楼宇办公待分配任务': 7500000, '工业健康待分配任务': 700000, '当前月份任务达成率': 0.0547526117647059, '本月开单金额（万）': 3.87831, '父级已审批金额-食饮': 115000000, '事业群剩余未分配金额': -505000000, '截止当天累计目标阈值': 5402739.7260274, '本月当前目标阈值 (万)': 45.6989247311828, '楼宇办公-年度开单金额': 2276447.8, '战区已分配金额-食饮': 115000000, '行业线已分配金额-食饮': 105000000, '截止当前目标阈值达成率': 0.446826595841785, '片区已分配金额-食饮部': 4700000, '健康-年度开单金额（万）': 4.308, '年度阈值/开单差额（万）': -298.86519260274, '月度阈值/开单差额（万）': -41.8206147311828, '父级已审批金额-楼宇办公': 300000000, '父级已审批金额-工业健康': 40000000, '食饮-年度开单金额（万）': 9.456, '总金额转换（以万为单位）': 850, '总额的待分配任务（金额）': 8500000, '客户经理已分配金额-食饮部': 0, '片区已分配金额-楼宇办公': 82100000, '片区已分配金额-工业健康': 8200000, '片区父级已审批金额-食饮': 2200000, '战区已分配金额-楼宇办公': 300000000, '战区已分配金额-工业健康': 40000000, '行业线已分配金额-楼宇办公': 30000000, '行业线已分配金额-工业健康': 10000000, '行业线父级已审批金额-食饮': 2200000, '事业群下派战区总任务金额': 600000000, '战区下派片区总任务金额': 16400000, '截止当天累计目标阈值（万）': 540.27397260274, '客户经理已分配金额-楼宇办公': 0, '客户经理已分配金额-工业健康': 0, '楼宇办公-年度开单金额（万）': 227.64478, '片区下派客户经理总任务金额': 0, '客户经理父级已审批金额-食饮部': 300000, '片区父级已审批金额-楼宇办公': 85000000, '片区父级已审批金额-工业健康': 7800000, '行业线父级已审批金额-楼宇办公': 85000000, '行业线父级已审批金额-工业健康': 7800000, '年度开单金额转换（以万为单位）': 241.40878, '客户经理父级已审批金额-楼宇办公': 7500000, '客户经理父级已审批金额-工业健康': 700000}",2026-08-21 17:04:35.666689,2026-08-21 17:04:35.666689,2026-08-21 17:04:35.666689
37,recvdJ4CBs9wnC,"{'2601': 4875000, '2602': 4875000, '2603': 4875000, '2604': 4875000, '公式': 5.12820512820513e-08, '状态': '已审批', '编号': '37', '事业群': '商用事业群', '片区': '桂澜片区', '战区': '淼澜战区', '创建人': '廖望舒', '当前年': 2026, '当前月': 8, '食饮部': '96640', '楼宇办公': '16217226', '层级级别': '片区', '工业健康': '2153833', '当前日期': 21, '父级引用': [{'text': '3', 'type': 'text', 'table_id': 'tblfyIqpJcf4Rjyv', 'text_arr': ['3'], 'record_ids': ['recvdIQhFgBefI']}], '经营主体': '星澜集团总部', '1季度比例': '25%', '2季度比例': '25%', '3季度比例': '25%', '4季度比例': '25%', '任务维护人': '赵清晏', '年度开单金额': 8718353.32, '总任务承接人': '汪亦然', '总任务达成率': 0.447095042051282, '本月开单金额': 602851.2, '食饮部（万）': 10, '链接字段(勿删)': [{'text': '商用事业群;淼澜战区;桂澜片区;', 'type': 'text'}], '楼宇办公（万）': 1710, '剩余分配百分比': 0, '工业健康（万）': 230, '当前月最后一天': 31, '总任务（金额）': '17467500', '战区总任务金额': 600000000, '本月当前目标阈值': 1048387.09677419, '本月总目标（万）': 162.5, '食饮部待分配任务': 100000, '健康-年度开单金额': 149590, '食饮-年度开单金额': 253418.03, '楼宇办公待分配任务': 17100000, '工业健康待分配任务': 2300000, '当前月份任务达成率': 0.370985353846154, '本月开单金额（万）': 60.28512, '父级已审批金额-食饮': 115000000, '事业群剩余未分配金额': -518000000, '截止当天累计目标阈值': 12394520.5479452, '本月当前目标阈值 (万)': 104.838709677419, '楼宇办公-年度开单金额': 8315345.29, '战区已分配金额-食饮': 115000000, '行业线已分配金额-食饮': 105000000, '截止当前目标阈值达成率': 0.703403837709991, '片区已分配金额-食饮部': 2600000, '健康-年度开单金额（万）': 14.959, '年度阈值/开单差额（万）': -367.616722794521, '月度阈值/开单差额（万）': -44.5535896774194, '父级已审批金额-楼宇办公': 300000000, '父级已审批金额-工业健康': 40000000, '食饮-年度开单金额（万）': 25.341803, '总金额转换（以万为单位）': 1950, '总额的待分配任务（金额）': 19500000, '客户经理已分配金额-食饮部': 0, '片区已分配金额-楼宇办公': 70000000, '片区已分配金额-工业健康': 9400000, '片区父级已审批金额-食饮': 2600000, '战区已分配金额-楼宇办公': 300000000, '战区已分配金额-工业健康': 40000000, '行业线已分配金额-楼宇办公': 30000000, '行业线已分配金额-工业健康': 10000000, '行业线父级已审批金额-食饮': 2600000, '事业群下派战区总任务金额': 600000000, '战区下派片区总任务金额': 16400000, '截止当天累计目标阈值（万）': 1239.45205479452, '客户经理已分配金额-楼宇办公': 0, '客户经理已分配金额-工业健康': 0, '楼宇办公-年度开单金额（万）': 831.534529, '片区下派客户经理总任务金额': 0, '客户经理父级已审批金额-食饮部': 100000, '片区父级已审批金额-楼宇办公': 70000000, '片区父级已审批金额-工业健康': 9400000, '行业线父级已审批金额-楼宇办公': 70000000, '行业线父级已审批金额-工业健康': 9400000, '年度开单金额转换（以万为单位）': 871.835332, '客户经理父级已审批金额-楼宇办公': 17100000, '客户经理父级已审批金额-工业健康': 2300000}",2026-08-21 17:04:35.666689,2026-08-21 17:04:35.666689,2026-08-21 17:04:35.666689
38,recvdJ4GBFNN5w,"{'2601': 3450000, '2602': 3450000, '2603': 3450000, '2604': 3450000, '公式': 7.2463768115942e-08, '状态': '已审批', '编号': '38', '事业群': '商用事业群', '片区': '衡原片区', '战区': '沧澜战区', '创建人': '袁慕白', '当前年': 2026, '当前月': 8, '食饮部': '281143', '楼宇办公': '8172127', '层级级别': '片区', '工业健康': '1190635', '当前日期': 21, '父级引用': [{'text': '2', 'type': 'text', 'table_id': 'tblfyIqpJcf4Rjyv', 'text_arr': ['2'], 'record_ids': ['recvdIONI7neIv']}], '经营主体': '星澜集团总部', '1季度比例': '25%', '2季度比例': '25%', '3季度比例': '25%', '4季度比例': '25%', '任务维护人': '刘其琛', '年度开单金额': 3189004.08, '总任务承接人': '程闻笛', '总任务达成率': 0.231087252173913, '本月开单金额': -300331.5, '食饮部（万）': 30, '链接字段(勿删)': [{'text': '商用事业群;沧澜战区;衡原片区;', 'type': 'text'}], '楼宇办公（万）': 1200, '剩余分配百分比': 0, '工业健康（万）': 150, '当前月最后一天': 31, '总任务（金额）': '15052167', '战区总任务金额': 600000000, '本月当前目标阈值': 741935.483870968, '本月总目标（万）': 115, '食饮部待分配任务': 300000, '健康-年度开单金额': 207910, '食饮-年度开单金额': 283663, '楼宇办公待分配任务': 12000000, '工业健康待分配任务': 1500000, '当前月份任务达成率': -0.261157826086957, '本月开单金额（万）': -30.03315, '父级已审批金额-食饮': 115000000, '事业群剩余未分配金额': -505000000, '截止当天累计目标阈值': 8771506.84931507, '本月当前目标阈值 (万)': 74.1935483870968, '楼宇办公-年度开单金额': 2697431.08, '战区已分配金额-食饮': 115000000, '行业线已分配金额-食饮': 105000000, '截止当前目标阈值达成率': 0.363563995877061, '片区已分配金额-食饮部': 4700000, '健康-年度开单金额（万）': 20.791, '年度阈值/开单差额（万）': -558.250276931507, '月度阈值/开单差额（万）': -104.226698387097, '父级已审批金额-楼宇办公': 300000000, '父级已审批金额-工业健康': 40000000, '食饮-年度开单金额（万）': 28.3663, '总金额转换（以万为单位）': 1380, '总额的待分配任务（金额）': 13800000, '客户经理已分配金额-食饮部': 0, '片区已分配金额-楼宇办公': 82100000, '片区已分配金额-工业健康': 8200000, '片区父级已审批金额-食饮': 2200000, '战区已分配金额-楼宇办公': 300000000, '战区已分配金额-工业健康': 40000000, '行业线已分配金额-楼宇办公': 30000000, '行业线已分配金额-工业健康': 10000000, '行业线父级已审批金额-食饮': 2200000, '事业群下派战区总任务金额': 600000000, '战区下派片区总任务金额': 16400000, '截止当天累计目标阈值（万）': 877.150684931507, '客户经理已分配金额-楼宇办公': 0, '客户经理已分配金额-工业健康': 0, '楼宇办公-年度开单金额（万）': 269.743108, '片区下派客户经理总任务金额': 0, '客户经理父级已审批金额-食饮部': 300000, '片区父级已审批金额-楼宇办公': 85000000, '片区父级已审批金额-工业健康': 7800000, '行业线父级已审批金额-楼宇办公': 85000000, '行业线父级已审批金额-工业健康': 7800000, '年度开单金额转换（以万为单位）': 318.900408, '客户经理父级已审批金额-楼宇办公': 12000000, '客户经理父级已审批金额-工业健康': 1500000}",2026-08-21 17:04:35.666689,2026-08-21 17:04:35.666689,2026-08-21 17:04:35.666689
39,recvdJ4MpxPdXb,"{'2601': 3750000, '2602': 3750000, '2603': 3750000, '2604': 3750000, '公式': 6.66666666666667e-08, '状态': '已审批', '编号': '39', '事业群': '商用事业群', '片区': '浔阳片区', '战区': '淼澜战区', '创建人': '廖望舒', '当前年': 2026, '当前月': 8, '食饮部': '97748', '楼宇办公': '12587809', '层级级别': '片区', '工业健康': '1976619', '当前日期': 21, '父级引用': [{'text': '3', 'type': 'text', 'table_id': 'tblfyIqpJcf4Rjyv', 'text_arr': ['3'], 'record_ids': ['recvdIQhFgBefI']}], '经营主体': '星澜集团总部', '1季度比例': '25%', '2季度比例': '25%', '3季度比例': '25%', '4季度比例': '25%', '任务维护人': '赵清晏', '年度开单金额': 4702666.892768, '总任务承接人': '叶天翊', '总任务达成率': 0.313511126184533, '本月开单金额': -889601.7, '食饮部（万）': 10, '链接字段(勿删)': [{'text': '商用事业群;淼澜战区;浔阳片区;', 'type': 'text'}], '楼宇办公（万）': 1310, '剩余分配百分比': 0, '工业健康（万）': 180, '当前月最后一天': 31, '总任务（金额）': '14148896', '战区总任务金额': 600000000, '本月当前目标阈值': 806451.612903226, '本月总目标（万）': 125, '食饮部待分配任务': 100000, '健康-年度开单金额': 1254700.25, '食饮-年度开单金额': 175195.68, '楼宇办公待分配任务': 13100000, '工业健康待分配任务': 1800000, '当前月份任务达成率': -0.71168136, '本月开单金额（万）': -88.96017, '父级已审批金额-食饮': 115000000, '事业群剩余未分配金额': -518000000, '截止当天累计目标阈值': 9534246.57534247, '本月当前目标阈值 (万)': 80.6451612903226, '楼宇办公-年度开单金额': 3272770.962768, '战区已分配金额-食饮': 115000000, '行业线已分配金额-食饮': 105000000, '截止当前目标阈值达成率': 0.493239487316184, '片区已分配金额-食饮部': 2600000, '健康-年度开单金额（万）': 125.470025, '年度阈值/开单差额（万）': -483.157968257447, '月度阈值/开单差额（万）': -169.605331290323, '父级已审批金额-楼宇办公': 300000000, '父级已审批金额-工业健康': 40000000, '食饮-年度开单金额（万）': 17.519568, '总金额转换（以万为单位）': 1500, '总额的待分配任务（金额）': 15000000, '客户经理已分配金额-食饮部': 0, '片区已分配金额-楼宇办公': 70000000, '片区已分配金额-工业健康': 9400000, '片区父级已审批金额-食饮': 2600000, '战区已分配金额-楼宇办公': 300000000, '战区已分配金额-工业健康': 40000000, '行业线已分配金额-楼宇办公': 30000000, '行业线已分配金额-工业健康': 10000000, '行业线父级已审批金额-食饮': 2600000, '事业群下派战区总任务金额': 600000000, '战区下派片区总任务金额': 16400000, '截止当天累计目标阈值（万）': 953.424657534247, '客户经理已分配金额-楼宇办公': 0, '客户经理已分配金额-工业健康': 0, '楼宇办公-年度开单金额（万）': 327.2770962768, '片区下派客户经理总任务金额': 0, '客户经理父级已审批金额-食饮部': 100000, '片区父级已审批金额-楼宇办公': 70000000, '片区父级已审批金额-工业健康': 9400000, '行业线父级已审批金额-楼宇办公': 70000000, '行业线父级已审批金额-工业健康': 9400000, '年度开单金额转换（以万为单位）': 470.2666892768, '客户经理父级已审批金额-楼宇办公': 13100000, '客户经理父级已审批金额-工业健康': 1800000}",2026-08-21 17:04:35.666689,2026-08-21 17:04:35.666689,2026-08-21 17:04:35.666689
40,recvdJ4SgTEkF1,"{'2601': 2650000, '2602': 2650000, '2603': 2650000, '2604': 2650000, '公式': 9.43396226415094e-08, '状态': '已审批', '编号': '40', '事业群': '商用事业群', '片区': '临洲片区', '战区': '沧澜战区', '创建人': '袁慕白', '当前年': 2026, '当前月': 8, '食饮部': '1795992', '楼宇办公': '7097974', '层级级别': '片区', '工业健康': '795508', '当前日期': 21, '父级引用': [{'text': '2', 'type': 'text', 'table_id': 'tblfyIqpJcf4Rjyv', 'text_arr': ['2'], 'record_ids': ['recvdIONI7neIv']}], '经营主体': '星澜集团总部', '1季度比例': '25%', '2季度比例': '25%', '3季度比例': '25%', '4季度比例': '25%', '任务维护人': '刘其琛', '年度开单金额': 4952918.39, '总任务承接人': '邓景行', '总任务达成率': 0.467256451886792, '本月开单金额': 297644, '食饮部（万）': 260, '链接字段(勿删)': [{'text': '商用事业群;沧澜战区;临洲片区;', 'type': 'text'}], '楼宇办公（万）': 720, '剩余分配百分比': 0, '工业健康（万）': 80, '当前月最后一天': 31, '总任务（金额）': '9941903', '战区总任务金额': 600000000, '本月当前目标阈值': 569892.47311828, '本月总目标（万）': 88.3333333333333, '食饮部待分配任务': 2600000, '健康-年度开单金额': 917950, '食饮-年度开单金额': 373595, '楼宇办公待分配任务': 7200000, '工业健康待分配任务': 800000, '当前月份任务达成率': 0.336955471698113, '本月开单金额（万）': 29.7644, '父级已审批金额-食饮': 115000000, '事业群剩余未分配金额': -505000000, '截止当天累计目标阈值': 6737534.24657534, '本月当前目标阈值 (万)': 56.989247311828, '楼宇办公-年度开单金额': 3661373.39, '战区已分配金额-食饮': 115000000, '行业线已分配金额-食饮': 105000000, '截止当前目标阈值达成率': 0.735123297149479, '片区已分配金额-食饮部': 4700000, '健康-年度开单金额（万）': 91.795, '年度阈值/开单差额（万）': -178.461585657534, '月度阈值/开单差额（万）': -27.224847311828, '父级已审批金额-楼宇办公': 300000000, '父级已审批金额-工业健康': 40000000, '食饮-年度开单金额（万）': 37.3595, '总金额转换（以万为单位）': 1060, '总额的待分配任务（金额）': 10600000, '客户经理已分配金额-食饮部': 0, '片区已分配金额-楼宇办公': 82100000, '片区已分配金额-工业健康': 8200000, '片区父级已审批金额-食饮': 2200000, '战区已分配金额-楼宇办公': 300000000, '战区已分配金额-工业健康': 40000000, '行业线已分配金额-楼宇办公': 30000000, '行业线已分配金额-工业健康': 10000000, '行业线父级已审批金额-食饮': 2200000, '事业群下派战区总任务金额': 600000000, '战区下派片区总任务金额': 16400000, '截止当天累计目标阈值（万）': 673.753424657534, '客户经理已分配金额-楼宇办公': 0, '客户经理已分配金额-工业健康': 0, '楼宇办公-年度开单金额（万）': 366.137339, '片区下派客户经理总任务金额': 0, '客户经理父级已审批金额-食饮部': 2600000, '片区父级已审批金额-楼宇办公': 85000000, '片区父级已审批金额-工业健康': 7800000, '行业线父级已审批金额-楼宇办公': 85000000, '行业线父级已审批金额-工业健康': 7800000, '年度开单金额转换（以万为单位）': 495.291839, '客户经理父级已审批金额-楼宇办公': 7200000, '客户经理父级已审批金额-工业健康': 800000}",2026-08-21 17:04:35.666689,2026-08-21 17:04:35.666689,2026-08-21 17:04:35.666689
41,recvdJ6bwCt6dB,"{'2601': 500000, '2602': 500000, '2603': 500000, '2604': 500000, '公式': 5e-07, '状态': '已审批', '编号': '41', '事业群': '商用事业群', '片区': '食饮', '战区': '淼澜战区', '创建人': '袁慕白', '当前年': 2026, '当前月': 8, '食饮部': '1641974', '层级级别': '片区', '当前日期': 21, '父级引用': [{'text': '3', 'type': 'text', 'table_id': 'tblfyIqpJcf4Rjyv', 'text_arr': ['3'], 'record_ids': ['recvdIQhFgBefI']}], '经营主体': '星澜集团总部', '1季度比例': '25%', '2季度比例': '25%', '3季度比例': '25%', '4季度比例': '25%', '任务维护人': '赵清晏', '年度开单金额': 485907.7, '总任务承接人': '陆攸宁', '总任务达成率': 0.24295385, '本月开单金额': 32139.2, '食饮部（万）': 200, '链接字段(勿删)': [{'text': '商用事业群;淼澜战区;食饮;', 'type': 'text'}], '楼宇办公（万）': 0, '剩余分配百分比': 0, '工业健康（万）': 0, '当前月最后一天': 31, '总任务（金额）': '1582900', '战区总任务金额': 600000000, '本月当前目标阈值': 107526.88172043, '本月总目标（万）': 16.6666666666667, '食饮部待分配任务': 2000000, '健康-年度开单金额': 0, '食饮-年度开单金额': 481371.7, '楼宇办公待分配任务': 0, '工业健康待分配任务': 0, '当前月份任务达成率': 0.1928352, '本月开单金额（万）': 3.21392, '父级已审批金额-食饮': 115000000, '事业群剩余未分配金额': -518000000, '截止当天累计目标阈值': 1271232.87671233, '本月当前目标阈值 (万)': 10.752688172043, '楼宇办公-年度开单金额': 4536, '战区已分配金额-食饮': 115000000, '行业线已分配金额-食饮': 105000000, '截止当前目标阈值达成率': 0.382233427801724, '片区已分配金额-食饮部': 2600000, '健康-年度开单金额（万）': 0, '年度阈值/开单差额（万）': -78.5325176712329, '月度阈值/开单差额（万）': -7.53876817204301, '父级已审批金额-楼宇办公': 300000000, '父级已审批金额-工业健康': 40000000, '食饮-年度开单金额（万）': 48.13717, '总金额转换（以万为单位）': 200, '总额的待分配任务（金额）': 2000000, '客户经理已分配金额-食饮部': 0, '片区已分配金额-楼宇办公': 70000000, '片区已分配金额-工业健康': 9400000, '片区父级已审批金额-食饮': 2600000, '战区已分配金额-楼宇办公': 300000000, '战区已分配金额-工业健康': 40000000, '行业线已分配金额-楼宇办公': 30000000, '行业线已分配金额-工业健康': 10000000, '行业线父级已审批金额-食饮': 2600000, '事业群下派战区总任务金额': 600000000, '战区下派片区总任务金额': 16400000, '截止当天累计目标阈值（万）': 127.123287671233, '客户经理已分配金额-楼宇办公': 0, '客户经理已分配金额-工业健康': 0, '楼宇办公-年度开单金额（万）': 0.4536, '片区下派客户经理总任务金额': 0, '客户经理父级已审批金额-食饮部': 2000000, '片区父级已审批金额-楼宇办公': 70000000, '片区父级已审批金额-工业健康': 9400000, '行业线父级已审批金额-楼宇办公': 70000000, '行业线父级已审批金额-工业健康': 9400000, '年度开单金额转换（以万为单位）': 48.59077, '客户经理父级已审批金额-楼宇办公': 0, '客户经理父级已审批金额-工业健康': 0, '楼宇办公': '0', '工业健康': '0'}",2026-08-21 17:04:35.666689,2026-08-21 17:04:35.666689,2026-08-21 17:04:35.666689
42,recvdJ6iR2w1nC,"{'2601': 2500000, '2602': 2500000, '2603': 2500000, '2604': 2500000, '公式': 1e-07, '状态': '已审批', '编号': '42', '事业群': '商用事业群', '片区': '潇湘片区', '战区': '淼澜战区', '创建人': '廖望舒', '当前年': 2026, '当前月': 8, '食饮部': '77651', '楼宇办公': '8259621', '层级级别': '片区', '工业健康': '1168170', '当前日期': 21, '父级引用': [{'text': '3', 'type': 'text', 'table_id': 'tblfyIqpJcf4Rjyv', 'text_arr': ['3'], 'record_ids': ['recvdIQhFgBefI']}], '经营主体': '星澜集团总部', '1季度比例': '25%', '2季度比例': '25%', '3季度比例': '25%', '4季度比例': '25%', '任务维护人': '赵清晏', '年度开单金额': 5482700.45, '总任务承接人': '廖听雨', '总任务达成率': 0.548270045, '本月开单金额': 922902, '食饮部（万）': 10, '链接字段(勿删)': [{'text': '商用事业群;淼澜战区;潇湘片区;', 'type': 'text'}], '楼宇办公（万）': 880, '剩余分配百分比': 0, '工业健康（万）': 110, '当前月最后一天': 31, '总任务（金额）': '8144003', '战区总任务金额': 600000000, '本月当前目标阈值': 537634.408602151, '本月总目标（万）': 83.3333333333333, '食饮部待分配任务': 100000, '健康-年度开单金额': 1328153.83, '食饮-年度开单金额': 167784.52, '楼宇办公待分配任务': 8800000, '工业健康待分配任务': 1100000, '当前月份任务达成率': 1.1074824, '本月开单金额（万）': 92.2902, '父级已审批金额-食饮': 115000000, '事业群剩余未分配金额': -518000000, '截止当天累计目标阈值': 6356164.38356164, '本月当前目标阈值 (万)': 53.763440860215, '楼宇办公-年度开单金额': 3986762.1, '战区已分配金额-食饮': 115000000, '行业线已分配金额-食饮': 105000000, '截止当前目标阈值达成率': 0.862580027693965, '片区已分配金额-食饮部': 2600000, '健康-年度开单金额（万）': 132.815383, '年度阈值/开单差额（万）': -87.3463933561645, '月度阈值/开单差额（万）': 38.526759139785, '父级已审批金额-楼宇办公': 300000000, '父级已审批金额-工业健康': 40000000, '食饮-年度开单金额（万）': 16.778452, '总金额转换（以万为单位）': 1000, '总额的待分配任务（金额）': 10000000, '客户经理已分配金额-食饮部': 0, '片区已分配金额-楼宇办公': 70000000, '片区已分配金额-工业健康': 9400000, '片区父级已审批金额-食饮': 2600000, '战区已分配金额-楼宇办公': 300000000, '战区已分配金额-工业健康': 40000000, '行业线已分配金额-楼宇办公': 30000000, '行业线已分配金额-工业健康': 10000000, '行业线父级已审批金额-食饮': 2600000, '事业群下派战区总任务金额': 600000000, '战区下派片区总任务金额': 16400000, '截止当天累计目标阈值（万）': 635.616438356165, '客户经理已分配金额-楼宇办公': 0, '客户经理已分配金额-工业健康': 0, '楼宇办公-年度开单金额（万）': 398.67621, '片区下派客户经理总任务金额': 0, '客户经理父级已审批金额-食饮部': 100000, '片区父级已审批金额-楼宇办公': 70000000, '片区父级已审批金额-工业健康': 9400000, '行业线父级已审批金额-楼宇办公': 70000000, '行业线父级已审批金额-工业健康': 9400000, '年度开单金额转换（以万为单位）': 548.270045, '客户经理父级已审批金额-楼宇办公': 8800000, '客户经理父级已审批金额-工业健康': 1100000}",2026-08-21 17:04:35.666689,2026-08-21 17:04:35.666689,2026-08-21 17:04:35.666689
43,recvdJ6pauzgNH,"{'2601': 1750000, '2602': 1750000, '2603': 1750000, '2604': 1750000, '公式': 1.42857142857143e-07, '状态': '已审批', '编号': '43', '事业群': '商用事业群', '片区': '榕岸片区', '战区': '淼澜战区', '创建人': '袁慕白', '当前年': 2026, '当前月': 8, '食饮部': '58685', '楼宇办公': '3462408', '层级级别': '片区', '工业健康': '586848', '当前日期': 21, '父级引用': [{'text': '3', 'type': 'text', 'table_id': 'tblfyIqpJcf4Rjyv', 'text_arr': ['3'], 'record_ids': ['recvdIQhFgBefI']}], '经营主体': '星澜集团总部', '1季度比例': '25%', '2季度比例': '25%', '3季度比例': '25%', '4季度比例': '25%', '任务维护人': '赵清晏', '年度开单金额': 1907447.84, '总任务承接人': '沈既明', '总任务达成率': 0.272492548571429, '本月开单金额': 53221, '食饮部（万）': 10, '链接字段(勿删)': [{'text': '商用事业群;淼澜战区;榕岸片区;', 'type': 'text'}], '楼宇办公（万）': 590, '剩余分配百分比': 0, '工业健康（万）': 100, '当前月最后一天': 31, '总任务（金额）': '7213562', '战区总任务金额': 600000000, '本月当前目标阈值': 376344.086021505, '本月总目标（万）': 58.3333333333333, '食饮部待分配任务': 100000, '健康-年度开单金额': 89930, '食饮-年度开单金额': 99170, '楼宇办公待分配任务': 5900000, '工业健康待分配任务': 1000000, '当前月份任务达成率': 0.091236, '本月开单金额（万）': 5.3221, '父级已审批金额-食饮': 115000000, '事业群剩余未分配金额': -518000000, '截止当天累计目标阈值': 4449315.06849315, '本月当前目标阈值 (万)': 37.6344086021505, '楼宇办公-年度开单金额': 1718347.84, '战区已分配金额-食饮': 115000000, '行业线已分配金额-食饮': 105000000, '截止当前目标阈值达成率': 0.428705949261084, '片区已分配金额-食饮部': 2600000, '健康-年度开单金额（万）': 8.993, '年度阈值/开单差额（万）': -254.186722849315, '月度阈值/开单差额（万）': -32.3123086021505, '父级已审批金额-楼宇办公': 300000000, '父级已审批金额-工业健康': 40000000, '食饮-年度开单金额（万）': 9.917, '总金额转换（以万为单位）': 700, '总额的待分配任务（金额）': 7000000, '客户经理已分配金额-食饮部': 0, '片区已分配金额-楼宇办公': 70000000, '片区已分配金额-工业健康': 9400000, '片区父级已审批金额-食饮': 2600000, '战区已分配金额-楼宇办公': 300000000, '战区已分配金额-工业健康': 40000000, '行业线已分配金额-楼宇办公': 30000000, '行业线已分配金额-工业健康': 10000000, '行业线父级已审批金额-食饮': 2600000, '事业群下派战区总任务金额': 600000000, '战区下派片区总任务金额': 16400000, '截止当天累计目标阈值（万）': 444.931506849315, '客户经理已分配金额-楼宇办公': 0, '客户经理已分配金额-工业健康': 0, '楼宇办公-年度开单金额（万）': 171.834784, '片区下派客户经理总任务金额': 0, '客户经理父级已审批金额-食饮部': 100000, '片区父级已审批金额-楼宇办公': 70000000, '片区父级已审批金额-工业健康': 9400000, '行业线父级已审批金额-楼宇办公': 70000000, '行业线父级已审批金额-工业健康': 9400000, '年度开单金额转换（以万为单位）': 190.744784, '客户经理父级已审批金额-楼宇办公': 5900000, '客户经理父级已审批金额-工业健康': 1000000}",2026-08-21 17:04:35.666689,2026-08-21 17:04:35.666689,2026-08-21 17:04:35.666689
44,recvdJyQWBEqdx,"{'2601': 1650000, '2602': 1650000, '2603': 1650000, '2604': 1650000, '公式': 1.51515151515152e-07, '状态': '待确认', '编号': '48', '事业群': '商用事业群', '片区': '云梦片区', '战区': '沧澜战区', '创建人': '傅望舒', '当前年': 2026, '当前月': 8, '食饮部': '97739', '客户经理': '谭景行', '楼宇办公': '3909575', '层级级别': '客户经理', '工业健康': '293218', '当前日期': 21, '父级引用': [{'text': '31', 'type': 'text', 'table_id': 'tblfyIqpJcf4Rjyv', 'text_arr': ['31'], 'record_ids': ['recvdJ3qTQcIJF']}], '经营主体': '星澜集团总部', '1季度比例': '25%', '2季度比例': '25%', '3季度比例': '25%', '4季度比例': '25%', '任务维护人': '沈慕白', '年度开单金额': 2784310.2, '总任务承接人': '谭景行', '总任务达成率': 0.421865181818182, '本月开单金额': 106117.16, '食饮部（万）': 15, '链接字段(勿删)': [{'text': '商用事业群;沧澜战区;云梦片区;谭景行', 'type': 'text'}], '楼宇办公（万）': 600, '剩余分配百分比': 0, '工业健康（万）': 45, '当前月最后一天': 31, '总任务（金额）': '8144862', '战区总任务金额': 600000000, '本月当前目标阈值': 354838.709677419, '本月总目标（万）': 55, '食饮部待分配任务': 150000, '健康-年度开单金额': 0, '食饮-年度开单金额': 207924.5, '楼宇办公待分配任务': 6000000, '工业健康待分配任务': 450000, '当前月份任务达成率': 0.192940290909091, '本月开单金额（万）': 10.611716, '父级已审批金额-食饮': 115000000, '事业群剩余未分配金额': -576900000, '截止当天累计目标阈值': 4195068.49315068, '本月当前目标阈值 (万)': 35.4838709677419, '楼宇办公-年度开单金额': 2576385.7, '战区已分配金额-食饮': 115000000, '行业线已分配金额-食饮': 105000000, '截止当前目标阈值达成率': 0.663710307601881, '片区已分配金额-食饮部': 4700000, '健康-年度开单金额（万）': 0, '年度阈值/开单差额（万）': -141.075829315068, '月度阈值/开单差额（万）': -24.8721549677419, '父级已审批金额-楼宇办公': 300000000, '父级已审批金额-工业健康': 40000000, '食饮-年度开单金额（万）': 20.79245, '总金额转换（以万为单位）': 660, '总额的待分配任务（金额）': 6600000, '客户经理已分配金额-食饮部': 600000, '片区已分配金额-楼宇办公': 82100000, '片区已分配金额-工业健康': 8200000, '片区父级已审批金额-食饮': 2200000, '战区已分配金额-楼宇办公': 300000000, '战区已分配金额-工业健康': 40000000, '行业线已分配金额-楼宇办公': 30000000, '行业线已分配金额-工业健康': 10000000, '行业线父级已审批金额-食饮': 2200000, '事业群下派战区总任务金额': 600000000, '战区下派片区总任务金额': 16400000, '截止当天累计目标阈值（万）': 419.506849315069, '客户经理已分配金额-楼宇办公': 20500000, '客户经理已分配金额-工业健康': 2000000, '楼宇办公-年度开单金额（万）': 257.63857, '片区下派客户经理总任务金额': 23100000, '客户经理父级已审批金额-食饮部': 600000, '片区父级已审批金额-楼宇办公': 85000000, '片区父级已审批金额-工业健康': 7800000, '行业线父级已审批金额-楼宇办公': 85000000, '行业线父级已审批金额-工业健康': 7800000, '年度开单金额转换（以万为单位）': 278.43102, '客户经理父级已审批金额-楼宇办公': 20500000, '客户经理父级已审批金额-工业健康': 2000000}",2026-08-21 17:04:35.666689,2026-08-21 17:04:35.666689,2026-08-21 17:04:35.666689
45,recvdJyRRBlpg4,"{'2601': 1200000, '2602': 1200000, '2603': 1200000, '2604': 1200000, '公式': 2.08333333333333e-07, '状态': '待确认', '编号': '49', '事业群': '商用事业群', '片区': '云梦片区', '战区': '沧澜战区', '创建人': '傅望舒', '当前年': 2026, '当前月': 8, '食饮部': '69805', '客户经理': '崔慕白', '楼宇办公': '6422059', '层级级别': '客户经理', '工业健康': '209415', '当前日期': 21, '父级引用': [{'text': '31', 'type': 'text', 'table_id': 'tblfyIqpJcf4Rjyv', 'text_arr': ['31'], 'record_ids': ['recvdJ3qTQcIJF', 'recvdJyRRBK9Oi']}], '经营主体': '星澜集团总部', '1季度比例': '25%', '2季度比例': '25%', '3季度比例': '25%', '4季度比例': '25%', '任务维护人': '沈慕白', '年度开单金额': 2103989.2, '总任务承接人': '崔慕白', '总任务达成率': 0.438331083333333, '本月开单金额': -117198, '食饮部（万）': 5, '链接字段(勿删)': [{'text': '商用事业群;沧澜战区;云梦片区;崔慕白', 'type': 'text'}], '楼宇办公（万）': 460, '剩余分配百分比': 0, '工业健康（万）': 15, '当前月最后一天': 31, '总任务（金额）': '4736704', '战区总任务金额': 600000000, '本月当前目标阈值': 258064.516129032, '本月总目标（万）': 40, '食饮部待分配任务': 50000, '健康-年度开单金额': 831550, '食饮-年度开单金额': 560, '楼宇办公待分配任务': 4600000, '工业健康待分配任务': 150000, '当前月份任务达成率': -0.292995, '本月开单金额（万）': -11.7198, '父级已审批金额-食饮': 115000000, '事业群剩余未分配金额': -576900000, '截止当天累计目标阈值': 3050958.90410959, '本月当前目标阈值 (万)': 25.8064516129032, '楼宇办公-年度开单金额': 1271879.2, '战区已分配金额-食饮': 115000000, '行业线已分配金额-食饮': 105000000, '截止当前目标阈值达成率': 0.689615713002874, '片区已分配金额-食饮部': 4700000, '健康-年度开单金额（万）': 83.155, '年度阈值/开单差额（万）': -94.6969704109589, '月度阈值/开单差额（万）': -37.5262516129032, '父级已审批金额-楼宇办公': 300000000, '父级已审批金额-工业健康': 40000000, '食饮-年度开单金额（万）': 0.056, '总金额转换（以万为单位）': 480, '总额的待分配任务（金额）': 4800000, '客户经理已分配金额-食饮部': 600000, '片区已分配金额-楼宇办公': 82100000, '片区已分配金额-工业健康': 8200000, '片区父级已审批金额-食饮': 2200000, '战区已分配金额-楼宇办公': 300000000, '战区已分配金额-工业健康': 40000000, '行业线已分配金额-楼宇办公': 30000000, '行业线已分配金额-工业健康': 10000000, '行业线父级已审批金额-食饮': 2200000, '事业群下派战区总任务金额': 600000000, '战区下派片区总任务金额': 16400000, '截止当天累计目标阈值（万）': 305.095890410959, '客户经理已分配金额-楼宇办公': 20500000, '客户经理已分配金额-工业健康': 2000000, '楼宇办公-年度开单金额（万）': 127.18792, '片区下派客户经理总任务金额': 23100000, '客户经理父级已审批金额-食饮部': 600000, '片区父级已审批金额-楼宇办公': 85000000, '片区父级已审批金额-工业健康': 7800000, '行业线父级已审批金额-楼宇办公': 85000000, '行业线父级已审批金额-工业健康': 7800000, '年度开单金额转换（以万为单位）': 210.39892, '客户经理父级已审批金额-楼宇办公': 20500000, '客户经理父级已审批金额-工业健康': 2000000}",2026-08-21 17:04:35.666689,2026-08-21 17:04:35.666689,2026-08-21 17:04:35.666689
46,recvdJyRRBzm2f,"{'2601': 1125000, '2602': 1125000, '2603': 1125000, '2604': 1125000, '公式': 2.22222222222222e-07, '状态': '待确认', '编号': '50', '事业群': '商用事业群', '片区': '云梦片区', '战区': '沧澜战区', '创建人': '傅望舒', '当前年': 2026, '当前月': 8, '食饮部': '136882', '客户经理': '陆承宇', '楼宇办公': '5612142', '层级级别': '客户经理', '工业健康': '410645', '当前日期': 21, '父级引用': [{'text': '31', 'type': 'text', 'table_id': 'tblfyIqpJcf4Rjyv', 'text_arr': ['31'], 'record_ids': ['recvdJ3qTQcIJF', 'recvdJyRRBK9Oi']}], '经营主体': '星澜集团总部', '1季度比例': '25%', '2季度比例': '25%', '3季度比例': '25%', '4季度比例': '25%', '任务维护人': '沈慕白', '年度开单金额': 1799789.32, '总任务承接人': '陆承宇', '总任务达成率': 0.399953182222222, '本月开单金额': -366360, '食饮部（万）': 10, '链接字段(勿删)': [{'text': '商用事业群;沧澜战区;云梦片区;陆承宇', 'type': 'text'}], '楼宇办公（万）': 410, '剩余分配百分比': 0, '工业健康（万）': 30, '当前月最后一天': 31, '总任务（金额）': '3668296', '战区总任务金额': 600000000, '本月当前目标阈值': 241935.483870968, '本月总目标（万）': 37.5, '食饮部待分配任务': 100000, '健康-年度开单金额': 108900, '食饮-年度开单金额': 102975, '楼宇办公待分配任务': 4100000, '工业健康待分配任务': 300000, '当前月份任务达成率': -0.97696, '本月开单金额（万）': -36.636, '父级已审批金额-食饮': 115000000, '事业群剩余未分配金额': -576900000, '截止当天累计目标阈值': 2860273.97260274, '本月当前目标阈值 (万)': 24.1935483870968, '楼宇办公-年度开单金额': 1587914.32, '战区已分配金额-食饮': 115000000, '行业线已分配金额-食饮': 105000000, '截止当前目标阈值达成率': 0.629236687547893, '片区已分配金额-食饮部': 4700000, '健康-年度开单金额（万）': 10.89, '年度阈值/开单差额（万）': -106.048465260274, '月度阈值/开单差额（万）': -60.8295483870968, '父级已审批金额-楼宇办公': 300000000, '父级已审批金额-工业健康': 40000000, '食饮-年度开单金额（万）': 10.2975, '总金额转换（以万为单位）': 450, '总额的待分配任务（金额）': 4500000, '客户经理已分配金额-食饮部': 600000, '片区已分配金额-楼宇办公': 82100000, '片区已分配金额-工业健康': 8200000, '片区父级已审批金额-食饮': 2200000, '战区已分配金额-楼宇办公': 300000000, '战区已分配金额-工业健康': 40000000, '行业线已分配金额-楼宇办公': 30000000, '行业线已分配金额-工业健康': 10000000, '行业线父级已审批金额-食饮': 2200000, '事业群下派战区总任务金额': 600000000, '战区下派片区总任务金额': 16400000, '截止当天累计目标阈值（万）': 286.027397260274, '客户经理已分配金额-楼宇办公': 20500000, '客户经理已分配金额-工业健康': 2000000, '楼宇办公-年度开单金额（万）': 158.791432, '片区下派客户经理总任务金额': 23100000, '客户经理父级已审批金额-食饮部': 600000, '片区父级已审批金额-楼宇办公': 85000000, '片区父级已审批金额-工业健康': 7800000, '行业线父级已审批金额-楼宇办公': 85000000, '行业线父级已审批金额-工业健康': 7800000, '年度开单金额转换（以万为单位）': 179.978932, '客户经理父级已审批金额-楼宇办公': 20500000, '客户经理父级已审批金额-工业健康': 2000000}",2026-08-21 17:04:35.666689,2026-08-21 17:04:35.666689,2026-08-21 17:04:35.666689
47,recvdJyRRBwJGF,"{'2601': 1800000, '2602': 1800000, '2603': 1800000, '2604': 1800000, '公式': 1.38888888888889e-07, '状态': '待确认', '编号': '52', '事业群': '商用事业群', '片区': '云梦片区', '战区': '沧澜战区', '创建人': '傅望舒', '当前年': 2026, '当前月': 8, '食饮部': '305566', '客户经理': '沈慕白', '楼宇办公': '5907603', '层级级别': '客户经理', '工业健康': '1120407', '当前日期': 21, '父级引用': [{'text': '31', 'type': 'text', 'table_id': 'tblfyIqpJcf4Rjyv', 'text_arr': ['31'], 'record_ids': ['recvdJ3qTQcIJF', 'recvdJyRRBK9Oi']}], '经营主体': '星澜集团总部', '1季度比例': '25%', '2季度比例': '25%', '3季度比例': '25%', '4季度比例': '25%', '任务维护人': '沈慕白', '年度开单金额': 1612652.97999999, '总任务承接人': '沈慕白', '总任务达成率': 0.223979580555554, '本月开单金额': 37518, '食饮部（万）': 30, '链接字段(勿删)': [{'text': '商用事业群;沧澜战区;云梦片区;沈慕白', 'type': 'text'}], '楼宇办公（万）': 580, '剩余分配百分比': 0, '工业健康（万）': 110, '当前月最后一天': 31, '总任务（金额）': '7187921', '战区总任务金额': 600000000, '本月当前目标阈值': 387096.774193548, '本月总目标（万）': 60, '食饮部待分配任务': 300000, '健康-年度开单金额': 1415995.14, '食饮-年度开单金额': 66020, '楼宇办公待分配任务': 5800000, '工业健康待分配任务': 1100000, '当前月份任务达成率': 0.06253, '本月开单金额（万）': 3.7518, '父级已审批金额-食饮': 115000000, '事业群剩余未分配金额': -576900000, '截止当天累计目标阈值': 4576438.35616438, '本月当前目标阈值 (万)': 38.7096774193548, '楼宇办公-年度开单金额': 130637.84, '战区已分配金额-食饮': 115000000, '行业线已分配金额-食饮': 105000000, '截止当前目标阈值达成率': 0.352381667684385, '片区已分配金额-食饮部': 4700000, '健康-年度开单金额（万）': 141.599514, '年度阈值/开单差额（万）': -296.378537616439, '月度阈值/开单差额（万）': -34.9578774193548, '父级已审批金额-楼宇办公': 300000000, '父级已审批金额-工业健康': 40000000, '食饮-年度开单金额（万）': 6.602, '总金额转换（以万为单位）': 720, '总额的待分配任务（金额）': 7200000, '客户经理已分配金额-食饮部': 600000, '片区已分配金额-楼宇办公': 82100000, '片区已分配金额-工业健康': 8200000, '片区父级已审批金额-食饮': 2200000, '战区已分配金额-楼宇办公': 300000000, '战区已分配金额-工业健康': 40000000, '行业线已分配金额-楼宇办公': 30000000, '行业线已分配金额-工业健康': 10000000, '行业线父级已审批金额-食饮': 2200000, '事业群下派战区总任务金额': 600000000, '战区下派片区总任务金额': 16400000, '截止当天累计目标阈值（万）': 457.643835616438, '客户经理已分配金额-楼宇办公': 20500000, '客户经理已分配金额-工业健康': 2000000, '楼宇办公-年度开单金额（万）': 13.063784, '片区下派客户经理总任务金额': 23100000, '客户经理父级已审批金额-食饮部': 600000, '片区父级已审批金额-楼宇办公': 85000000, '片区父级已审批金额-工业健康': 7800000, '行业线父级已审批金额-楼宇办公': 85000000, '行业线父级已审批金额-工业健康': 7800000, '年度开单金额转换（以万为单位）': 161.265297999999, '客户经理父级已审批金额-楼宇办公': 20500000, '客户经理父级已审批金额-工业健康': 2000000}",2026-08-21 17:04:35.666689,2026-08-21 17:04:35.666689,2026-08-21 17:04:35.666689
48,recvdJyRRBxn8P,"{'2601': 750000, '2602': 750000, '2603': 750000, '2604': 750000, '公式': 3.33333333333333e-07, '状态': '待确认', '编号': '54', '事业群': '商用事业群', '片区': '衡原片区', '战区': '沧澜战区', '创建人': '傅望舒', '当前年': 2026, '当前月': 8, '食饮部': '79539', '客户经理': '程闻笛', '楼宇办公': '2227085', '层级级别': '客户经理', '工业健康': '79539', '当前日期': 21, '父级引用': [{'text': '38', 'type': 'text', 'table_id': 'tblfyIqpJcf4Rjyv', 'text_arr': ['38'], 'record_ids': ['recvdJ4GBFNN5w']}], '经营主体': '星澜集团总部', '1季度比例': '25%', '2季度比例': '25%', '3季度比例': '25%', '4季度比例': '25%', '任务维护人': '程闻笛', '年度开单金额': 981270.36, '总任务承接人': '程闻笛', '总任务达成率': 0.32709012, '本月开单金额': -979978, '食饮部（万）': 10, '链接字段(勿删)': [{'text': '商用事业群;沧澜战区;衡原片区;程闻笛', 'type': 'text'}], '楼宇办公（万）': 280, '剩余分配百分比': 0, '工业健康（万）': 10, '当前月最后一天': 31, '总任务（金额）': '3140085', '战区总任务金额': 600000000, '本月当前目标阈值': 161290.322580645, '本月总目标（万）': 25, '食饮部待分配任务': 100000, '健康-年度开单金额': 67000, '食饮-年度开单金额': 218953, '楼宇办公待分配任务': 2800000, '工业健康待分配任务': 100000, '当前月份任务达成率': -3.919912, '本月开单金额（万）': -97.9978, '父级已审批金额-食饮': 115000000, '事业群剩余未分配金额': -586200000, '截止当天累计目标阈值': 1906849.31506849, '本月当前目标阈值 (万)': 16.1290322580645, '楼宇办公-年度开单金额': 695317.36, '战区已分配金额-食饮': 115000000, '行业线已分配金额-食饮': 105000000, '截止当前目标阈值达成率': 0.514602990517241, '片区已分配金额-食饮部': 4700000, '健康-年度开单金额（万）': 6.7, '年度阈值/开单差额（万）': -92.5578955068493, '月度阈值/开单差额（万）': -114.126832258065, '父级已审批金额-楼宇办公': 300000000, '父级已审批金额-工业健康': 40000000, '食饮-年度开单金额（万）': 21.8953, '总金额转换（以万为单位）': 300, '总额的待分配任务（金额）': 3000000, '客户经理已分配金额-食饮部': 400000, '片区已分配金额-楼宇办公': 82100000, '片区已分配金额-工业健康': 8200000, '片区父级已审批金额-食饮': 2200000, '战区已分配金额-楼宇办公': 300000000, '战区已分配金额-工业健康': 40000000, '行业线已分配金额-楼宇办公': 30000000, '行业线已分配金额-工业健康': 10000000, '行业线父级已审批金额-食饮': 2200000, '事业群下派战区总任务金额': 600000000, '战区下派片区总任务金额': 16400000, '截止当天累计目标阈值（万）': 190.684931506849, '客户经理已分配金额-楼宇办公': 11800000, '客户经理已分配金额-工业健康': 1600000, '楼宇办公-年度开单金额（万）': 69.531736, '片区下派客户经理总任务金额': 13800000, '客户经理父级已审批金额-食饮部': 300000, '片区父级已审批金额-楼宇办公': 85000000, '片区父级已审批金额-工业健康': 7800000, '行业线父级已审批金额-楼宇办公': 85000000, '行业线父级已审批金额-工业健康': 7800000, '年度开单金额转换（以万为单位）': 98.127036, '客户经理父级已审批金额-楼宇办公': 12000000, '客户经理父级已审批金额-工业健康': 1500000}",2026-08-21 17:04:35.666689,2026-08-21 17:04:35.666689,2026-08-21 17:04:35.666689
49,recvmFIdJVm9q6,"{'2601': 900000, '2602': 900000, '2603': 900000, '2604': 900000, '公式': 2.77777777777778e-07, '状态': '待确认', '编号': '131', '事业群': '商用事业群', '片区': '衡原片区', '战区': '沧澜战区', '创建人': '廖望舒', '当前年': 2026, '当前月': 8, '食饮部': '65480', '客户经理': '顾亦辰', '楼宇办公': '2226334', '层级级别': '客户经理', '工业健康': '65480', '当前日期': 21, '父级引用': [{'text': '38', 'type': 'text', 'table_id': 'tblfyIqpJcf4Rjyv', 'text_arr': ['38'], 'record_ids': ['recvdJ4GBFNN5w']}], '经营主体': '星澜集团总部', '1季度比例': '25%', '2季度比例': '25%', '3季度比例': '25%', '4季度比例': '25%', '任务维护人': '程闻笛', '年度开单金额': 688830, '总任务承接人': '顾亦辰', '总任务达成率': 0.191341666666667, '本月开单金额': 528785, '食饮部（万）': 10, '链接字段(勿删)': [{'text': '商用事业群;沧澜战区;衡原片区;顾亦辰', 'type': 'text'}], '楼宇办公（万）': 340, '剩余分配百分比': 0, '工业健康（万）': 10, '当前月最后一天': 31, '总任务（金额）': '4036902', '战区总任务金额': 600000000, '本月当前目标阈值': 193548.387096774, '本月总目标（万）': 30, '食饮部待分配任务': 100000, '健康-年度开单金额': 120000, '食饮-年度开单金额': 14180, '楼宇办公待分配任务': 3400000, '工业健康待分配任务': 100000, '当前月份任务达成率': 1.76261666666667, '本月开单金额（万）': 52.8785, '父级已审批金额-食饮': 115000000, '事业群剩余未分配金额': -586200000, '截止当天累计目标阈值': 2288219.17808219, '本月当前目标阈值 (万)': 19.3548387096774, '楼宇办公-年度开单金额': 554650, '战区已分配金额-食饮': 115000000, '行业线已分配金额-食饮': 105000000, '截止当前目标阈值达成率': 0.301033225574713, '片区已分配金额-食饮部': 4700000, '健康-年度开单金额（万）': 12, '年度阈值/开单差额（万）': -159.938917808219, '月度阈值/开单差额（万）': 33.5236612903226, '父级已审批金额-楼宇办公': 300000000, '父级已审批金额-工业健康': 40000000, '食饮-年度开单金额（万）': 1.418, '总金额转换（以万为单位）': 360, '总额的待分配任务（金额）': 3600000, '客户经理已分配金额-食饮部': 400000, '片区已分配金额-楼宇办公': 82100000, '片区已分配金额-工业健康': 8200000, '片区父级已审批金额-食饮': 2200000, '战区已分配金额-楼宇办公': 300000000, '战区已分配金额-工业健康': 40000000, '行业线已分配金额-楼宇办公': 30000000, '行业线已分配金额-工业健康': 10000000, '行业线父级已审批金额-食饮': 2200000, '事业群下派战区总任务金额': 600000000, '战区下派片区总任务金额': 16400000, '截止当天累计目标阈值（万）': 228.821917808219, '客户经理已分配金额-楼宇办公': 11800000, '客户经理已分配金额-工业健康': 1600000, '楼宇办公-年度开单金额（万）': 55.465, '片区下派客户经理总任务金额': 13800000, '客户经理父级已审批金额-食饮部': 300000, '片区父级已审批金额-楼宇办公': 85000000, '片区父级已审批金额-工业健康': 7800000, '行业线父级已审批金额-楼宇办公': 85000000, '行业线父级已审批金额-工业健康': 7800000, '年度开单金额转换（以万为单位）': 68.883, '客户经理父级已审批金额-楼宇办公': 12000000, '客户经理父级已审批金额-工业健康': 1500000}",2026-08-21 17:04:35.666689,2026-08-21 17:04:35.666689,2026-08-21 17:04:35.666689
50,recvdJyRRBmH6X,"{'2601': 900000, '2602': 900000, '2603': 900000, '2604': 900000, '公式': 2.77777777777778e-07, '状态': '待确认', '编号': '55', '事业群': '商用事业群', '片区': '衡原片区', '战区': '沧澜战区', '创建人': '傅望舒', '当前年': 2026, '当前月': 8, '食饮部': '75791', '客户经理': '傅天翊', '楼宇办公': '1667401', '层级级别': '客户经理', '工业健康': '985283', '当前日期': 21, '父级引用': [{'text': '38', 'type': 'text', 'table_id': 'tblfyIqpJcf4Rjyv', 'text_arr': ['38'], 'record_ids': ['recvdJ4GBFNN5w']}], '经营主体': '星澜集团总部', '1季度比例': '25%', '2季度比例': '25%', '3季度比例': '25%', '4季度比例': '25%', '任务维护人': '程闻笛', '年度开单金额': 451762.1, '总任务承接人': '傅天翊', '总任务达成率': 0.125489472222222, '本月开单金额': -67500, '食饮部（万）': 10, '链接字段(勿删)': [{'text': '商用事业群;沧澜战区;衡原片区;傅天翊', 'type': 'text'}], '楼宇办公（万）': 220, '剩余分配百分比': 0, '工业健康（万）': 130, '当前月最后一天': 31, '总任务（金额）': '3516936', '战区总任务金额': 600000000, '本月当前目标阈值': 193548.387096774, '本月总目标（万）': 30, '食饮部待分配任务': 100000, '健康-年度开单金额': 0, '食饮-年度开单金额': 30600, '楼宇办公待分配任务': 2200000, '工业健康待分配任务': 1300000, '当前月份任务达成率': -0.225, '本月开单金额（万）': -6.75, '父级已审批金额-食饮': 115000000, '事业群剩余未分配金额': -586200000, '截止当天累计目标阈值': 2288219.17808219, '本月当前目标阈值 (万)': 19.3548387096774, '楼宇办公-年度开单金额': 421162.1, '战区已分配金额-食饮': 115000000, '行业线已分配金额-食饮': 105000000, '截止当前目标阈值达成率': 0.197429557590996, '片区已分配金额-食饮部': 4700000, '健康-年度开单金额（万）': 0, '年度阈值/开单差额（万）': -183.645707808219, '月度阈值/开单差额（万）': -26.1048387096774, '父级已审批金额-楼宇办公': 300000000, '父级已审批金额-工业健康': 40000000, '食饮-年度开单金额（万）': 3.06, '总金额转换（以万为单位）': 360, '总额的待分配任务（金额）': 3600000, '客户经理已分配金额-食饮部': 400000, '片区已分配金额-楼宇办公': 82100000, '片区已分配金额-工业健康': 8200000, '片区父级已审批金额-食饮': 2200000, '战区已分配金额-楼宇办公': 300000000, '战区已分配金额-工业健康': 40000000, '行业线已分配金额-楼宇办公': 30000000, '行业线已分配金额-工业健康': 10000000, '行业线父级已审批金额-食饮': 2200000, '事业群下派战区总任务金额': 600000000, '战区下派片区总任务金额': 16400000, '截止当天累计目标阈值（万）': 228.821917808219, '客户经理已分配金额-楼宇办公': 11800000, '客户经理已分配金额-工业健康': 1600000, '楼宇办公-年度开单金额（万）': 42.11621, '片区下派客户经理总任务金额': 13800000, '客户经理父级已审批金额-食饮部': 300000, '片区父级已审批金额-楼宇办公': 85000000, '片区父级已审批金额-工业健康': 7800000, '行业线父级已审批金额-楼宇办公': 85000000, '行业线父级已审批金额-工业健康': 7800000, '年度开单金额转换（以万为单位）': 45.17621, '客户经理父级已审批金额-楼宇办公': 12000000, '客户经理父级已审批金额-工业健康': 1500000}",2026-08-21 17:04:35.666689,2026-08-21 17:04:35.666689,2026-08-21 17:04:35.666689
51,recvdJyRRBVq6k,"{'2601': 900000, '2602': 900000, '2603': 900000, '2604': 900000, '公式': 2.77777777777778e-07, '状态': '待确认', '编号': '56', '事业群': '商用事业群', '片区': '衡原片区', '战区': '沧澜战区', '创建人': '傅望舒', '当前年': 2026, '当前月': 8, '食饮部': '60333', '客户经理': '廖子衿', '楼宇办公': '2051307', '层级级别': '客户经理', '工业健康': '60333', '当前日期': 21, '父级引用': [{'text': '38', 'type': 'text', 'table_id': 'tblfyIqpJcf4Rjyv', 'text_arr': ['38'], 'record_ids': ['recvdJ4GBFNN5w']}], '经营主体': '星澜集团总部', '1季度比例': '25%', '2季度比例': '25%', '3季度比例': '25%', '4季度比例': '25%', '任务维护人': '程闻笛', '年度开单金额': 915302.5, '总任务承接人': '廖子衿', '总任务达成率': 0.254250694444444, '本月开单金额': 218361.5, '食饮部（万）': 10, '链接字段(勿删)': [{'text': '商用事业群;沧澜战区;衡原片区;廖子衿', 'type': 'text'}], '楼宇办公（万）': 340, '剩余分配百分比': 0, '工业健康（万）': 10, '当前月最后一天': 31, '总任务（金额）': '4358244', '战区总任务金额': 600000000, '本月当前目标阈值': 193548.387096774, '本月总目标（万）': 30, '食饮部待分配任务': 100000, '健康-年度开单金额': 20910, '食饮-年度开单金额': 19930, '楼宇办公待分配任务': 3400000, '工业健康待分配任务': 100000, '当前月份任务达成率': 0.727871666666667, '本月开单金额（万）': 21.83615, '父级已审批金额-食饮': 115000000, '事业群剩余未分配金额': -586200000, '截止当天累计目标阈值': 2288219.17808219, '本月当前目标阈值 (万)': 19.3548387096774, '楼宇办公-年度开单金额': 874462.5, '战区已分配金额-食饮': 115000000, '行业线已分配金额-食饮': 105000000, '截止当前目标阈值达成率': 0.400006480483716, '片区已分配金额-食饮部': 4700000, '健康-年度开单金额（万）': 2.091, '年度阈值/开单差额（万）': -137.291667808219, '月度阈值/开单差额（万）': 2.48131129032258, '父级已审批金额-楼宇办公': 300000000, '父级已审批金额-工业健康': 40000000, '食饮-年度开单金额（万）': 1.993, '总金额转换（以万为单位）': 360, '总额的待分配任务（金额）': 3600000, '客户经理已分配金额-食饮部': 400000, '片区已分配金额-楼宇办公': 82100000, '片区已分配金额-工业健康': 8200000, '片区父级已审批金额-食饮': 2200000, '战区已分配金额-楼宇办公': 300000000, '战区已分配金额-工业健康': 40000000, '行业线已分配金额-楼宇办公': 30000000, '行业线已分配金额-工业健康': 10000000, '行业线父级已审批金额-食饮': 2200000, '事业群下派战区总任务金额': 600000000, '战区下派片区总任务金额': 16400000, '截止当天累计目标阈值（万）': 228.821917808219, '客户经理已分配金额-楼宇办公': 11800000, '客户经理已分配金额-工业健康': 1600000, '楼宇办公-年度开单金额（万）': 87.44625, '片区下派客户经理总任务金额': 13800000, '客户经理父级已审批金额-食饮部': 300000, '片区父级已审批金额-楼宇办公': 85000000, '片区父级已审批金额-工业健康': 7800000, '行业线父级已审批金额-楼宇办公': 85000000, '行业线父级已审批金额-工业健康': 7800000, '年度开单金额转换（以万为单位）': 91.53025, '客户经理父级已审批金额-楼宇办公': 12000000, '客户经理父级已审批金额-工业健康': 1500000}",2026-08-21 17:04:35.666689,2026-08-21 17:04:35.666689,2026-08-21 17:04:35.666689
52,recvdJyRRBv1F5,"{'2601': 900000, '2602': 900000, '2603': 900000, '2604': 900000, '公式': 2.77777777777778e-07, '状态': '待确认', '编号': '57', '事业群': '商用事业群', '片区': '岱川片区', '战区': '沧澜战区', '创建人': '傅望舒', '当前年': 2026, '当前月': 8, '食饮部': '195857', '客户经理': '沈明轩', '楼宇办公': '3721285', '层级级别': '客户经理', '工业健康': '0', '当前日期': 21, '父级引用': [{'text': '33', 'type': 'text', 'table_id': 'tblfyIqpJcf4Rjyv', 'text_arr': ['33'], 'record_ids': ['recvdJ412pEF3d']}], '经营主体': '星澜集团总部', '1季度比例': '25%', '2季度比例': '25%', '3季度比例': '25%', '4季度比例': '25%', '任务维护人': '姜天翊', '年度开单金额': 2157539.96, '总任务承接人': '沈明轩', '总任务达成率': 0.599316655555556, '本月开单金额': 232090.53, '食饮部（万）': 18, '链接字段(勿删)': [{'text': '商用事业群;沧澜战区;岱川片区;沈明轩', 'type': 'text'}], '楼宇办公（万）': 342, '剩余分配百分比': 0, '工业健康（万）': 0, '当前月最后一天': 31, '总任务（金额）': '2981004', '战区总任务金额': 600000000, '本月当前目标阈值': 193548.387096774, '本月总目标（万）': 30, '食饮部待分配任务': 180000, '健康-年度开单金额': 26700, '食饮-年度开单金额': 316070, '楼宇办公待分配任务': 3420000, '工业健康待分配任务': 0, '当前月份任务达成率': 0.7736351, '本月开单金额（万）': 23.209053, '父级已审批金额-食饮': 115000000, '事业群剩余未分配金额': -587800000, '截止当天累计目标阈值': 2288219.17808219, '本月当前目标阈值 (万)': 19.3548387096774, '楼宇办公-年度开单金额': 1814769.96, '战区已分配金额-食饮': 115000000, '行业线已分配金额-食饮': 105000000, '截止当前目标阈值达成率': 0.942890427921456, '片区已分配金额-食饮部': 4700000, '健康-年度开单金额（万）': 2.67, '年度阈值/开单差额（万）': -13.0679218082192, '月度阈值/开单差额（万）': 3.85421429032258, '父级已审批金额-楼宇办公': 300000000, '父级已审批金额-工业健康': 40000000, '食饮-年度开单金额（万）': 31.607, '总金额转换（以万为单位）': 360, '总额的待分配任务（金额）': 3600000, '客户经理已分配金额-食饮部': 280000, '片区已分配金额-楼宇办公': 82100000, '片区已分配金额-工业健康': 8200000, '片区父级已审批金额-食饮': 2200000, '战区已分配金额-楼宇办公': 300000000, '战区已分配金额-工业健康': 40000000, '行业线已分配金额-楼宇办公': 30000000, '行业线已分配金额-工业健康': 10000000, '行业线父级已审批金额-食饮': 2200000, '事业群下派战区总任务金额': 600000000, '战区下派片区总任务金额': 16400000, '截止当天累计目标阈值（万）': 228.821917808219, '客户经理已分配金额-楼宇办公': 10920000, '客户经理已分配金额-工业健康': 1000000, '楼宇办公-年度开单金额（万）': 181.476996, '片区下派客户经理总任务金额': 12200000, '客户经理父级已审批金额-食饮部': 280000, '片区父级已审批金额-楼宇办公': 85000000, '片区父级已审批金额-工业健康': 7800000, '行业线父级已审批金额-楼宇办公': 85000000, '行业线父级已审批金额-工业健康': 7800000, '年度开单金额转换（以万为单位）': 215.753996, '客户经理父级已审批金额-楼宇办公': 10920000, '客户经理父级已审批金额-工业健康': 1000000}",2026-08-21 17:04:35.666689,2026-08-21 17:04:35.666689,2026-08-21 17:04:35.666689
53,recvdJyRRBbZhq,"{'2601': 1450000, '2602': 1450000, '2603': 1450000, '2604': 1450000, '公式': 1.72413793103448e-07, '状态': '待确认', '编号': '58', '事业群': '商用事业群', '片区': '岱川片区', '战区': '沧澜战区', '创建人': '傅望舒', '当前年': 2026, '当前月': 8, '食饮部': '0', '客户经理': '苏允文', '楼宇办公': '6347167', '层级级别': '客户经理', '工业健康': '1322326', '当前日期': 21, '父级引用': [{'text': '33', 'type': 'text', 'table_id': 'tblfyIqpJcf4Rjyv', 'text_arr': ['33'], 'record_ids': ['recvdJ412pEF3d']}], '经营主体': '星澜集团总部', '1季度比例': '25%', '2季度比例': '25%', '3季度比例': '25%', '4季度比例': '25%', '任务维护人': '姜天翊', '年度开单金额': 4722275.28, '总任务承接人': '苏允文', '总任务达成率': 0.814185393103448, '本月开单金额': 181527, '食饮部（万）': 0, '链接字段(勿删)': [{'text': '商用事业群;沧澜战区;岱川片区;苏允文', 'type': 'text'}], '楼宇办公（万）': 480, '剩余分配百分比': 0, '工业健康（万）': 100, '当前月最后一天': 31, '总任务（金额）': '5322791', '战区总任务金额': 600000000, '本月当前目标阈值': 311827.956989247, '本月总目标（万）': 48.3333333333333, '食饮部待分配任务': 0, '健康-年度开单金额': 815280, '食饮-年度开单金额': 57685.18, '楼宇办公待分配任务': 4800000, '工业健康待分配任务': 1000000, '当前月份任务达成率': 0.375573103448276, '本月开单金额（万）': 18.1527, '父级已审批金额-食饮': 115000000, '事业群剩余未分配金额': -587800000, '截止当天累计目标阈值': 3686575.34246575, '本月当前目标阈值 (万)': 31.1827956989247, '楼宇办公-年度开单金额': 3849310.1, '战区已分配金额-食饮': 115000000, '行业线已分配金额-食饮': 105000000, '截止当前目标阈值达成率': 1.28093822621879, '片区已分配金额-食饮部': 4700000, '健康-年度开单金额（万）': 81.528, '年度阈值/开单差额（万）': 103.569993753424, '月度阈值/开单差额（万）': -13.0300956989247, '父级已审批金额-楼宇办公': 300000000, '父级已审批金额-工业健康': 40000000, '食饮-年度开单金额（万）': 5.768518, '总金额转换（以万为单位）': 580, '总额的待分配任务（金额）': 5800000, '客户经理已分配金额-食饮部': 280000, '片区已分配金额-楼宇办公': 82100000, '片区已分配金额-工业健康': 8200000, '片区父级已审批金额-食饮': 2200000, '战区已分配金额-楼宇办公': 300000000, '战区已分配金额-工业健康': 40000000, '行业线已分配金额-楼宇办公': 30000000, '行业线已分配金额-工业健康': 10000000, '行业线父级已审批金额-食饮': 2200000, '事业群下派战区总任务金额': 600000000, '战区下派片区总任务金额': 16400000, '截止当天累计目标阈值（万）': 368.657534246575, '客户经理已分配金额-楼宇办公': 10920000, '客户经理已分配金额-工业健康': 1000000, '楼宇办公-年度开单金额（万）': 384.93101, '片区下派客户经理总任务金额': 12200000, '客户经理父级已审批金额-食饮部': 280000, '片区父级已审批金额-楼宇办公': 85000000, '片区父级已审批金额-工业健康': 7800000, '行业线父级已审批金额-楼宇办公': 85000000, '行业线父级已审批金额-工业健康': 7800000, '年度开单金额转换（以万为单位）': 472.227528, '客户经理父级已审批金额-楼宇办公': 10920000, '客户经理父级已审批金额-工业健康': 1000000}",2026-08-21 17:04:35.666689,2026-08-21 17:04:35.666689,2026-08-21 17:04:35.666689
54,recvdJyRRBZdfa,"{'2601': 700000, '2602': 700000, '2603': 700000, '2604': 700000, '公式': 3.57142857142857e-07, '状态': '待确认', '编号': '59', '事业群': '商用事业群', '片区': '岱川片区', '战区': '沧澜战区', '创建人': '傅望舒', '当前年': 2026, '当前月': 8, '食饮部': '106278', '客户经理': '姜天翊', '楼宇办公': '2869509', '层级级别': '客户经理', '工业健康': '0', '当前日期': 21, '父级引用': [{'text': '33', 'type': 'text', 'table_id': 'tblfyIqpJcf4Rjyv', 'text_arr': ['33'], 'record_ids': ['recvdJ412pEF3d']}], '经营主体': '星澜集团总部', '1季度比例': '25%', '2季度比例': '25%', '3季度比例': '25%', '4季度比例': '25%', '任务维护人': '姜天翊', '年度开单金额': 924358.8, '总任务承接人': '姜天翊', '总任务达成率': 0.330128142857143, '本月开单金额': 134952.5, '食饮部（万）': 10, '链接字段(勿删)': [{'text': '商用事业群;沧澜战区;岱川片区;姜天翊', 'type': 'text'}], '楼宇办公（万）': 270, '剩余分配百分比': 0, '工业健康（万）': 0, '当前月最后一天': 31, '总任务（金额）': '2326330', '战区总任务金额': 600000000, '本月当前目标阈值': 150537.634408602, '本月总目标（万）': 23.3333333333333, '食饮部待分配任务': 100000, '健康-年度开单金额': 0, '食饮-年度开单金额': 232535, '楼宇办公待分配任务': 2700000, '工业健康待分配任务': 0, '当前月份任务达成率': 0.578367857142857, '本月开单金额（万）': 13.49525, '父级已审批金额-食饮': 115000000, '事业群剩余未分配金额': -587800000, '截止当天累计目标阈值': 1779726.02739726, '本月当前目标阈值 (万)': 15.0537634408602, '楼宇办公-年度开单金额': 691823.8, '战区已分配金额-食饮': 115000000, '行业线已分配金额-食饮': 105000000, '截止当前目标阈值达成率': 0.519382638546798, '片区已分配金额-食饮部': 4700000, '健康-年度开单金额（万）': 0, '年度阈值/开单差额（万）': -85.536722739726, '月度阈值/开单差额（万）': -1.55851344086021, '父级已审批金额-楼宇办公': 300000000, '父级已审批金额-工业健康': 40000000, '食饮-年度开单金额（万）': 23.2535, '总金额转换（以万为单位）': 280, '总额的待分配任务（金额）': 2800000, '客户经理已分配金额-食饮部': 280000, '片区已分配金额-楼宇办公': 82100000, '片区已分配金额-工业健康': 8200000, '片区父级已审批金额-食饮': 2200000, '战区已分配金额-楼宇办公': 300000000, '战区已分配金额-工业健康': 40000000, '行业线已分配金额-楼宇办公': 30000000, '行业线已分配金额-工业健康': 10000000, '行业线父级已审批金额-食饮': 2200000, '事业群下派战区总任务金额': 600000000, '战区下派片区总任务金额': 16400000, '截止当天累计目标阈值（万）': 177.972602739726, '客户经理已分配金额-楼宇办公': 10920000, '客户经理已分配金额-工业健康': 1000000, '楼宇办公-年度开单金额（万）': 69.18238, '片区下派客户经理总任务金额': 12200000, '客户经理父级已审批金额-食饮部': 280000, '片区父级已审批金额-楼宇办公': 85000000, '片区父级已审批金额-工业健康': 7800000, '行业线父级已审批金额-楼宇办公': 85000000, '行业线父级已审批金额-工业健康': 7800000, '年度开单金额转换（以万为单位）': 92.43588, '客户经理父级已审批金额-楼宇办公': 10920000, '客户经理父级已审批金额-工业健康': 1000000}",2026-08-21 17:04:35.666689,2026-08-21 17:04:35.666689,2026-08-21 17:04:35.666689
55,recvdJyRRB5AsS,"{'2601': 1125000, '2602': 1125000, '2603': 1125000, '2604': 1125000, '公式': 2.22222222222222e-07, '状态': '待确认', '编号': '61', '事业群': '商用事业群', '片区': '临洲片区', '战区': '沧澜战区', '创建人': '傅望舒', '当前年': 2026, '当前月': 8, '食饮部': '0', '客户经理': '萧其琛', '楼宇办公': '4162345', '层级级别': '客户经理', '工业健康': '520293', '当前日期': 21, '父级引用': [{'text': '40', 'type': 'text', 'table_id': 'tblfyIqpJcf4Rjyv', 'text_arr': ['40'], 'record_ids': ['recvdJ4SgTEkF1']}], '经营主体': '星澜集团总部', '1季度比例': '25%', '2季度比例': '25%', '3季度比例': '25%', '4季度比例': '25%', '任务维护人': '邓景行', '年度开单金额': 3359575.61, '总任务承接人': '萧其琛', '总任务达成率': 0.746572357777778, '本月开单金额': 169310, '食饮部（万）': 0, '链接字段(勿删)': [{'text': '商用事业群;沧澜战区;临洲片区;萧其琛', 'type': 'text'}], '楼宇办公（万）': 400, '剩余分配百分比': 0, '工业健康（万）': 50, '当前月最后一天': 31, '总任务（金额）': '4911820', '战区总任务金额': 600000000, '本月当前目标阈值': 241935.483870968, '本月总目标（万）': 37.5, '食饮部待分配任务': 0, '健康-年度开单金额': 917950, '食饮-年度开单金额': 333880, '楼宇办公待分配任务': 4000000, '工业健康待分配任务': 500000, '当前月份任务达成率': 0.451493333333333, '本月开单金额（万）': 16.931, '父级已审批金额-食饮': 115000000, '事业群剩余未分配金额': -589400000, '截止当天累计目标阈值': 2860273.97260274, '本月当前目标阈值 (万)': 24.1935483870968, '楼宇办公-年度开单金额': 2107745.61, '战区已分配金额-食饮': 115000000, '行业线已分配金额-食饮': 105000000, '截止当前目标阈值达成率': 1.17456426977969, '片区已分配金额-食饮部': 4700000, '健康-年度开单金额（万）': 91.795, '年度阈值/开单差额（万）': 49.930163739726, '月度阈值/开单差额（万）': -7.26254838709677, '父级已审批金额-楼宇办公': 300000000, '父级已审批金额-工业健康': 40000000, '食饮-年度开单金额（万）': 33.388, '总金额转换（以万为单位）': 450, '总额的待分配任务（金额）': 4500000, '客户经理已分配金额-食饮部': 2600000, '片区已分配金额-楼宇办公': 82100000, '片区已分配金额-工业健康': 8200000, '片区父级已审批金额-食饮': 2200000, '战区已分配金额-楼宇办公': 300000000, '战区已分配金额-工业健康': 40000000, '行业线已分配金额-楼宇办公': 30000000, '行业线已分配金额-工业健康': 10000000, '行业线父级已审批金额-食饮': 2200000, '事业群下派战区总任务金额': 600000000, '战区下派片区总任务金额': 16400000, '截止当天累计目标阈值（万）': 286.027397260274, '客户经理已分配金额-楼宇办公': 7200000, '客户经理已分配金额-工业健康': 800000, '楼宇办公-年度开单金额（万）': 210.774561, '片区下派客户经理总任务金额': 10600000, '客户经理父级已审批金额-食饮部': 2600000, '片区父级已审批金额-楼宇办公': 85000000, '片区父级已审批金额-工业健康': 7800000, '行业线父级已审批金额-楼宇办公': 85000000, '行业线父级已审批金额-工业健康': 7800000, '年度开单金额转换（以万为单位）': 335.957561, '客户经理父级已审批金额-楼宇办公': 7200000, '客户经理父级已审批金额-工业健康': 800000}",2026-08-21 17:04:35.666689,2026-08-21 17:04:35.666689,2026-08-21 17:04:35.666689
56,recvdJyRRBe7T8,"{'2601': 875000, '2602': 875000, '2603': 875000, '2604': 875000, '公式': 2.85714285714286e-07, '状态': '待确认', '编号': '62', '事业群': '商用事业群', '片区': '临洲片区', '战区': '沧澜战区', '创建人': '傅望舒', '当前年': 2026, '当前月': 8, '食饮部': '0', '客户经理': '汪亦辰', '楼宇办公': '2935629', '层级级别': '客户经理', '工业健康': '275215', '当前日期': 21, '父级引用': [{'text': '40', 'type': 'text', 'table_id': 'tblfyIqpJcf4Rjyv', 'text_arr': ['40'], 'record_ids': ['recvdJ4SgTEkF1']}], '经营主体': '星澜集团总部', '1季度比例': '25%', '2季度比例': '25%', '3季度比例': '25%', '4季度比例': '25%', '任务维护人': '邓景行', '年度开单金额': 1590342.78, '总任务承接人': '汪亦辰', '总任务达成率': 0.454383651428571, '本月开单金额': 128334, '食饮部（万）': 0, '链接字段(勿删)': [{'text': '商用事业群;沧澜战区;临洲片区;汪亦辰', 'type': 'text'}], '楼宇办公（万）': 320, '剩余分配百分比': 0, '工业健康（万）': 30, '当前月最后一天': 31, '总任务（金额）': '2565242', '战区总任务金额': 600000000, '本月当前目标阈值': 188172.043010753, '本月总目标（万）': 29.1666666666667, '食饮部待分配任务': 0, '健康-年度开单金额': 0, '食饮-年度开单金额': 39715, '楼宇办公待分配任务': 3200000, '工业健康待分配任务': 300000, '当前月份任务达成率': 0.440002285714286, '本月开单金额（万）': 12.8334, '父级已审批金额-食饮': 115000000, '事业群剩余未分配金额': -589400000, '截止当天累计目标阈值': 2224657.53424658, '本月当前目标阈值 (万)': 18.8172043010753, '楼宇办公-年度开单金额': 1550627.78, '战区已分配金额-食饮': 115000000, '行业线已分配金额-食饮': 105000000, '截止当前目标阈值达成率': 0.71487083091133, '片区已分配金额-食饮部': 4700000, '健康-年度开单金额（万）': 0, '年度阈值/开单差额（万）': -63.4314754246575, '月度阈值/开单差额（万）': -5.98380430107527, '父级已审批金额-楼宇办公': 300000000, '父级已审批金额-工业健康': 40000000, '食饮-年度开单金额（万）': 3.9715, '总金额转换（以万为单位）': 350, '总额的待分配任务（金额）': 3500000, '客户经理已分配金额-食饮部': 2600000, '片区已分配金额-楼宇办公': 82100000, '片区已分配金额-工业健康': 8200000, '片区父级已审批金额-食饮': 2200000, '战区已分配金额-楼宇办公': 300000000, '战区已分配金额-工业健康': 40000000, '行业线已分配金额-楼宇办公': 30000000, '行业线已分配金额-工业健康': 10000000, '行业线父级已审批金额-食饮': 2200000, '事业群下派战区总任务金额': 600000000, '战区下派片区总任务金额': 16400000, '截止当天累计目标阈值（万）': 222.465753424658, '客户经理已分配金额-楼宇办公': 7200000, '客户经理已分配金额-工业健康': 800000, '楼宇办公-年度开单金额（万）': 155.062778, '片区下派客户经理总任务金额': 10600000, '客户经理父级已审批金额-食饮部': 2600000, '片区父级已审批金额-楼宇办公': 85000000, '片区父级已审批金额-工业健康': 7800000, '行业线父级已审批金额-楼宇办公': 85000000, '行业线父级已审批金额-工业健康': 7800000, '年度开单金额转换（以万为单位）': 159.034278, '客户经理父级已审批金额-楼宇办公': 7200000, '客户经理父级已审批金额-工业健康': 800000}",2026-08-21 17:04:35.666689,2026-08-21 17:04:35.666689,2026-08-21 17:04:35.666689
57,recvdJyRRBU7JZ,"{'2601': 650000, '2602': 650000, '2603': 650000, '2604': 650000, '公式': 3.84615384615385e-07, '状态': '待确认', '编号': '63', '事业群': '商用事业群', '片区': '临洲片区', '战区': '沧澜战区', '创建人': '傅望舒', '当前年': 2026, '当前月': 8, '食饮部': '1795992', '客户经理': '邓景行', '楼宇办公': '0', '层级级别': '客户经理', '工业健康': '0', '当前日期': 21, '父级引用': [{'text': '40', 'type': 'text', 'table_id': 'tblfyIqpJcf4Rjyv', 'text_arr': ['40'], 'record_ids': ['recvdJ4SgTEkF1']}], '经营主体': '星澜集团总部', '1季度比例': '25%', '2季度比例': '25%', '3季度比例': '25%', '4季度比例': '25%', '任务维护人': '邓景行', '年度开单金额': 0, '总任务承接人': '邓景行', '总任务达成率': 0, '本月开单金额': 0, '食饮部（万）': 260, '链接字段(勿删)': [{'text': '商用事业群;沧澜战区;临洲片区;邓景行', 'type': 'text'}], '楼宇办公（万）': 0, '剩余分配百分比': 0, '工业健康（万）': 0, '当前月最后一天': 31, '总任务（金额）': '2464841', '战区总任务金额': 600000000, '本月当前目标阈值': 139784.946236559, '本月总目标（万）': 21.6666666666667, '食饮部待分配任务': 2600000, '健康-年度开单金额': 0, '食饮-年度开单金额': 0, '楼宇办公待分配任务': 0, '工业健康待分配任务': 0, '当前月份任务达成率': 0, '本月开单金额（万）': 0, '父级已审批金额-食饮': 115000000, '事业群剩余未分配金额': -589400000, '截止当天累计目标阈值': 1652602.73972603, '本月当前目标阈值 (万)': 13.9784946236559, '楼宇办公-年度开单金额': 0, '战区已分配金额-食饮': 115000000, '行业线已分配金额-食饮': 105000000, '截止当前目标阈值达成率': 0, '片区已分配金额-食饮部': 4700000, '健康-年度开单金额（万）': 0, '年度阈值/开单差额（万）': -165.260273972603, '月度阈值/开单差额（万）': -13.9784946236559, '父级已审批金额-楼宇办公': 300000000, '父级已审批金额-工业健康': 40000000, '食饮-年度开单金额（万）': 0, '总金额转换（以万为单位）': 260, '总额的待分配任务（金额）': 2600000, '客户经理已分配金额-食饮部': 2600000, '片区已分配金额-楼宇办公': 82100000, '片区已分配金额-工业健康': 8200000, '片区父级已审批金额-食饮': 2200000, '战区已分配金额-楼宇办公': 300000000, '战区已分配金额-工业健康': 40000000, '行业线已分配金额-楼宇办公': 30000000, '行业线已分配金额-工业健康': 10000000, '行业线父级已审批金额-食饮': 2200000, '事业群下派战区总任务金额': 600000000, '战区下派片区总任务金额': 16400000, '截止当天累计目标阈值（万）': 165.260273972603, '客户经理已分配金额-楼宇办公': 7200000, '客户经理已分配金额-工业健康': 800000, '楼宇办公-年度开单金额（万）': 0, '片区下派客户经理总任务金额': 10600000, '客户经理父级已审批金额-食饮部': 2600000, '片区父级已审批金额-楼宇办公': 85000000, '片区父级已审批金额-工业健康': 7800000, '行业线父级已审批金额-楼宇办公': 85000000, '行业线父级已审批金额-工业健康': 7800000, '年度开单金额转换（以万为单位）': 0, '客户经理父级已审批金额-楼宇办公': 7200000, '客户经理父级已审批金额-工业健康': 800000}",2026-08-21 17:04:35.666689,2026-08-21 17:04:35.666689,2026-08-21 17:04:35.666689
58,recvdJyRRBsdmx,"{'2601': 1300000, '2602': 1300000, '2603': 1300000, '2604': 1300000, '公式': 1.92307692307692e-07, '状态': '待确认', '编号': '64', '事业群': '商用事业群', '片区': '吴陵片区', '战区': '沧澜战区', '创建人': '傅望舒', '当前年': 2026, '当前月': 8, '食饮部': '136705', '客户经理': '崔亦然', '楼宇办公': '5878329', '层级级别': '客户经理', '工业健康': '1093643', '当前日期': 21, '父级引用': [{'text': '34', 'type': 'text', 'table_id': 'tblfyIqpJcf4Rjyv', 'text_arr': ['34'], 'record_ids': ['recvdJ4glnezzf']}], '经营主体': '星澜集团总部', '1季度比例': '25%', '2季度比例': '25%', '3季度比例': '25%', '4季度比例': '25%', '任务维护人': '崔亦然', '年度开单金额': 2999295.21, '总任务承接人': '崔亦然', '总任务达成率': 0.576787540384615, '本月开单金额': 105431, '食饮部（万）': 10, '链接字段(勿删)': [{'text': '商用事业群;沧澜战区;吴陵片区;崔亦然', 'type': 'text'}], '楼宇办公（万）': 430, '剩余分配百分比': 0, '工业健康（万）': 80, '当前月最后一天': 31, '总任务（金额）': '4117656', '战区总任务金额': 600000000, '本月当前目标阈值': 279569.892473118, '本月总目标（万）': 43.3333333333333, '食饮部待分配任务': 100000, '健康-年度开单金额': 26240, '食饮-年度开单金额': 38112, '楼宇办公待分配任务': 4300000, '工业健康待分配任务': 800000, '当前月份任务达成率': 0.243302307692308, '本月开单金额（万）': 10.5431, '父级已审批金额-食饮': 115000000, '事业群剩余未分配金额': -587800000, '截止当天累计目标阈值': 3305205.47945205, '本月当前目标阈值 (万)': 27.9569892473118, '楼宇办公-年度开单金额': 2934943.21, '战区已分配金额-食饮': 115000000, '行业线已分配金额-食饮': 105000000, '截止当前目标阈值达成率': 0.907445914829244, '片区已分配金额-食饮部': 4700000, '健康-年度开单金额（万）': 2.624, '年度阈值/开单差额（万）': -30.5910269452055, '月度阈值/开单差额（万）': -17.4138892473118, '父级已审批金额-楼宇办公': 300000000, '父级已审批金额-工业健康': 40000000, '食饮-年度开单金额（万）': 3.8112, '总金额转换（以万为单位）': 520, '总额的待分配任务（金额）': 5200000, '客户经理已分配金额-食饮部': 280000, '片区已分配金额-楼宇办公': 82100000, '片区已分配金额-工业健康': 8200000, '片区父级已审批金额-食饮': 2200000, '战区已分配金额-楼宇办公': 300000000, '战区已分配金额-工业健康': 40000000, '行业线已分配金额-楼宇办公': 30000000, '行业线已分配金额-工业健康': 10000000, '行业线父级已审批金额-食饮': 2200000, '事业群下派战区总任务金额': 600000000, '战区下派片区总任务金额': 16400000, '截止当天累计目标阈值（万）': 330.520547945206, '客户经理已分配金额-楼宇办公': 10920000, '客户经理已分配金额-工业健康': 1000000, '楼宇办公-年度开单金额（万）': 293.494321, '片区下派客户经理总任务金额': 12200000, '客户经理父级已审批金额-食饮部': 280000, '片区父级已审批金额-楼宇办公': 85000000, '片区父级已审批金额-工业健康': 7800000, '行业线父级已审批金额-楼宇办公': 85000000, '行业线父级已审批金额-工业健康': 7800000, '年度开单金额转换（以万为单位）': 299.929521, '客户经理父级已审批金额-楼宇办公': 10920000, '客户经理父级已审批金额-工业健康': 1000000}",2026-08-21 17:04:35.666689,2026-08-21 17:04:35.666689,2026-08-21 17:04:35.666689
59,recvdJyRRBUtKm,"{'2601': 750000, '2602': 750000, '2603': 750000, '2604': 750000, '公式': 3.33333333333333e-07, '状态': '待确认', '编号': '65', '事业群': '商用事业群', '片区': '吴陵片区', '战区': '沧澜战区', '创建人': '傅望舒', '当前年': 2026, '当前月': 8, '食饮部': '59509', '客户经理': '沈见山', '楼宇办公': '3511042', '层级级别': '客户经理', '工业健康': '0', '当前日期': 21, '父级引用': [{'text': '34', 'type': 'text', 'table_id': 'tblfyIqpJcf4Rjyv', 'text_arr': ['34'], 'record_ids': ['recvdJ4glnezzf']}], '经营主体': '星澜集团总部', '1季度比例': '25%', '2季度比例': '25%', '3季度比例': '25%', '4季度比例': '25%', '任务维护人': '崔亦然', '年度开单金额': 864632.64, '总任务承接人': '沈见山', '总任务达成率': 0.28821088, '本月开单金额': 37159.8, '食饮部（万）': 5, '链接字段(勿删)': [{'text': '商用事业群;沧澜战区;吴陵片区;沈见山', 'type': 'text'}], '楼宇办公（万）': 295, '剩余分配百分比': 0, '工业健康（万）': 0, '当前月最后一天': 31, '总任务（金额）': '3585295', '战区总任务金额': 600000000, '本月当前目标阈值': 161290.322580645, '本月总目标（万）': 25, '食饮部待分配任务': 50000, '健康-年度开单金额': 97800, '食饮-年度开单金额': 37730, '楼宇办公待分配任务': 2950000, '工业健康待分配任务': 0, '当前月份任务达成率': 0.1486392, '本月开单金额（万）': 3.71598, '父级已审批金额-食饮': 115000000, '事业群剩余未分配金额': -587800000, '截止当天累计目标阈值': 1906849.31506849, '本月当前目标阈值 (万)': 16.1290322580645, '楼宇办公-年度开单金额': 729102.64, '战区已分配金额-食饮': 115000000, '行业线已分配金额-食饮': 105000000, '截止当前目标阈值达成率': 0.453435220689655, '片区已分配金额-食饮部': 4700000, '健康-年度开单金额（万）': 9.78, '年度阈值/开单差额（万）': -104.221667506849, '月度阈值/开单差额（万）': -12.4130522580645, '父级已审批金额-楼宇办公': 300000000, '父级已审批金额-工业健康': 40000000, '食饮-年度开单金额（万）': 3.773, '总金额转换（以万为单位）': 300, '总额的待分配任务（金额）': 3000000, '客户经理已分配金额-食饮部': 280000, '片区已分配金额-楼宇办公': 82100000, '片区已分配金额-工业健康': 8200000, '片区父级已审批金额-食饮': 2200000, '战区已分配金额-楼宇办公': 300000000, '战区已分配金额-工业健康': 40000000, '行业线已分配金额-楼宇办公': 30000000, '行业线已分配金额-工业健康': 10000000, '行业线父级已审批金额-食饮': 2200000, '事业群下派战区总任务金额': 600000000, '战区下派片区总任务金额': 16400000, '截止当天累计目标阈值（万）': 190.684931506849, '客户经理已分配金额-楼宇办公': 10920000, '客户经理已分配金额-工业健康': 1000000, '楼宇办公-年度开单金额（万）': 72.910264, '片区下派客户经理总任务金额': 12200000, '客户经理父级已审批金额-食饮部': 280000, '片区父级已审批金额-楼宇办公': 85000000, '片区父级已审批金额-工业健康': 7800000, '行业线父级已审批金额-楼宇办公': 85000000, '行业线父级已审批金额-工业健康': 7800000, '年度开单金额转换（以万为单位）': 86.463264, '客户经理父级已审批金额-楼宇办公': 10920000, '客户经理父级已审批金额-工业健康': 1000000}",2026-08-21 17:04:35.666689,2026-08-21 17:04:35.666689,2026-08-21 17:04:35.666689
60,recvdJyRRBdO6b,"{'2601': 1000000, '2602': 1000000, '2603': 1000000, '2604': 1000000, '公式': 2.5e-07, '状态': '待确认', '编号': '66', '事业群': '商用事业群', '片区': '吴陵片区', '战区': '沧澜战区', '创建人': '傅望舒', '当前年': 2026, '当前月': 8, '食饮部': '152400', '客户经理': '谭从周', '楼宇办公': '4302383', '层级级别': '客户经理', '工业健康': '234462', '当前日期': 21, '父级引用': [{'text': '34', 'type': 'text', 'table_id': 'tblfyIqpJcf4Rjyv', 'text_arr': ['34'], 'record_ids': ['recvdJ4glnezzf']}], '经营主体': '星澜集团总部', '1季度比例': '25%', '2季度比例': '25%', '3季度比例': '25%', '4季度比例': '25%', '任务维护人': '崔亦然', '年度开单金额': 2160066.91, '总任务承接人': '谭从周', '总任务达成率': 0.5400167275, '本月开单金额': 374741, '食饮部（万）': 13, '链接字段(勿删)': [{'text': '商用事业群;沧澜战区;吴陵片区;谭从周', 'type': 'text'}], '楼宇办公（万）': 367, '剩余分配百分比': 0, '工业健康（万）': 20, '当前月最后一天': 31, '总任务（金额）': '2906699', '战区总任务金额': 600000000, '本月当前目标阈值': 215053.76344086, '本月总目标（万）': 33.3333333333333, '食饮部待分配任务': 130000, '健康-年度开单金额': 161680, '食饮-年度开单金额': 27319.83, '楼宇办公待分配任务': 3670000, '工业健康待分配任务': 200000, '当前月份任务达成率': 1.124223, '本月开单金额（万）': 37.4741, '父级已审批金额-食饮': 115000000, '事业群剩余未分配金额': -587800000, '截止当天累计目标阈值': 2542465.75342466, '本月当前目标阈值 (万)': 21.505376344086, '楼宇办公-年度开单金额': 1971067.08, '战区已分配金额-食饮': 115000000, '行业线已分配金额-食饮': 105000000, '截止当前目标阈值达成率': 0.849595282489224, '片区已分配金额-食饮部': 4700000, '健康-年度开单金额（万）': 16.168, '年度阈值/开单差额（万）': -38.2398843424658, '月度阈值/开单差额（万）': 15.968723655914, '父级已审批金额-楼宇办公': 300000000, '父级已审批金额-工业健康': 40000000, '食饮-年度开单金额（万）': 2.731983, '总金额转换（以万为单位）': 400, '总额的待分配任务（金额）': 4000000, '客户经理已分配金额-食饮部': 280000, '片区已分配金额-楼宇办公': 82100000, '片区已分配金额-工业健康': 8200000, '片区父级已审批金额-食饮': 2200000, '战区已分配金额-楼宇办公': 300000000, '战区已分配金额-工业健康': 40000000, '行业线已分配金额-楼宇办公': 30000000, '行业线已分配金额-工业健康': 10000000, '行业线父级已审批金额-食饮': 2200000, '事业群下派战区总任务金额': 600000000, '战区下派片区总任务金额': 16400000, '截止当天累计目标阈值（万）': 254.246575342466, '客户经理已分配金额-楼宇办公': 10920000, '客户经理已分配金额-工业健康': 1000000, '楼宇办公-年度开单金额（万）': 197.106708, '片区下派客户经理总任务金额': 12200000, '客户经理父级已审批金额-食饮部': 280000, '片区父级已审批金额-楼宇办公': 85000000, '片区父级已审批金额-工业健康': 7800000, '行业线父级已审批金额-楼宇办公': 85000000, '行业线父级已审批金额-工业健康': 7800000, '年度开单金额转换（以万为单位）': 216.006691, '客户经理父级已审批金额-楼宇办公': 10920000, '客户经理父级已审批金额-工业健康': 1000000}",2026-08-21 17:04:35.666689,2026-08-21 17:04:35.666689,2026-08-21 17:04:35.666689
61,recvdJyRRB3c95,"{'2601': 1250000, '2602': 1250000, '2603': 1250000, '2604': 1250000, '公式': 2e-07, '状态': '待确认', '编号': '67', '事业群': '商用事业群', '片区': '越溪片区', '战区': '沧澜战区', '创建人': '傅望舒', '当前年': 2026, '当前月': 8, '食饮部': '0', '客户经理': '汪天翊', '楼宇办公': '3344062', '层级级别': '客户经理', '工业健康': '371562', '当前日期': 21, '父级引用': [{'text': '32', 'type': 'text', 'table_id': 'tblfyIqpJcf4Rjyv', 'text_arr': ['32'], 'record_ids': ['recvdJ3J1W6SMw']}], '经营主体': '星澜集团总部', '1季度比例': '25%', '2季度比例': '25%', '3季度比例': '25%', '4季度比例': '25%', '任务维护人': '汪天翊', '年度开单金额': 3157729.17, '总任务承接人': '汪天翊', '总任务达成率': 0.631545834, '本月开单金额': 87006.9, '食饮部（万）': 0, '链接字段(勿删)': [{'text': '商用事业群;沧澜战区;越溪片区;汪天翊', 'type': 'text'}], '楼宇办公（万）': 450, '剩余分配百分比': 0, '工业健康（万）': 50, '当前月最后一天': 31, '总任务（金额）': '3673984', '战区总任务金额': 600000000, '本月当前目标阈值': 268817.204301075, '本月总目标（万）': 41.6666666666667, '食饮部待分配任务': 0, '健康-年度开单金额': 22960, '食饮-年度开单金额': 40442, '楼宇办公待分配任务': 4500000, '工业健康待分配任务': 500000, '当前月份任务达成率': 0.20881656, '本月开单金额（万）': 8.70069, '父级已审批金额-食饮': 115000000, '事业群剩余未分配金额': -585400000, '截止当天累计目标阈值': 3178082.19178082, '本月当前目标阈值 (万)': 26.8817204301075, '楼宇办公-年度开单金额': 3094327.17, '战区已分配金额-食饮': 115000000, '行业线已分配金额-食饮': 105000000, '截止当前目标阈值达成率': 0.993595816422413, '片区已分配金额-食饮部': 4700000, '健康-年度开单金额（万）': 2.296, '年度阈值/开单差额（万）': -2.03530217808236, '月度阈值/开单差额（万）': -18.1810304301075, '父级已审批金额-楼宇办公': 300000000, '父级已审批金额-工业健康': 40000000, '食饮-年度开单金额（万）': 4.0442, '总金额转换（以万为单位）': 500, '总额的待分配任务（金额）': 5000000, '客户经理已分配金额-食饮部': 340000, '片区已分配金额-楼宇办公': 82100000, '片区已分配金额-工业健康': 8200000, '片区父级已审批金额-食饮': 2200000, '战区已分配金额-楼宇办公': 300000000, '战区已分配金额-工业健康': 40000000, '行业线已分配金额-楼宇办公': 30000000, '行业线已分配金额-工业健康': 10000000, '行业线父级已审批金额-食饮': 2200000, '事业群下派战区总任务金额': 600000000, '战区下派片区总任务金额': 16400000, '截止当天累计目标阈值（万）': 317.808219178082, '客户经理已分配金额-楼宇办公': 13060000, '客户经理已分配金额-工业健康': 1200000, '楼宇办公-年度开单金额（万）': 309.432717, '片区下派客户经理总任务金额': 14600000, '客户经理父级已审批金额-食饮部': 340000, '片区父级已审批金额-楼宇办公': 85000000, '片区父级已审批金额-工业健康': 7800000, '行业线父级已审批金额-楼宇办公': 85000000, '行业线父级已审批金额-工业健康': 7800000, '年度开单金额转换（以万为单位）': 315.772917, '客户经理父级已审批金额-楼宇办公': 13060000, '客户经理父级已审批金额-工业健康': 1200000}",2026-08-21 17:04:35.666689,2026-08-21 17:04:35.666689,2026-08-21 17:04:35.666689
62,recvdJyRRBZlZs,"{'2601': 900000, '2602': 900000, '2603': 900000, '2604': 900000, '公式': 2.77777777777778e-07, '状态': '待确认', '编号': '68', '事业群': '商用事业群', '片区': '越溪片区', '战区': '沧澜战区', '创建人': '傅望舒', '当前年': 2026, '当前月': 8, '食饮部': '0', '客户经理': '谭闻笛', '楼宇办公': '2845703', '层级级别': '客户经理', '工业健康': '458984', '当前日期': 21, '父级引用': [{'text': '32', 'type': 'text', 'table_id': 'tblfyIqpJcf4Rjyv', 'text_arr': ['32'], 'record_ids': ['recvdJ3J1W6SMw']}], '经营主体': '星澜集团总部', '1季度比例': '25%', '2季度比例': '25%', '3季度比例': '25%', '4季度比例': '25%', '任务维护人': '汪天翊', '年度开单金额': 2235539, '总任务承接人': '谭闻笛', '总任务达成率': 0.620983055555556, '本月开单金额': 85739, '食饮部（万）': 0, '链接字段(勿删)': [{'text': '商用事业群;沧澜战区;越溪片区;谭闻笛', 'type': 'text'}], '楼宇办公（万）': 310, '剩余分配百分比': 0, '工业健康（万）': 50, '当前月最后一天': 31, '总任务（金额）': '2843358', '战区总任务金额': 600000000, '本月当前目标阈值': 193548.387096774, '本月总目标（万）': 30, '食饮部待分配任务': 0, '健康-年度开单金额': 0, '食饮-年度开单金额': 29860, '楼宇办公待分配任务': 3100000, '工业健康待分配任务': 500000, '当前月份任务达成率': 0.285796666666667, '本月开单金额（万）': 8.5739, '父级已审批金额-食饮': 115000000, '事业群剩余未分配金额': -585400000, '截止当天累计目标阈值': 2288219.17808219, '本月当前目标阈值 (万)': 19.3548387096774, '楼宇办公-年度开单金额': 2205679, '战区已分配金额-食饮': 115000000, '行业线已分配金额-食饮': 105000000, '截止当前目标阈值达成率': 0.976977652059387, '片区已分配金额-食饮部': 4700000, '健康-年度开单金额（万）': 0, '年度阈值/开单差额（万）': -5.26801780821918, '月度阈值/开单差额（万）': -10.7809387096774, '父级已审批金额-楼宇办公': 300000000, '父级已审批金额-工业健康': 40000000, '食饮-年度开单金额（万）': 2.986, '总金额转换（以万为单位）': 360, '总额的待分配任务（金额）': 3600000, '客户经理已分配金额-食饮部': 340000, '片区已分配金额-楼宇办公': 82100000, '片区已分配金额-工业健康': 8200000, '片区父级已审批金额-食饮': 2200000, '战区已分配金额-楼宇办公': 300000000, '战区已分配金额-工业健康': 40000000, '行业线已分配金额-楼宇办公': 30000000, '行业线已分配金额-工业健康': 10000000, '行业线父级已审批金额-食饮': 2200000, '事业群下派战区总任务金额': 600000000, '战区下派片区总任务金额': 16400000, '截止当天累计目标阈值（万）': 228.821917808219, '客户经理已分配金额-楼宇办公': 13060000, '客户经理已分配金额-工业健康': 1200000, '楼宇办公-年度开单金额（万）': 220.5679, '片区下派客户经理总任务金额': 14600000, '客户经理父级已审批金额-食饮部': 340000, '片区父级已审批金额-楼宇办公': 85000000, '片区父级已审批金额-工业健康': 7800000, '行业线父级已审批金额-楼宇办公': 85000000, '行业线父级已审批金额-工业健康': 7800000, '年度开单金额转换（以万为单位）': 223.5539, '客户经理父级已审批金额-楼宇办公': 13060000, '客户经理父级已审批金额-工业健康': 1200000}",2026-08-21 17:04:35.666689,2026-08-21 17:04:35.666689,2026-08-21 17:04:35.666689
63,recvdJyRRBc6DV,"{'2601': 500000, '2602': 500000, '2603': 500000, '2604': 500000, '公式': 5e-07, '状态': '待确认', '编号': '69', '事业群': '商用事业群', '片区': '越溪片区', '战区': '沧澜战区', '创建人': '傅望舒', '当前年': 2026, '当前月': 8, '食饮部': '0', '客户经理': '苏亦辰', '楼宇办公': '2688798', '层级级别': '客户经理', '工业健康': '141516', '当前日期': 21, '父级引用': [{'text': '32', 'type': 'text', 'table_id': 'tblfyIqpJcf4Rjyv', 'text_arr': ['32'], 'record_ids': ['recvdJ3J1W6SMw']}], '经营主体': '星澜集团总部', '1季度比例': '25%', '2季度比例': '25%', '3季度比例': '25%', '4季度比例': '25%', '任务维护人': '汪天翊', '年度开单金额': 340424, '总任务承接人': '苏亦辰', '总任务达成率': 0.170212, '本月开单金额': 0, '食饮部（万）': 0, '链接字段(勿删)': [{'text': '商用事业群;沧澜战区;越溪片区;苏亦辰', 'type': 'text'}], '楼宇办公（万）': 190, '剩余分配百分比': 0, '工业健康（万）': 10, '当前月最后一天': 31, '总任务（金额）': '1958379', '战区总任务金额': 600000000, '本月当前目标阈值': 107526.88172043, '本月总目标（万）': 16.6666666666667, '食饮部待分配任务': 0, '健康-年度开单金额': 0, '食饮-年度开单金额': 12590, '楼宇办公待分配任务': 1900000, '工业健康待分配任务': 100000, '当前月份任务达成率': 0, '本月开单金额（万）': 0, '父级已审批金额-食饮': 115000000, '事业群剩余未分配金额': -585400000, '截止当天累计目标阈值': 1271232.87671233, '本月当前目标阈值 (万)': 10.752688172043, '楼宇办公-年度开单金额': 327834, '战区已分配金额-食饮': 115000000, '行业线已分配金额-食饮': 105000000, '截止当前目标阈值达成率': 0.267790431034483, '片区已分配金额-食饮部': 4700000, '健康-年度开单金额（万）': 0, '年度阈值/开单差额（万）': -93.0808876712329, '月度阈值/开单差额（万）': -10.752688172043, '父级已审批金额-楼宇办公': 300000000, '父级已审批金额-工业健康': 40000000, '食饮-年度开单金额（万）': 1.259, '总金额转换（以万为单位）': 200, '总额的待分配任务（金额）': 2000000, '客户经理已分配金额-食饮部': 340000, '片区已分配金额-楼宇办公': 82100000, '片区已分配金额-工业健康': 8200000, '片区父级已审批金额-食饮': 2200000, '战区已分配金额-楼宇办公': 300000000, '战区已分配金额-工业健康': 40000000, '行业线已分配金额-楼宇办公': 30000000, '行业线已分配金额-工业健康': 10000000, '行业线父级已审批金额-食饮': 2200000, '事业群下派战区总任务金额': 600000000, '战区下派片区总任务金额': 16400000, '截止当天累计目标阈值（万）': 127.123287671233, '客户经理已分配金额-楼宇办公': 13060000, '客户经理已分配金额-工业健康': 1200000, '楼宇办公-年度开单金额（万）': 32.7834, '片区下派客户经理总任务金额': 14600000, '客户经理父级已审批金额-食饮部': 340000, '片区父级已审批金额-楼宇办公': 85000000, '片区父级已审批金额-工业健康': 7800000, '行业线父级已审批金额-楼宇办公': 85000000, '行业线父级已审批金额-工业健康': 7800000, '年度开单金额转换（以万为单位）': 34.0424, '客户经理父级已审批金额-楼宇办公': 13060000, '客户经理父级已审批金额-工业健康': 1200000}",2026-08-21 17:04:35.666689,2026-08-21 17:04:35.666689,2026-08-21 17:04:35.666689
64,recvdJyRRBMXY4,"{'2601': 1000000, '2602': 1000000, '2603': 1000000, '2604': 1000000, '公式': 2.5e-07, '状态': '待确认', '编号': '71', '事业群': '商用事业群', '片区': '越溪片区', '战区': '沧澜战区', '创建人': '傅望舒', '当前年': 2026, '当前月': 8, '食饮部': '437936', '客户经理': '汪天翊', '楼宇办公': '4585452', '层级级别': '客户经理', '工业健康': '128805', '当前日期': 21, '父级引用': [{'text': '32', 'type': 'text', 'table_id': 'tblfyIqpJcf4Rjyv', 'text_arr': ['32'], 'record_ids': ['recvdJ3J1W6SMw']}], '经营主体': '星澜集团总部', '1季度比例': '25%', '2季度比例': '25%', '3季度比例': '25%', '4季度比例': '25%', '任务维护人': '汪天翊', '年度开单金额': 3157729.17, '总任务承接人': '汪天翊', '总任务达成率': 0.7894322925, '本月开单金额': 87006.9, '食饮部（万）': 34, '链接字段(勿删)': [{'text': '商用事业群;沧澜战区;越溪片区;汪天翊', 'type': 'text'}], '楼宇办公（万）': 356, '剩余分配百分比': 0, '工业健康（万）': 10, '当前月最后一天': 31, '总任务（金额）': '3837650', '战区总任务金额': 600000000, '本月当前目标阈值': 215053.76344086, '本月总目标（万）': 33.3333333333333, '食饮部待分配任务': 340000, '健康-年度开单金额': 22960, '食饮-年度开单金额': 40442, '楼宇办公待分配任务': 3560000, '工业健康待分配任务': 100000, '当前月份任务达成率': 0.2610207, '本月开单金额（万）': 8.70069, '父级已审批金额-食饮': 115000000, '事业群剩余未分配金额': -585400000, '截止当天累计目标阈值': 2542465.75342466, '本月当前目标阈值 (万)': 21.505376344086, '楼宇办公-年度开单金额': 3094327.17, '战区已分配金额-食饮': 115000000, '行业线已分配金额-食饮': 105000000, '截止当前目标阈值达成率': 1.24199477052802, '片区已分配金额-食饮部': 4700000, '健康-年度开单金额（万）': 2.296, '年度阈值/开单差额（万）': 61.5263416575341, '月度阈值/开单差额（万）': -12.804686344086, '父级已审批金额-楼宇办公': 300000000, '父级已审批金额-工业健康': 40000000, '食饮-年度开单金额（万）': 4.0442, '总金额转换（以万为单位）': 400, '总额的待分配任务（金额）': 4000000, '客户经理已分配金额-食饮部': 340000, '片区已分配金额-楼宇办公': 82100000, '片区已分配金额-工业健康': 8200000, '片区父级已审批金额-食饮': 2200000, '战区已分配金额-楼宇办公': 300000000, '战区已分配金额-工业健康': 40000000, '行业线已分配金额-楼宇办公': 30000000, '行业线已分配金额-工业健康': 10000000, '行业线父级已审批金额-食饮': 2200000, '事业群下派战区总任务金额': 600000000, '战区下派片区总任务金额': 16400000, '截止当天累计目标阈值（万）': 254.246575342466, '客户经理已分配金额-楼宇办公': 13060000, '客户经理已分配金额-工业健康': 1200000, '楼宇办公-年度开单金额（万）': 309.432717, '片区下派客户经理总任务金额': 14600000, '客户经理父级已审批金额-食饮部': 340000, '片区父级已审批金额-楼宇办公': 85000000, '片区父级已审批金额-工业健康': 7800000, '行业线父级已审批金额-楼宇办公': 85000000, '行业线父级已审批金额-工业健康': 7800000, '年度开单金额转换（以万为单位）': 315.772917, '客户经理父级已审批金额-楼宇办公': 13060000, '客户经理父级已审批金额-工业健康': 1200000}",2026-08-21 17:04:35.666689,2026-08-21 17:04:35.666689,2026-08-21 17:04:35.666689
65,recvdJyRRB8Spb,"{'2601': 2125000, '2602': 2125000, '2603': 2125000, '2604': 2125000, '公式': 1.17647058823529e-07, '状态': '待确认', '编号': '72', '事业群': '商用事业群', '片区': '淮岸片区', '战区': '沧澜战区', '创建人': '傅望舒', '当前年': 2026, '当前月': 8, '食饮部': '220187', '客户经理': '程允文', '楼宇办公': '5504678', '层级级别': '客户经理', '工业健康': '513770', '当前日期': 21, '父级引用': [{'text': '36', 'type': 'text', 'table_id': 'tblfyIqpJcf4Rjyv', 'text_arr': ['36'], 'record_ids': ['recvdJ4tBFWDy7', 'recvdJyRRBjmf3']}], '经营主体': '星澜集团总部', '1季度比例': '25%', '2季度比例': '25%', '3季度比例': '25%', '4季度比例': '25%', '任务维护人': '程允文', '年度开单金额': 2445239.8, '总任务承接人': '程允文', '总任务达成率': 0.287675270588235, '本月开单金额': 38783.1, '食饮部（万）': 30, '链接字段(勿删)': [{'text': '商用事业群;沧澜战区;淮岸片区;程允文', 'type': 'text'}], '楼宇办公（万）': 750, '剩余分配百分比': 0, '工业健康（万）': 70, '当前月最后一天': 31, '总任务（金额）': '6320369', '战区总任务金额': 600000000, '本月当前目标阈值': 456989.247311828, '本月总目标（万）': 70.8333333333333, '食饮部待分配任务': 300000, '健康-年度开单金额': 43080, '食饮-年度开单金额': 94560, '楼宇办公待分配任务': 7500000, '工业健康待分配任务': 700000, '当前月份任务达成率': 0.0547526117647059, '本月开单金额（万）': 3.87831, '父级已审批金额-食饮': 115000000, '事业群剩余未分配金额': -591500000, '截止当天累计目标阈值': 5402739.7260274, '本月当前目标阈值 (万)': 45.6989247311828, '楼宇办公-年度开单金额': 2307599.8, '战区已分配金额-食饮': 115000000, '行业线已分配金额-食饮': 105000000, '截止当前目标阈值达成率': 0.452592559330629, '片区已分配金额-食饮部': 4700000, '健康-年度开单金额（万）': 4.308, '年度阈值/开单差额（万）': -295.74999260274, '月度阈值/开单差额（万）': -41.8206147311828, '父级已审批金额-楼宇办公': 300000000, '父级已审批金额-工业健康': 40000000, '食饮-年度开单金额（万）': 9.456, '总金额转换（以万为单位）': 850, '总额的待分配任务（金额）': 8500000, '客户经理已分配金额-食饮部': 300000, '片区已分配金额-楼宇办公': 82100000, '片区已分配金额-工业健康': 8200000, '片区父级已审批金额-食饮': 2200000, '战区已分配金额-楼宇办公': 300000000, '战区已分配金额-工业健康': 40000000, '行业线已分配金额-楼宇办公': 30000000, '行业线已分配金额-工业健康': 10000000, '行业线父级已审批金额-食饮': 2200000, '事业群下派战区总任务金额': 600000000, '战区下派片区总任务金额': 16400000, '截止当天累计目标阈值（万）': 540.27397260274, '客户经理已分配金额-楼宇办公': 7500000, '客户经理已分配金额-工业健康': 700000, '楼宇办公-年度开单金额（万）': 230.75998, '片区下派客户经理总任务金额': 8500000, '客户经理父级已审批金额-食饮部': 300000, '片区父级已审批金额-楼宇办公': 85000000, '片区父级已审批金额-工业健康': 7800000, '行业线父级已审批金额-楼宇办公': 85000000, '行业线父级已审批金额-工业健康': 7800000, '年度开单金额转换（以万为单位）': 244.52398, '客户经理父级已审批金额-楼宇办公': 7500000, '客户经理父级已审批金额-工业健康': 700000}",2026-08-21 17:04:35.666689,2026-08-21 17:04:35.666689,2026-08-21 17:04:35.666689
66,recvdJyRRBbWHF,"{'2601': 900000, '2602': 900000, '2603': 900000, '2604': 900000, '公式': 2.77777777777778e-07, '状态': '待确认', '编号': '75', '事业群': '商用事业群', '片区': '苍云片区', '战区': '漠澜战区', '创建人': '傅望舒', '当前年': 2026, '当前月': 8, '食饮部': '175790', '客户经理': '袁清晏', '楼宇办公': '2548948', '层级级别': '客户经理', '工业健康': '439474', '当前日期': 21, '父级引用': [{'text': '25', 'type': 'text', 'table_id': 'tblfyIqpJcf4Rjyv', 'text_arr': ['25'], 'record_ids': ['recvdJ1E5DgcyG', 'recvdJyRRBtKOF']}], '经营主体': '星澜集团总部', '1季度比例': '25%', '2季度比例': '25%', '3季度比例': '25%', '4季度比例': '25%', '任务维护人': '袁天翊', '年度开单金额': 1185034.53, '总任务承接人': '袁清晏', '总任务达成率': 0.329176258333333, '本月开单金额': 32182, '食饮部（万）': 20, '链接字段(勿删)': [{'text': '商用事业群;漠澜战区;苍云片区;袁清晏', 'type': 'text'}], '楼宇办公（万）': 290, '剩余分配百分比': 0, '工业健康（万）': 50, '当前月最后一天': 31, '总任务（金额）': '2882895', '战区总任务金额': 600000000, '本月当前目标阈值': 193548.387096774, '本月总目标（万）': 30, '食饮部待分配任务': 200000, '健康-年度开单金额': 0, '食饮-年度开单金额': 80649, '楼宇办公待分配任务': 2900000, '工业健康待分配任务': 500000, '当前月份任务达成率': 0.107273333333333, '本月开单金额（万）': 3.2182, '父级已审批金额-食饮': 115000000, '事业群剩余未分配金额': -591900000, '截止当天累计目标阈值': 2288219.17808219, '本月当前目标阈值 (万)': 19.3548387096774, '楼宇办公-年度开单金额': 1104385.53, '战区已分配金额-食饮': 115000000, '行业线已分配金额-食饮': 105000000, '截止当前目标阈值达成率': 0.517885061602012, '片区已分配金额-食饮部': 6500000, '健康-年度开单金额（万）': 0, '年度阈值/开单差额（万）': -110.318464808219, '月度阈值/开单差额（万）': -16.1366387096774, '父级已审批金额-楼宇办公': 300000000, '父级已审批金额-工业健康': 40000000, '食饮-年度开单金额（万）': 8.0649, '总金额转换（以万为单位）': 360, '总额的待分配任务（金额）': 3600000, '客户经理已分配金额-食饮部': 500000, '片区已分配金额-楼宇办公': 54600000, '片区已分配金额-工业健康': 8300000, '片区父级已审批金额-食饮': 2600000, '战区已分配金额-楼宇办公': 300000000, '战区已分配金额-工业健康': 40000000, '行业线已分配金额-楼宇办公': 30000000, '行业线已分配金额-工业健康': 10000000, '行业线父级已审批金额-食饮': 2600000, '事业群下派战区总任务金额': 600000000, '战区下派片区总任务金额': 16400000, '截止当天累计目标阈值（万）': 228.821917808219, '客户经理已分配金额-楼宇办公': 6600000, '客户经理已分配金额-工业健康': 1000000, '楼宇办公-年度开单金额（万）': 110.438553, '片区下派客户经理总任务金额': 8100000, '客户经理父级已审批金额-食饮部': 500000, '片区父级已审批金额-楼宇办公': 60000000, '片区父级已审批金额-工业健康': 6800000, '行业线父级已审批金额-楼宇办公': 60000000, '行业线父级已审批金额-工业健康': 6800000, '年度开单金额转换（以万为单位）': 118.503453, '客户经理父级已审批金额-楼宇办公': 6600000, '客户经理父级已审批金额-工业健康': 1000000}",2026-08-21 17:04:35.666689,2026-08-21 17:04:35.666689,2026-08-21 17:04:35.666689
67,recvdJyRRBucim,"{'2601': 1125000, '2602': 1125000, '2603': 1125000, '2604': 1125000, '公式': 2.22222222222222e-07, '状态': '待确认', '编号': '76', '事业群': '商用事业群', '片区': '苍云片区', '战区': '漠澜战区', '创建人': '傅望舒', '当前年': 2026, '当前月': 8, '食饮部': '390494', '客户经理': '袁天翊', '楼宇办公': '4816093', '层级级别': '客户经理', '工业健康': '650823', '当前日期': 21, '父级引用': [{'text': '25', 'type': 'text', 'table_id': 'tblfyIqpJcf4Rjyv', 'text_arr': ['25'], 'record_ids': ['recvdJ1E5DgcyG', 'recvdJyRRBtKOF']}], '经营主体': '星澜集团总部', '1季度比例': '25%', '2季度比例': '25%', '3季度比例': '25%', '4季度比例': '25%', '任务维护人': '袁天翊', '年度开单金额': 1727709.8, '总任务承接人': '袁天翊', '总任务达成率': 0.383935511111111, '本月开单金额': 56443, '食饮部（万）': 30, '链接字段(勿删)': [{'text': '商用事业群;漠澜战区;苍云片区;袁天翊', 'type': 'text'}], '楼宇办公（万）': 370, '剩余分配百分比': 0, '工业健康（万）': 50, '当前月最后一天': 31, '总任务（金额）': '5402246', '战区总任务金额': 600000000, '本月当前目标阈值': 241935.483870968, '本月总目标（万）': 37.5, '食饮部待分配任务': 300000, '健康-年度开单金额': 0, '食饮-年度开单金额': 263656.76, '楼宇办公待分配任务': 3700000, '工业健康待分配任务': 500000, '当前月份任务达成率': 0.150514666666667, '本月开单金额（万）': 5.6443, '父级已审批金额-食饮': 115000000, '事业群剩余未分配金额': -591900000, '截止当天累计目标阈值': 2860273.97260274, '本月当前目标阈值 (万)': 24.1935483870968, '楼宇办公-年度开单金额': 1464053.04, '战区已分配金额-食饮': 115000000, '行业线已分配金额-食饮': 105000000, '截止当前目标阈值达成率': 0.604036472222222, '片区已分配金额-食饮部': 6500000, '健康-年度开单金额（万）': 0, '年度阈值/开单差额（万）': -113.256417260274, '月度阈值/开单差额（万）': -18.5492483870968, '父级已审批金额-楼宇办公': 300000000, '父级已审批金额-工业健康': 40000000, '食饮-年度开单金额（万）': 26.365676, '总金额转换（以万为单位）': 450, '总额的待分配任务（金额）': 4500000, '客户经理已分配金额-食饮部': 500000, '片区已分配金额-楼宇办公': 54600000, '片区已分配金额-工业健康': 8300000, '片区父级已审批金额-食饮': 2600000, '战区已分配金额-楼宇办公': 300000000, '战区已分配金额-工业健康': 40000000, '行业线已分配金额-楼宇办公': 30000000, '行业线已分配金额-工业健康': 10000000, '行业线父级已审批金额-食饮': 2600000, '事业群下派战区总任务金额': 600000000, '战区下派片区总任务金额': 16400000, '截止当天累计目标阈值（万）': 286.027397260274, '客户经理已分配金额-楼宇办公': 6600000, '客户经理已分配金额-工业健康': 1000000, '楼宇办公-年度开单金额（万）': 146.405304, '片区下派客户经理总任务金额': 8100000, '客户经理父级已审批金额-食饮部': 500000, '片区父级已审批金额-楼宇办公': 60000000, '片区父级已审批金额-工业健康': 6800000, '行业线父级已审批金额-楼宇办公': 60000000, '行业线父级已审批金额-工业健康': 6800000, '年度开单金额转换（以万为单位）': 172.77098, '客户经理父级已审批金额-楼宇办公': 6600000, '客户经理父级已审批金额-工业健康': 1000000}",2026-08-21 17:04:35.666689,2026-08-21 17:04:35.666689,2026-08-21 17:04:35.666689
68,recvdJyRRBMetf,"{'2601': 1275000, '2602': 1275000, '2603': 1275000, '2604': 1275000, '公式': 1.96078431372549e-07, '状态': '待确认', '编号': '77', '事业群': '商用事业群', '片区': '雾川片区', '战区': '漠澜战区', '创建人': '傅望舒', '当前年': 2026, '当前月': 8, '食饮部': '822544', '客户经理': '崔明轩', '楼宇办公': '3290175', '层级级别': '客户经理', '工业健康': '1130998', '当前日期': 21, '父级引用': [{'text': '23', 'type': 'text', 'table_id': 'tblfyIqpJcf4Rjyv', 'text_arr': ['23'], 'record_ids': ['recvdJ1n4pBVWO', 'recvdJyRRB2QUy']}], '经营主体': '星澜集团总部', '1季度比例': '25%', '2季度比例': '25%', '3季度比例': '25%', '4季度比例': '25%', '任务维护人': '崔明轩', '年度开单金额': 187477, '总任务承接人': '崔明轩', '总任务达成率': 0.0367601960784314, '本月开单金额': -3718, '食饮部（万）': 80, '链接字段(勿删)': [{'text': '商用事业群;漠澜战区;雾川片区;崔明轩', 'type': 'text'}], '楼宇办公（万）': 320, '剩余分配百分比': 0, '工业健康（万）': 110, '当前月最后一天': 31, '总任务（金额）': '5386582', '战区总任务金额': 600000000, '本月当前目标阈值': 274193.548387097, '本月总目标（万）': 42.5, '食饮部待分配任务': 800000, '健康-年度开单金额': 0, '食饮-年度开单金额': 16030, '楼宇办公待分配任务': 3200000, '工业健康待分配任务': 1100000, '当前月份任务达成率': -0.00874823529411765, '本月开单金额（万）': -0.3718, '父级已审批金额-食饮': 115000000, '事业群剩余未分配金额': -586400000, '截止当天累计目标阈值': 3241643.83561644, '本月当前目标阈值 (万)': 27.4193548387097, '楼宇办公-年度开单金额': 171447, '战区已分配金额-食饮': 115000000, '行业线已分配金额-食饮': 105000000, '截止当前目标阈值达成率': 0.0578339291751183, '片区已分配金额-食饮部': 6500000, '健康-年度开单金额（万）': 0, '年度阈值/开单差额（万）': -305.416683561644, '月度阈值/开单差额（万）': -27.7911548387097, '父级已审批金额-楼宇办公': 300000000, '父级已审批金额-工业健康': 40000000, '食饮-年度开单金额（万）': 1.603, '总金额转换（以万为单位）': 510, '总额的待分配任务（金额）': 5100000, '客户经理已分配金额-食饮部': 1200000, '片区已分配金额-楼宇办公': 54600000, '片区已分配金额-工业健康': 8300000, '片区父级已审批金额-食饮': 2600000, '战区已分配金额-楼宇办公': 300000000, '战区已分配金额-工业健康': 40000000, '行业线已分配金额-楼宇办公': 30000000, '行业线已分配金额-工业健康': 10000000, '行业线父级已审批金额-食饮': 2600000, '事业群下派战区总任务金额': 600000000, '战区下派片区总任务金额': 16400000, '截止当天累计目标阈值（万）': 324.164383561644, '客户经理已分配金额-楼宇办公': 10900000, '客户经理已分配金额-工业健康': 1500000, '楼宇办公-年度开单金额（万）': 17.1447, '片区下派客户经理总任务金额': 13600000, '客户经理父级已审批金额-食饮部': 1200000, '片区父级已审批金额-楼宇办公': 60000000, '片区父级已审批金额-工业健康': 6800000, '行业线父级已审批金额-楼宇办公': 60000000, '行业线父级已审批金额-工业健康': 6800000, '年度开单金额转换（以万为单位）': 18.7477, '客户经理父级已审批金额-楼宇办公': 10900000, '客户经理父级已审批金额-工业健康': 1500000}",2026-08-21 17:04:35.666689,2026-08-21 17:04:35.666689,2026-08-21 17:04:35.666689
69,recvdJyRRBB699,"{'2601': 1125000, '2602': 1125000, '2603': 1125000, '2604': 1125000, '公式': 2.22222222222222e-07, '状态': '待确认', '编号': '78', '事业群': '商用事业群', '片区': '雾川片区', '战区': '漠澜战区', '创建人': '傅望舒', '当前年': 2026, '当前月': 8, '食饮部': '213341', '客户经理': '邓观澜', '楼宇办公': '4373488', '层级级别': '客户经理', '工业健康': '213341', '当前日期': 21, '父级引用': [{'text': '23', 'type': 'text', 'table_id': 'tblfyIqpJcf4Rjyv', 'text_arr': ['23'], 'record_ids': ['recvdJ1n4pBVWO', 'recvdJyRRB2QUy']}], '经营主体': '星澜集团总部', '1季度比例': '25%', '2季度比例': '25%', '3季度比例': '25%', '4季度比例': '25%', '任务维护人': '崔明轩', '年度开单金额': 2517803.6, '总任务承接人': '邓观澜', '总任务达成率': 0.559511911111111, '本月开单金额': 49572, '食饮部（万）': 20, '链接字段(勿删)': [{'text': '商用事业群;漠澜战区;雾川片区;邓观澜', 'type': 'text'}], '楼宇办公（万）': 410, '剩余分配百分比': 0, '工业健康（万）': 20, '当前月最后一天': 31, '总任务（金额）': '3910803', '战区总任务金额': 600000000, '本月当前目标阈值': 241935.483870968, '本月总目标（万）': 37.5, '食饮部待分配任务': 200000, '健康-年度开单金额': 162060, '食饮-年度开单金额': 294178, '楼宇办公待分配任务': 4100000, '工业健康待分配任务': 200000, '当前月份任务达成率': 0.132192, '本月开单金额（万）': 4.9572, '父级已审批金额-食饮': 115000000, '事业群剩余未分配金额': -586400000, '截止当天累计目标阈值': 2860273.97260274, '本月当前目标阈值 (万)': 24.1935483870968, '楼宇办公-年度开单金额': 2061565.6, '战区已分配金额-食饮': 115000000, '行业线已分配金额-食饮': 105000000, '截止当前目标阈值达成率': 0.880266584291188, '片区已分配金额-食饮部': 6500000, '健康-年度开单金额（万）': 16.206, '年度阈值/开单差额（万）': -34.247037260274, '月度阈值/开单差额（万）': -19.2363483870968, '父级已审批金额-楼宇办公': 300000000, '父级已审批金额-工业健康': 40000000, '食饮-年度开单金额（万）': 29.4178, '总金额转换（以万为单位）': 450, '总额的待分配任务（金额）': 4500000, '客户经理已分配金额-食饮部': 1200000, '片区已分配金额-楼宇办公': 54600000, '片区已分配金额-工业健康': 8300000, '片区父级已审批金额-食饮': 2600000, '战区已分配金额-楼宇办公': 300000000, '战区已分配金额-工业健康': 40000000, '行业线已分配金额-楼宇办公': 30000000, '行业线已分配金额-工业健康': 10000000, '行业线父级已审批金额-食饮': 2600000, '事业群下派战区总任务金额': 600000000, '战区下派片区总任务金额': 16400000, '截止当天累计目标阈值（万）': 286.027397260274, '客户经理已分配金额-楼宇办公': 10900000, '客户经理已分配金额-工业健康': 1500000, '楼宇办公-年度开单金额（万）': 206.15656, '片区下派客户经理总任务金额': 13600000, '客户经理父级已审批金额-食饮部': 1200000, '片区父级已审批金额-楼宇办公': 60000000, '片区父级已审批金额-工业健康': 6800000, '行业线父级已审批金额-楼宇办公': 60000000, '行业线父级已审批金额-工业健康': 6800000, '年度开单金额转换（以万为单位）': 251.78036, '客户经理父级已审批金额-楼宇办公': 10900000, '客户经理父级已审批金额-工业健康': 1500000}",2026-08-21 17:04:35.666689,2026-08-21 17:04:35.666689,2026-08-21 17:04:35.666689
70,recvdJyRRByL66,"{'2601': 1000000, '2602': 1000000, '2603': 1000000, '2604': 1000000, '公式': 2.5e-07, '状态': '待确认', '编号': '79', '事业群': '商用事业群', '片区': '雾川片区', '战区': '漠澜战区', '创建人': '傅望舒', '当前年': 2026, '当前月': 8, '食饮部': '111536', '客户经理': '袁闻笛', '楼宇办公': '2007645', '层级级别': '客户经理', '工业健康': '111536', '当前日期': 21, '父级引用': [{'text': '23', 'type': 'text', 'table_id': 'tblfyIqpJcf4Rjyv', 'text_arr': ['23'], 'record_ids': ['recvdJ1n4pBVWO', 'recvdJyRRB2QUy']}], '经营主体': '星澜集团总部', '1季度比例': '25%', '2季度比例': '25%', '3季度比例': '25%', '4季度比例': '25%', '任务维护人': '崔明轩', '年度开单金额': 1056512.28, '总任务承接人': '袁闻笛', '总任务达成率': 0.26412807, '本月开单金额': 248089.7, '食饮部（万）': 20, '链接字段(勿删)': [{'text': '商用事业群;漠澜战区;雾川片区;袁闻笛', 'type': 'text'}], '楼宇办公（万）': 360, '剩余分配百分比': 0, '工业健康（万）': 20, '当前月最后一天': 31, '总任务（金额）': '4841858', '战区总任务金额': 600000000, '本月当前目标阈值': 215053.76344086, '本月总目标（万）': 33.3333333333333, '食饮部待分配任务': 200000, '健康-年度开单金额': 0, '食饮-年度开单金额': 13360, '楼宇办公待分配任务': 3600000, '工业健康待分配任务': 200000, '当前月份任务达成率': 0.7442691, '本月开单金额（万）': 24.80897, '父级已审批金额-食饮': 115000000, '事业群剩余未分配金额': -586400000, '截止当天累计目标阈值': 2542465.75342466, '本月当前目标阈值 (万)': 21.505376344086, '楼宇办公-年度开单金额': 1043152.28, '战区已分配金额-食饮': 115000000, '行业线已分配金额-食饮': 105000000, '截止当前目标阈值达成率': 0.415546317025862, '片区已分配金额-食饮部': 6500000, '健康-年度开单金额（万）': 0, '年度阈值/开单差额（万）': -148.595347342466, '月度阈值/开单差额（万）': 3.30359365591398, '父级已审批金额-楼宇办公': 300000000, '父级已审批金额-工业健康': 40000000, '食饮-年度开单金额（万）': 1.336, '总金额转换（以万为单位）': 400, '总额的待分配任务（金额）': 4000000, '客户经理已分配金额-食饮部': 1200000, '片区已分配金额-楼宇办公': 54600000, '片区已分配金额-工业健康': 8300000, '片区父级已审批金额-食饮': 2600000, '战区已分配金额-楼宇办公': 300000000, '战区已分配金额-工业健康': 40000000, '行业线已分配金额-楼宇办公': 30000000, '行业线已分配金额-工业健康': 10000000, '行业线父级已审批金额-食饮': 2600000, '事业群下派战区总任务金额': 600000000, '战区下派片区总任务金额': 16400000, '截止当天累计目标阈值（万）': 254.246575342466, '客户经理已分配金额-楼宇办公': 10900000, '客户经理已分配金额-工业健康': 1500000, '楼宇办公-年度开单金额（万）': 104.315228, '片区下派客户经理总任务金额': 13600000, '客户经理父级已审批金额-食饮部': 1200000, '片区父级已审批金额-楼宇办公': 60000000, '片区父级已审批金额-工业健康': 6800000, '行业线父级已审批金额-楼宇办公': 60000000, '行业线父级已审批金额-工业健康': 6800000, '年度开单金额转换（以万为单位）': 105.651228, '客户经理父级已审批金额-楼宇办公': 10900000, '客户经理父级已审批金额-工业健康': 1500000}",2026-08-21 17:04:35.666689,2026-08-21 17:04:35.666689,2026-08-21 17:04:35.666689
71,recvdJyRRBsOch,"{'2601': 1250000, '2602': 1250000, '2603': 1250000, '2604': 1250000, '公式': 2e-07, '状态': '待确认', '编号': '81', '事业群': '商用事业群', '片区': '锦川片区', '战区': '漠澜战区', '创建人': '傅望舒', '当前年': 2026, '当前月': 8, '食饮部': '151967', '客户经理': '廖攸宁', '楼宇办公': '3039335', '层级级别': '客户经理', '工业健康': '607867', '当前日期': 21, '父级引用': [{'text': '19', 'type': 'text', 'table_id': 'tblfyIqpJcf4Rjyv', 'text_arr': ['19'], 'record_ids': ['recvdIZBQSMnHV']}], '经营主体': '星澜集团总部', '1季度比例': '25%', '2季度比例': '25%', '3季度比例': '25%', '4季度比例': '25%', '任务维护人': '陆从周', '年度开单金额': 2093636.21, '总任务承接人': '廖攸宁', '总任务达成率': 0.418727242, '本月开单金额': 261524, '食饮部（万）': 20, '链接字段(勿删)': [{'text': '商用事业群;漠澜战区;锦川片区;廖攸宁', 'type': 'text'}], '楼宇办公（万）': 400, '剩余分配百分比': 0, '工业健康（万）': 80, '当前月最后一天': 31, '总任务（金额）': '5575390', '战区总任务金额': 600000000, '本月当前目标阈值': 268817.204301075, '本月总目标（万）': 41.6666666666667, '食饮部待分配任务': 200000, '健康-年度开单金额': 30763.79, '食饮-年度开单金额': 61982, '楼宇办公待分配任务': 4000000, '工业健康待分配任务': 800000, '当前月份任务达成率': 0.6276576, '本月开单金额（万）': 26.1524, '父级已审批金额-食饮': 115000000, '事业群剩余未分配金额': -582500000, '截止当天累计目标阈值': 3178082.19178082, '本月当前目标阈值 (万)': 26.8817204301075, '楼宇办公-年度开单金额': 2000890.42, '战区已分配金额-食饮': 115000000, '行业线已分配金额-食饮': 105000000, '截止当前目标阈值达成率': 0.65877346262931, '片区已分配金额-食饮部': 6500000, '健康-年度开单金额（万）': 3.076379, '年度阈值/开单差额（万）': -108.444598178082, '月度阈值/开单差额（万）': -0.729320430107524, '父级已审批金额-楼宇办公': 300000000, '父级已审批金额-工业健康': 40000000, '食饮-年度开单金额（万）': 6.1982, '总金额转换（以万为单位）': 500, '总额的待分配任务（金额）': 5000000, '客户经理已分配金额-食饮部': 2600000, '片区已分配金额-楼宇办公': 54600000, '片区已分配金额-工业健康': 8300000, '片区父级已审批金额-食饮': 2600000, '战区已分配金额-楼宇办公': 300000000, '战区已分配金额-工业健康': 40000000, '行业线已分配金额-楼宇办公': 30000000, '行业线已分配金额-工业健康': 10000000, '行业线父级已审批金额-食饮': 2600000, '事业群下派战区总任务金额': 600000000, '战区下派片区总任务金额': 16400000, '截止当天累计目标阈值（万）': 317.808219178082, '客户经理已分配金额-楼宇办公': 12900000, '客户经理已分配金额-工业健康': 2000000, '楼宇办公-年度开单金额（万）': 200.089042, '片区下派客户经理总任务金额': 17500000, '客户经理父级已审批金额-食饮部': 2600000, '片区父级已审批金额-楼宇办公': 60000000, '片区父级已审批金额-工业健康': 6800000, '行业线父级已审批金额-楼宇办公': 60000000, '行业线父级已审批金额-工业健康': 6800000, '年度开单金额转换（以万为单位）': 209.363621, '客户经理父级已审批金额-楼宇办公': 12900000, '客户经理父级已审批金额-工业健康': 2000000}",2026-08-21 17:04:35.666689,2026-08-21 17:04:35.666689,2026-08-21 17:04:35.666689
72,recvdJyRRBYux6,"{'2601': 1125000, '2602': 1125000, '2603': 1125000, '2604': 1125000, '公式': 2.22222222222222e-07, '状态': '待确认', '编号': '82', '事业群': '商用事业群', '片区': '锦川片区', '战区': '漠澜战区', '创建人': '傅望舒', '当前年': 2026, '当前月': 8, '食饮部': '222599', '客户经理': '顾景行', '楼宇办公': '4006775', '层级级别': '客户经理', '工业健康': '779095', '当前日期': 21, '父级引用': [{'text': '19', 'type': 'text', 'table_id': 'tblfyIqpJcf4Rjyv', 'text_arr': ['19'], 'record_ids': ['recvdIZBQSMnHV']}], '经营主体': '星澜集团总部', '1季度比例': '25%', '2季度比例': '25%', '3季度比例': '25%', '4季度比例': '25%', '任务维护人': '陆从周', '年度开单金额': 1841502.35, '总任务承接人': '顾景行', '总任务达成率': 0.409222744444444, '本月开单金额': 488764, '食饮部（万）': 20, '链接字段(勿删)': [{'text': '商用事业群;漠澜战区;锦川片区;顾景行', 'type': 'text'}], '楼宇办公（万）': 360, '剩余分配百分比': 0, '工业健康（万）': 70, '当前月最后一天': 31, '总任务（金额）': '3161978', '战区总任务金额': 600000000, '本月当前目标阈值': 241935.483870968, '本月总目标（万）': 37.5, '食饮部待分配任务': 200000, '健康-年度开单金额': 117113.55, '食饮-年度开单金额': 87233.5, '楼宇办公待分配任务': 3600000, '工业健康待分配任务': 700000, '当前月份任务达成率': 1.30337066666667, '本月开单金额（万）': 48.8764, '父级已审批金额-食饮': 115000000, '事业群剩余未分配金额': -582500000, '截止当天累计目标阈值': 2860273.97260274, '本月当前目标阈值 (万)': 24.1935483870968, '楼宇办公-年度开单金额': 1637155.3, '战区已分配金额-食饮': 115000000, '行业线已分配金额-食饮': 105000000, '截止当前目标阈值达成率': 0.643820266044061, '片区已分配金额-食饮部': 6500000, '健康-年度开单金额（万）': 11.711355, '年度阈值/开单差额（万）': -101.877162260274, '月度阈值/开单差额（万）': 24.6828516129032, '父级已审批金额-楼宇办公': 300000000, '父级已审批金额-工业健康': 40000000, '食饮-年度开单金额（万）': 8.72335, '总金额转换（以万为单位）': 450, '总额的待分配任务（金额）': 4500000, '客户经理已分配金额-食饮部': 2600000, '片区已分配金额-楼宇办公': 54600000, '片区已分配金额-工业健康': 8300000, '片区父级已审批金额-食饮': 2600000, '战区已分配金额-楼宇办公': 300000000, '战区已分配金额-工业健康': 40000000, '行业线已分配金额-楼宇办公': 30000000, '行业线已分配金额-工业健康': 10000000, '行业线父级已审批金额-食饮': 2600000, '事业群下派战区总任务金额': 600000000, '战区下派片区总任务金额': 16400000, '截止当天累计目标阈值（万）': 286.027397260274, '客户经理已分配金额-楼宇办公': 12900000, '客户经理已分配金额-工业健康': 2000000, '楼宇办公-年度开单金额（万）': 163.71553, '片区下派客户经理总任务金额': 17500000, '客户经理父级已审批金额-食饮部': 2600000, '片区父级已审批金额-楼宇办公': 60000000, '片区父级已审批金额-工业健康': 6800000, '行业线父级已审批金额-楼宇办公': 60000000, '行业线父级已审批金额-工业健康': 6800000, '年度开单金额转换（以万为单位）': 184.150235, '客户经理父级已审批金额-楼宇办公': 12900000, '客户经理父级已审批金额-工业健康': 2000000}",2026-08-21 17:04:35.666689,2026-08-21 17:04:35.666689,2026-08-21 17:04:35.666689
73,recvdJyRRBGBWX,"{'2601': 750000, '2602': 750000, '2603': 750000, '2604': 750000, '公式': 3.33333333333333e-07, '状态': '待确认', '编号': '83', '事业群': '商用事业群', '片区': '锦川片区', '战区': '漠澜战区', '创建人': '傅望舒', '当前年': 2026, '当前月': 8, '食饮部': '80185', '客户经理': '方既明', '楼宇办公': '2084806', '层级级别': '客户经理', '工业健康': '240555', '当前日期': 21, '父级引用': [{'text': '19', 'type': 'text', 'table_id': 'tblfyIqpJcf4Rjyv', 'text_arr': ['19'], 'record_ids': ['recvdIZBQSMnHV']}], '经营主体': '星澜集团总部', '1季度比例': '25%', '2季度比例': '25%', '3季度比例': '25%', '4季度比例': '25%', '任务维护人': '陆从周', '年度开单金额': 907088.7, '总任务承接人': '方既明', '总任务达成率': 0.3023629, '本月开单金额': 10305, '食饮部（万）': 10, '链接字段(勿删)': [{'text': '商用事业群;漠澜战区;锦川片区;方既明', 'type': 'text'}], '楼宇办公（万）': 260, '剩余分配百分比': 0, '工业健康（万）': 30, '当前月最后一天': 31, '总任务（金额）': '3630818', '战区总任务金额': 600000000, '本月当前目标阈值': 161290.322580645, '本月总目标（万）': 25, '食饮部待分配任务': 100000, '健康-年度开单金额': 0, '食饮-年度开单金额': 5116, '楼宇办公待分配任务': 2600000, '工业健康待分配任务': 300000, '当前月份任务达成率': 0.04122, '本月开单金额（万）': 1.0305, '父级已审批金额-食饮': 115000000, '事业群剩余未分配金额': -582500000, '截止当天累计目标阈值': 1906849.31506849, '本月当前目标阈值 (万)': 16.1290322580645, '楼宇办公-年度开单金额': 901972.7, '战区已分配金额-食饮': 115000000, '行业线已分配金额-食饮': 105000000, '截止当前目标阈值达成率': 0.475700252155172, '片区已分配金额-食饮部': 6500000, '健康-年度开单金额（万）': 0, '年度阈值/开单差额（万）': -99.9760615068493, '月度阈值/开单差额（万）': -15.0985322580645, '父级已审批金额-楼宇办公': 300000000, '父级已审批金额-工业健康': 40000000, '食饮-年度开单金额（万）': 0.5116, '总金额转换（以万为单位）': 300, '总额的待分配任务（金额）': 3000000, '客户经理已分配金额-食饮部': 2600000, '片区已分配金额-楼宇办公': 54600000, '片区已分配金额-工业健康': 8300000, '片区父级已审批金额-食饮': 2600000, '战区已分配金额-楼宇办公': 300000000, '战区已分配金额-工业健康': 40000000, '行业线已分配金额-楼宇办公': 30000000, '行业线已分配金额-工业健康': 10000000, '行业线父级已审批金额-食饮': 2600000, '事业群下派战区总任务金额': 600000000, '战区下派片区总任务金额': 16400000, '截止当天累计目标阈值（万）': 190.684931506849, '客户经理已分配金额-楼宇办公': 12900000, '客户经理已分配金额-工业健康': 2000000, '楼宇办公-年度开单金额（万）': 90.19727, '片区下派客户经理总任务金额': 17500000, '客户经理父级已审批金额-食饮部': 2600000, '片区父级已审批金额-楼宇办公': 60000000, '片区父级已审批金额-工业健康': 6800000, '行业线父级已审批金额-楼宇办公': 60000000, '行业线父级已审批金额-工业健康': 6800000, '年度开单金额转换（以万为单位）': 90.70887, '客户经理父级已审批金额-楼宇办公': 12900000, '客户经理父级已审批金额-工业健康': 2000000}",2026-08-21 17:04:35.666689,2026-08-21 17:04:35.666689,2026-08-21 17:04:35.666689
74,recvdJyRRB8xym,"{'2601': 650000, '2602': 650000, '2603': 650000, '2604': 650000, '公式': 3.84615384615385e-07, '状态': '待确认', '编号': '84', '事业群': '商用事业群', '片区': '锦川片区', '战区': '漠澜战区', '创建人': '傅望舒', '当前年': 2026, '当前月': 8, '食饮部': '1323275', '客户经理': '韩云舟', '楼宇办公': '396983', '层级级别': '客户经理', '工业健康': '0', '当前日期': 21, '父级引用': [{'text': '19', 'type': 'text', 'table_id': 'tblfyIqpJcf4Rjyv', 'text_arr': ['19'], 'record_ids': ['recvdIZBQSMnHV']}], '经营主体': '星澜集团总部', '1季度比例': '25%', '2季度比例': '25%', '3季度比例': '25%', '4季度比例': '25%', '任务维护人': '陆从周', '年度开单金额': 24580, '总任务承接人': '韩云舟', '总任务达成率': 0.00945384615384615, '本月开单金额': 0, '食饮部（万）': 200, '链接字段(勿删)': [{'text': '商用事业群;漠澜战区;锦川片区;韩云舟', 'type': 'text'}], '楼宇办公（万）': 60, '剩余分配百分比': 0, '工业健康（万）': 0, '当前月最后一天': 31, '总任务（金额）': '1920964', '战区总任务金额': 600000000, '本月当前目标阈值': 139784.946236559, '本月总目标（万）': 21.6666666666667, '食饮部待分配任务': 2000000, '健康-年度开单金额': 0, '食饮-年度开单金额': 24004, '楼宇办公待分配任务': 600000, '工业健康待分配任务': 0, '当前月份任务达成率': 0, '本月开单金额（万）': 0, '父级已审批金额-食饮': 115000000, '事业群剩余未分配金额': -582500000, '截止当天累计目标阈值': 1652602.73972603, '本月当前目标阈值 (万)': 13.9784946236559, '楼宇办公-年度开单金额': 576, '战区已分配金额-食饮': 115000000, '行业线已分配金额-食饮': 105000000, '截止当前目标阈值达成率': 0.0148735079575597, '片区已分配金额-食饮部': 6500000, '健康-年度开单金额（万）': 0, '年度阈值/开单差额（万）': -162.802273972603, '月度阈值/开单差额（万）': -13.9784946236559, '父级已审批金额-楼宇办公': 300000000, '父级已审批金额-工业健康': 40000000, '食饮-年度开单金额（万）': 2.4004, '总金额转换（以万为单位）': 260, '总额的待分配任务（金额）': 2600000, '客户经理已分配金额-食饮部': 2600000, '片区已分配金额-楼宇办公': 54600000, '片区已分配金额-工业健康': 8300000, '片区父级已审批金额-食饮': 2600000, '战区已分配金额-楼宇办公': 300000000, '战区已分配金额-工业健康': 40000000, '行业线已分配金额-楼宇办公': 30000000, '行业线已分配金额-工业健康': 10000000, '行业线父级已审批金额-食饮': 2600000, '事业群下派战区总任务金额': 600000000, '战区下派片区总任务金额': 16400000, '截止当天累计目标阈值（万）': 165.260273972603, '客户经理已分配金额-楼宇办公': 12900000, '客户经理已分配金额-工业健康': 2000000, '楼宇办公-年度开单金额（万）': 0.0576, '片区下派客户经理总任务金额': 17500000, '客户经理父级已审批金额-食饮部': 2600000, '片区父级已审批金额-楼宇办公': 60000000, '片区父级已审批金额-工业健康': 6800000, '行业线父级已审批金额-楼宇办公': 60000000, '行业线父级已审批金额-工业健康': 6800000, '年度开单金额转换（以万为单位）': 2.458, '客户经理父级已审批金额-楼宇办公': 12900000, '客户经理父级已审批金额-工业健康': 2000000}",2026-08-21 17:04:35.666689,2026-08-21 17:04:35.666689,2026-08-21 17:04:35.666689
75,recvdJyRRBZXjj,"{'2601': 600000, '2602': 600000, '2603': 600000, '2604': 600000, '公式': 4.16666666666667e-07, '状态': '待确认', '编号': '85', '事业群': '商用事业群', '片区': '锦川片区', '战区': '漠澜战区', '创建人': '傅望舒', '当前年': 2026, '当前月': 8, '食饮部': '63971', '客户经理': '陆从周', '楼宇办公': '1343381', '层级级别': '客户经理', '工业健康': '127941', '当前日期': 21, '父级引用': [{'text': '19', 'type': 'text', 'table_id': 'tblfyIqpJcf4Rjyv', 'text_arr': ['19'], 'record_ids': ['recvdIZBQSMnHV']}], '经营主体': '星澜集团总部', '1季度比例': '25%', '2季度比例': '25%', '3季度比例': '25%', '4季度比例': '25%', '任务维护人': '陆从周', '年度开单金额': 2001228, '总任务承接人': '陆从周', '总任务达成率': 0.833845, '本月开单金额': 0, '食饮部（万）': 10, '链接字段(勿删)': [{'text': '商用事业群;漠澜战区;锦川片区;陆从周', 'type': 'text'}], '楼宇办公（万）': 210, '剩余分配百分比': 0, '工业健康（万）': 20, '当前月最后一天': 31, '总任务（金额）': '2478752', '战区总任务金额': 600000000, '本月当前目标阈值': 129032.258064516, '本月总目标（万）': 20, '食饮部待分配任务': 100000, '健康-年度开单金额': 0, '食饮-年度开单金额': 0, '楼宇办公待分配任务': 2100000, '工业健康待分配任务': 200000, '当前月份任务达成率': 0, '本月开单金额（万）': 0, '父级已审批金额-食饮': 115000000, '事业群剩余未分配金额': -582500000, '截止当天累计目标阈值': 1525479.45205479, '本月当前目标阈值 (万)': 12.9032258064516, '楼宇办公-年度开单金额': 2001228, '战区已分配金额-食饮': 115000000, '行业线已分配金额-食饮': 105000000, '截止当前目标阈值达成率': 1.3118682112069, '片区已分配金额-食饮部': 6500000, '健康-年度开单金额（万）': 0, '年度阈值/开单差额（万）': 47.5748547945205, '月度阈值/开单差额（万）': -12.9032258064516, '父级已审批金额-楼宇办公': 300000000, '父级已审批金额-工业健康': 40000000, '食饮-年度开单金额（万）': 0, '总金额转换（以万为单位）': 240, '总额的待分配任务（金额）': 2400000, '客户经理已分配金额-食饮部': 2600000, '片区已分配金额-楼宇办公': 54600000, '片区已分配金额-工业健康': 8300000, '片区父级已审批金额-食饮': 2600000, '战区已分配金额-楼宇办公': 300000000, '战区已分配金额-工业健康': 40000000, '行业线已分配金额-楼宇办公': 30000000, '行业线已分配金额-工业健康': 10000000, '行业线父级已审批金额-食饮': 2600000, '事业群下派战区总任务金额': 600000000, '战区下派片区总任务金额': 16400000, '截止当天累计目标阈值（万）': 152.547945205479, '客户经理已分配金额-楼宇办公': 12900000, '客户经理已分配金额-工业健康': 2000000, '楼宇办公-年度开单金额（万）': 200.1228, '片区下派客户经理总任务金额': 17500000, '客户经理父级已审批金额-食饮部': 2600000, '片区父级已审批金额-楼宇办公': 60000000, '片区父级已审批金额-工业健康': 6800000, '行业线父级已审批金额-楼宇办公': 60000000, '行业线父级已审批金额-工业健康': 6800000, '年度开单金额转换（以万为单位）': 200.1228, '客户经理父级已审批金额-楼宇办公': 12900000, '客户经理父级已审批金额-工业健康': 2000000}",2026-08-21 17:04:35.666689,2026-08-21 17:04:35.666689,2026-08-21 17:04:35.666689
76,recvdJyRRBHSuY,"{'2601': 600000, '2602': 600000, '2603': 600000, '2604': 600000, '公式': 4.16666666666667e-07, '状态': '待确认', '编号': '86', '事业群': '商用事业群', '片区': '凉州片区', '战区': '漠澜战区', '创建人': '傅望舒', '当前年': 2026, '当前月': 8, '食饮部': '261837', '客户经理': '傅沐阳', '楼宇办公': '2618367', '层级级别': '客户经理', '工业健康': '261837', '当前日期': 21, '父级引用': [{'text': '27', 'type': 'text', 'table_id': 'tblfyIqpJcf4Rjyv', 'text_arr': ['27'], 'record_ids': ['recvdJ24i0zlsZ']}], '经营主体': '星澜集团总部', '1季度比例': '25%', '2季度比例': '25%', '3季度比例': '25%', '4季度比例': '25%', '任务维护人': '傅沐阳', '年度开单金额': 855290.6, '总任务承接人': '傅沐阳', '总任务达成率': 0.356371083333333, '本月开单金额': 32016, '食饮部（万）': 20, '链接字段(勿删)': [{'text': '商用事业群;漠澜战区;凉州片区;傅沐阳', 'type': 'text'}], '楼宇办公（万）': 200, '剩余分配百分比': 0, '工业健康（万）': 20, '当前月最后一天': 31, '总任务（金额）': '2698417', '战区总任务金额': 600000000, '本月当前目标阈值': 129032.258064516, '本月总目标（万）': 20, '食饮部待分配任务': 200000, '健康-年度开单金额': 0, '食饮-年度开单金额': 76519.5, '楼宇办公待分配任务': 2000000, '工业健康待分配任务': 200000, '当前月份任务达成率': 0.16008, '本月开单金额（万）': 3.2016, '父级已审批金额-食饮': 115000000, '事业群剩余未分配金额': -591900000, '截止当天累计目标阈值': 1525479.45205479, '本月当前目标阈值 (万)': 12.9032258064516, '楼宇办公-年度开单金额': 778771.1, '战区已分配金额-食饮': 115000000, '行业线已分配金额-食饮': 105000000, '截止当前目标阈值达成率': 0.560670023347701, '片区已分配金额-食饮部': 6500000, '健康-年度开单金额（万）': 0, '年度阈值/开单差额（万）': -67.0188852054795, '月度阈值/开单差额（万）': -9.70162580645161, '父级已审批金额-楼宇办公': 300000000, '父级已审批金额-工业健康': 40000000, '食饮-年度开单金额（万）': 7.65195, '总金额转换（以万为单位）': 240, '总额的待分配任务（金额）': 2400000, '客户经理已分配金额-食饮部': 500000, '片区已分配金额-楼宇办公': 54600000, '片区已分配金额-工业健康': 8300000, '片区父级已审批金额-食饮': 2600000, '战区已分配金额-楼宇办公': 300000000, '战区已分配金额-工业健康': 40000000, '行业线已分配金额-楼宇办公': 30000000, '行业线已分配金额-工业健康': 10000000, '行业线父级已审批金额-食饮': 2600000, '事业群下派战区总任务金额': 600000000, '战区下派片区总任务金额': 16400000, '截止当天累计目标阈值（万）': 152.547945205479, '客户经理已分配金额-楼宇办公': 6800000, '客户经理已分配金额-工业健康': 800000, '楼宇办公-年度开单金额（万）': 77.87711, '片区下派客户经理总任务金额': 8100000, '客户经理父级已审批金额-食饮部': 500000, '片区父级已审批金额-楼宇办公': 60000000, '片区父级已审批金额-工业健康': 6800000, '行业线父级已审批金额-楼宇办公': 60000000, '行业线父级已审批金额-工业健康': 6800000, '年度开单金额转换（以万为单位）': 85.52906, '客户经理父级已审批金额-楼宇办公': 6800000, '客户经理父级已审批金额-工业健康': 800000}",2026-08-21 17:04:35.666689,2026-08-21 17:04:35.666689,2026-08-21 17:04:35.666689
77,recvdJyRRBEjmG,"{'2601': 875000, '2602': 875000, '2603': 875000, '2604': 875000, '公式': 2.85714285714286e-07, '状态': '待确认', '编号': '87', '事业群': '商用事业群', '片区': '凉州片区', '战区': '漠澜战区', '创建人': '傅望舒', '当前年': 2026, '当前月': 8, '食饮部': '180433', '客户经理': '汪观澜', '楼宇办公': '2706488', '层级级别': '客户经理', '工业健康': '270649', '当前日期': 21, '父级引用': [{'text': '27', 'type': 'text', 'table_id': 'tblfyIqpJcf4Rjyv', 'text_arr': ['27'], 'record_ids': ['recvdJ24i0zlsZ']}], '经营主体': '星澜集团总部', '1季度比例': '25%', '2季度比例': '25%', '3季度比例': '25%', '4季度比例': '25%', '任务维护人': '傅沐阳', '年度开单金额': 610704, '总任务承接人': '汪观澜', '总任务达成率': 0.174486857142857, '本月开单金额': -39505.88, '食饮部（万）': 20, '链接字段(勿删)': [{'text': '商用事业群;漠澜战区;凉州片区;汪观澜', 'type': 'text'}], '楼宇办公（万）': 300, '剩余分配百分比': 0, '工业健康（万）': 30, '当前月最后一天': 31, '总任务（金额）': '3933688', '战区总任务金额': 600000000, '本月当前目标阈值': 188172.043010753, '本月总目标（万）': 29.1666666666667, '食饮部待分配任务': 200000, '健康-年度开单金额': 36945, '食饮-年度开单金额': 159520, '楼宇办公待分配任务': 3000000, '工业健康待分配任务': 300000, '当前月份任务达成率': -0.135448731428571, '本月开单金额（万）': -3.950588, '父级已审批金额-食饮': 115000000, '事业群剩余未分配金额': -591900000, '截止当天累计目标阈值': 2224657.53424658, '本月当前目标阈值 (万)': 18.8172043010753, '楼宇办公-年度开单金额': 414239, '战区已分配金额-食饮': 115000000, '行业线已分配金额-食饮': 105000000, '截止当前目标阈值达成率': 0.274515960591133, '片区已分配金额-食饮部': 6500000, '健康-年度开单金额（万）': 3.6945, '年度阈值/开单差额（万）': -161.395353424658, '月度阈值/开单差额（万）': -22.7677923010753, '父级已审批金额-楼宇办公': 300000000, '父级已审批金额-工业健康': 40000000, '食饮-年度开单金额（万）': 15.952, '总金额转换（以万为单位）': 350, '总额的待分配任务（金额）': 3500000, '客户经理已分配金额-食饮部': 500000, '片区已分配金额-楼宇办公': 54600000, '片区已分配金额-工业健康': 8300000, '片区父级已审批金额-食饮': 2600000, '战区已分配金额-楼宇办公': 300000000, '战区已分配金额-工业健康': 40000000, '行业线已分配金额-楼宇办公': 30000000, '行业线已分配金额-工业健康': 10000000, '行业线父级已审批金额-食饮': 2600000, '事业群下派战区总任务金额': 600000000, '战区下派片区总任务金额': 16400000, '截止当天累计目标阈值（万）': 222.465753424658, '客户经理已分配金额-楼宇办公': 6800000, '客户经理已分配金额-工业健康': 800000, '楼宇办公-年度开单金额（万）': 41.4239, '片区下派客户经理总任务金额': 8100000, '客户经理父级已审批金额-食饮部': 500000, '片区父级已审批金额-楼宇办公': 60000000, '片区父级已审批金额-工业健康': 6800000, '行业线父级已审批金额-楼宇办公': 60000000, '行业线父级已审批金额-工业健康': 6800000, '年度开单金额转换（以万为单位）': 61.0704, '客户经理父级已审批金额-楼宇办公': 6800000, '客户经理父级已审批金额-工业健康': 800000}",2026-08-21 17:04:35.666689,2026-08-21 17:04:35.666689,2026-08-21 17:04:35.666689
78,recvdJyRRBeWtd,"{'2601': 550000, '2602': 550000, '2603': 550000, '2604': 550000, '公式': 4.54545454545455e-07, '状态': '待确认', '编号': '88', '事业群': '商用事业群', '片区': '凉州片区', '战区': '漠澜战区', '创建人': '傅望舒', '当前年': 2026, '当前月': 8, '食饮部': '87397', '客户经理': '萧云舟', '楼宇办公': '1573138', '层级级别': '客户经理', '工业健康': '262190', '当前日期': 21, '父级引用': [{'text': '27', 'type': 'text', 'table_id': 'tblfyIqpJcf4Rjyv', 'text_arr': ['27'], 'record_ids': ['recvdJ24i0zlsZ']}], '经营主体': '星澜集团总部', '1季度比例': '25%', '2季度比例': '25%', '3季度比例': '25%', '4季度比例': '25%', '任务维护人': '傅沐阳', '年度开单金额': 550099.93, '总任务承接人': '萧云舟', '总任务达成率': 0.250045422727273, '本月开单金额': -87833, '食饮部（万）': 10, '链接字段(勿删)': [{'text': '商用事业群;漠澜战区;凉州片区;萧云舟', 'type': 'text'}], '楼宇办公（万）': 180, '剩余分配百分比': 0, '工业健康（万）': 30, '当前月最后一天': 31, '总任务（金额）': '2313386', '战区总任务金额': 600000000, '本月当前目标阈值': 118279.569892473, '本月总目标（万）': 18.3333333333333, '食饮部待分配任务': 100000, '健康-年度开单金额': 0, '食饮-年度开单金额': 76810, '楼宇办公待分配任务': 1800000, '工业健康待分配任务': 300000, '当前月份任务达成率': -0.479089090909091, '本月开单金额（万）': -8.7833, '父级已审批金额-食饮': 115000000, '事业群剩余未分配金额': -591900000, '截止当天累计目标阈值': 1398356.16438356, '本月当前目标阈值 (万)': 11.8279569892473, '楼宇办公-年度开单金额': 473289.93, '战区已分配金额-食饮': 115000000, '行业线已分配金额-食饮': 105000000, '截止当前目标阈值达成率': 0.393390427997649, '片区已分配金额-食饮部': 6500000, '健康-年度开单金额（万）': 0, '年度阈值/开单差额（万）': -84.8256234383562, '月度阈值/开单差额（万）': -20.6112569892473, '父级已审批金额-楼宇办公': 300000000, '父级已审批金额-工业健康': 40000000, '食饮-年度开单金额（万）': 7.681, '总金额转换（以万为单位）': 220, '总额的待分配任务（金额）': 2200000, '客户经理已分配金额-食饮部': 500000, '片区已分配金额-楼宇办公': 54600000, '片区已分配金额-工业健康': 8300000, '片区父级已审批金额-食饮': 2600000, '战区已分配金额-楼宇办公': 300000000, '战区已分配金额-工业健康': 40000000, '行业线已分配金额-楼宇办公': 30000000, '行业线已分配金额-工业健康': 10000000, '行业线父级已审批金额-食饮': 2600000, '事业群下派战区总任务金额': 600000000, '战区下派片区总任务金额': 16400000, '截止当天累计目标阈值（万）': 139.835616438356, '客户经理已分配金额-楼宇办公': 6800000, '客户经理已分配金额-工业健康': 800000, '楼宇办公-年度开单金额（万）': 47.328993, '片区下派客户经理总任务金额': 8100000, '客户经理父级已审批金额-食饮部': 500000, '片区父级已审批金额-楼宇办公': 60000000, '片区父级已审批金额-工业健康': 6800000, '行业线父级已审批金额-楼宇办公': 60000000, '行业线父级已审批金额-工业健康': 6800000, '年度开单金额转换（以万为单位）': 55.009993, '客户经理父级已审批金额-楼宇办公': 6800000, '客户经理父级已审批金额-工业健康': 800000}",2026-08-21 17:04:35.666689,2026-08-21 17:04:35.666689,2026-08-21 17:04:35.666689
79,recvdJyRRBAq5L,"{'2601': 975000, '2602': 975000, '2603': 975000, '2604': 975000, '公式': 2.56410256410256e-07, '状态': '待确认', '编号': '89', '事业群': '商用事业群', '片区': '朔西片区', '战区': '漠澜战区', '创建人': '傅望舒', '当前年': 2026, '当前月': 8, '食饮部': '196432', '客户经理': '萧书瑶', '楼宇办公': '3241125', '层级级别': '客户经理', '工业健康': '392864', '当前日期': 21, '父级引用': [{'text': '30', 'type': 'text', 'table_id': 'tblfyIqpJcf4Rjyv', 'text_arr': ['30'], 'record_ids': ['recvdJ2nulD1ap']}], '经营主体': '星澜集团总部', '1季度比例': '25%', '2季度比例': '25%', '3季度比例': '25%', '4季度比例': '25%', '任务维护人': '萧书瑶', '年度开单金额': 1005876.4, '总任务承接人': '萧书瑶', '总任务达成率': 0.257917025641026, '本月开单金额': 0, '食饮部（万）': 20, '链接字段(勿删)': [{'text': '商用事业群;漠澜战区;朔西片区;萧书瑶', 'type': 'text'}], '楼宇办公（万）': 330, '剩余分配百分比': 0, '工业健康（万）': 40, '当前月最后一天': 31, '总任务（金额）': '3324768', '战区总任务金额': 600000000, '本月当前目标阈值': 209677.419354839, '本月总目标（万）': 32.5, '食饮部待分配任务': 200000, '健康-年度开单金额': 38100, '食饮-年度开单金额': 820, '楼宇办公待分配任务': 3300000, '工业健康待分配任务': 400000, '当前月份任务达成率': 0, '本月开单金额（万）': 0, '父级已审批金额-食饮': 115000000, '事业群剩余未分配金额': -591900000, '截止当天累计目标阈值': 2478904.10958904, '本月当前目标阈值 (万)': 20.9677419354839, '楼宇办公-年度开单金额': 966956.4, '战区已分配金额-食饮': 115000000, '行业线已分配金额-食饮': 105000000, '截止当前目标阈值达成率': 0.405774630857648, '片区已分配金额-食饮部': 6500000, '健康-年度开单金额（万）': 3.81, '年度阈值/开单差额（万）': -147.302770958904, '月度阈值/开单差额（万）': -20.9677419354839, '父级已审批金额-楼宇办公': 300000000, '父级已审批金额-工业健康': 40000000, '食饮-年度开单金额（万）': 0.082, '总金额转换（以万为单位）': 390, '总额的待分配任务（金额）': 3900000, '客户经理已分配金额-食饮部': 400000, '片区已分配金额-楼宇办公': 54600000, '片区已分配金额-工业健康': 8300000, '片区父级已审批金额-食饮': 2600000, '战区已分配金额-楼宇办公': 300000000, '战区已分配金额-工业健康': 40000000, '行业线已分配金额-楼宇办公': 30000000, '行业线已分配金额-工业健康': 10000000, '行业线父级已审批金额-食饮': 2600000, '事业群下派战区总任务金额': 600000000, '战区下派片区总任务金额': 16400000, '截止当天累计目标阈值（万）': 247.890410958904, '客户经理已分配金额-楼宇办公': 6900000, '客户经理已分配金额-工业健康': 800000, '楼宇办公-年度开单金额（万）': 96.69564, '片区下派客户经理总任务金额': 8100000, '客户经理父级已审批金额-食饮部': 500000, '片区父级已审批金额-楼宇办公': 60000000, '片区父级已审批金额-工业健康': 6800000, '行业线父级已审批金额-楼宇办公': 60000000, '行业线父级已审批金额-工业健康': 6800000, '年度开单金额转换（以万为单位）': 100.58764, '客户经理父级已审批金额-楼宇办公': 6600000, '客户经理父级已审批金额-工业健康': 1000000}",2026-08-21 17:04:35.666689,2026-08-21 17:04:35.666689,2026-08-21 17:04:35.666689
80,recvdJyRRBjowX,"{'2601': 1050000, '2602': 1050000, '2603': 1050000, '2604': 1050000, '公式': 2.38095238095238e-07, '状态': '待确认', '编号': '90', '事业群': '商用事业群', '片区': '朔西片区', '战区': '漠澜战区', '创建人': '傅望舒', '当前年': 2026, '当前月': 8, '食饮部': '268737', '客户经理': '萧望舒', '楼宇办公': '4837274', '层级级别': '客户经理', '工业健康': '537475', '当前日期': 21, '父级引用': [{'text': '30', 'type': 'text', 'table_id': 'tblfyIqpJcf4Rjyv', 'text_arr': ['30'], 'record_ids': ['recvdJ2nulD1ap']}], '经营主体': '星澜集团总部', '1季度比例': '25%', '2季度比例': '25%', '3季度比例': '25%', '4季度比例': '25%', '任务维护人': '萧书瑶', '年度开单金额': 2402889.31, '总任务承接人': '萧望舒', '总任务达成率': 0.572116502380952, '本月开单金额': 129527, '食饮部（万）': 20, '链接字段(勿删)': [{'text': '商用事业群;漠澜战区;朔西片区;萧望舒', 'type': 'text'}], '楼宇办公（万）': 360, '剩余分配百分比': 0, '工业健康（万）': 40, '当前月最后一天': 31, '总任务（金额）': '3609047', '战区总任务金额': 600000000, '本月当前目标阈值': 225806.451612903, '本月总目标（万）': 35, '食饮部待分配任务': 200000, '健康-年度开单金额': 431059.89, '食饮-年度开单金额': 165990, '楼宇办公待分配任务': 3600000, '工业健康待分配任务': 400000, '当前月份任务达成率': 0.370077142857143, '本月开单金额（万）': 12.9527, '父级已审批金额-食饮': 115000000, '事业群剩余未分配金额': -591900000, '截止当天累计目标阈值': 2669589.04109589, '本月当前目标阈值 (万)': 22.5806451612903, '楼宇办公-年度开单金额': 1805839.42, '战区已分配金额-食饮': 115000000, '行业线已分配金额-食饮': 105000000, '截止当前目标阈值达成率': 0.900097083487274, '片区已分配金额-食饮部': 6500000, '健康-年度开单金额（万）': 43.105989, '年度阈值/开单差额（万）': -26.6699731095891, '月度阈值/开单差额（万）': -9.62794516129032, '父级已审批金额-楼宇办公': 300000000, '父级已审批金额-工业健康': 40000000, '食饮-年度开单金额（万）': 16.599, '总金额转换（以万为单位）': 420, '总额的待分配任务（金额）': 4200000, '客户经理已分配金额-食饮部': 400000, '片区已分配金额-楼宇办公': 54600000, '片区已分配金额-工业健康': 8300000, '片区父级已审批金额-食饮': 2600000, '战区已分配金额-楼宇办公': 300000000, '战区已分配金额-工业健康': 40000000, '行业线已分配金额-楼宇办公': 30000000, '行业线已分配金额-工业健康': 10000000, '行业线父级已审批金额-食饮': 2600000, '事业群下派战区总任务金额': 600000000, '战区下派片区总任务金额': 16400000, '截止当天累计目标阈值（万）': 266.958904109589, '客户经理已分配金额-楼宇办公': 6900000, '客户经理已分配金额-工业健康': 800000, '楼宇办公-年度开单金额（万）': 180.583942, '片区下派客户经理总任务金额': 8100000, '客户经理父级已审批金额-食饮部': 500000, '片区父级已审批金额-楼宇办公': 60000000, '片区父级已审批金额-工业健康': 6800000, '行业线父级已审批金额-楼宇办公': 60000000, '行业线父级已审批金额-工业健康': 6800000, '年度开单金额转换（以万为单位）': 240.288931, '客户经理父级已审批金额-楼宇办公': 6600000, '客户经理父级已审批金额-工业健康': 1000000}",2026-08-21 17:04:35.666689,2026-08-21 17:04:35.666689,2026-08-21 17:04:35.666689
81,recvdJyRRBJyuk,"{'2601': 1925000, '2602': 1925000, '2603': 1925000, '2604': 1925000, '公式': 1.2987012987013e-07, '状态': '待确认', '编号': '91', '事业群': '商用事业群', '片区': '秦澜片区', '战区': '漠澜战区', '创建人': '傅望舒', '当前年': 2026, '当前月': 8, '食饮部': '765169', '客户经理': '萧亦辰', '楼宇办公': '5451829', '层级级别': '客户经理', '工业健康': '1147754', '当前日期': 21, '父级引用': [{'text': '21', 'type': 'text', 'table_id': 'tblfyIqpJcf4Rjyv', 'text_arr': ['21'], 'record_ids': ['recvdJ0WcVB7Su', 'recvdJyRRBwxRM']}], '经营主体': '星澜集团总部', '1季度比例': '25%', '2季度比例': '25%', '3季度比例': '25%', '4季度比例': '25%', '任务维护人': '萧亦辰', '年度开单金额': 3577896.18, '总任务承接人': '萧亦辰', '总任务达成率': 0.464661841558442, '本月开单金额': 110860, '食饮部（万）': 80, '链接字段(勿删)': [{'text': '商用事业群;漠澜战区;秦澜片区;萧亦辰', 'type': 'text'}], '楼宇办公（万）': 570, '剩余分配百分比': 0, '工业健康（万）': 120, '当前月最后一天': 31, '总任务（金额）': '8596207', '战区总任务金额': 600000000, '本月当前目标阈值': 413978.494623656, '本月总目标（万）': 64.1666666666667, '食饮部待分配任务': 800000, '健康-年度开单金额': 0, '食饮-年度开单金额': 27495, '楼宇办公待分配任务': 5700000, '工业健康待分配任务': 1200000, '当前月份任务达成率': 0.172768831168831, '本月开单金额（万）': 11.086, '父级已审批金额-食饮': 115000000, '事业群剩余未分配金额': -586000000, '截止当天累计目标阈值': 4894246.57534247, '本月当前目标阈值 (万)': 41.3978494623656, '楼宇办公-年度开单金额': 3550401.18, '战区已分配金额-食饮': 115000000, '行业线已分配金额-食饮': 105000000, '截止当前目标阈值达成率': 0.73104125934841, '片区已分配金额-食饮部': 6500000, '健康-年度开单金额（万）': 0, '年度阈值/开单差额（万）': -131.635039534247, '月度阈值/开单差额（万）': -30.3118494623656, '父级已审批金额-楼宇办公': 300000000, '父级已审批金额-工业健康': 40000000, '食饮-年度开单金额（万）': 2.7495, '总金额转换（以万为单位）': 770, '总额的待分配任务（金额）': 7700000, '客户经理已分配金额-食饮部': 1200000, '片区已分配金额-楼宇办公': 54600000, '片区已分配金额-工业健康': 8300000, '片区父级已审批金额-食饮': 2600000, '战区已分配金额-楼宇办公': 300000000, '战区已分配金额-工业健康': 40000000, '行业线已分配金额-楼宇办公': 30000000, '行业线已分配金额-工业健康': 10000000, '行业线父级已审批金额-食饮': 2600000, '事业群下派战区总任务金额': 600000000, '战区下派片区总任务金额': 16400000, '截止当天累计目标阈值（万）': 489.424657534247, '客户经理已分配金额-楼宇办公': 10800000, '客户经理已分配金额-工业健康': 2000000, '楼宇办公-年度开单金额（万）': 355.040118, '片区下派客户经理总任务金额': 14000000, '客户经理父级已审批金额-食饮部': 1200000, '片区父级已审批金额-楼宇办公': 60000000, '片区父级已审批金额-工业健康': 6800000, '行业线父级已审批金额-楼宇办公': 60000000, '行业线父级已审批金额-工业健康': 6800000, '年度开单金额转换（以万为单位）': 357.789618, '客户经理父级已审批金额-楼宇办公': 10800000, '客户经理父级已审批金额-工业健康': 2000000}",2026-08-21 17:04:35.666689,2026-08-21 17:04:35.666689,2026-08-21 17:04:35.666689
82,recvdJyRRBTRCK,"{'2601': 700000, '2602': 700000, '2603': 700000, '2604': 700000, '公式': 3.57142857142857e-07, '状态': '待确认', '编号': '92', '事业群': '商用事业群', '片区': '秦澜片区', '战区': '漠澜战区', '创建人': '傅望舒', '当前年': 2026, '当前月': 8, '食饮部': '156766', '客户经理': '萧疏影', '楼宇办公': '1802806', '层级级别': '客户经理', '工业健康': '235149', '当前日期': 21, '父级引用': [{'text': '21', 'type': 'text', 'table_id': 'tblfyIqpJcf4Rjyv', 'text_arr': ['21'], 'record_ids': ['recvdJ0WcVB7Su', 'recvdJyRRBwxRM']}], '经营主体': '星澜集团总部', '1季度比例': '25%', '2季度比例': '25%', '3季度比例': '25%', '4季度比例': '25%', '任务维护人': '萧亦辰', '年度开单金额': 657624.1, '总任务承接人': '萧疏影', '总任务达成率': 0.23486575, '本月开单金额': 8072, '食饮部（万）': 20, '链接字段(勿删)': [{'text': '商用事业群;漠澜战区;秦澜片区;萧疏影', 'type': 'text'}], '楼宇办公（万）': 230, '剩余分配百分比': 0, '工业健康（万）': 30, '当前月最后一天': 31, '总任务（金额）': '1994584', '战区总任务金额': 600000000, '本月当前目标阈值': 150537.634408602, '本月总目标（万）': 23.3333333333333, '食饮部待分配任务': 200000, '健康-年度开单金额': 0, '食饮-年度开单金额': 116880, '楼宇办公待分配任务': 2300000, '工业健康待分配任务': 300000, '当前月份任务达成率': 0.0345942857142857, '本月开单金额（万）': 0.8072, '父级已审批金额-食饮': 115000000, '事业群剩余未分配金额': -586000000, '截止当天累计目标阈值': 1779726.02739726, '本月当前目标阈值 (万)': 15.0537634408602, '楼宇办公-年度开单金额': 540744.1, '战区已分配金额-食饮': 115000000, '行业线已分配金额-食饮': 105000000, '截止当前目标阈值达成率': 0.369508615301724, '片区已分配金额-食饮部': 6500000, '健康-年度开单金额（万）': 0, '年度阈值/开单差额（万）': -112.210192739726, '月度阈值/开单差额（万）': -14.2465634408602, '父级已审批金额-楼宇办公': 300000000, '父级已审批金额-工业健康': 40000000, '食饮-年度开单金额（万）': 11.688, '总金额转换（以万为单位）': 280, '总额的待分配任务（金额）': 2800000, '客户经理已分配金额-食饮部': 1200000, '片区已分配金额-楼宇办公': 54600000, '片区已分配金额-工业健康': 8300000, '片区父级已审批金额-食饮': 2600000, '战区已分配金额-楼宇办公': 300000000, '战区已分配金额-工业健康': 40000000, '行业线已分配金额-楼宇办公': 30000000, '行业线已分配金额-工业健康': 10000000, '行业线父级已审批金额-食饮': 2600000, '事业群下派战区总任务金额': 600000000, '战区下派片区总任务金额': 16400000, '截止当天累计目标阈值（万）': 177.972602739726, '客户经理已分配金额-楼宇办公': 10800000, '客户经理已分配金额-工业健康': 2000000, '楼宇办公-年度开单金额（万）': 54.07441, '片区下派客户经理总任务金额': 14000000, '客户经理父级已审批金额-食饮部': 1200000, '片区父级已审批金额-楼宇办公': 60000000, '片区父级已审批金额-工业健康': 6800000, '行业线父级已审批金额-楼宇办公': 60000000, '行业线父级已审批金额-工业健康': 6800000, '年度开单金额转换（以万为单位）': 65.76241, '客户经理父级已审批金额-楼宇办公': 10800000, '客户经理父级已审批金额-工业健康': 2000000}",2026-08-21 17:04:35.666689,2026-08-21 17:04:35.666689,2026-08-21 17:04:35.666689
83,recvdJyRRBCs8Q,"{'2601': 875000, '2602': 875000, '2603': 875000, '2604': 875000, '公式': 2.85714285714286e-07, '状态': '待确认', '编号': '93', '事业群': '商用事业群', '片区': '秦澜片区', '战区': '漠澜战区', '创建人': '傅望舒', '当前年': 2026, '当前月': 8, '食饮部': '286538', '客户经理': '程其琛', '楼宇办公': '4011536', '层级级别': '客户经理', '工业健康': '716346', '当前日期': 21, '父级引用': [{'text': '21', 'type': 'text', 'table_id': 'tblfyIqpJcf4Rjyv', 'text_arr': ['21'], 'record_ids': ['recvdJ0WcVB7Su', 'recvdJyRRBwxRM']}], '经营主体': '星澜集团总部', '1季度比例': '25%', '2季度比例': '25%', '3季度比例': '25%', '4季度比例': '25%', '任务维护人': '萧亦辰', '年度开单金额': 2699298.01, '总任务承接人': '程其琛', '总任务达成率': 0.771228002857143, '本月开单金额': 4740, '食饮部（万）': 20, '链接字段(勿删)': [{'text': '商用事业群;漠澜战区;秦澜片区;程其琛', 'type': 'text'}], '楼宇办公（万）': 280, '剩余分配百分比': 0, '工业健康（万）': 50, '当前月最后一天': 31, '总任务（金额）': '3671754', '战区总任务金额': 600000000, '本月当前目标阈值': 188172.043010753, '本月总目标（万）': 29.1666666666667, '食饮部待分配任务': 200000, '健康-年度开单金额': 1973658.69, '食饮-年度开单金额': 19600, '楼宇办公待分配任务': 2800000, '工业健康待分配任务': 500000, '当前月份任务达成率': 0.0162514285714286, '本月开单金额（万）': 0.474, '父级已审批金额-食饮': 115000000, '事业群剩余未分配金额': -586000000, '截止当天累计目标阈值': 2224657.53424658, '本月当前目标阈值 (万)': 18.8172043010753, '楼宇办公-年度开单金额': 706039.32, '战区已分配金额-食饮': 115000000, '行业线已分配金额-食饮': 105000000, '截止当前目标阈值达成率': 1.2133544010468, '片区已分配金额-食饮部': 6500000, '健康-年度开单金额（万）': 197.365869, '年度阈值/开单差额（万）': 47.4640475753424, '月度阈值/开单差额（万）': -18.3432043010753, '父级已审批金额-楼宇办公': 300000000, '父级已审批金额-工业健康': 40000000, '食饮-年度开单金额（万）': 1.96, '总金额转换（以万为单位）': 350, '总额的待分配任务（金额）': 3500000, '客户经理已分配金额-食饮部': 1200000, '片区已分配金额-楼宇办公': 54600000, '片区已分配金额-工业健康': 8300000, '片区父级已审批金额-食饮': 2600000, '战区已分配金额-楼宇办公': 300000000, '战区已分配金额-工业健康': 40000000, '行业线已分配金额-楼宇办公': 30000000, '行业线已分配金额-工业健康': 10000000, '行业线父级已审批金额-食饮': 2600000, '事业群下派战区总任务金额': 600000000, '战区下派片区总任务金额': 16400000, '截止当天累计目标阈值（万）': 222.465753424658, '客户经理已分配金额-楼宇办公': 10800000, '客户经理已分配金额-工业健康': 2000000, '楼宇办公-年度开单金额（万）': 70.603932, '片区下派客户经理总任务金额': 14000000, '客户经理父级已审批金额-食饮部': 1200000, '片区父级已审批金额-楼宇办公': 60000000, '片区父级已审批金额-工业健康': 6800000, '行业线父级已审批金额-楼宇办公': 60000000, '行业线父级已审批金额-工业健康': 6800000, '年度开单金额转换（以万为单位）': 269.929801, '客户经理父级已审批金额-楼宇办公': 10800000, '客户经理父级已审批金额-工业健康': 2000000}",2026-08-21 17:04:35.666689,2026-08-21 17:04:35.666689,2026-08-21 17:04:35.666689
84,recvdJyRRBxPOE,"{'2601': 1125000, '2602': 1125000, '2603': 1125000, '2604': 1125000, '公式': 2.22222222222222e-07, '状态': '待确认', '编号': '95', '事业群': '商用事业群', '片区': '碣石片区', '战区': '凛澜战区', '创建人': '傅望舒', '当前年': 2026, '当前月': 8, '食饮部': '84866', '客户经理': '傅亦辰', '楼宇办公': '3564372', '层级级别': '客户经理', '工业健康': '169732', '当前日期': 21, '父级引用': [{'text': '22', 'type': 'text', 'table_id': 'tblfyIqpJcf4Rjyv', 'text_arr': ['22'], 'record_ids': ['recvdJ1ej9uqNO']}], '经营主体': '星澜集团总部', '1季度比例': '25%', '2季度比例': '25%', '3季度比例': '25%', '4季度比例': '25%', '任务维护人': '顾承宇', '年度开单金额': 2455417.8, '总任务承接人': '傅亦辰', '总任务达成率': 0.5456484, '本月开单金额': 244745.8, '食饮部（万）': 10, '链接字段(勿删)': [{'text': '商用事业群;凛澜战区;碣石片区;傅亦辰', 'type': 'text'}], '楼宇办公（万）': 420, '剩余分配百分比': 0, '工业健康（万）': 20, '当前月最后一天': 31, '总任务（金额）': '4569637', '战区总任务金额': 600000000, '本月当前目标阈值': 241935.483870968, '本月总目标（万）': 37.5, '食饮部待分配任务': 100000, '健康-年度开单金额': 0, '食饮-年度开单金额': 82305, '楼宇办公待分配任务': 4200000, '工业健康待分配任务': 200000, '当前月份任务达成率': 0.652655466666667, '本月开单金额（万）': 24.47458, '父级已审批金额-食饮': 115000000, '事业群剩余未分配金额': -586200000, '截止当天累计目标阈值': 2860273.97260274, '本月当前目标阈值 (万)': 24.1935483870968, '楼宇办公-年度开单金额': 2373112.8, '战区已分配金额-食饮': 115000000, '行业线已分配金额-食饮': 105000000, '截止当前目标阈值达成率': 0.858455456896552, '片区已分配金额-食饮部': 2600000, '健康-年度开单金额（万）': 0, '年度阈值/开单差额（万）': -40.485617260274, '月度阈值/开单差额（万）': 0.281031612903227, '父级已审批金额-楼宇办公': 300000000, '父级已审批金额-工业健康': 40000000, '食饮-年度开单金额（万）': 8.2305, '总金额转换（以万为单位）': 450, '总额的待分配任务（金额）': 4500000, '客户经理已分配金额-食饮部': 200000, '片区已分配金额-楼宇办公': 55000000, '片区已分配金额-工业健康': 6000000, '片区父级已审批金额-食饮': 2600000, '战区已分配金额-楼宇办公': 300000000, '战区已分配金额-工业健康': 40000000, '行业线已分配金额-楼宇办公': 30000000, '行业线已分配金额-工业健康': 10000000, '行业线父级已审批金额-食饮': 2600000, '事业群下派战区总任务金额': 600000000, '战区下派片区总任务金额': 16400000, '截止当天累计目标阈值（万）': 286.027397260274, '客户经理已分配金额-楼宇办公': 13000000, '客户经理已分配金额-工业健康': 600000, '楼宇办公-年度开单金额（万）': 237.31128, '片区下派客户经理总任务金额': 13800000, '客户经理父级已审批金额-食饮部': 200000, '片区父级已审批金额-楼宇办公': 55000000, '片区父级已审批金额-工业健康': 6000000, '行业线父级已审批金额-楼宇办公': 55000000, '行业线父级已审批金额-工业健康': 6000000, '年度开单金额转换（以万为单位）': 245.54178, '客户经理父级已审批金额-楼宇办公': 13000000, '客户经理父级已审批金额-工业健康': 600000}",2026-08-21 17:04:35.666689,2026-08-21 17:04:35.666689,2026-08-21 17:04:35.666689
85,recvdJyRRBHwnP,"{'2601': 1200000, '2602': 1200000, '2603': 1200000, '2604': 1200000, '公式': 2.08333333333333e-07, '状态': '待确认', '编号': '96', '事业群': '商用事业群', '片区': '碣石片区', '战区': '凛澜战区', '创建人': '傅望舒', '当前年': 2026, '当前月': 8, '食饮部': '62739', '客户经理': '陆既明', '楼宇办公': '2823252', '层级级别': '客户经理', '工业健康': '125478', '当前日期': 21, '父级引用': [{'text': '22', 'type': 'text', 'table_id': 'tblfyIqpJcf4Rjyv', 'text_arr': ['22'], 'record_ids': ['recvdJ1ej9uqNO']}], '经营主体': '星澜集团总部', '1季度比例': '25%', '2季度比例': '25%', '3季度比例': '25%', '4季度比例': '25%', '任务维护人': '顾承宇', '年度开单金额': 2176942.56, '总任务承接人': '陆既明', '总任务达成率': 0.4535297, '本月开单金额': 310409.6, '食饮部（万）': 10, '链接字段(勿删)': [{'text': '商用事业群;凛澜战区;碣石片区;陆既明', 'type': 'text'}], '楼宇办公（万）': 450, '剩余分配百分比': 0, '工业健康（万）': 20, '当前月最后一天': 31, '总任务（金额）': '5914254', '战区总任务金额': 600000000, '本月当前目标阈值': 258064.516129032, '本月总目标（万）': 40, '食饮部待分配任务': 100000, '健康-年度开单金额': 125400, '食饮-年度开单金额': 127776, '楼宇办公待分配任务': 4500000, '工业健康待分配任务': 200000, '当前月份任务达成率': 0.776024, '本月开单金额（万）': 31.04096, '父级已审批金额-食饮': 115000000, '事业群剩余未分配金额': -586200000, '截止当天累计目标阈值': 3050958.90410959, '本月当前目标阈值 (万)': 25.8064516129032, '楼宇办公-年度开单金额': 1923766.56, '战区已分配金额-食饮': 115000000, '行业线已分配金额-食饮': 105000000, '截止当前目标阈值达成率': 0.713527329741379, '片区已分配金额-食饮部': 2600000, '健康-年度开单金额（万）': 12.54, '年度阈值/开单差额（万）': -87.4016344109589, '月度阈值/开单差额（万）': 5.23450838709677, '父级已审批金额-楼宇办公': 300000000, '父级已审批金额-工业健康': 40000000, '食饮-年度开单金额（万）': 12.7776, '总金额转换（以万为单位）': 480, '总额的待分配任务（金额）': 4800000, '客户经理已分配金额-食饮部': 200000, '片区已分配金额-楼宇办公': 55000000, '片区已分配金额-工业健康': 6000000, '片区父级已审批金额-食饮': 2600000, '战区已分配金额-楼宇办公': 300000000, '战区已分配金额-工业健康': 40000000, '行业线已分配金额-楼宇办公': 30000000, '行业线已分配金额-工业健康': 10000000, '行业线父级已审批金额-食饮': 2600000, '事业群下派战区总任务金额': 600000000, '战区下派片区总任务金额': 16400000, '截止当天累计目标阈值（万）': 305.095890410959, '客户经理已分配金额-楼宇办公': 13000000, '客户经理已分配金额-工业健康': 600000, '楼宇办公-年度开单金额（万）': 192.376656, '片区下派客户经理总任务金额': 13800000, '客户经理父级已审批金额-食饮部': 200000, '片区父级已审批金额-楼宇办公': 55000000, '片区父级已审批金额-工业健康': 6000000, '行业线父级已审批金额-楼宇办公': 55000000, '行业线父级已审批金额-工业健康': 6000000, '年度开单金额转换（以万为单位）': 217.694256, '客户经理父级已审批金额-楼宇办公': 13000000, '客户经理父级已审批金额-工业健康': 600000}",2026-08-21 17:04:35.666689,2026-08-21 17:04:35.666689,2026-08-21 17:04:35.666689
86,recvdJyRRBwv13,"{'2601': 1125000, '2602': 1125000, '2603': 1125000, '2604': 1125000, '公式': 2.22222222222222e-07, '状态': '待确认', '编号': '97', '事业群': '商用事业群', '片区': '碣石片区', '战区': '凛澜战区', '创建人': '傅望舒', '当前年': 2026, '当前月': 8, '食饮部': '0', '客户经理': '钟闻笛', '楼宇办公': '2531089', '层级级别': '客户经理', '工业健康': '117725', '当前日期': 21, '父级引用': [{'text': '22', 'type': 'text', 'table_id': 'tblfyIqpJcf4Rjyv', 'text_arr': ['22'], 'record_ids': ['recvdJ1ej9uqNO']}], '经营主体': '星澜集团总部', '1季度比例': '25%', '2季度比例': '25%', '3季度比例': '25%', '4季度比例': '25%', '任务维护人': '顾承宇', '年度开单金额': 708649.3, '总任务承接人': '顾承宇', '总任务达成率': 0.157477622222222, '本月开单金额': 142454, '食饮部（万）': 0, '链接字段(勿删)': [{'text': '商用事业群;凛澜战区;碣石片区;钟闻笛', 'type': 'text'}], '楼宇办公（万）': 430, '剩余分配百分比': 0, '工业健康（万）': 20, '当前月最后一天': 31, '总任务（金额）': '3556661', '战区总任务金额': 600000000, '本月当前目标阈值': 241935.483870968, '本月总目标（万）': 37.5, '食饮部待分配任务': 0, '健康-年度开单金额': 0, '食饮-年度开单金额': 65450, '楼宇办公待分配任务': 4300000, '工业健康待分配任务': 200000, '当前月份任务达成率': 0.379877333333333, '本月开单金额（万）': 14.2454, '父级已审批金额-食饮': 115000000, '事业群剩余未分配金额': -586200000, '截止当天累计目标阈值': 2860273.97260274, '本月当前目标阈值 (万)': 24.1935483870968, '楼宇办公-年度开单金额': 643199.3, '战区已分配金额-食饮': 115000000, '行业线已分配金额-食饮': 105000000, '截止当前目标阈值达成率': 0.247755741858238, '片区已分配金额-食饮部': 2600000, '健康-年度开单金额（万）': 0, '年度阈值/开单差额（万）': -215.162467260274, '月度阈值/开单差额（万）': -9.94814838709677, '父级已审批金额-楼宇办公': 300000000, '父级已审批金额-工业健康': 40000000, '食饮-年度开单金额（万）': 6.545, '总金额转换（以万为单位）': 450, '总额的待分配任务（金额）': 4500000, '客户经理已分配金额-食饮部': 200000, '片区已分配金额-楼宇办公': 55000000, '片区已分配金额-工业健康': 6000000, '片区父级已审批金额-食饮': 2600000, '战区已分配金额-楼宇办公': 300000000, '战区已分配金额-工业健康': 40000000, '行业线已分配金额-楼宇办公': 30000000, '行业线已分配金额-工业健康': 10000000, '行业线父级已审批金额-食饮': 2600000, '事业群下派战区总任务金额': 600000000, '战区下派片区总任务金额': 16400000, '截止当天累计目标阈值（万）': 286.027397260274, '客户经理已分配金额-楼宇办公': 13000000, '客户经理已分配金额-工业健康': 600000, '楼宇办公-年度开单金额（万）': 64.31993, '片区下派客户经理总任务金额': 13800000, '客户经理父级已审批金额-食饮部': 200000, '片区父级已审批金额-楼宇办公': 55000000, '片区父级已审批金额-工业健康': 6000000, '行业线父级已审批金额-楼宇办公': 55000000, '行业线父级已审批金额-工业健康': 6000000, '年度开单金额转换（以万为单位）': 70.86493, '客户经理父级已审批金额-楼宇办公': 13000000, '客户经理父级已审批金额-工业健康': 600000}",2026-08-21 17:04:35.666689,2026-08-21 17:04:35.666689,2026-08-21 17:04:35.666689
87,recvdJyRRBj8SD,"{'2601': 775000, '2602': 775000, '2603': 775000, '2604': 775000, '公式': 3.2258064516129e-07, '状态': '待确认', '编号': '98', '事业群': '商用事业群', '片区': '奉澜片区', '战区': '凛澜战区', '创建人': '傅望舒', '当前年': 2026, '当前月': 8, '食饮部': '0', '客户经理': '陆星野', '楼宇办公': '1778038', '层级级别': '客户经理', '工业健康': '0', '当前日期': 21, '父级引用': [{'text': '28', 'type': 'text', 'table_id': 'tblfyIqpJcf4Rjyv', 'text_arr': ['28'], 'record_ids': ['recvdJ25fb1wLO']}], '经营主体': '星澜集团总部', '1季度比例': '25%', '2季度比例': '25%', '3季度比例': '25%', '4季度比例': '25%', '任务维护人': '方维桢', '年度开单金额': 645930.1, '总任务承接人': '陆星野', '总任务达成率': 0.208364548387097, '本月开单金额': 4490, '食饮部（万）': 0, '链接字段(勿删)': [{'text': '商用事业群;凛澜战区;奉澜片区;陆星野', 'type': 'text'}], '楼宇办公（万）': 310, '剩余分配百分比': 0, '工业健康（万）': 0, '当前月最后一天': 31, '总任务（金额）': '2969453', '战区总任务金额': 600000000, '本月当前目标阈值': 166666.666666667, '本月总目标（万）': 25.8333333333333, '食饮部待分配任务': 0, '健康-年度开单金额': 39800, '食饮-年度开单金额': 59010, '楼宇办公待分配任务': 3100000, '工业健康待分配任务': 0, '当前月份任务达成率': 0.0173806451612903, '本月开单金额（万）': 0.449, '父级已审批金额-食饮': 115000000, '事业群剩余未分配金额': -589900000, '截止当天累计目标阈值': 1970410.95890411, '本月当前目标阈值 (万)': 16.6666666666667, '楼宇办公-年度开单金额': 547120.1, '战区已分配金额-食饮': 115000000, '行业线已分配金额-食饮': 105000000, '截止当前目标阈值达成率': 0.32781491448832, '片区已分配金额-食饮部': 2600000, '健康-年度开单金额（万）': 3.98, '年度阈值/开单差额（万）': -132.448085890411, '月度阈值/开单差额（万）': -16.2176666666667, '父级已审批金额-楼宇办公': 300000000, '父级已审批金额-工业健康': 40000000, '食饮-年度开单金额（万）': 5.901, '总金额转换（以万为单位）': 310, '总额的待分配任务（金额）': 3100000, '客户经理已分配金额-食饮部': 200000, '片区已分配金额-楼宇办公': 55000000, '片区已分配金额-工业健康': 6000000, '片区父级已审批金额-食饮': 2600000, '战区已分配金额-楼宇办公': 300000000, '战区已分配金额-工业健康': 40000000, '行业线已分配金额-楼宇办公': 30000000, '行业线已分配金额-工业健康': 10000000, '行业线父级已审批金额-食饮': 2600000, '事业群下派战区总任务金额': 600000000, '战区下派片区总任务金额': 16400000, '截止当天累计目标阈值（万）': 197.041095890411, '客户经理已分配金额-楼宇办公': 8900000, '客户经理已分配金额-工业健康': 1000000, '楼宇办公-年度开单金额（万）': 54.71201, '片区下派客户经理总任务金额': 10100000, '客户经理父级已审批金额-食饮部': 200000, '片区父级已审批金额-楼宇办公': 55000000, '片区父级已审批金额-工业健康': 6000000, '行业线父级已审批金额-楼宇办公': 55000000, '行业线父级已审批金额-工业健康': 6000000, '年度开单金额转换（以万为单位）': 64.59301, '客户经理父级已审批金额-楼宇办公': 8000000, '客户经理父级已审批金额-工业健康': 1900000}",2026-08-21 17:04:35.666689,2026-08-21 17:04:35.666689,2026-08-21 17:04:35.666689
88,recvdJyRRBHIcm,"{'2601': 537500, '2602': 537500, '2603': 537500, '2604': 537500, '公式': 4.65116279069767e-07, '状态': '待确认', '编号': '99', '事业群': '商用事业群', '片区': '奉澜片区', '战区': '凛澜战区', '创建人': '傅望舒', '当前年': 2026, '当前月': 8, '食饮部': '0', '客户经理': '顾闻笛', '楼宇办公': '2489164', '层级级别': '客户经理', '工业健康': '0', '当前日期': 21, '父级引用': [{'text': '28', 'type': 'text', 'table_id': 'tblfyIqpJcf4Rjyv', 'text_arr': ['28'], 'record_ids': ['recvdJ25fb1wLO']}], '经营主体': '星澜集团总部', '1季度比例': '25%', '2季度比例': '25%', '3季度比例': '25%', '4季度比例': '25%', '任务维护人': '方维桢', '年度开单金额': 145674.8, '总任务承接人': '顾闻笛', '总任务达成率': 0.0677557209302325, '本月开单金额': 0, '食饮部（万）': 0, '链接字段(勿删)': [{'text': '商用事业群;凛澜战区;奉澜片区;顾闻笛', 'type': 'text'}], '楼宇办公（万）': 215, '剩余分配百分比': 0, '工业健康（万）': 0, '当前月最后一天': 31, '总任务（金额）': '1507068', '战区总任务金额': 600000000, '本月当前目标阈值': 115591.397849462, '本月总目标（万）': 17.9166666666667, '食饮部待分配任务': 0, '健康-年度开单金额': 13020, '食饮-年度开单金额': 2150, '楼宇办公待分配任务': 2150000, '工业健康待分配任务': 0, '当前月份任务达成率': 0, '本月开单金额（万）': 0, '父级已审批金额-食饮': 115000000, '事业群剩余未分配金额': -589900000, '截止当天累计目标阈值': 1366575.34246575, '本月当前目标阈值 (万)': 11.5591397849462, '楼宇办公-年度开单金额': 130504.8, '战区已分配金额-食饮': 115000000, '行业线已分配金额-食饮': 105000000, '截止当前目标阈值达成率': 0.106598440256616, '片区已分配金额-食饮部': 2600000, '健康-年度开单金额（万）': 1.302, '年度阈值/开单差额（万）': -122.090054246575, '月度阈值/开单差额（万）': -11.5591397849462, '父级已审批金额-楼宇办公': 300000000, '父级已审批金额-工业健康': 40000000, '食饮-年度开单金额（万）': 0.215, '总金额转换（以万为单位）': 215, '总额的待分配任务（金额）': 2150000, '客户经理已分配金额-食饮部': 200000, '片区已分配金额-楼宇办公': 55000000, '片区已分配金额-工业健康': 6000000, '片区父级已审批金额-食饮': 2600000, '战区已分配金额-楼宇办公': 300000000, '战区已分配金额-工业健康': 40000000, '行业线已分配金额-楼宇办公': 30000000, '行业线已分配金额-工业健康': 10000000, '行业线父级已审批金额-食饮': 2600000, '事业群下派战区总任务金额': 600000000, '战区下派片区总任务金额': 16400000, '截止当天累计目标阈值（万）': 136.657534246575, '客户经理已分配金额-楼宇办公': 8900000, '客户经理已分配金额-工业健康': 1000000, '楼宇办公-年度开单金额（万）': 13.05048, '片区下派客户经理总任务金额': 10100000, '客户经理父级已审批金额-食饮部': 200000, '片区父级已审批金额-楼宇办公': 55000000, '片区父级已审批金额-工业健康': 6000000, '行业线父级已审批金额-楼宇办公': 55000000, '行业线父级已审批金额-工业健康': 6000000, '年度开单金额转换（以万为单位）': 14.56748, '客户经理父级已审批金额-楼宇办公': 8000000, '客户经理父级已审批金额-工业健康': 1900000}",2026-08-21 17:04:35.666689,2026-08-21 17:04:35.666689,2026-08-21 17:04:35.666689
89,recvdJyRRB8oa3,"{'2601': 1212500, '2602': 1212500, '2603': 1212500, '2604': 1212500, '公式': 2.06185567010309e-07, '状态': '待确认', '编号': '100', '事业群': '商用事业群', '片区': '奉澜片区', '战区': '凛澜战区', '创建人': '傅望舒', '当前年': 2026, '当前月': 8, '食饮部': '183840', '客户经理': '方维桢', '楼宇办公': '3355071', '层级级别': '客户经理', '工业健康': '919198', '当前日期': 21, '父级引用': [{'text': '28', 'type': 'text', 'table_id': 'tblfyIqpJcf4Rjyv', 'text_arr': ['28'], 'record_ids': ['recvdJ25fb1wLO']}], '经营主体': '星澜集团总部', '1季度比例': '25%', '2季度比例': '25%', '3季度比例': '25%', '4季度比例': '25%', '任务维护人': '方维桢', '年度开单金额': 2722453.28, '总任务承接人': '方维桢', '总任务达成率': 0.561330573195876, '本月开单金额': 251498, '食饮部（万）': 20, '链接字段(勿删)': [{'text': '商用事业群;凛澜战区;奉澜片区;方维桢', 'type': 'text'}], '楼宇办公（万）': 365, '剩余分配百分比': 0, '工业健康（万）': 100, '当前月最后一天': 31, '总任务（金额）': '4263044', '战区总任务金额': 600000000, '本月当前目标阈值': 260752.688172043, '本月总目标（万）': 40.4166666666667, '食饮部待分配任务': 200000, '健康-年度开单金额': 0, '食饮-年度开单金额': 64000.18, '楼宇办公待分配任务': 3650000, '工业健康待分配任务': 1000000, '当前月份任务达成率': 0.622263092783505, '本月开单金额（万）': 25.1498, '父级已审批金额-食饮': 115000000, '事业群剩余未分配金额': -589900000, '截止当天累计目标阈值': 3082739.7260274, '本月当前目标阈值 (万)': 26.0752688172043, '楼宇办公-年度开单金额': 2658453.1, '战区已分配金额-食饮': 115000000, '行业线已分配金额-食饮': 105000000, '截止当前目标阈值达成率': 0.883127841450409, '片区已分配金额-食饮部': 2600000, '健康-年度开单金额（万）': 0, '年度阈值/开单差额（万）': -36.0286446027397, '月度阈值/开单差额（万）': -0.925468817204301, '父级已审批金额-楼宇办公': 300000000, '父级已审批金额-工业健康': 40000000, '食饮-年度开单金额（万）': 6.400018, '总金额转换（以万为单位）': 485, '总额的待分配任务（金额）': 4850000, '客户经理已分配金额-食饮部': 200000, '片区已分配金额-楼宇办公': 55000000, '片区已分配金额-工业健康': 6000000, '片区父级已审批金额-食饮': 2600000, '战区已分配金额-楼宇办公': 300000000, '战区已分配金额-工业健康': 40000000, '行业线已分配金额-楼宇办公': 30000000, '行业线已分配金额-工业健康': 10000000, '行业线父级已审批金额-食饮': 2600000, '事业群下派战区总任务金额': 600000000, '战区下派片区总任务金额': 16400000, '截止当天累计目标阈值（万）': 308.27397260274, '客户经理已分配金额-楼宇办公': 8900000, '客户经理已分配金额-工业健康': 1000000, '楼宇办公-年度开单金额（万）': 265.84531, '片区下派客户经理总任务金额': 10100000, '客户经理父级已审批金额-食饮部': 200000, '片区父级已审批金额-楼宇办公': 55000000, '片区父级已审批金额-工业健康': 6000000, '行业线父级已审批金额-楼宇办公': 55000000, '行业线父级已审批金额-工业健康': 6000000, '年度开单金额转换（以万为单位）': 272.245328, '客户经理父级已审批金额-楼宇办公': 8000000, '客户经理父级已审批金额-工业健康': 1900000}",2026-08-21 17:04:35.666689,2026-08-21 17:04:35.666689,2026-08-21 17:04:35.666689
90,recvdJyRRBsRFI,"{'2601': 500000, '2602': 500000, '2603': 500000, '2604': 500000, '公式': 5e-07, '状态': '待确认', '编号': '101', '事业群': '商用事业群', '片区': '吉林片区', '战区': '凛澜战区', '创建人': '傅望舒', '当前年': 2026, '当前月': 8, '食饮部': '0', '客户经理': '袁星野', '楼宇办公': '1989015', '层级级别': '客户经理', '工业健康': '0', '当前日期': 21, '父级引用': [{'text': '29', 'type': 'text', 'table_id': 'tblfyIqpJcf4Rjyv', 'text_arr': ['29'], 'record_ids': ['recvdJ2gfDxXvJ']}], '经营主体': '星澜集团总部', '1季度比例': '25%', '2季度比例': '25%', '3季度比例': '25%', '4季度比例': '25%', '任务维护人': '方维桢', '年度开单金额': 323522.52, '总任务承接人': '袁星野', '总任务达成率': 0.16176126, '本月开单金额': 7810, '食饮部（万）': 0, '链接字段(勿删)': [{'text': '商用事业群;凛澜战区;吉林片区;袁星野', 'type': 'text'}], '楼宇办公（万）': 200, '剩余分配百分比': 0, '工业健康（万）': 0, '当前月最后一天': 31, '总任务（金额）': '1688810', '战区总任务金额': 600000000, '本月当前目标阈值': 107526.88172043, '本月总目标（万）': 16.6666666666667, '食饮部待分配任务': 0, '健康-年度开单金额': 0, '食饮-年度开单金额': 61750, '楼宇办公待分配任务': 2000000, '工业健康待分配任务': 0, '当前月份任务达成率': 0.04686, '本月开单金额（万）': 0.781, '父级已审批金额-食饮': 115000000, '事业群剩余未分配金额': -598000000, '截止当天累计目标阈值': 1271232.87671233, '本月当前目标阈值 (万)': 10.752688172043, '楼宇办公-年度开单金额': 261772.52, '战区已分配金额-食饮': 115000000, '行业线已分配金额-食饮': 105000000, '截止当前目标阈值达成率': 0.254495085775862, '片区已分配金额-食饮部': 2600000, '健康-年度开单金额（万）': 0, '年度阈值/开单差额（万）': -94.7710356712329, '月度阈值/开单差额（万）': -9.97168817204301, '父级已审批金额-楼宇办公': 300000000, '父级已审批金额-工业健康': 40000000, '食饮-年度开单金额（万）': 6.175, '总金额转换（以万为单位）': 200, '总额的待分配任务（金额）': 2000000, '客户经理已分配金额-食饮部': 0, '片区已分配金额-楼宇办公': 55000000, '片区已分配金额-工业健康': 6000000, '片区父级已审批金额-食饮': 2600000, '战区已分配金额-楼宇办公': 300000000, '战区已分配金额-工业健康': 40000000, '行业线已分配金额-楼宇办公': 30000000, '行业线已分配金额-工业健康': 10000000, '行业线父级已审批金额-食饮': 2600000, '事业群下派战区总任务金额': 600000000, '战区下派片区总任务金额': 16400000, '截止当天累计目标阈值（万）': 127.123287671233, '客户经理已分配金额-楼宇办公': 2000000, '客户经理已分配金额-工业健康': 0, '楼宇办公-年度开单金额（万）': 26.177252, '片区下派客户经理总任务金额': 2000000, '客户经理父级已审批金额-食饮部': 0, '片区父级已审批金额-楼宇办公': 55000000, '片区父级已审批金额-工业健康': 6000000, '行业线父级已审批金额-楼宇办公': 55000000, '行业线父级已审批金额-工业健康': 6000000, '年度开单金额转换（以万为单位）': 32.352252, '客户经理父级已审批金额-楼宇办公': 2000000, '客户经理父级已审批金额-工业健康': 0}",2026-08-21 17:04:35.666689,2026-08-21 17:04:35.666689,2026-08-21 17:04:35.666689
91,recvdJyRRB1EIJ,"{'2601': 2500000, '2602': 2500000, '2603': 2500000, '2604': 2500000, '公式': 1e-07, '状态': '待确认', '编号': '102', '事业群': '商用事业群', '片区': '珩京片区', '战区': '凛澜战区', '创建人': '傅望舒', '当前年': 2026, '当前月': 8, '食饮部': '0', '客户经理': '秦沐阳', '楼宇办公': '11420947', '层级级别': '客户经理', '工业健康': '475873', '当前日期': 21, '父级引用': [{'text': '20', 'type': 'text', 'table_id': 'tblfyIqpJcf4Rjyv', 'text_arr': ['20'], 'record_ids': ['recvdJ0CNt8zSu']}], '经营主体': '星澜集团总部', '1季度比例': '25%', '2季度比例': '25%', '3季度比例': '25%', '4季度比例': '25%', '任务维护人': '秦沐阳', '年度开单金额': 5127225.36, '总任务承接人': '秦沐阳', '总任务达成率': 0.512722536, '本月开单金额': 417947, '食饮部（万）': 0, '链接字段(勿删)': [{'text': '商用事业群;凛澜战区;珩京片区;秦沐阳', 'type': 'text'}], '楼宇办公（万）': 960, '剩余分配百分比': 0, '工业健康（万）': 40, '当前月最后一天': 31, '总任务（金额）': '11969690', '战区总任务金额': 600000000, '本月当前目标阈值': 537634.408602151, '本月总目标（万）': 83.3333333333333, '食饮部待分配任务': 0, '健康-年度开单金额': 85600, '食饮-年度开单金额': 275216.18, '楼宇办公待分配任务': 9600000, '工业健康待分配任务': 400000, '当前月份任务达成率': 0.5015364, '本月开单金额（万）': 41.7947, '父级已审批金额-食饮': 115000000, '事业群剩余未分配金额': -576400000, '截止当天累计目标阈值': 6356164.38356164, '本月当前目标阈值 (万)': 53.763440860215, '楼宇办公-年度开单金额': 4766409.18, '战区已分配金额-食饮': 115000000, '行业线已分配金额-食饮': 105000000, '截止当前目标阈值达成率': 0.806653989827586, '片区已分配金额-食饮部': 2600000, '健康-年度开单金额（万）': 8.56, '年度阈值/开单差额（万）': -122.893902356165, '月度阈值/开单差额（万）': -11.968740860215, '父级已审批金额-楼宇办公': 300000000, '父级已审批金额-工业健康': 40000000, '食饮-年度开单金额（万）': 27.521618, '总金额转换（以万为单位）': 1000, '总额的待分配任务（金额）': 10000000, '客户经理已分配金额-食饮部': 2000000, '片区已分配金额-楼宇办公': 55000000, '片区已分配金额-工业健康': 6000000, '片区父级已审批金额-食饮': 2600000, '战区已分配金额-楼宇办公': 300000000, '战区已分配金额-工业健康': 40000000, '行业线已分配金额-楼宇办公': 30000000, '行业线已分配金额-工业健康': 10000000, '行业线父级已审批金额-食饮': 2600000, '事业群下派战区总任务金额': 600000000, '战区下派片区总任务金额': 16400000, '截止当天累计目标阈值（万）': 635.616438356165, '客户经理已分配金额-楼宇办公': 20000000, '客户经理已分配金额-工业健康': 1600000, '楼宇办公-年度开单金额（万）': 476.640918, '片区下派客户经理总任务金额': 23600000, '客户经理父级已审批金额-食饮部': 2000000, '片区父级已审批金额-楼宇办公': 55000000, '片区父级已审批金额-工业健康': 6000000, '行业线父级已审批金额-楼宇办公': 55000000, '行业线父级已审批金额-工业健康': 6000000, '年度开单金额转换（以万为单位）': 512.722536, '客户经理父级已审批金额-楼宇办公': 20000000, '客户经理父级已审批金额-工业健康': 1600000}",2026-08-21 17:04:35.666689,2026-08-21 17:04:35.666689,2026-08-21 17:04:35.666689
92,recvdJyRRBcfzW,"{'2601': 1500000, '2602': 1500000, '2603': 1500000, '2604': 1500000, '公式': 1.66666666666667e-07, '状态': '待确认', '编号': '103', '事业群': '商用事业群', '片区': '珩京片区', '战区': '凛澜战区', '创建人': '傅望舒', '当前年': 2026, '当前月': 8, '食饮部': '0', '客户经理': '叶静姝', '楼宇办公': '3911447', '层级级别': '客户经理', '工业健康': '434605', '当前日期': 21, '父级引用': [{'text': '20', 'type': 'text', 'table_id': 'tblfyIqpJcf4Rjyv', 'text_arr': ['20'], 'record_ids': ['recvdJ0CNt8zSu']}], '经营主体': '星澜集团总部', '1季度比例': '25%', '2季度比例': '25%', '3季度比例': '25%', '4季度比例': '25%', '任务维护人': '秦沐阳', '年度开单金额': 4252650.18, '总任务承接人': '叶静姝', '总任务达成率': 0.70877503, '本月开单金额': 281248.18, '食饮部（万）': 0, '链接字段(勿删)': [{'text': '商用事业群;凛澜战区;珩京片区;叶静姝', 'type': 'text'}], '楼宇办公（万）': 540, '剩余分配百分比': 0, '工业健康（万）': 60, '当前月最后一天': 31, '总任务（金额）': '5311915', '战区总任务金额': 600000000, '本月当前目标阈值': 322580.64516129, '本月总目标（万）': 50, '食饮部待分配任务': 0, '健康-年度开单金额': 1251950, '食饮-年度开单金额': 47125.18, '楼宇办公待分配任务': 5400000, '工业健康待分配任务': 600000, '当前月份任务达成率': 0.56249636, '本月开单金额（万）': 28.124818, '父级已审批金额-食饮': 115000000, '事业群剩余未分配金额': -576400000, '截止当天累计目标阈值': 3813698.63013699, '本月当前目标阈值 (万)': 32.258064516129, '楼宇办公-年度开单金额': 2953575, '战区已分配金额-食饮': 115000000, '行业线已分配金额-食饮': 105000000, '截止当前目标阈值达成率': 1.11509864633621, '片区已分配金额-食饮部': 2600000, '健康-年度开单金额（万）': 125.195, '年度阈值/开单差额（万）': 43.8951549863013, '月度阈值/开单差额（万）': -4.13324651612903, '父级已审批金额-楼宇办公': 300000000, '父级已审批金额-工业健康': 40000000, '食饮-年度开单金额（万）': 4.712518, '总金额转换（以万为单位）': 600, '总额的待分配任务（金额）': 6000000, '客户经理已分配金额-食饮部': 2000000, '片区已分配金额-楼宇办公': 55000000, '片区已分配金额-工业健康': 6000000, '片区父级已审批金额-食饮': 2600000, '战区已分配金额-楼宇办公': 300000000, '战区已分配金额-工业健康': 40000000, '行业线已分配金额-楼宇办公': 30000000, '行业线已分配金额-工业健康': 10000000, '行业线父级已审批金额-食饮': 2600000, '事业群下派战区总任务金额': 600000000, '战区下派片区总任务金额': 16400000, '截止当天累计目标阈值（万）': 381.369863013699, '客户经理已分配金额-楼宇办公': 20000000, '客户经理已分配金额-工业健康': 1600000, '楼宇办公-年度开单金额（万）': 295.3575, '片区下派客户经理总任务金额': 23600000, '客户经理父级已审批金额-食饮部': 2000000, '片区父级已审批金额-楼宇办公': 55000000, '片区父级已审批金额-工业健康': 6000000, '行业线父级已审批金额-楼宇办公': 55000000, '行业线父级已审批金额-工业健康': 6000000, '年度开单金额转换（以万为单位）': 425.265018, '客户经理父级已审批金额-楼宇办公': 20000000, '客户经理父级已审批金额-工业健康': 1600000}",2026-08-21 17:04:35.666689,2026-08-21 17:04:35.666689,2026-08-21 17:04:35.666689
93,recvdJyRRBsZcC,"{'2601': 1400000, '2602': 1400000, '2603': 1400000, '2604': 1400000, '公式': 1.78571428571429e-07, '状态': '待确认', '编号': '104', '事业群': '商用事业群', '片区': '珩京片区', '战区': '凛澜战区', '创建人': '傅望舒', '当前年': 2026, '当前月': 8, '食饮部': '0', '客户经理': '萧观澜', '楼宇办公': '6235766', '层级级别': '客户经理', '工业健康': '748292', '当前日期': 21, '父级引用': [{'text': '20', 'type': 'text', 'table_id': 'tblfyIqpJcf4Rjyv', 'text_arr': ['20'], 'record_ids': ['recvdJ0CNt8zSu']}], '经营主体': '星澜集团总部', '1季度比例': '25%', '2季度比例': '25%', '3季度比例': '25%', '4季度比例': '25%', '任务维护人': '秦沐阳', '年度开单金额': 2054296.03, '总任务承接人': '萧观澜', '总任务达成率': 0.366838576785714, '本月开单金额': -242392, '食饮部（万）': 0, '链接字段(勿删)': [{'text': '商用事业群;凛澜战区;珩京片区;萧观澜', 'type': 'text'}], '楼宇办公（万）': 500, '剩余分配百分比': 0, '工业健康（万）': 60, '当前月最后一天': 31, '总任务（金额）': '4436910', '战区总任务金额': 600000000, '本月当前目标阈值': 301075.268817204, '本月总目标（万）': 46.6666666666667, '食饮部待分配任务': 0, '健康-年度开单金额': 0, '食饮-年度开单金额': 22200, '楼宇办公待分配任务': 5000000, '工业健康待分配任务': 600000, '当前月份任务达成率': -0.519411428571429, '本月开单金额（万）': -24.2392, '父级已审批金额-食饮': 115000000, '事业群剩余未分配金额': -576400000, '截止当天累计目标阈值': 3559452.05479452, '本月当前目标阈值 (万)': 30.1075268817204, '楼宇办公-年度开单金额': 2032096.03, '战区已分配金额-食饮': 115000000, '行业线已分配金额-食饮': 105000000, '截止当前目标阈值达成率': 0.577138278132697, '片区已分配金额-食饮部': 2600000, '健康-年度开单金额（万）': 0, '年度阈值/开单差额（万）': -150.515602479452, '月度阈值/开单差额（万）': -54.3467268817204, '父级已审批金额-楼宇办公': 300000000, '父级已审批金额-工业健康': 40000000, '食饮-年度开单金额（万）': 2.22, '总金额转换（以万为单位）': 560, '总额的待分配任务（金额）': 5600000, '客户经理已分配金额-食饮部': 2000000, '片区已分配金额-楼宇办公': 55000000, '片区已分配金额-工业健康': 6000000, '片区父级已审批金额-食饮': 2600000, '战区已分配金额-楼宇办公': 300000000, '战区已分配金额-工业健康': 40000000, '行业线已分配金额-楼宇办公': 30000000, '行业线已分配金额-工业健康': 10000000, '行业线父级已审批金额-食饮': 2600000, '事业群下派战区总任务金额': 600000000, '战区下派片区总任务金额': 16400000, '截止当天累计目标阈值（万）': 355.945205479452, '客户经理已分配金额-楼宇办公': 20000000, '客户经理已分配金额-工业健康': 1600000, '楼宇办公-年度开单金额（万）': 203.209603, '片区下派客户经理总任务金额': 23600000, '客户经理父级已审批金额-食饮部': 2000000, '片区父级已审批金额-楼宇办公': 55000000, '片区父级已审批金额-工业健康': 6000000, '行业线父级已审批金额-楼宇办公': 55000000, '行业线父级已审批金额-工业健康': 6000000, '年度开单金额转换（以万为单位）': 205.429603, '客户经理父级已审批金额-楼宇办公': 20000000, '客户经理父级已审批金额-工业健康': 1600000}",2026-08-21 17:04:35.666689,2026-08-21 17:04:35.666689,2026-08-21 17:04:35.666689
94,recvdJyRRBigO7,"{'2601': 500000, '2602': 500000, '2603': 500000, '2604': 500000, '公式': 5e-07, '状态': '待确认', '编号': '105', '事业群': '商用事业群', '片区': '珩京片区', '战区': '凛澜战区', '创建人': '傅望舒', '当前年': 2026, '当前月': 8, '食饮部': '1625317', '客户经理': '方沐阳', '楼宇办公': '0', '层级级别': '客户经理', '工业健康': '0', '当前日期': 21, '父级引用': [{'text': '20', 'type': 'text', 'table_id': 'tblfyIqpJcf4Rjyv', 'text_arr': ['20'], 'record_ids': ['recvdJ0CNt8zSu']}], '经营主体': '星澜集团总部', '1季度比例': '25%', '2季度比例': '25%', '3季度比例': '25%', '4季度比例': '25%', '任务维护人': '秦沐阳', '年度开单金额': 979691.75, '总任务承接人': '方沐阳', '总任务达成率': 0.489845875, '本月开单金额': 100521, '食饮部（万）': 200, '链接字段(勿删)': [{'text': '商用事业群;凛澜战区;珩京片区;方沐阳', 'type': 'text'}], '楼宇办公（万）': 0, '剩余分配百分比': 0, '工业健康（万）': 0, '当前月最后一天': 31, '总任务（金额）': '1709989', '战区总任务金额': 600000000, '本月当前目标阈值': 107526.88172043, '本月总目标（万）': 16.6666666666667, '食饮部待分配任务': 2000000, '健康-年度开单金额': 27400, '食饮-年度开单金额': 735299, '楼宇办公待分配任务': 0, '工业健康待分配任务': 0, '当前月份任务达成率': 0.603126, '本月开单金额（万）': 10.0521, '父级已审批金额-食饮': 115000000, '事业群剩余未分配金额': -576400000, '截止当天累计目标阈值': 1271232.87671233, '本月当前目标阈值 (万)': 10.752688172043, '楼宇办公-年度开单金额': 216992.75, '战区已分配金额-食饮': 115000000, '行业线已分配金额-食饮': 105000000, '截止当前目标阈值达成率': 0.770662691271552, '片区已分配金额-食饮部': 2600000, '健康-年度开单金额（万）': 2.74, '年度阈值/开单差额（万）': -29.1541126712329, '月度阈值/开单差额（万）': -0.700588172043011, '父级已审批金额-楼宇办公': 300000000, '父级已审批金额-工业健康': 40000000, '食饮-年度开单金额（万）': 73.5299, '总金额转换（以万为单位）': 200, '总额的待分配任务（金额）': 2000000, '客户经理已分配金额-食饮部': 2000000, '片区已分配金额-楼宇办公': 55000000, '片区已分配金额-工业健康': 6000000, '片区父级已审批金额-食饮': 2600000, '战区已分配金额-楼宇办公': 300000000, '战区已分配金额-工业健康': 40000000, '行业线已分配金额-楼宇办公': 30000000, '行业线已分配金额-工业健康': 10000000, '行业线父级已审批金额-食饮': 2600000, '事业群下派战区总任务金额': 600000000, '战区下派片区总任务金额': 16400000, '截止当天累计目标阈值（万）': 127.123287671233, '客户经理已分配金额-楼宇办公': 20000000, '客户经理已分配金额-工业健康': 1600000, '楼宇办公-年度开单金额（万）': 21.699275, '片区下派客户经理总任务金额': 23600000, '客户经理父级已审批金额-食饮部': 2000000, '片区父级已审批金额-楼宇办公': 55000000, '片区父级已审批金额-工业健康': 6000000, '行业线父级已审批金额-楼宇办公': 55000000, '行业线父级已审批金额-工业健康': 6000000, '年度开单金额转换（以万为单位）': 97.969175, '客户经理父级已审批金额-楼宇办公': 20000000, '客户经理父级已审批金额-工业健康': 1600000}",2026-08-21 17:04:35.666689,2026-08-21 17:04:35.666689,2026-08-21 17:04:35.666689
95,recvdJyRRBigsL,"{'2601': 500000, '2602': 500000, '2603': 500000, '2604': 500000, '公式': 5e-07, '状态': '待确认', '编号': '106', '事业群': '商用事业群', '片区': '黑澜片区', '战区': '凛澜战区', '创建人': '傅望舒', '当前年': 2026, '当前月': 8, '食饮部': '0', '客户经理': '顾思成', '楼宇办公': '2671975', '层级级别': '客户经理', '工业健康': '0', '当前日期': 21, '父级引用': [{'text': '26', 'type': 'text', 'table_id': 'tblfyIqpJcf4Rjyv', 'text_arr': ['26'], 'record_ids': ['recvdJ1QJd55yR']}], '经营主体': '星澜集团总部', '1季度比例': '25%', '2季度比例': '25%', '3季度比例': '25%', '4季度比例': '25%', '任务维护人': '顾思成', '年度开单金额': 742517.3, '总任务承接人': '顾思成', '总任务达成率': 0.37125865, '本月开单金额': 2457, '食饮部（万）': 0, '链接字段(勿删)': [{'text': '商用事业群;凛澜战区;黑澜片区;顾思成', 'type': 'text'}], '楼宇办公（万）': 200, '剩余分配百分比': 0, '工业健康（万）': 0, '当前月最后一天': 31, '总任务（金额）': '2429571', '战区总任务金额': 600000000, '本月当前目标阈值': 107526.88172043, '本月总目标（万）': 16.6666666666667, '食饮部待分配任务': 0, '健康-年度开单金额': 22960, '食饮-年度开单金额': 105250, '楼宇办公待分配任务': 2000000, '工业健康待分配任务': 0, '当前月份任务达成率': 0.014742, '本月开单金额（万）': 0.2457, '父级已审批金额-食饮': 115000000, '事业群剩余未分配金额': -598000000, '截止当天累计目标阈值': 1271232.87671233, '本月当前目标阈值 (万)': 10.752688172043, '楼宇办公-年度开单金额': 614307.3, '战区已分配金额-食饮': 115000000, '行业线已分配金额-食饮': 105000000, '截止当前目标阈值达成率': 0.58409227262931, '片区已分配金额-食饮部': 2600000, '健康-年度开单金额（万）': 2.296, '年度阈值/开单差额（万）': -52.8715576712329, '月度阈值/开单差额（万）': -10.506988172043, '父级已审批金额-楼宇办公': 300000000, '父级已审批金额-工业健康': 40000000, '食饮-年度开单金额（万）': 10.525, '总金额转换（以万为单位）': 200, '总额的待分配任务（金额）': 2000000, '客户经理已分配金额-食饮部': 0, '片区已分配金额-楼宇办公': 55000000, '片区已分配金额-工业健康': 6000000, '片区父级已审批金额-食饮': 2600000, '战区已分配金额-楼宇办公': 300000000, '战区已分配金额-工业健康': 40000000, '行业线已分配金额-楼宇办公': 30000000, '行业线已分配金额-工业健康': 10000000, '行业线父级已审批金额-食饮': 2600000, '事业群下派战区总任务金额': 600000000, '战区下派片区总任务金额': 16400000, '截止当天累计目标阈值（万）': 127.123287671233, '客户经理已分配金额-楼宇办公': 2000000, '客户经理已分配金额-工业健康': 0, '楼宇办公-年度开单金额（万）': 61.43073, '片区下派客户经理总任务金额': 2000000, '客户经理父级已审批金额-食饮部': 0, '片区父级已审批金额-楼宇办公': 55000000, '片区父级已审批金额-工业健康': 6000000, '行业线父级已审批金额-楼宇办公': 55000000, '行业线父级已审批金额-工业健康': 6000000, '年度开单金额转换（以万为单位）': 74.25173, '客户经理父级已审批金额-楼宇办公': 2000000, '客户经理父级已审批金额-工业健康': 0}",2026-08-21 17:04:35.666689,2026-08-21 17:04:35.666689,2026-08-21 17:04:35.666689
96,recvdJyRRBL7gm,"{'2601': 3025000, '2602': 3025000, '2603': 3025000, '2604': 3025000, '公式': 8.26446280991736e-08, '状态': '待确认', '编号': '108', '事业群': '商用事业群', '片区': '朔蒙片区', '战区': '凛澜战区', '创建人': '傅望舒', '当前年': 2026, '当前月': 8, '食饮部': '270645', '客户经理': '邓书瑶', '楼宇办公': '13532236', '层级级别': '客户经理', '工业健康': '2571125', '当前日期': 21, '父级引用': [{'text': '24', 'type': 'text', 'table_id': 'tblfyIqpJcf4Rjyv', 'text_arr': ['24'], 'record_ids': ['recvdJ1y2u6y5N', 'recvdJyRRBlspA']}], '经营主体': '星澜集团总部', '1季度比例': '25%', '2季度比例': '25%', '3季度比例': '25%', '4季度比例': '25%', '任务维护人': '邓书瑶', '年度开单金额': 1906338.4, '总任务承接人': '邓书瑶', '总任务达成率': 0.157548628099174, '本月开单金额': -29800, '食饮部（万）': 20, '链接字段(勿删)': [{'text': '商用事业群;凛澜战区;朔蒙片区;邓书瑶', 'type': 'text'}], '楼宇办公（万）': 1000, '剩余分配百分比': 0, '工业健康（万）': 190, '当前月最后一天': 31, '总任务（金额）': '14786355', '战区总任务金额': 600000000, '本月当前目标阈值': 650537.634408602, '本月总目标（万）': 100.833333333333, '食饮部待分配任务': 200000, '健康-年度开单金额': 0, '食饮-年度开单金额': 45750, '楼宇办公待分配任务': 10000000, '工业健康待分配任务': 1900000, '当前月份任务达成率': -0.0295537190082645, '本月开单金额（万）': -2.98, '父级已审批金额-食饮': 115000000, '事业群剩余未分配金额': -587900000, '截止当天累计目标阈值': 7690958.90410959, '本月当前目标阈值 (万)': 65.0537634408602, '楼宇办公-年度开单金额': 1860588.4, '战区已分配金额-食饮': 115000000, '行业线已分配金额-食饮': 105000000, '截止当前目标阈值达成率': 0.24786745369051, '片区已分配金额-食饮部': 2600000, '健康-年度开单金额（万）': 0, '年度阈值/开单差额（万）': -578.462050410959, '月度阈值/开单差额（万）': -68.0337634408602, '父级已审批金额-楼宇办公': 300000000, '父级已审批金额-工业健康': 40000000, '食饮-年度开单金额（万）': 4.575, '总金额转换（以万为单位）': 1210, '总额的待分配任务（金额）': 12100000, '客户经理已分配金额-食饮部': 200000, '片区已分配金额-楼宇办公': 55000000, '片区已分配金额-工业健康': 6000000, '片区父级已审批金额-食饮': 2600000, '战区已分配金额-楼宇办公': 300000000, '战区已分配金额-工业健康': 40000000, '行业线已分配金额-楼宇办公': 30000000, '行业线已分配金额-工业健康': 10000000, '行业线父级已审批金额-食饮': 2600000, '事业群下派战区总任务金额': 600000000, '战区下派片区总任务金额': 16400000, '截止当天累计目标阈值（万）': 769.095890410959, '客户经理已分配金额-楼宇办公': 10000000, '客户经理已分配金额-工业健康': 1900000, '楼宇办公-年度开单金额（万）': 186.05884, '片区下派客户经理总任务金额': 12100000, '客户经理父级已审批金额-食饮部': 200000, '片区父级已审批金额-楼宇办公': 55000000, '片区父级已审批金额-工业健康': 6000000, '行业线父级已审批金额-楼宇办公': 55000000, '行业线父级已审批金额-工业健康': 6000000, '年度开单金额转换（以万为单位）': 190.63384, '客户经理父级已审批金额-楼宇办公': 10000000, '客户经理父级已审批金额-工业健康': 1900000}",2026-08-21 17:04:35.666689,2026-08-21 17:04:35.666689,2026-08-21 17:04:35.666689
97,recvdJyRRBIaxa,"{'2601': 2275000, '2602': 2275000, '2603': 2275000, '2604': 2275000, '公式': 1.0989010989011e-07, '状态': '待确认', '编号': '109', '事业群': '商用事业群', '片区': '潮澜片区', '战区': '淼澜战区', '创建人': '傅望舒', '当前年': 2026, '当前月': 8, '食饮部': '64886', '客户经理': '萧慕白', '楼宇办公': '10446696', '层级级别': '客户经理', '工业健康': '1297726', '当前日期': 21, '父级引用': [{'text': '35', 'type': 'text', 'table_id': 'tblfyIqpJcf4Rjyv', 'text_arr': ['35'], 'record_ids': ['recvdJ4mTVhy5X']}], '经营主体': '星澜集团总部', '1季度比例': '25%', '2季度比例': '25%', '3季度比例': '25%', '4季度比例': '25%', '任务维护人': '萧见山', '年度开单金额': 5814993.79, '总任务承接人': '萧慕白', '总任务达成率': 0.639010306593407, '本月开单金额': 891146.499999999, '食饮部（万）': 5, '链接字段(勿删)': [{'text': '商用事业群;淼澜战区;潮澜片区;萧慕白', 'type': 'text'}], '楼宇办公（万）': 805, '剩余分配百分比': 0, '工业健康（万）': 100, '当前月最后一天': 31, '总任务（金额）': '6523237', '战区总任务金额': 600000000, '本月当前目标阈值': 489247.311827957, '本月总目标（万）': 75.8333333333333, '食饮部待分配任务': 50000, '健康-年度开单金额': 29800, '食饮-年度开单金额': 148368, '楼宇办公待分配任务': 8050000, '工业健康待分配任务': 1000000, '当前月份任务达成率': 1.17513824175824, '本月开单金额（万）': 89.1146499999999, '父级已审批金额-食饮': 115000000, '事业群剩余未分配金额': -571500000, '截止当天累计目标阈值': 5784109.5890411, '本月当前目标阈值 (万)': 48.9247311827957, '楼宇办公-年度开单金额': 5636825.79, '战区已分配金额-食饮': 115000000, '行业线已分配金额-食饮': 105000000, '截止当前目标阈值达成率': 1.0053394909767, '片区已分配金额-食饮部': 2600000, '健康-年度开单金额（万）': 2.98, '年度阈值/开单差额（万）': 3.08842009589034, '月度阈值/开单差额（万）': 40.1899188172042, '父级已审批金额-楼宇办公': 300000000, '父级已审批金额-工业健康': 40000000, '食饮-年度开单金额（万）': 14.8368, '总金额转换（以万为单位）': 910, '总额的待分配任务（金额）': 9100000, '客户经理已分配金额-食饮部': 200000, '片区已分配金额-楼宇办公': 70000000, '片区已分配金额-工业健康': 9400000, '片区父级已审批金额-食饮': 2600000, '战区已分配金额-楼宇办公': 300000000, '战区已分配金额-工业健康': 40000000, '行业线已分配金额-楼宇办公': 30000000, '行业线已分配金额-工业健康': 10000000, '行业线父级已审批金额-食饮': 2600000, '事业群下派战区总任务金额': 600000000, '战区下派片区总任务金额': 16400000, '截止当天累计目标阈值（万）': 578.41095890411, '客户经理已分配金额-楼宇办公': 25100000, '客户经理已分配金额-工业健康': 3200000, '楼宇办公-年度开单金额（万）': 563.682579, '片区下派客户经理总任务金额': 28500000, '客户经理父级已审批金额-食饮部': 200000, '片区父级已审批金额-楼宇办公': 70000000, '片区父级已审批金额-工业健康': 9400000, '行业线父级已审批金额-楼宇办公': 70000000, '行业线父级已审批金额-工业健康': 9400000, '年度开单金额转换（以万为单位）': 581.499379, '客户经理父级已审批金额-楼宇办公': 25100000, '客户经理父级已审批金额-工业健康': 3200000}",2026-08-21 17:04:35.666689,2026-08-21 17:04:35.666689,2026-08-21 17:04:35.666689
98,recvdJyRRB57FF,"{'2601': 1400000, '2602': 1400000, '2603': 1400000, '2604': 1400000, '公式': 1.78571428571429e-07, '状态': '待确认', '编号': '110', '事业群': '商用事业群', '片区': '潮澜片区', '战区': '淼澜战区', '创建人': '傅望舒', '当前年': 2026, '当前月': 8, '食饮部': '37649', '客户经理': '苏景行', '楼宇办公': '3162553', '层级级别': '客户经理', '工业健康': '2070719', '当前日期': 21, '父级引用': [{'text': '35', 'type': 'text', 'table_id': 'tblfyIqpJcf4Rjyv', 'text_arr': ['35'], 'record_ids': ['recvdJ4mTVhy5X']}], '经营主体': '星澜集团总部', '1季度比例': '25%', '2季度比例': '25%', '3季度比例': '25%', '4季度比例': '25%', '任务维护人': '萧见山', '年度开单金额': 3751669.83, '总任务承接人': '苏景行', '总任务达成率': 0.669941041071429, '本月开单金额': 255247, '食饮部（万）': 4, '链接字段(勿删)': [{'text': '商用事业群;淼澜战区;潮澜片区;苏景行', 'type': 'text'}], '楼宇办公（万）': 336, '剩余分配百分比': 0, '工业健康（万）': 220, '当前月最后一天': 31, '总任务（金额）': '5875014', '战区总任务金额': 600000000, '本月当前目标阈值': 301075.268817204, '本月总目标（万）': 46.6666666666667, '食饮部待分配任务': 40000, '健康-年度开单金额': 0, '食饮-年度开单金额': 43906, '楼宇办公待分配任务': 3360000, '工业健康待分配任务': 2200000, '当前月份任务达成率': 0.546957857142857, '本月开单金额（万）': 25.5247, '父级已审批金额-食饮': 115000000, '事业群剩余未分配金额': -571500000, '截止当天累计目标阈值': 3559452.05479452, '本月当前目标阈值 (万)': 30.1075268817204, '楼宇办公-年度开单金额': 3707763.83, '战区已分配金额-食饮': 115000000, '行业线已分配金额-食饮': 105000000, '截止当前目标阈值达成率': 1.05400206892703, '片区已分配金额-食饮部': 2600000, '健康-年度开单金额（万）': 0, '年度阈值/开单差额（万）': 19.2217775205479, '月度阈值/开单差额（万）': -4.58282688172043, '父级已审批金额-楼宇办公': 300000000, '父级已审批金额-工业健康': 40000000, '食饮-年度开单金额（万）': 4.3906, '总金额转换（以万为单位）': 560, '总额的待分配任务（金额）': 5600000, '客户经理已分配金额-食饮部': 200000, '片区已分配金额-楼宇办公': 70000000, '片区已分配金额-工业健康': 9400000, '片区父级已审批金额-食饮': 2600000, '战区已分配金额-楼宇办公': 300000000, '战区已分配金额-工业健康': 40000000, '行业线已分配金额-楼宇办公': 30000000, '行业线已分配金额-工业健康': 10000000, '行业线父级已审批金额-食饮': 2600000, '事业群下派战区总任务金额': 600000000, '战区下派片区总任务金额': 16400000, '截止当天累计目标阈值（万）': 355.945205479452, '客户经理已分配金额-楼宇办公': 25100000, '客户经理已分配金额-工业健康': 3200000, '楼宇办公-年度开单金额（万）': 370.776383, '片区下派客户经理总任务金额': 28500000, '客户经理父级已审批金额-食饮部': 200000, '片区父级已审批金额-楼宇办公': 70000000, '片区父级已审批金额-工业健康': 9400000, '行业线父级已审批金额-楼宇办公': 70000000, '行业线父级已审批金额-工业健康': 9400000, '年度开单金额转换（以万为单位）': 375.166983, '客户经理父级已审批金额-楼宇办公': 25100000, '客户经理父级已审批金额-工业健康': 3200000}",2026-08-21 17:04:35.666689,2026-08-21 17:04:35.666689,2026-08-21 17:04:35.666689
99,recvdJyRRBG5g9,"{'2601': 750000, '2602': 750000, '2603': 750000, '2604': 750000, '公式': 3.33333333333333e-07, '状态': '待确认', '编号': '111', '事业群': '商用事业群', '片区': '潮澜片区', '战区': '淼澜战区', '创建人': '傅望舒', '当前年': 2026, '当前月': 8, '食饮部': '39183', '客户经理': '袁从周', '楼宇办公': '3879072', '层级级别': '客户经理', '工业健康': '0', '当前日期': 21, '父级引用': [{'text': '35', 'type': 'text', 'table_id': 'tblfyIqpJcf4Rjyv', 'text_arr': ['35'], 'record_ids': ['recvdJ4mTVhy5X']}], '经营主体': '星澜集团总部', '1季度比例': '25%', '2季度比例': '25%', '3季度比例': '25%', '4季度比例': '25%', '任务维护人': '萧见山', '年度开单金额': 1517435.03, '总任务承接人': '袁从周', '总任务达成率': 0.505811676666667, '本月开单金额': 319804, '食饮部（万）': 3, '链接字段(勿删)': [{'text': '商用事业群;淼澜战区;潮澜片区;袁从周', 'type': 'text'}], '楼宇办公（万）': 297, '剩余分配百分比': 0, '工业健康（万）': 0, '当前月最后一天': 31, '总任务（金额）': '2352216', '战区总任务金额': 600000000, '本月当前目标阈值': 161290.322580645, '本月总目标（万）': 25, '食饮部待分配任务': 30000, '健康-年度开单金额': 0, '食饮-年度开单金额': 128915, '楼宇办公待分配任务': 2970000, '工业健康待分配任务': 0, '当前月份任务达成率': 1.279216, '本月开单金额（万）': 31.9804, '父级已审批金额-食饮': 115000000, '事业群剩余未分配金额': -571500000, '截止当天累计目标阈值': 1906849.31506849, '本月当前目标阈值 (万)': 16.1290322580645, '楼宇办公-年度开单金额': 1388520.03, '战区已分配金额-食饮': 115000000, '行业线已分配金额-食饮': 105000000, '截止当前目标阈值达成率': 0.795781301652299, '片区已分配金额-食饮部': 2600000, '健康-年度开单金额（万）': 0, '年度阈值/开单差额（万）': -38.9414285068493, '月度阈值/开单差额（万）': 15.8513677419355, '父级已审批金额-楼宇办公': 300000000, '父级已审批金额-工业健康': 40000000, '食饮-年度开单金额（万）': 12.8915, '总金额转换（以万为单位）': 300, '总额的待分配任务（金额）': 3000000, '客户经理已分配金额-食饮部': 200000, '片区已分配金额-楼宇办公': 70000000, '片区已分配金额-工业健康': 9400000, '片区父级已审批金额-食饮': 2600000, '战区已分配金额-楼宇办公': 300000000, '战区已分配金额-工业健康': 40000000, '行业线已分配金额-楼宇办公': 30000000, '行业线已分配金额-工业健康': 10000000, '行业线父级已审批金额-食饮': 2600000, '事业群下派战区总任务金额': 600000000, '战区下派片区总任务金额': 16400000, '截止当天累计目标阈值（万）': 190.684931506849, '客户经理已分配金额-楼宇办公': 25100000, '客户经理已分配金额-工业健康': 3200000, '楼宇办公-年度开单金额（万）': 138.852003, '片区下派客户经理总任务金额': 28500000, '客户经理父级已审批金额-食饮部': 200000, '片区父级已审批金额-楼宇办公': 70000000, '片区父级已审批金额-工业健康': 9400000, '行业线父级已审批金额-楼宇办公': 70000000, '行业线父级已审批金额-工业健康': 9400000, '年度开单金额转换（以万为单位）': 151.743503, '客户经理父级已审批金额-楼宇办公': 25100000, '客户经理父级已审批金额-工业健康': 3200000}",2026-08-21 17:04:35.666689,2026-08-21 17:04:35.666689,2026-08-21 17:04:35.666689
100,recvdJyRRBpSuN,"{'2601': 1175000, '2602': 1175000, '2603': 1175000, '2604': 1175000, '公式': 2.12765957446809e-07, '状态': '待确认', '编号': '112', '事业群': '商用事业群', '片区': '潮澜片区', '战区': '淼澜战区', '创建人': '傅望舒', '当前年': 2026, '当前月': 8, '食饮部': '40790', '客户经理': '姜亦辰', '楼宇办公': '3793487', '层级级别': '客户经理', '工业健康': '0', '当前日期': 21, '父级引用': [{'text': '35', 'type': 'text', 'table_id': 'tblfyIqpJcf4Rjyv', 'text_arr': ['35'], 'record_ids': ['recvdJ4mTVhy5X']}], '经营主体': '星澜集团总部', '1季度比例': '25%', '2季度比例': '25%', '3季度比例': '25%', '4季度比例': '25%', '任务维护人': '萧见山', '年度开单金额': 2785317.98999999, '总任务承接人': '姜亦辰', '总任务达成率': 0.592620848936168, '本月开单金额': 167409, '食饮部（万）': 5, '链接字段(勿删)': [{'text': '商用事业群;淼澜战区;潮澜片区;姜亦辰', 'type': 'text'}], '楼宇办公（万）': 465, '剩余分配百分比': 0, '工业健康（万）': 0, '当前月最后一天': 31, '总任务（金额）': '5201581', '战区总任务金额': 600000000, '本月当前目标阈值': 252688.172043011, '本月总目标（万）': 39.1666666666667, '食饮部待分配任务': 50000, '健康-年度开单金额': 0, '食饮-年度开单金额': 13098, '楼宇办公待分配任务': 4650000, '工业健康待分配任务': 0, '当前月份任务达成率': 0.427427234042553, '本月开单金额（万）': 16.7409, '父级已审批金额-食饮': 115000000, '事业群剩余未分配金额': -571500000, '截止当天累计目标阈值': 2987397.26027397, '本月当前目标阈值 (万)': 25.2688172043011, '楼宇办公-年度开单金额': 2772219.98999999, '战区已分配金额-食饮': 115000000, '行业线已分配金额-食饮': 105000000, '截止当前目标阈值达成率': 0.932356076990092, '片区已分配金额-食饮部': 2600000, '健康-年度开单金额（万）': 0, '年度阈值/开单差额（万）': -20.2079270273983, '月度阈值/开单差额（万）': -8.52791720430108, '父级已审批金额-楼宇办公': 300000000, '父级已审批金额-工业健康': 40000000, '食饮-年度开单金额（万）': 1.3098, '总金额转换（以万为单位）': 470, '总额的待分配任务（金额）': 4700000, '客户经理已分配金额-食饮部': 200000, '片区已分配金额-楼宇办公': 70000000, '片区已分配金额-工业健康': 9400000, '片区父级已审批金额-食饮': 2600000, '战区已分配金额-楼宇办公': 300000000, '战区已分配金额-工业健康': 40000000, '行业线已分配金额-楼宇办公': 30000000, '行业线已分配金额-工业健康': 10000000, '行业线父级已审批金额-食饮': 2600000, '事业群下派战区总任务金额': 600000000, '战区下派片区总任务金额': 16400000, '截止当天累计目标阈值（万）': 298.739726027397, '客户经理已分配金额-楼宇办公': 25100000, '客户经理已分配金额-工业健康': 3200000, '楼宇办公-年度开单金额（万）': 277.221998999999, '片区下派客户经理总任务金额': 28500000, '客户经理父级已审批金额-食饮部': 200000, '片区父级已审批金额-楼宇办公': 70000000, '片区父级已审批金额-工业健康': 9400000, '行业线父级已审批金额-楼宇办公': 70000000, '行业线父级已审批金额-工业健康': 9400000, '年度开单金额转换（以万为单位）': 278.531798999999, '客户经理父级已审批金额-楼宇办公': 25100000, '客户经理父级已审批金额-工业健康': 3200000}",2026-08-21 17:04:35.666689,2026-08-21 17:04:35.666689,2026-08-21 17:04:35.666689
101,recvdJyRRBrRoc,"{'2601': 825000, '2602': 825000, '2603': 825000, '2604': 825000, '公式': 3.03030303030303e-07, '状态': '待确认', '编号': '113', '事业群': '商用事业群', '片区': '潮澜片区', '战区': '淼澜战区', '创建人': '傅望舒', '当前年': 2026, '当前月': 8, '食饮部': '20007', '客户经理': '谭听雨', '楼宇办公': '2180761', '层级级别': '客户经理', '工业健康': '0', '当前日期': 21, '父级引用': [{'text': '35', 'type': 'text', 'table_id': 'tblfyIqpJcf4Rjyv', 'text_arr': ['35'], 'record_ids': ['recvdJ4mTVhy5X']}], '经营主体': '星澜集团总部', '1季度比例': '25%', '2季度比例': '25%', '3季度比例': '25%', '4季度比例': '25%', '任务维护人': '萧见山', '年度开单金额': 2132163.6, '总任务承接人': '谭听雨', '总任务达成率': 0.646110181818182, '本月开单金额': 20070, '食饮部（万）': 3, '链接字段(勿删)': [{'text': '商用事业群;淼澜战区;潮澜片区;谭听雨', 'type': 'text'}], '楼宇办公（万）': 327, '剩余分配百分比': 0, '工业健康（万）': 0, '当前月最后一天': 31, '总任务（金额）': '2584509', '战区总任务金额': 600000000, '本月当前目标阈值': 177419.35483871, '本月总目标（万）': 27.5, '食饮部待分配任务': 30000, '健康-年度开单金额': 0, '食饮-年度开单金额': 6510, '楼宇办公待分配任务': 3270000, '工业健康待分配任务': 0, '当前月份任务达成率': 0.0729818181818182, '本月开单金额（万）': 2.007, '父级已审批金额-食饮': 115000000, '事业群剩余未分配金额': -571500000, '截止当天累计目标阈值': 2097534.24657534, '本月当前目标阈值 (万)': 17.741935483871, '楼宇办公-年度开单金额': 2125653.6, '战区已分配金额-食饮': 115000000, '行业线已分配金额-食饮': 105000000, '截止当前目标阈值达成率': 1.01650955329154, '片区已分配金额-食饮部': 2600000, '健康-年度开单金额（万）': 0, '年度阈值/开单差额（万）': 3.46293534246576, '月度阈值/开单差额（万）': -15.734935483871, '父级已审批金额-楼宇办公': 300000000, '父级已审批金额-工业健康': 40000000, '食饮-年度开单金额（万）': 0.651, '总金额转换（以万为单位）': 330, '总额的待分配任务（金额）': 3300000, '客户经理已分配金额-食饮部': 200000, '片区已分配金额-楼宇办公': 70000000, '片区已分配金额-工业健康': 9400000, '片区父级已审批金额-食饮': 2600000, '战区已分配金额-楼宇办公': 300000000, '战区已分配金额-工业健康': 40000000, '行业线已分配金额-楼宇办公': 30000000, '行业线已分配金额-工业健康': 10000000, '行业线父级已审批金额-食饮': 2600000, '事业群下派战区总任务金额': 600000000, '战区下派片区总任务金额': 16400000, '截止当天累计目标阈值（万）': 209.753424657534, '客户经理已分配金额-楼宇办公': 25100000, '客户经理已分配金额-工业健康': 3200000, '楼宇办公-年度开单金额（万）': 212.56536, '片区下派客户经理总任务金额': 28500000, '客户经理父级已审批金额-食饮部': 200000, '片区父级已审批金额-楼宇办公': 70000000, '片区父级已审批金额-工业健康': 9400000, '行业线父级已审批金额-楼宇办公': 70000000, '行业线父级已审批金额-工业健康': 9400000, '年度开单金额转换（以万为单位）': 213.21636, '客户经理父级已审批金额-楼宇办公': 25100000, '客户经理父级已审批金额-工业健康': 3200000}",2026-08-21 17:04:35.666689,2026-08-21 17:04:35.666689,2026-08-21 17:04:35.666689
102,recvdJyRRBaFgE,"{'2601': 700000, '2602': 700000, '2603': 700000, '2604': 700000, '公式': 3.57142857142857e-07, '状态': '待确认', '编号': '114', '事业群': '商用事业群', '片区': '潮澜片区', '战区': '淼澜战区', '创建人': '傅望舒', '当前年': 2026, '当前月': 8, '食饮部': '0', '客户经理': '萧见山', '楼宇办公': '3710766', '层级级别': '客户经理', '工业健康': '0', '当前日期': 21, '父级引用': [{'text': '35', 'type': 'text', 'table_id': 'tblfyIqpJcf4Rjyv', 'text_arr': ['35'], 'record_ids': ['recvdJ4mTVhy5X']}], '经营主体': '星澜集团总部', '1季度比例': '25%', '2季度比例': '25%', '3季度比例': '25%', '4季度比例': '25%', '任务维护人': '萧见山', '年度开单金额': 22230, '总任务承接人': '萧见山', '总任务达成率': 0.00793928571428571, '本月开单金额': 0, '食饮部（万）': 0, '链接字段(勿删)': [{'text': '商用事业群;淼澜战区;潮澜片区;萧见山', 'type': 'text'}], '楼宇办公（万）': 280, '剩余分配百分比': 0, '工业健康（万）': 0, '当前月最后一天': 31, '总任务（金额）': '2603851', '战区总任务金额': 600000000, '本月当前目标阈值': 150537.634408602, '本月总目标（万）': 23.3333333333333, '食饮部待分配任务': 0, '健康-年度开单金额': 0, '食饮-年度开单金额': 0, '楼宇办公待分配任务': 2800000, '工业健康待分配任务': 0, '当前月份任务达成率': 0, '本月开单金额（万）': 0, '父级已审批金额-食饮': 115000000, '事业群剩余未分配金额': -571500000, '截止当天累计目标阈值': 1779726.02739726, '本月当前目标阈值 (万)': 15.0537634408602, '楼宇办公-年度开单金额': 22230, '战区已分配金额-食饮': 115000000, '行业线已分配金额-食饮': 105000000, '截止当前目标阈值达成率': 0.0124906865763547, '片区已分配金额-食饮部': 2600000, '健康-年度开单金额（万）': 0, '年度阈值/开单差额（万）': -175.749602739726, '月度阈值/开单差额（万）': -15.0537634408602, '父级已审批金额-楼宇办公': 300000000, '父级已审批金额-工业健康': 40000000, '食饮-年度开单金额（万）': 0, '总金额转换（以万为单位）': 280, '总额的待分配任务（金额）': 2800000, '客户经理已分配金额-食饮部': 200000, '片区已分配金额-楼宇办公': 70000000, '片区已分配金额-工业健康': 9400000, '片区父级已审批金额-食饮': 2600000, '战区已分配金额-楼宇办公': 300000000, '战区已分配金额-工业健康': 40000000, '行业线已分配金额-楼宇办公': 30000000, '行业线已分配金额-工业健康': 10000000, '行业线父级已审批金额-食饮': 2600000, '事业群下派战区总任务金额': 600000000, '战区下派片区总任务金额': 16400000, '截止当天累计目标阈值（万）': 177.972602739726, '客户经理已分配金额-楼宇办公': 25100000, '客户经理已分配金额-工业健康': 3200000, '楼宇办公-年度开单金额（万）': 2.223, '片区下派客户经理总任务金额': 28500000, '客户经理父级已审批金额-食饮部': 200000, '片区父级已审批金额-楼宇办公': 70000000, '片区父级已审批金额-工业健康': 9400000, '行业线父级已审批金额-楼宇办公': 70000000, '行业线父级已审批金额-工业健康': 9400000, '年度开单金额转换（以万为单位）': 2.223, '客户经理父级已审批金额-楼宇办公': 25100000, '客户经理父级已审批金额-工业健康': 3200000}",2026-08-21 17:04:35.666689,2026-08-21 17:04:35.666689,2026-08-21 17:04:35.666689
103,recvdJyRRBczUE,"{'2601': 500000, '2602': 500000, '2603': 500000, '2604': 500000, '公式': 5e-07, '状态': '待确认', '编号': '115', '事业群': '商用事业群', '片区': '食饮', '战区': '淼澜战区', '创建人': '傅望舒', '当前年': 2026, '当前月': 8, '食饮部': '1641974', '客户经理': '陆攸宁', '楼宇办公': '0', '层级级别': '客户经理', '工业健康': '0', '当前日期': 21, '父级引用': [{'text': '41', 'type': 'text', 'table_id': 'tblfyIqpJcf4Rjyv', 'text_arr': ['41'], 'record_ids': ['recvdJ6bwCt6dB']}], '经营主体': '星澜集团总部', '1季度比例': '25%', '2季度比例': '25%', '3季度比例': '25%', '4季度比例': '25%', '任务维护人': '陆攸宁', '年度开单金额': 485907.7, '总任务承接人': '陆攸宁', '总任务达成率': 0.24295385, '本月开单金额': 32139.2, '食饮部（万）': 200, '链接字段(勿删)': [{'text': '商用事业群;淼澜战区;食饮;陆攸宁', 'type': 'text'}], '楼宇办公（万）': 0, '剩余分配百分比': 0, '工业健康（万）': 0, '当前月最后一天': 31, '总任务（金额）': '1582900', '战区总任务金额': 600000000, '本月当前目标阈值': 107526.88172043, '本月总目标（万）': 16.6666666666667, '食饮部待分配任务': 2000000, '健康-年度开单金额': 0, '食饮-年度开单金额': 481371.7, '楼宇办公待分配任务': 0, '工业健康待分配任务': 0, '当前月份任务达成率': 0.1928352, '本月开单金额（万）': 3.21392, '父级已审批金额-食饮': 115000000, '事业群剩余未分配金额': -598000000, '截止当天累计目标阈值': 1271232.87671233, '本月当前目标阈值 (万)': 10.752688172043, '楼宇办公-年度开单金额': 4536, '战区已分配金额-食饮': 115000000, '行业线已分配金额-食饮': 105000000, '截止当前目标阈值达成率': 0.382233427801724, '片区已分配金额-食饮部': 2600000, '健康-年度开单金额（万）': 0, '年度阈值/开单差额（万）': -78.5325176712329, '月度阈值/开单差额（万）': -7.53876817204301, '父级已审批金额-楼宇办公': 300000000, '父级已审批金额-工业健康': 40000000, '食饮-年度开单金额（万）': 48.13717, '总金额转换（以万为单位）': 200, '总额的待分配任务（金额）': 2000000, '客户经理已分配金额-食饮部': 2000000, '片区已分配金额-楼宇办公': 70000000, '片区已分配金额-工业健康': 9400000, '片区父级已审批金额-食饮': 2600000, '战区已分配金额-楼宇办公': 300000000, '战区已分配金额-工业健康': 40000000, '行业线已分配金额-楼宇办公': 30000000, '行业线已分配金额-工业健康': 10000000, '行业线父级已审批金额-食饮': 2600000, '事业群下派战区总任务金额': 600000000, '战区下派片区总任务金额': 16400000, '截止当天累计目标阈值（万）': 127.123287671233, '客户经理已分配金额-楼宇办公': 0, '客户经理已分配金额-工业健康': 0, '楼宇办公-年度开单金额（万）': 0.4536, '片区下派客户经理总任务金额': 2000000, '客户经理父级已审批金额-食饮部': 2000000, '片区父级已审批金额-楼宇办公': 70000000, '片区父级已审批金额-工业健康': 9400000, '行业线父级已审批金额-楼宇办公': 70000000, '行业线父级已审批金额-工业健康': 9400000, '年度开单金额转换（以万为单位）': 48.59077, '客户经理父级已审批金额-楼宇办公': 0, '客户经理父级已审批金额-工业健康': 0}",2026-08-21 17:04:35.666689,2026-08-21 17:04:35.666689,2026-08-21 17:04:35.666689
104,recvdJyRRBcaqH,"{'2601': 875000, '2602': 875000, '2603': 875000, '2604': 875000, '公式': 2.85714285714286e-07, '状态': '待确认', '编号': '116', '事业群': '商用事业群', '片区': '桂澜片区', '战区': '淼澜战区', '创建人': '傅望舒', '当前年': 2026, '当前月': 8, '食饮部': '27902', '客户经理': '邓知夏', '楼宇办公': '4436406', '层级级别': '客户经理', '工业健康': '418529', '当前日期': 21, '父级引用': [{'text': '37', 'type': 'text', 'table_id': 'tblfyIqpJcf4Rjyv', 'text_arr': ['37'], 'record_ids': ['recvdJ4CBs9wnC', 'recvdJyRRBhVdU']}], '经营主体': '星澜集团总部', '1季度比例': '25%', '2季度比例': '25%', '3季度比例': '25%', '4季度比例': '25%', '任务维护人': '汪亦然', '年度开单金额': 1068109.03, '总任务承接人': '邓知夏', '总任务达成率': 0.305174008571429, '本月开单金额': 56030, '食饮部（万）': 2, '链接字段(勿删)': [{'text': '商用事业群;淼澜战区;桂澜片区;邓知夏', 'type': 'text'}], '楼宇办公（万）': 318, '剩余分配百分比': 0, '工业健康（万）': 30, '当前月最后一天': 31, '总任务（金额）': '2884269', '战区总任务金额': 600000000, '本月当前目标阈值': 188172.043010753, '本月总目标（万）': 29.1666666666667, '食饮部待分配任务': 20000, '健康-年度开单金额': 0, '食饮-年度开单金额': 62455.53, '楼宇办公待分配任务': 3180000, '工业健康待分配任务': 300000, '当前月份任务达成率': 0.192102857142857, '本月开单金额（万）': 5.603, '父级已审批金额-食饮': 115000000, '事业群剩余未分配金额': -580500000, '截止当天累计目标阈值': 2224657.53424658, '本月当前目标阈值 (万)': 18.8172043010753, '楼宇办公-年度开单金额': 1005653.5, '战区已分配金额-食饮': 115000000, '行业线已分配金额-食饮': 105000000, '截止当前目标阈值达成率': 0.480122901416256, '片区已分配金额-食饮部': 2600000, '健康-年度开单金额（万）': 0, '年度阈值/开单差额（万）': -115.654850424658, '月度阈值/开单差额（万）': -13.2142043010753, '父级已审批金额-楼宇办公': 300000000, '父级已审批金额-工业健康': 40000000, '食饮-年度开单金额（万）': 6.245553, '总金额转换（以万为单位）': 350, '总额的待分配任务（金额）': 3500000, '客户经理已分配金额-食饮部': 100000, '片区已分配金额-楼宇办公': 70000000, '片区已分配金额-工业健康': 9400000, '片区父级已审批金额-食饮': 2600000, '战区已分配金额-楼宇办公': 300000000, '战区已分配金额-工业健康': 40000000, '行业线已分配金额-楼宇办公': 30000000, '行业线已分配金额-工业健康': 10000000, '行业线父级已审批金额-食饮': 2600000, '事业群下派战区总任务金额': 600000000, '战区下派片区总任务金额': 16400000, '截止当天累计目标阈值（万）': 222.465753424658, '客户经理已分配金额-楼宇办公': 17100000, '客户经理已分配金额-工业健康': 2300000, '楼宇办公-年度开单金额（万）': 100.56535, '片区下派客户经理总任务金额': 19500000, '客户经理父级已审批金额-食饮部': 100000, '片区父级已审批金额-楼宇办公': 70000000, '片区父级已审批金额-工业健康': 9400000, '行业线父级已审批金额-楼宇办公': 70000000, '行业线父级已审批金额-工业健康': 9400000, '年度开单金额转换（以万为单位）': 106.810903, '客户经理父级已审批金额-楼宇办公': 17100000, '客户经理父级已审批金额-工业健康': 2300000}",2026-08-21 17:04:35.666689,2026-08-21 17:04:35.666689,2026-08-21 17:04:35.666689
105,recvdJyRRBdUs1,"{'2601': 900000, '2602': 900000, '2603': 900000, '2604': 900000, '公式': 2.77777777777778e-07, '状态': '待确认', '编号': '117', '事业群': '商用事业群', '片区': '桂澜片区', '战区': '淼澜战区', '创建人': '傅望舒', '当前年': 2026, '当前月': 8, '食饮部': '25069', '客户经理': '叶思成', '楼宇办公': '3860629', '层级级别': '客户经理', '工业健康': '626725', '当前日期': 21, '父级引用': [{'text': '37', 'type': 'text', 'table_id': 'tblfyIqpJcf4Rjyv', 'text_arr': ['37'], 'record_ids': ['recvdJ4CBs9wnC', 'recvdJyRRBhVdU']}], '经营主体': '星澜集团总部', '1季度比例': '25%', '2季度比例': '25%', '3季度比例': '25%', '4季度比例': '25%', '任务维护人': '汪亦然', '年度开单金额': 2217634.75, '总任务承接人': '叶思成', '总任务达成率': 0.616009652777778, '本月开单金额': 198935, '食饮部（万）': 2, '链接字段(勿删)': [{'text': '商用事业群;淼澜战区;桂澜片区;叶思成', 'type': 'text'}], '楼宇办公（万）': 308, '剩余分配百分比': 0, '工业健康（万）': 50, '当前月最后一天': 31, '总任务（金额）': '3631823', '战区总任务金额': 600000000, '本月当前目标阈值': 193548.387096774, '本月总目标（万）': 30, '食饮部待分配任务': 20000, '健康-年度开单金额': 131640, '食饮-年度开单金额': 81254.5, '楼宇办公待分配任务': 3080000, '工业健康待分配任务': 500000, '当前月份任务达成率': 0.663116666666667, '本月开单金额（万）': 19.8935, '父级已审批金额-食饮': 115000000, '事业群剩余未分配金额': -580500000, '截止当天累计目标阈值': 2288219.17808219, '本月当前目标阈值 (万)': 19.3548387096774, '楼宇办公-年度开单金额': 2004740.25, '战区已分配金额-食饮': 115000000, '行业线已分配金额-食饮': 105000000, '截止当前目标阈值达成率': 0.969153117516762, '片区已分配金额-食饮部': 2600000, '健康-年度开单金额（万）': 13.164, '年度阈值/开单差额（万）': -7.05844280821918, '月度阈值/开单差额（万）': 0.53866129032258, '父级已审批金额-楼宇办公': 300000000, '父级已审批金额-工业健康': 40000000, '食饮-年度开单金额（万）': 8.12545, '总金额转换（以万为单位）': 360, '总额的待分配任务（金额）': 3600000, '客户经理已分配金额-食饮部': 100000, '片区已分配金额-楼宇办公': 70000000, '片区已分配金额-工业健康': 9400000, '片区父级已审批金额-食饮': 2600000, '战区已分配金额-楼宇办公': 300000000, '战区已分配金额-工业健康': 40000000, '行业线已分配金额-楼宇办公': 30000000, '行业线已分配金额-工业健康': 10000000, '行业线父级已审批金额-食饮': 2600000, '事业群下派战区总任务金额': 600000000, '战区下派片区总任务金额': 16400000, '截止当天累计目标阈值（万）': 228.821917808219, '客户经理已分配金额-楼宇办公': 17100000, '客户经理已分配金额-工业健康': 2300000, '楼宇办公-年度开单金额（万）': 200.474025, '片区下派客户经理总任务金额': 19500000, '客户经理父级已审批金额-食饮部': 100000, '片区父级已审批金额-楼宇办公': 70000000, '片区父级已审批金额-工业健康': 9400000, '行业线父级已审批金额-楼宇办公': 70000000, '行业线父级已审批金额-工业健康': 9400000, '年度开单金额转换（以万为单位）': 221.763475, '客户经理父级已审批金额-楼宇办公': 17100000, '客户经理父级已审批金额-工业健康': 2300000}",2026-08-21 17:04:35.666689,2026-08-21 17:04:35.666689,2026-08-21 17:04:35.666689
106,recvdJyRRBFMGb,"{'2601': 825000, '2602': 825000, '2603': 825000, '2604': 825000, '公式': 3.03030303030303e-07, '状态': '待确认', '编号': '118', '事业群': '商用事业群', '片区': '桂澜片区', '战区': '淼澜战区', '创建人': '傅望舒', '当前年': 2026, '当前月': 8, '食饮部': '14469', '客户经理': '谭慕白', '楼宇办公': '2011123', '层级级别': '客户经理', '工业健康': '361713', '当前日期': 21, '父级引用': [{'text': '37', 'type': 'text', 'table_id': 'tblfyIqpJcf4Rjyv', 'text_arr': ['37'], 'record_ids': ['recvdJ4CBs9wnC', 'recvdJyRRBhVdU']}], '经营主体': '星澜集团总部', '1季度比例': '25%', '2季度比例': '25%', '3季度比例': '25%', '4季度比例': '25%', '任务维护人': '汪亦然', '年度开单金额': 1575124, '总任务承接人': '谭慕白', '总任务达成率': 0.477310303030303, '本月开单金额': 11120, '食饮部（万）': 2, '链接字段(勿删)': [{'text': '商用事业群;淼澜战区;桂澜片区;谭慕白', 'type': 'text'}], '楼宇办公（万）': 278, '剩余分配百分比': 0, '工业健康（万）': 50, '当前月最后一天': 31, '总任务（金额）': '2844824', '战区总任务金额': 600000000, '本月当前目标阈值': 177419.35483871, '本月总目标（万）': 27.5, '食饮部待分配任务': 20000, '健康-年度开单金额': 0, '食饮-年度开单金额': 0, '楼宇办公待分配任务': 2780000, '工业健康待分配任务': 500000, '当前月份任务达成率': 0.0404363636363636, '本月开单金额（万）': 1.112, '父级已审批金额-食饮': 115000000, '事业群剩余未分配金额': -580500000, '截止当天累计目标阈值': 2097534.24657534, '本月当前目标阈值 (万)': 17.741935483871, '楼宇办公-年度开单金额': 1575124, '战区已分配金额-食饮': 115000000, '行业线已分配金额-食饮': 105000000, '截止当前目标阈值达成率': 0.750940778474399, '片区已分配金额-食饮部': 2600000, '健康-年度开单金额（万）': 0, '年度阈值/开单差额（万）': -52.2410246575342, '月度阈值/开单差额（万）': -16.629935483871, '父级已审批金额-楼宇办公': 300000000, '父级已审批金额-工业健康': 40000000, '食饮-年度开单金额（万）': 0, '总金额转换（以万为单位）': 330, '总额的待分配任务（金额）': 3300000, '客户经理已分配金额-食饮部': 100000, '片区已分配金额-楼宇办公': 70000000, '片区已分配金额-工业健康': 9400000, '片区父级已审批金额-食饮': 2600000, '战区已分配金额-楼宇办公': 300000000, '战区已分配金额-工业健康': 40000000, '行业线已分配金额-楼宇办公': 30000000, '行业线已分配金额-工业健康': 10000000, '行业线父级已审批金额-食饮': 2600000, '事业群下派战区总任务金额': 600000000, '战区下派片区总任务金额': 16400000, '截止当天累计目标阈值（万）': 209.753424657534, '客户经理已分配金额-楼宇办公': 17100000, '客户经理已分配金额-工业健康': 2300000, '楼宇办公-年度开单金额（万）': 157.5124, '片区下派客户经理总任务金额': 19500000, '客户经理父级已审批金额-食饮部': 100000, '片区父级已审批金额-楼宇办公': 70000000, '片区父级已审批金额-工业健康': 9400000, '行业线父级已审批金额-楼宇办公': 70000000, '行业线父级已审批金额-工业健康': 9400000, '年度开单金额转换（以万为单位）': 157.5124, '客户经理父级已审批金额-楼宇办公': 17100000, '客户经理父级已审批金额-工业健康': 2300000}",2026-08-21 17:04:35.666689,2026-08-21 17:04:35.666689,2026-08-21 17:04:35.666689
107,recvdJyRRBsNY4,"{'2601': 1675000, '2602': 1675000, '2603': 1675000, '2604': 1675000, '公式': 1.49253731343284e-07, '状态': '待确认', '编号': '119', '事业群': '商用事业群', '片区': '桂澜片区', '战区': '淼澜战区', '创建人': '傅望舒', '当前年': 2026, '当前月': 8, '食饮部': '19369', '客户经理': '汪亦然', '楼宇办公': '3854476', '层级级别': '客户经理', '工业健康': '451949', '当前日期': 21, '父级引用': [{'text': '37', 'type': 'text', 'table_id': 'tblfyIqpJcf4Rjyv', 'text_arr': ['37'], 'record_ids': ['recvdJ4CBs9wnC', 'recvdJyRRBhVdU']}], '经营主体': '星澜集团总部', '1季度比例': '25%', '2季度比例': '25%', '3季度比例': '25%', '4季度比例': '25%', '任务维护人': '汪亦然', '年度开单金额': 1887131.34, '总任务承接人': '汪亦然', '总任务达成率': 0.281661394029851, '本月开单金额': 42947.2, '食饮部（万）': 3, '链接字段(勿删)': [{'text': '商用事业群;淼澜战区;桂澜片区;汪亦然', 'type': 'text'}], '楼宇办公（万）': 597, '剩余分配百分比': 0, '工业健康（万）': 70, '当前月最后一天': 31, '总任务（金额）': '5910322', '战区总任务金额': 600000000, '本月当前目标阈值': 360215.053763441, '本月总目标（万）': 55.8333333333333, '食饮部待分配任务': 30000, '健康-年度开单金额': 0, '食饮-年度开单金额': 40902, '楼宇办公待分配任务': 5970000, '工业健康待分配任务': 700000, '当前月份任务达成率': 0.0769203582089552, '本月开单金额（万）': 4.29472, '父级已审批金额-食饮': 115000000, '事业群剩余未分配金额': -580500000, '截止当天累计目标阈值': 4258630.1369863, '本月当前目标阈值 (万)': 36.0215053763441, '楼宇办公-年度开单金额': 1846229.34, '战区已分配金额-食饮': 115000000, '行业线已分配金额-食饮': 105000000, '截止当前目标阈值达成率': 0.44313107250386, '片区已分配金额-食饮部': 2600000, '健康-年度开单金额（万）': 0, '年度阈值/开单差额（万）': -237.14987969863, '月度阈值/开单差额（万）': -31.7267853763441, '父级已审批金额-楼宇办公': 300000000, '父级已审批金额-工业健康': 40000000, '食饮-年度开单金额（万）': 4.0902, '总金额转换（以万为单位）': 670, '总额的待分配任务（金额）': 6700000, '客户经理已分配金额-食饮部': 100000, '片区已分配金额-楼宇办公': 70000000, '片区已分配金额-工业健康': 9400000, '片区父级已审批金额-食饮': 2600000, '战区已分配金额-楼宇办公': 300000000, '战区已分配金额-工业健康': 40000000, '行业线已分配金额-楼宇办公': 30000000, '行业线已分配金额-工业健康': 10000000, '行业线父级已审批金额-食饮': 2600000, '事业群下派战区总任务金额': 600000000, '战区下派片区总任务金额': 16400000, '截止当天累计目标阈值（万）': 425.86301369863, '客户经理已分配金额-楼宇办公': 17100000, '客户经理已分配金额-工业健康': 2300000, '楼宇办公-年度开单金额（万）': 184.622934, '片区下派客户经理总任务金额': 19500000, '客户经理父级已审批金额-食饮部': 100000, '片区父级已审批金额-楼宇办公': 70000000, '片区父级已审批金额-工业健康': 9400000, '行业线父级已审批金额-楼宇办公': 70000000, '行业线父级已审批金额-工业健康': 9400000, '年度开单金额转换（以万为单位）': 188.713134, '客户经理父级已审批金额-楼宇办公': 17100000, '客户经理父级已审批金额-工业健康': 2300000}",2026-08-21 17:04:35.666689,2026-08-21 17:04:35.666689,2026-08-21 17:04:35.666689
108,recvdJyRRB7qeJ,"{'2601': 600000, '2602': 600000, '2603': 600000, '2604': 600000, '公式': 4.16666666666667e-07, '状态': '待确认', '编号': '120', '事业群': '商用事业群', '片区': '桂澜片区', '战区': '淼澜战区', '创建人': '傅望舒', '当前年': 2026, '当前月': 8, '食饮部': '9831', '客户经理': '韩允文', '楼宇办公': '2054592', '层级级别': '客户经理', '工业健康': '294917', '当前日期': 21, '父级引用': [{'text': '37', 'type': 'text', 'table_id': 'tblfyIqpJcf4Rjyv', 'text_arr': ['37'], 'record_ids': ['recvdJ4CBs9wnC', 'recvdJyRRBhVdU']}], '经营主体': '星澜集团总部', '1季度比例': '25%', '2季度比例': '25%', '3季度比例': '25%', '4季度比例': '25%', '任务维护人': '汪亦然', '年度开单金额': 961321, '总任务承接人': '韩允文', '总任务达成率': 0.400550416666667, '本月开单金额': 241142, '食饮部（万）': 1, '链接字段(勿删)': [{'text': '商用事业群;淼澜战区;桂澜片区;韩允文', 'type': 'text'}], '楼宇办公（万）': 209, '剩余分配百分比': 0, '工业健康（万）': 30, '当前月最后一天': 31, '总任务（金额）': '2196262', '战区总任务金额': 600000000, '本月当前目标阈值': 129032.258064516, '本月总目标（万）': 20, '食饮部待分配任务': 10000, '健康-年度开单金额': 17950, '食饮-年度开单金额': 24130, '楼宇办公待分配任务': 2090000, '工业健康待分配任务': 300000, '当前月份任务达成率': 1.20571, '本月开单金额（万）': 24.1142, '父级已审批金额-食饮': 115000000, '事业群剩余未分配金额': -580500000, '截止当天累计目标阈值': 1525479.45205479, '本月当前目标阈值 (万)': 12.9032258064516, '楼宇办公-年度开单金额': 919241, '战区已分配金额-食饮': 115000000, '行业线已分配金额-食饮': 105000000, '截止当前目标阈值达成率': 0.630176302083333, '片区已分配金额-食饮部': 2600000, '健康-年度开单金额（万）': 1.795, '年度阈值/开单差额（万）': -56.4158452054795, '月度阈值/开单差额（万）': 11.2109741935484, '父级已审批金额-楼宇办公': 300000000, '父级已审批金额-工业健康': 40000000, '食饮-年度开单金额（万）': 2.413, '总金额转换（以万为单位）': 240, '总额的待分配任务（金额）': 2400000, '客户经理已分配金额-食饮部': 100000, '片区已分配金额-楼宇办公': 70000000, '片区已分配金额-工业健康': 9400000, '片区父级已审批金额-食饮': 2600000, '战区已分配金额-楼宇办公': 300000000, '战区已分配金额-工业健康': 40000000, '行业线已分配金额-楼宇办公': 30000000, '行业线已分配金额-工业健康': 10000000, '行业线父级已审批金额-食饮': 2600000, '事业群下派战区总任务金额': 600000000, '战区下派片区总任务金额': 16400000, '截止当天累计目标阈值（万）': 152.547945205479, '客户经理已分配金额-楼宇办公': 17100000, '客户经理已分配金额-工业健康': 2300000, '楼宇办公-年度开单金额（万）': 91.9241, '片区下派客户经理总任务金额': 19500000, '客户经理父级已审批金额-食饮部': 100000, '片区父级已审批金额-楼宇办公': 70000000, '片区父级已审批金额-工业健康': 9400000, '行业线父级已审批金额-楼宇办公': 70000000, '行业线父级已审批金额-工业健康': 9400000, '年度开单金额转换（以万为单位）': 96.1321, '客户经理父级已审批金额-楼宇办公': 17100000, '客户经理父级已审批金额-工业健康': 2300000}",2026-08-21 17:04:35.666689,2026-08-21 17:04:35.666689,2026-08-21 17:04:35.666689
109,recvdJyRRB5VAi,"{'2601': 2250000, '2602': 2250000, '2603': 2250000, '2604': 2250000, '公式': 1.11111111111111e-07, '状态': '待确认', '编号': '122', '事业群': '商用事业群', '片区': '浔阳片区', '战区': '淼澜战区', '创建人': '傅望舒', '当前年': 2026, '当前月': 8, '食饮部': '43041', '客户经理': '崔既明', '楼宇办公': '5910913', '层级级别': '客户经理', '工业健康': '502141', '当前日期': 21, '父级引用': [{'text': '39', 'type': 'text', 'table_id': 'tblfyIqpJcf4Rjyv', 'text_arr': ['39'], 'record_ids': ['recvdJ4MpxPdXb', 'recvdJyRRBtJ7v']}], '经营主体': '星澜集团总部', '1季度比例': '25%', '2季度比例': '25%', '3季度比例': '25%', '4季度比例': '25%', '任务维护人': '崔既明', '年度开单金额': 2175667.452768, '总任务承接人': '崔既明', '总任务达成率': 0.241740828085333, '本月开单金额': -382881.3, '食饮部（万）': 6, '链接字段(勿删)': [{'text': '商用事业群;淼澜战区;浔阳片区;崔既明', 'type': 'text'}], '楼宇办公（万）': 824, '剩余分配百分比': 0, '工业健康（万）': 70, '当前月最后一天': 31, '总任务（金额）': '8526153', '战区总任务金额': 600000000, '本月当前目标阈值': 483870.967741935, '本月总目标（万）': 75, '食饮部待分配任务': 60000, '健康-年度开单金额': 306793.58, '食饮-年度开单金额': 57531, '楼宇办公待分配任务': 8240000, '工业健康待分配任务': 700000, '当前月份任务达成率': -0.5105084, '本月开单金额（万）': -38.28813, '父级已审批金额-食饮': 115000000, '事业群剩余未分配金额': -585000000, '截止当天累计目标阈值': 5720547.94520548, '本月当前目标阈值 (万)': 48.3870967741935, '楼宇办公-年度开单金额': 1811342.872768, '战区已分配金额-食饮': 115000000, '行业线已分配金额-食饮': 105000000, '截止当前目标阈值达成率': 0.380325009703218, '片区已分配金额-食饮部': 2600000, '健康-年度开单金额（万）': 30.679358, '年度阈值/开单差额（万）': -354.488049243748, '月度阈值/开单差额（万）': -86.6752267741935, '父级已审批金额-楼宇办公': 300000000, '父级已审批金额-工业健康': 40000000, '食饮-年度开单金额（万）': 5.7531, '总金额转换（以万为单位）': 900, '总额的待分配任务（金额）': 9000000, '客户经理已分配金额-食饮部': 100000, '片区已分配金额-楼宇办公': 70000000, '片区已分配金额-工业健康': 9400000, '片区父级已审批金额-食饮': 2600000, '战区已分配金额-楼宇办公': 300000000, '战区已分配金额-工业健康': 40000000, '行业线已分配金额-楼宇办公': 30000000, '行业线已分配金额-工业健康': 10000000, '行业线父级已审批金额-食饮': 2600000, '事业群下派战区总任务金额': 600000000, '战区下派片区总任务金额': 16400000, '截止当天累计目标阈值（万）': 572.054794520548, '客户经理已分配金额-楼宇办公': 13100000, '客户经理已分配金额-工业健康': 1800000, '楼宇办公-年度开单金额（万）': 181.1342872768, '片区下派客户经理总任务金额': 15000000, '客户经理父级已审批金额-食饮部': 100000, '片区父级已审批金额-楼宇办公': 70000000, '片区父级已审批金额-工业健康': 9400000, '行业线父级已审批金额-楼宇办公': 70000000, '行业线父级已审批金额-工业健康': 9400000, '年度开单金额转换（以万为单位）': 217.5667452768, '客户经理父级已审批金额-楼宇办公': 13100000, '客户经理父级已审批金额-工业健康': 1800000}",2026-08-21 17:04:35.666689,2026-08-21 17:04:35.666689,2026-08-21 17:04:35.666689
110,recvdJyRRBLIJC,"{'2601': 750000, '2602': 750000, '2603': 750000, '2604': 750000, '公式': 3.33333333333333e-07, '状态': '待确认', '编号': '124', '事业群': '商用事业群', '片区': '浔阳片区', '战区': '淼澜战区', '创建人': '傅望舒', '当前年': 2026, '当前月': 8, '食饮部': '28210', '客户经理': '顾子衿', '楼宇办公': '3921175', '层级级别': '客户经理', '工业健康': '282099', '当前日期': 21, '父级引用': [{'text': '39', 'type': 'text', 'table_id': 'tblfyIqpJcf4Rjyv', 'text_arr': ['39'], 'record_ids': ['recvdJ4MpxPdXb', 'recvdJyRRBtJ7v']}], '经营主体': '星澜集团总部', '1季度比例': '25%', '2季度比例': '25%', '3季度比例': '25%', '4季度比例': '25%', '任务维护人': '崔既明', '年度开单金额': -302014.8, '总任务承接人': '顾子衿', '总任务达成率': -0.1006716, '本月开单金额': -572972.4, '食饮部（万）': 2, '链接字段(勿删)': [{'text': '商用事业群;淼澜战区;浔阳片区;顾子衿', 'type': 'text'}], '楼宇办公（万）': 278, '剩余分配百分比': 0, '工业健康（万）': 20, '当前月最后一天': 31, '总任务（金额）': '3412533', '战区总任务金额': 600000000, '本月当前目标阈值': 161290.322580645, '本月总目标（万）': 25, '食饮部待分配任务': 20000, '健康-年度开单金额': 0, '食饮-年度开单金额': 16379.5, '楼宇办公待分配任务': 2780000, '工业健康待分配任务': 200000, '当前月份任务达成率': -2.2918896, '本月开单金额（万）': -57.29724, '父级已审批金额-食饮': 115000000, '事业群剩余未分配金额': -585000000, '截止当天累计目标阈值': 1906849.31506849, '本月当前目标阈值 (万)': 16.1290322580645, '楼宇办公-年度开单金额': -318394.3, '战区已分配金额-食饮': 115000000, '行业线已分配金额-食饮': 105000000, '截止当前目标阈值达成率': -0.158384198275862, '片区已分配金额-食饮部': 2600000, '健康-年度开单金额（万）': 0, '年度阈值/开单差额（万）': -220.886411506849, '月度阈值/开单差额（万）': -73.4262722580645, '父级已审批金额-楼宇办公': 300000000, '父级已审批金额-工业健康': 40000000, '食饮-年度开单金额（万）': 1.63795, '总金额转换（以万为单位）': 300, '总额的待分配任务（金额）': 3000000, '客户经理已分配金额-食饮部': 100000, '片区已分配金额-楼宇办公': 70000000, '片区已分配金额-工业健康': 9400000, '片区父级已审批金额-食饮': 2600000, '战区已分配金额-楼宇办公': 300000000, '战区已分配金额-工业健康': 40000000, '行业线已分配金额-楼宇办公': 30000000, '行业线已分配金额-工业健康': 10000000, '行业线父级已审批金额-食饮': 2600000, '事业群下派战区总任务金额': 600000000, '战区下派片区总任务金额': 16400000, '截止当天累计目标阈值（万）': 190.684931506849, '客户经理已分配金额-楼宇办公': 13100000, '客户经理已分配金额-工业健康': 1800000, '楼宇办公-年度开单金额（万）': -31.83943, '片区下派客户经理总任务金额': 15000000, '客户经理父级已审批金额-食饮部': 100000, '片区父级已审批金额-楼宇办公': 70000000, '片区父级已审批金额-工业健康': 9400000, '行业线父级已审批金额-楼宇办公': 70000000, '行业线父级已审批金额-工业健康': 9400000, '年度开单金额转换（以万为单位）': -30.20148, '客户经理父级已审批金额-楼宇办公': 13100000, '客户经理父级已审批金额-工业健康': 1800000}",2026-08-21 17:04:35.666689,2026-08-21 17:04:35.666689,2026-08-21 17:04:35.666689
111,recvdJyRRBucse,"{'2601': 750000, '2602': 750000, '2603': 750000, '2604': 750000, '公式': 3.33333333333333e-07, '状态': '待确认', '编号': '125', '事业群': '商用事业群', '片区': '浔阳片区', '战区': '淼澜战区', '创建人': '傅望舒', '当前年': 2026, '当前月': 8, '食饮部': '26497', '客户经理': '汪望舒', '楼宇办公': '2755721', '层级级别': '客户经理', '工业健康': '1192379', '当前日期': 21, '父级引用': [{'text': '39', 'type': 'text', 'table_id': 'tblfyIqpJcf4Rjyv', 'text_arr': ['39'], 'record_ids': ['recvdJ4MpxPdXb', 'recvdJyRRBtJ7v']}], '经营主体': '星澜集团总部', '1季度比例': '25%', '2季度比例': '25%', '3季度比例': '25%', '4季度比例': '25%', '任务维护人': '崔既明', '年度开单金额': 1208883.26, '总任务承接人': '汪望舒', '总任务达成率': 0.402961086666667, '本月开单金额': 205, '食饮部（万）': 2, '链接字段(勿删)': [{'text': '商用事业群;淼澜战区;浔阳片区;汪望舒', 'type': 'text'}], '楼宇办公（万）': 208, '剩余分配百分比': 0, '工业健康（万）': 90, '当前月最后一天': 31, '总任务（金额）': '2210210', '战区总任务金额': 600000000, '本月当前目标阈值': 161290.322580645, '本月总目标（万）': 25, '食饮部待分配任务': 20000, '健康-年度开单金额': 539996.67, '食饮-年度开单金额': 5500, '楼宇办公待分配任务': 2080000, '工业健康待分配任务': 900000, '当前月份任务达成率': 0.00082, '本月开单金额（万）': 0.0205, '父级已审批金额-食饮': 115000000, '事业群剩余未分配金额': -585000000, '截止当天累计目标阈值': 1906849.31506849, '本月当前目标阈值 (万)': 16.1290322580645, '楼宇办公-年度开单金额': 663386.59, '战区已分配金额-食饮': 115000000, '行业线已分配金额-食饮': 105000000, '截止当前目标阈值达成率': 0.633968951005747, '片区已分配金额-食饮部': 2600000, '健康-年度开单金额（万）': 53.999667, '年度阈值/开单差额（万）': -69.7966055068493, '月度阈值/开单差额（万）': -16.1085322580645, '父级已审批金额-楼宇办公': 300000000, '父级已审批金额-工业健康': 40000000, '食饮-年度开单金额（万）': 0.55, '总金额转换（以万为单位）': 300, '总额的待分配任务（金额）': 3000000, '客户经理已分配金额-食饮部': 100000, '片区已分配金额-楼宇办公': 70000000, '片区已分配金额-工业健康': 9400000, '片区父级已审批金额-食饮': 2600000, '战区已分配金额-楼宇办公': 300000000, '战区已分配金额-工业健康': 40000000, '行业线已分配金额-楼宇办公': 30000000, '行业线已分配金额-工业健康': 10000000, '行业线父级已审批金额-食饮': 2600000, '事业群下派战区总任务金额': 600000000, '战区下派片区总任务金额': 16400000, '截止当天累计目标阈值（万）': 190.684931506849, '客户经理已分配金额-楼宇办公': 13100000, '客户经理已分配金额-工业健康': 1800000, '楼宇办公-年度开单金额（万）': 66.338659, '片区下派客户经理总任务金额': 15000000, '客户经理父级已审批金额-食饮部': 100000, '片区父级已审批金额-楼宇办公': 70000000, '片区父级已审批金额-工业健康': 9400000, '行业线父级已审批金额-楼宇办公': 70000000, '行业线父级已审批金额-工业健康': 9400000, '年度开单金额转换（以万为单位）': 120.888326, '客户经理父级已审批金额-楼宇办公': 13100000, '客户经理父级已审批金额-工业健康': 1800000}",2026-08-21 17:04:35.666689,2026-08-21 17:04:35.666689,2026-08-21 17:04:35.666689
112,recvdJyRRBoor3,"{'2601': 875000, '2602': 875000, '2603': 875000, '2604': 875000, '公式': 2.85714285714286e-07, '状态': '待确认', '编号': '126', '事业群': '商用事业群', '片区': '榕岸片区', '战区': '淼澜战区', '创建人': '傅望舒', '当前年': 2026, '当前月': 8, '食饮部': '27824', '客户经理': '沈既明', '楼宇办公': '1641606', '层级级别': '客户经理', '工业健康': '278238', '当前日期': 21, '父级引用': [{'text': '43', 'type': 'text', 'table_id': 'tblfyIqpJcf4Rjyv', 'text_arr': ['43'], 'record_ids': ['recvdJ6pauzgNH']}], '经营主体': '星澜集团总部', '1季度比例': '25%', '2季度比例': '25%', '3季度比例': '25%', '4季度比例': '25%', '任务维护人': '沈既明', '年度开单金额': 832508.9, '总任务承接人': '沈既明', '总任务达成率': 0.237859685714286, '本月开单金额': 23891, '食饮部（万）': 5, '链接字段(勿删)': [{'text': '商用事业群;淼澜战区;榕岸片区;沈既明', 'type': 'text'}], '楼宇办公（万）': 295, '剩余分配百分比': 0, '工业健康（万）': 50, '当前月最后一天': 31, '总任务（金额）': '2933777', '战区总任务金额': 600000000, '本月当前目标阈值': 188172.043010753, '本月总目标（万）': 29.1666666666667, '食饮部待分配任务': 50000, '健康-年度开单金额': 70380, '食饮-年度开单金额': 49890, '楼宇办公待分配任务': 2950000, '工业健康待分配任务': 500000, '当前月份任务达成率': 0.081912, '本月开单金额（万）': 2.3891, '父级已审批金额-食饮': 115000000, '事业群剩余未分配金额': -593000000, '截止当天累计目标阈值': 2224657.53424658, '本月当前目标阈值 (万)': 18.8172043010753, '楼宇办公-年度开单金额': 712238.9, '战区已分配金额-食饮': 115000000, '行业线已分配金额-食饮': 105000000, '截止当前目标阈值达成率': 0.374218902093596, '片区已分配金额-食饮部': 2600000, '健康-年度开单金额（万）': 7.038, '年度阈值/开单差额（万）': -139.214863424658, '月度阈值/开单差额（万）': -16.4281043010753, '父级已审批金额-楼宇办公': 300000000, '父级已审批金额-工业健康': 40000000, '食饮-年度开单金额（万）': 4.989, '总金额转换（以万为单位）': 350, '总额的待分配任务（金额）': 3500000, '客户经理已分配金额-食饮部': 100000, '片区已分配金额-楼宇办公': 70000000, '片区已分配金额-工业健康': 9400000, '片区父级已审批金额-食饮': 2600000, '战区已分配金额-楼宇办公': 300000000, '战区已分配金额-工业健康': 40000000, '行业线已分配金额-楼宇办公': 30000000, '行业线已分配金额-工业健康': 10000000, '行业线父级已审批金额-食饮': 2600000, '事业群下派战区总任务金额': 600000000, '战区下派片区总任务金额': 16400000, '截止当天累计目标阈值（万）': 222.465753424658, '客户经理已分配金额-楼宇办公': 5900000, '客户经理已分配金额-工业健康': 1000000, '楼宇办公-年度开单金额（万）': 71.22389, '片区下派客户经理总任务金额': 7000000, '客户经理父级已审批金额-食饮部': 100000, '片区父级已审批金额-楼宇办公': 70000000, '片区父级已审批金额-工业健康': 9400000, '行业线父级已审批金额-楼宇办公': 70000000, '行业线父级已审批金额-工业健康': 9400000, '年度开单金额转换（以万为单位）': 83.25089, '客户经理父级已审批金额-楼宇办公': 5900000, '客户经理父级已审批金额-工业健康': 1000000}",2026-08-21 17:04:35.666689,2026-08-21 17:04:35.666689,2026-08-21 17:04:35.666689
113,recvdJyRRB0SDY,"{'2601': 875000, '2602': 875000, '2603': 875000, '2604': 875000, '公式': 2.85714285714286e-07, '状态': '待确认', '编号': '127', '事业群': '商用事业群', '片区': '榕岸片区', '战区': '淼澜战区', '创建人': '傅望舒', '当前年': 2026, '当前月': 8, '食饮部': '30861', '客户经理': '钟亦辰', '楼宇办公': '1820802', '层级级别': '客户经理', '工业健康': '308610', '当前日期': 21, '父级引用': [{'text': '43', 'type': 'text', 'table_id': 'tblfyIqpJcf4Rjyv', 'text_arr': ['43'], 'record_ids': ['recvdJ6pauzgNH']}], '经营主体': '星澜集团总部', '1季度比例': '25%', '2季度比例': '25%', '3季度比例': '25%', '4季度比例': '25%', '任务维护人': '沈既明', '年度开单金额': 1080928.94, '总任务承接人': '钟亦辰', '总任务达成率': 0.30883684, '本月开单金额': 29330, '食饮部（万）': 5, '链接字段(勿删)': [{'text': '商用事业群;淼澜战区;榕岸片区;钟亦辰', 'type': 'text'}], '楼宇办公（万）': 295, '剩余分配百分比': 0, '工业健康（万）': 50, '当前月最后一天': 31, '总任务（金额）': '4279785', '战区总任务金额': 600000000, '本月当前目标阈值': 188172.043010753, '本月总目标（万）': 29.1666666666667, '食饮部待分配任务': 50000, '健康-年度开单金额': 19550, '食饮-年度开单金额': 55270, '楼宇办公待分配任务': 2950000, '工业健康待分配任务': 500000, '当前月份任务达成率': 0.10056, '本月开单金额（万）': 2.933, '父级已审批金额-食饮': 115000000, '事业群剩余未分配金额': -593000000, '截止当天累计目标阈值': 2224657.53424658, '本月当前目标阈值 (万)': 18.8172043010753, '楼宇办公-年度开单金额': 1006108.94, '战区已分配金额-食饮': 115000000, '行业线已分配金额-食饮': 105000000, '截止当前目标阈值达成率': 0.485885545689655, '片区已分配金额-食饮部': 2600000, '健康-年度开单金额（万）': 1.955, '年度阈值/开单差额（万）': -114.372859424658, '月度阈值/开单差额（万）': -15.8842043010753, '父级已审批金额-楼宇办公': 300000000, '父级已审批金额-工业健康': 40000000, '食饮-年度开单金额（万）': 5.527, '总金额转换（以万为单位）': 350, '总额的待分配任务（金额）': 3500000, '客户经理已分配金额-食饮部': 100000, '片区已分配金额-楼宇办公': 70000000, '片区已分配金额-工业健康': 9400000, '片区父级已审批金额-食饮': 2600000, '战区已分配金额-楼宇办公': 300000000, '战区已分配金额-工业健康': 40000000, '行业线已分配金额-楼宇办公': 30000000, '行业线已分配金额-工业健康': 10000000, '行业线父级已审批金额-食饮': 2600000, '事业群下派战区总任务金额': 600000000, '战区下派片区总任务金额': 16400000, '截止当天累计目标阈值（万）': 222.465753424658, '客户经理已分配金额-楼宇办公': 5900000, '客户经理已分配金额-工业健康': 1000000, '楼宇办公-年度开单金额（万）': 100.610894, '片区下派客户经理总任务金额': 7000000, '客户经理父级已审批金额-食饮部': 100000, '片区父级已审批金额-楼宇办公': 70000000, '片区父级已审批金额-工业健康': 9400000, '行业线父级已审批金额-楼宇办公': 70000000, '行业线父级已审批金额-工业健康': 9400000, '年度开单金额转换（以万为单位）': 108.092894, '客户经理父级已审批金额-楼宇办公': 5900000, '客户经理父级已审批金额-工业健康': 1000000}",2026-08-21 17:04:35.666689,2026-08-21 17:04:35.666689,2026-08-21 17:04:35.666689
114,recvdJyRRBqsf9,"{'2601': 750000, '2602': 750000, '2603': 750000, '2604': 750000, '公式': 3.33333333333333e-07, '状态': '待确认', '编号': '128', '事业群': '商用事业群', '片区': '潇湘片区', '战区': '淼澜战区', '创建人': '傅望舒', '当前年': 2026, '当前月': 8, '食饮部': '77651', '客户经理': '廖听雨', '楼宇办公': '2251883', '层级级别': '客户经理', '工业健康': '0', '当前日期': 21, '父级引用': [{'text': '42', 'type': 'text', 'table_id': 'tblfyIqpJcf4Rjyv', 'text_arr': ['42'], 'record_ids': ['recvdJ6iR2w1nC']}], '经营主体': '星澜集团总部', '1季度比例': '25%', '2季度比例': '25%', '3季度比例': '25%', '4季度比例': '25%', '任务维护人': '廖听雨', '年度开单金额': 593988.52, '总任务承接人': '廖听雨', '总任务达成率': 0.197996173333333, '本月开单金额': 49470, '食饮部（万）': 10, '链接字段(勿删)': [{'text': '商用事业群;淼澜战区;潇湘片区;廖听雨', 'type': 'text'}], '楼宇办公（万）': 290, '剩余分配百分比': 0, '工业健康（万）': 0, '当前月最后一天': 31, '总任务（金额）': '3029433', '战区总任务金额': 600000000, '本月当前目标阈值': 161290.322580645, '本月总目标（万）': 25, '食饮部待分配任务': 100000, '健康-年度开单金额': 13200, '食饮-年度开单金额': 12733.52, '楼宇办公待分配任务': 2900000, '工业健康待分配任务': 0, '当前月份任务达成率': 0.19788, '本月开单金额（万）': 4.947, '父级已审批金额-食饮': 115000000, '事业群剩余未分配金额': -590000000, '截止当天累计目标阈值': 1906849.31506849, '本月当前目标阈值 (万)': 16.1290322580645, '楼宇办公-年度开单金额': 568055, '战区已分配金额-食饮': 115000000, '行业线已分配金额-食饮': 105000000, '截止当前目标阈值达成率': 0.311502600287356, '片区已分配金额-食饮部': 2600000, '健康-年度开单金额（万）': 1.32, '年度阈值/开单差额（万）': -131.286079506849, '月度阈值/开单差额（万）': -11.1820322580645, '父级已审批金额-楼宇办公': 300000000, '父级已审批金额-工业健康': 40000000, '食饮-年度开单金额（万）': 1.273352, '总金额转换（以万为单位）': 300, '总额的待分配任务（金额）': 3000000, '客户经理已分配金额-食饮部': 100000, '片区已分配金额-楼宇办公': 70000000, '片区已分配金额-工业健康': 9400000, '片区父级已审批金额-食饮': 2600000, '战区已分配金额-楼宇办公': 300000000, '战区已分配金额-工业健康': 40000000, '行业线已分配金额-楼宇办公': 30000000, '行业线已分配金额-工业健康': 10000000, '行业线父级已审批金额-食饮': 2600000, '事业群下派战区总任务金额': 600000000, '战区下派片区总任务金额': 16400000, '截止当天累计目标阈值（万）': 190.684931506849, '客户经理已分配金额-楼宇办公': 8800000, '客户经理已分配金额-工业健康': 1100000, '楼宇办公-年度开单金额（万）': 56.8055, '片区下派客户经理总任务金额': 10000000, '客户经理父级已审批金额-食饮部': 100000, '片区父级已审批金额-楼宇办公': 70000000, '片区父级已审批金额-工业健康': 9400000, '行业线父级已审批金额-楼宇办公': 70000000, '行业线父级已审批金额-工业健康': 9400000, '年度开单金额转换（以万为单位）': 59.398852, '客户经理父级已审批金额-楼宇办公': 8800000, '客户经理父级已审批金额-工业健康': 1100000}",2026-08-21 17:04:35.666689,2026-08-21 17:04:35.666689,2026-08-21 17:04:35.666689
115,recvdJyRRBBdiL,"{'2601': 875000, '2602': 875000, '2603': 875000, '2604': 875000, '公式': 2.85714285714286e-07, '状态': '待确认', '编号': '129', '事业群': '商用事业群', '片区': '潇湘片区', '战区': '淼澜战区', '创建人': '傅望舒', '当前年': 2026, '当前月': 8, '食饮部': '0', '客户经理': '姜攸宁', '楼宇办公': '3459003', '层级级别': '客户经理', '工业健康': '0', '当前日期': 21, '父级引用': [{'text': '42', 'type': 'text', 'table_id': 'tblfyIqpJcf4Rjyv', 'text_arr': ['42'], 'record_ids': ['recvdJ6iR2w1nC']}], '经营主体': '星澜集团总部', '1季度比例': '25%', '2季度比例': '25%', '3季度比例': '25%', '4季度比例': '25%', '任务维护人': '廖听雨', '年度开单金额': 1491063.8, '总任务承接人': '姜攸宁', '总任务达成率': 0.426018228571429, '本月开单金额': 59444, '食饮部（万）': 0, '链接字段(勿删)': [{'text': '商用事业群;淼澜战区;潇湘片区;姜攸宁', 'type': 'text'}], '楼宇办公（万）': 350, '剩余分配百分比': 0, '工业健康（万）': 0, '当前月最后一天': 31, '总任务（金额）': '2539101', '战区总任务金额': 600000000, '本月当前目标阈值': 188172.043010753, '本月总目标（万）': 29.1666666666667, '食饮部待分配任务': 0, '健康-年度开单金额': 45852.5, '食饮-年度开单金额': 82376, '楼宇办公待分配任务': 3500000, '工业健康待分配任务': 0, '当前月份任务达成率': 0.203808, '本月开单金额（万）': 5.9444, '父级已审批金额-食饮': 115000000, '事业群剩余未分配金额': -590000000, '截止当天累计目标阈值': 2224657.53424658, '本月当前目标阈值 (万)': 18.8172043010753, '楼宇办公-年度开单金额': 1362835.3, '战区已分配金额-食饮': 115000000, '行业线已分配金额-食饮': 105000000, '截止当前目标阈值达成率': 0.670244195812808, '片区已分配金额-食饮部': 2600000, '健康-年度开单金额（万）': 4.58525, '年度阈值/开单差额（万）': -73.3593734246575, '月度阈值/开单差额（万）': -12.8728043010753, '父级已审批金额-楼宇办公': 300000000, '父级已审批金额-工业健康': 40000000, '食饮-年度开单金额（万）': 8.2376, '总金额转换（以万为单位）': 350, '总额的待分配任务（金额）': 3500000, '客户经理已分配金额-食饮部': 100000, '片区已分配金额-楼宇办公': 70000000, '片区已分配金额-工业健康': 9400000, '片区父级已审批金额-食饮': 2600000, '战区已分配金额-楼宇办公': 300000000, '战区已分配金额-工业健康': 40000000, '行业线已分配金额-楼宇办公': 30000000, '行业线已分配金额-工业健康': 10000000, '行业线父级已审批金额-食饮': 2600000, '事业群下派战区总任务金额': 600000000, '战区下派片区总任务金额': 16400000, '截止当天累计目标阈值（万）': 222.465753424658, '客户经理已分配金额-楼宇办公': 8800000, '客户经理已分配金额-工业健康': 1100000, '楼宇办公-年度开单金额（万）': 136.28353, '片区下派客户经理总任务金额': 10000000, '客户经理父级已审批金额-食饮部': 100000, '片区父级已审批金额-楼宇办公': 70000000, '片区父级已审批金额-工业健康': 9400000, '行业线父级已审批金额-楼宇办公': 70000000, '行业线父级已审批金额-工业健康': 9400000, '年度开单金额转换（以万为单位）': 149.10638, '客户经理父级已审批金额-楼宇办公': 8800000, '客户经理父级已审批金额-工业健康': 1100000}",2026-08-21 17:04:35.666689,2026-08-21 17:04:35.666689,2026-08-21 17:04:35.666689
116,recvdJyRRBG7ll,"{'2601': 875000, '2602': 875000, '2603': 875000, '2604': 875000, '公式': 2.85714285714286e-07, '状态': '待确认', '编号': '130', '事业群': '商用事业群', '片区': '潇湘片区', '战区': '淼澜战区', '创建人': '傅望舒', '当前年': 2026, '当前月': 8, '食饮部': '0', '客户经理': '程疏影', '楼宇办公': '2548735', '层级级别': '客户经理', '工业健康': '1168170', '当前日期': 21, '父级引用': [{'text': '42', 'type': 'text', 'table_id': 'tblfyIqpJcf4Rjyv', 'text_arr': ['42'], 'record_ids': ['recvdJ6iR2w1nC']}], '经营主体': '星澜集团总部', '1季度比例': '25%', '2季度比例': '25%', '3季度比例': '25%', '4季度比例': '25%', '任务维护人': '廖听雨', '年度开单金额': 3206949.13, '总任务承接人': '程疏影', '总任务达成率': 0.91627118, '本月开单金额': 813988, '食饮部（万）': 0, '链接字段(勿删)': [{'text': '商用事业群;淼澜战区;潇湘片区;程疏影', 'type': 'text'}], '楼宇办公（万）': 240, '剩余分配百分比': 0, '工业健康（万）': 110, '当前月最后一天': 31, '总任务（金额）': '2575469', '战区总任务金额': 600000000, '本月当前目标阈值': 188172.043010753, '本月总目标（万）': 29.1666666666667, '食饮部待分配任务': 0, '健康-年度开单金额': 1269101.33, '食饮-年度开单金额': 64045, '楼宇办公待分配任务': 2400000, '工业健康待分配任务': 1100000, '当前月份任务达成率': 2.790816, '本月开单金额（万）': 81.3988, '父级已审批金额-食饮': 115000000, '事业群剩余未分配金额': -590000000, '截止当天累计目标阈值': 2224657.53424658, '本月当前目标阈值 (万)': 18.8172043010753, '楼宇办公-年度开单金额': 1873802.8, '战区已分配金额-食饮': 115000000, '行业线已分配金额-食饮': 105000000, '截止当前目标阈值达成率': 1.44154733060345, '片区已分配金额-食饮部': 2600000, '健康-年度开单金额（万）': 126.910133, '年度阈值/开单差额（万）': 98.2291595753425, '月度阈值/开单差额（万）': 62.5815956989247, '父级已审批金额-楼宇办公': 300000000, '父级已审批金额-工业健康': 40000000, '食饮-年度开单金额（万）': 6.4045, '总金额转换（以万为单位）': 350, '总额的待分配任务（金额）': 3500000, '客户经理已分配金额-食饮部': 100000, '片区已分配金额-楼宇办公': 70000000, '片区已分配金额-工业健康': 9400000, '片区父级已审批金额-食饮': 2600000, '战区已分配金额-楼宇办公': 300000000, '战区已分配金额-工业健康': 40000000, '行业线已分配金额-楼宇办公': 30000000, '行业线已分配金额-工业健康': 10000000, '行业线父级已审批金额-食饮': 2600000, '事业群下派战区总任务金额': 600000000, '战区下派片区总任务金额': 16400000, '截止当天累计目标阈值（万）': 222.465753424658, '客户经理已分配金额-楼宇办公': 8800000, '客户经理已分配金额-工业健康': 1100000, '楼宇办公-年度开单金额（万）': 187.38028, '片区下派客户经理总任务金额': 10000000, '客户经理父级已审批金额-食饮部': 100000, '片区父级已审批金额-楼宇办公': 70000000, '片区父级已审批金额-工业健康': 9400000, '行业线父级已审批金额-楼宇办公': 70000000, '行业线父级已审批金额-工业健康': 9400000, '年度开单金额转换（以万为单位）': 320.694913, '客户经理父级已审批金额-楼宇办公': 8800000, '客户经理父级已审批金额-工业健康': 1100000}",2026-08-21 17:04:35.666689,2026-08-21 17:04:35.666689,2026-08-21 17:04:35.666689
