id,record_id,fields,created_time,updated_time,sync_time
6,recvdIRsQP9RqU,"{'2601': 26250000, '2602': 26250000, '2603': 26250000, '2604': 26250000, '公式': 9.52380952380952e-09, '战区': '食饮行业部', '状态': '已审批', '编号': '6', '事业群': '商用事业群', '创建人': '谢南珩', '当前年': 2026, '当前月': 8, '食饮部': '117600000', '层级级别': '战区', '当前日期': 21, '父级引用': [{'text': '1', 'type': 'text', 'table_id': 'tblcLapTvgTH3EDa', 'text_arr': ['1'], 'record_ids': ['recvdINcFhveNI']}], '经营主体': '星澜集团总部', '1季度比例': '25%', '2季度比例': '25%', '3季度比例': '25%', '4季度比例': '25%', '任务维护人': '陆亦舟、沈亦舟', '年度开单金额': 45302518.92, '总任务承接人': '殷怀川', '总任务达成率': '0.546142482459', '本月开单金额': 992943.17, '食饮部（万）': 10500, '链接字段(勿删)': [{'text': '商用事业群;食饮行业部;;', 'type': 'text'}], '剩余分配百分比': 0, '工业健康（万）': 0, '当前月最后一天': 31, '总任务（金额）': '82950000', '战区总任务金额': 600000000, '楼宇办公（万）': 0, '本月当前目标阈值': 5645161.29032258, '本月总目标（万）': 875, '食饮部待分配任务': 105000000, '健康-年度开单金额': 0, '食饮-年度开单金额': 45302518.92, '工业健康待分配任务': 0, '当前月份任务达成率': '0.143644581555', '本月开单金额（万）': 99.294317, '楼宇办公待分配任务': 0, '战区已分配金额-食饮': 115000000, '父级已审批金额-食饮': 115000000, '事业群剩余未分配金额': -145000000, '截止当天累计目标阈值': 66739726.0273973, '本月当前目标阈值 (万)': 564.516129032258, '楼宇办公-年度开单金额': 0, '片区已分配金额-食饮部': 0, '行业线已分配金额-食饮': 0, '战区下派片区总任务金额': 0, '截止当前目标阈值达成率': '0.678793900074', '健康-年度开单金额（万）': 0, '年度阈值/开单差额（万）': '-2143.720711', '战区已分配金额-工业健康': 40000000, '战区已分配金额-楼宇办公': 300000000, '月度阈值/开单差额（万）': '-465.221812', '父级已审批金额-工业健康': 40000000, '父级已审批金额-楼宇办公': 300000000, '片区已分配金额-工业健康': 0, '片区已分配金额-楼宇办公': 0, '片区父级已审批金额-食饮': 115000000, '食饮-年度开单金额（万）': 4530.251892, '事业群下派战区总任务金额': 600000000, '总金额转换（以万为单位）': 10500, '总额的待分配任务（金额）': 105000000, '行业线年度开单金额（万）': '3106.781459', '客户经理已分配金额-食饮部': 0, '行业线已分配金额-工业健康': 0, '行业线已分配金额-楼宇办公': 0, '行业线父级已审批金额-食饮': 115000000, '截止当天累计目标阈值（万）': 6673.97260273973, '片区下派客户经理总任务金额': 0, '客户经理已分配金额-工业健康': 0, '客户经理已分配金额-楼宇办公': 0, '楼宇办公-年度开单金额（万）': 0, '片区父级已审批金额-工业健康': 0, '片区父级已审批金额-楼宇办公': 0, '客户经理父级已审批金额-食饮部': 230000000, '行业线父级已审批金额-工业健康': 0, '行业线父级已审批金额-楼宇办公': 0, '年度开单金额转换（以万为单位）': 4530.251892, '客户经理父级已审批金额-工业健康': 80000000, '客户经理父级已审批金额-楼宇办公': 600000000}",2026-08-21 17:04:35.666689,2026-08-21 17:04:35.666689,2026-08-21 17:04:35.666689
7,recvdIRBey2dsx,"{'2601': 7500000, '2602': 7500000, '2603': 7500000, '2604': 7500000, '公式': 3.33333333333333e-08, '战区': '楼宇办公行业部', '状态': '已审批', '编号': '7', '事业群': '商用事业群', '创建人': '谢南珩', '当前年': 2026, '当前月': 8, '层级级别': '战区', '当前日期': 21, '楼宇办公': '33600000', '父级引用': [{'text': '1', 'type': 'text', 'table_id': 'tblcLapTvgTH3EDa', 'text_arr': ['1'], 'record_ids': ['recvdINcFhveNI']}], '经营主体': '星澜集团总部', '1季度比例': '25%', '2季度比例': '25%', '3季度比例': '25%', '4季度比例': '25%', '任务维护人': '沈亦舟、陆亦舟', '年度开单金额': 38127209.63, '总任务承接人': '温屿青', '总任务达成率': '1.608743022363', '本月开单金额': 2382027.7, '食饮部（万）': 0, '链接字段(勿删)': [{'text': '商用事业群;楼宇办公行业部;;', 'type': 'text'}], '剩余分配百分比': 0, '工业健康（万）': 0, '当前月最后一天': 31, '总任务（金额）': '23700000', '战区总任务金额': 600000000, '楼宇办公（万）': 3000, '本月当前目标阈值': 1612903.22580645, '本月总目标（万）': 250, '食饮部待分配任务': 0, '健康-年度开单金额': 0, '食饮-年度开单金额': 0, '工业健康待分配任务': 0, '当前月份任务达成率': '1.206089974684', '本月开单金额（万）': 238.20277, '楼宇办公待分配任务': 30000000, '战区已分配金额-食饮': 115000000, '父级已审批金额-食饮': 115000000, '事业群剩余未分配金额': -145000000, '截止当天累计目标阈值': 19068493.1506849, '本月当前目标阈值 (万)': 161.290322580645, '楼宇办公-年度开单金额': 38127209.63, '片区已分配金额-食饮部': 0, '行业线已分配金额-食饮': 0, '战区下派片区总任务金额': 0, '截止当前目标阈值达成率': '1.999487286631', '健康-年度开单金额（万）': 0, '年度阈值/开单差额（万）': '1905.871648', '战区已分配金额-工业健康': 40000000, '战区已分配金额-楼宇办公': 300000000, '月度阈值/开单差额（万）': '76.912447', '父级已审批金额-工业健康': 40000000, '父级已审批金额-楼宇办公': 300000000, '片区已分配金额-工业健康': 0, '片区已分配金额-楼宇办公': 0, '片区父级已审批金额-食饮': 0, '食饮-年度开单金额（万）': 0, '事业群下派战区总任务金额': 600000000, '总金额转换（以万为单位）': 3000, '总额的待分配任务（金额）': 30000000, '行业线年度开单金额（万）': '2646.695191', '客户经理已分配金额-食饮部': 0, '行业线已分配金额-工业健康': 0, '行业线已分配金额-楼宇办公': 0, '行业线父级已审批金额-食饮': 0, '截止当天累计目标阈值（万）': 1906.84931506849, '片区下派客户经理总任务金额': 0, '客户经理已分配金额-工业健康': 0, '客户经理已分配金额-楼宇办公': 0, '楼宇办公-年度开单金额（万）': 3812.720963, '片区父级已审批金额-工业健康': 0, '片区父级已审批金额-楼宇办公': 34000000, '客户经理父级已审批金额-食饮部': 230000000, '行业线父级已审批金额-工业健康': 0, '行业线父级已审批金额-楼宇办公': 34000000, '年度开单金额转换（以万为单位）': 3812.720963, '客户经理父级已审批金额-工业健康': 80000000, '客户经理父级已审批金额-楼宇办公': 600000000}",2026-08-21 17:04:35.666689,2026-08-21 17:04:35.666689,2026-08-21 17:04:35.666689
8,recvdIRTmv9oq4,"{'2601': 2500000, '2602': 2500000, '2603': 2500000, '2604': 2500000, '公式': 1e-07, '战区': '工业健康行业部', '状态': '已审批', '编号': '8', '事业群': '商用事业群', '创建人': '谢南珩', '当前年': 2026, '当前月': 8, '层级级别': '战区', '工业健康': '11200000', '当前日期': 21, '父级引用': [{'text': '1', 'type': 'text', 'table_id': 'tblcLapTvgTH3EDa', 'text_arr': ['1'], 'record_ids': ['recvdINcFhveNI']}], '经营主体': '星澜集团总部', '1季度比例': '25%', '2季度比例': '25%', '3季度比例': '25%', '4季度比例': '25%', '任务维护人': '陆亦舟、沈亦舟', '年度开单金额': 12325511.73, '总任务承接人': '苏朔风', '总任务达成率': '1.560191358228', '本月开单金额': 5250, '食饮部（万）': 0, '链接字段(勿删)': [{'text': '商用事业群;工业健康行业部;;', 'type': 'text'}], '剩余分配百分比': 0, '工业健康（万）': 1000, '当前月最后一天': 31, '总任务（金额）': '7900000', '战区总任务金额': 600000000, '楼宇办公（万）': 0, '本月当前目标阈值': 537634.408602151, '本月总目标（万）': 83.3333333333333, '食饮部待分配任务': 0, '健康-年度开单金额': 12325511.73, '食饮-年度开单金额': 0, '工业健康待分配任务': 10000000, '当前月份任务达成率': '0.007974683544', '本月开单金额（万）': 0.525, '楼宇办公待分配任务': 0, '战区已分配金额-食饮': 115000000, '父级已审批金额-食饮': 115000000, '事业群剩余未分配金额': -145000000, '截止当天累计目标阈值': 6356164.38356164, '本月当前目标阈值 (万)': 53.763440860215, '楼宇办公-年度开单金额': 0, '片区已分配金额-食饮部': 0, '行业线已分配金额-食饮': 0, '战区下派片区总任务金额': 0, '截止当前目标阈值达成率': '1.939143009246', '健康-年度开单金额（万）': 1232.551173, '年度阈值/开单差额（万）': '596.934735', '战区已分配金额-工业健康': 40000000, '战区已分配金额-楼宇办公': 300000000, '月度阈值/开单差额（万）': '-53.238441', '父级已审批金额-工业健康': 40000000, '父级已审批金额-楼宇办公': 300000000, '片区已分配金额-工业健康': 0, '片区已分配金额-楼宇办公': 0, '片区父级已审批金额-食饮': 0, '食饮-年度开单金额（万）': 0, '事业群下派战区总任务金额': 600000000, '总金额转换（以万为单位）': 1000, '总额的待分配任务（金额）': 10000000, '行业线年度开单金额（万）': '713.20316', '客户经理已分配金额-食饮部': 0, '行业线已分配金额-工业健康': 0, '行业线已分配金额-楼宇办公': 0, '行业线父级已审批金额-食饮': 0, '截止当天累计目标阈值（万）': 635.616438356165, '片区下派客户经理总任务金额': 0, '客户经理已分配金额-工业健康': 0, '客户经理已分配金额-楼宇办公': 0, '楼宇办公-年度开单金额（万）': 0, '片区父级已审批金额-工业健康': 10000000, '片区父级已审批金额-楼宇办公': 0, '客户经理父级已审批金额-食饮部': 230000000, '行业线父级已审批金额-工业健康': 10000000, '行业线父级已审批金额-楼宇办公': 0, '年度开单金额转换（以万为单位）': 1232.551173, '客户经理父级已审批金额-工业健康': 80000000, '客户经理父级已审批金额-楼宇办公': 600000000}",2026-08-21 17:04:35.666689,2026-08-21 17:04:35.666689,2026-08-21 17:04:35.666689
9,recvdIU1iDZaVN,"{'2601': 22500000, '2602': 22500000, '2603': 22500000, '2604': 22500000, '公式': 1.11111111111111e-08, '战区': '食饮行业部', '状态': '待确认', '编号': '9', '事业群': '商用事业群', '创建人': '谢南珩', '当前年': 2026, '当前月': 8, '食饮部': '95296718.72', '客户经理': '殷怀川', '层级级别': '客户经理', '当前日期': 21, '父级引用': [{'text': '6', 'type': 'text', 'table_id': 'tblcLapTvgTH3EDa', 'text_arr': ['6'], 'record_ids': ['recvdIRsQP9RqU']}], '经营主体': '星澜集团总部', '1季度比例': '25%', '2季度比例': '25%', '3季度比例': '25%', '4季度比例': '25%', '任务维护人': '殷怀川', '年度开单金额': 32200120.54, '总任务承接人': '殷怀川', '总任务达成率': '0.371577046961', '本月开单金额': 685908.36, '食饮部（万）': 9000, '链接字段(勿删)': [{'text': '商用事业群;食饮行业部;;殷怀川', 'type': 'text'}], '剩余分配百分比': 0, '工业健康（万）': 0, '当前月最后一天': 31, '总任务（金额）': '86657991.4', '战区总任务金额': 600000000, '楼宇办公（万）': 0, '本月当前目标阈值': 4838709.67741936, '本月总目标（万）': 750, '食饮部待分配任务': 90000000, '健康-年度开单金额': 0, '食饮-年度开单金额': 32200120.54, '工业健康待分配任务': 0, '当前月份任务达成率': '0.094981434338', '本月开单金额（万）': 68.590836, '楼宇办公待分配任务': 0, '战区已分配金额-食饮': 115000000, '父级已审批金额-食饮': 115000000, '事业群剩余未分配金额': -495000000, '截止当天累计目标阈值': 57205479.4520548, '本月当前目标阈值 (万)': 483.870967741935, '楼宇办公-年度开单金额': 0, '片区已分配金额-食饮部': 0, '行业线已分配金额-食饮': 105000000, '战区下派片区总任务金额': 16400000, '截止当前目标阈值达成率': '0.562885248903', '健康-年度开单金额（万）': 0, '年度阈值/开单差额（万）': '-2500.535891', '战区已分配金额-工业健康': 40000000, '战区已分配金额-楼宇办公': 300000000, '月度阈值/开单差额（万）': '-415.280132', '父级已审批金额-工业健康': 40000000, '父级已审批金额-楼宇办公': 300000000, '片区已分配金额-工业健康': 0, '片区已分配金额-楼宇办公': 0, '片区父级已审批金额-食饮': 115000000, '食饮-年度开单金额（万）': 3220.012054, '事业群下派战区总任务金额': 600000000, '总金额转换（以万为单位）': 9000, '总额的待分配任务（金额）': 90000000, '客户经理已分配金额-食饮部': 0, '行业线已分配金额-工业健康': 10000000, '行业线已分配金额-楼宇办公': 30000000, '行业线父级已审批金额-食饮': 115000000, '截止当天累计目标阈值（万）': 5720.54794520548, '片区下派客户经理总任务金额': 0, '客户经理已分配金额-工业健康': 0, '客户经理已分配金额-楼宇办公': 0, '楼宇办公-年度开单金额（万）': 0, '片区父级已审批金额-工业健康': 0, '片区父级已审批金额-楼宇办公': 0, '客户经理父级已审批金额-食饮部': 230000000, '行业线父级已审批金额-工业健康': 0, '行业线父级已审批金额-楼宇办公': 0, '年度开单金额转换（以万为单位）': 3220.012054, '客户经理父级已审批金额-工业健康': 80000000, '客户经理父级已审批金额-楼宇办公': 600000000}",2026-08-21 17:04:35.666689,2026-08-21 17:04:35.666689,2026-08-21 17:04:35.666689
10,recvdIU6chD50u,"{'2601': 2500000, '2602': 2500000, '2603': 2500000, '2604': 2500000, '公式': 1e-07, '战区': '食饮行业部', '状态': '已审批', '编号': '10', '事业群': '商用事业群', '创建人': '洛屿青', '当前年': 2026, '当前月': 8, '食饮部': '9178011.36', '客户经理': '施亦舟', '层级级别': '客户经理', '当前日期': 21, '父级引用': [{'text': '6', 'type': 'text', 'table_id': 'tblcLapTvgTH3EDa', 'text_arr': ['6'], 'record_ids': ['recvdIRsQP9RqU']}], '经营主体': '星澜集团总部', '1季度比例': '25%', '2季度比例': '25%', '3季度比例': '25%', '4季度比例': '25%', '任务维护人': '殷怀川', '年度开单金额': 7631747.87, '总任务承接人': '施亦舟', '总任务达成率': '1.045125436033', '本月开单金额': 14218, '食饮部（万）': 1000, '链接字段(勿删)': [{'text': '商用事业群;食饮行业部;;施亦舟', 'type': 'text'}], '剩余分配百分比': 0, '工业健康（万）': 0, '当前月最后一天': 31, '总任务（金额）': '7302231.49', '战区总任务金额': 600000000, '楼宇办公（万）': 0, '本月当前目标阈值': 537634.408602151, '本月总目标（万）': 83.3333333333333, '食饮部待分配任务': 10000000, '健康-年度开单金额': 0, '食饮-年度开单金额': 7631747.87, '工业健康待分配任务': 0, '已分配任务（金额）': '9842673.2', '当前月份任务达成率': '0.023364912525', '本月开单金额（万）': 1.4218, '楼宇办公待分配任务': 0, '战区已分配金额-食饮': 115000000, '父级已审批金额-食饮': 115000000, '事业群剩余未分配金额': -495000000, '截止当天累计目标阈值': 6356164.38356164, '本月当前目标阈值 (万)': 53.763440860215, '楼宇办公-年度开单金额': 0, '片区已分配金额-食饮部': 0, '行业线已分配金额-食饮': 105000000, '战区下派片区总任务金额': 16400000, '截止当前目标阈值达成率': '1.200684470927', '健康-年度开单金额（万）': 0, '年度阈值/开单差额（万）': '127.558349', '战区已分配金额-工业健康': 40000000, '战区已分配金额-楼宇办公': 300000000, '月度阈值/开单差额（万）': '-52.341641', '父级已审批金额-工业健康': 40000000, '父级已审批金额-楼宇办公': 300000000, '片区已分配金额-工业健康': 0, '片区已分配金额-楼宇办公': 0, '片区父级已审批金额-食饮': 115000000, '食饮-年度开单金额（万）': 763.174787, '事业群下派战区总任务金额': 600000000, '总金额转换（以万为单位）': 1000, '总额的待分配任务（金额）': 0, '客户经理已分配金额-食饮部': 0, '行业线已分配金额-工业健康': 10000000, '行业线已分配金额-楼宇办公': 30000000, '行业线父级已审批金额-食饮': 115000000, '截止当天累计目标阈值（万）': 635.616438356165, '片区下派客户经理总任务金额': 0, '客户经理已分配金额-工业健康': 0, '客户经理已分配金额-楼宇办公': 0, '楼宇办公-年度开单金额（万）': 0, '片区父级已审批金额-工业健康': 0, '片区父级已审批金额-楼宇办公': 0, '客户经理父级已审批金额-食饮部': 230000000, '行业线父级已审批金额-工业健康': 0, '行业线父级已审批金额-楼宇办公': 0, '年度开单金额转换（以万为单位）': 763.174787, '客户经理父级已审批金额-工业健康': 80000000, '客户经理父级已审批金额-楼宇办公': 600000000}",2026-08-21 17:04:35.666689,2026-08-21 17:04:35.666689,2026-08-21 17:04:35.666689
11,recvdIUva50897,"{'2601': 1250000, '2602': 1250000, '2603': 1250000, '2604': 1250000, '公式': 2e-07, '战区': '食饮行业部', '状态': '待确认', '编号': '11', '事业群': '商用事业群', '创建人': '谢南珩', '当前年': 2026, '当前月': 8, '食饮部': '5804895.04', '客户经理': '白既白', '层级级别': '客户经理', '当前日期': 21, '父级引用': [{'text': '6', 'type': 'text', 'table_id': 'tblcLapTvgTH3EDa', 'text_arr': ['6'], 'record_ids': ['recvdIRsQP9RqU']}], '经营主体': '星澜集团总部', '1季度比例': '25%', '2季度比例': '25%', '3季度比例': '25%', '4季度比例': '25%', '任务维护人': '殷怀川', '年度开单金额': 4694383, '总任务承接人': '白既白', '总任务达成率': '1.487753097251', '本月开单金额': 271561, '食饮部（万）': 500, '链接字段(勿删)': [{'text': '商用事业群;食饮行业部;;白既白', 'type': 'text'}], '剩余分配百分比': 0, '工业健康（万）': 0, '当前月最后一天': 31, '总任务（金额）': '3155350.85', '战区总任务金额': 600000000, '楼宇办公（万）': 0, '本月当前目标阈值': 268817.204301075, '本月总目标（万）': 41.6666666666667, '食饮部待分配任务': 5000000, '健康-年度开单金额': 0, '食饮-年度开单金额': 4694383, '工业健康待分配任务': 0, '当前月份任务达成率': '1.032763757476', '本月开单金额（万）': 27.1561, '楼宇办公待分配任务': 0, '战区已分配金额-食饮': 115000000, '父级已审批金额-食饮': 115000000, '事业群剩余未分配金额': -495000000, '截止当天累计目标阈值': 3178082.19178082, '本月当前目标阈值 (万)': 26.8817204301075, '楼宇办公-年度开单金额': 0, '片区已分配金额-食饮部': 0, '行业线已分配金额-食饮': 105000000, '战区下派片区总任务金额': 16400000, '截止当前目标阈值达成率': '1.477111892241', '健康-年度开单金额（万）': 0, '年度阈值/开单差额（万）': '151.630081', '战区已分配金额-工业健康': 40000000, '战区已分配金额-楼宇办公': 300000000, '月度阈值/开单差额（万）': '0.27438', '父级已审批金额-工业健康': 40000000, '父级已审批金额-楼宇办公': 300000000, '片区已分配金额-工业健康': 0, '片区已分配金额-楼宇办公': 0, '片区父级已审批金额-食饮': 115000000, '食饮-年度开单金额（万）': 469.4383, '事业群下派战区总任务金额': 600000000, '总金额转换（以万为单位）': 500, '总额的待分配任务（金额）': 5000000, '客户经理已分配金额-食饮部': 0, '行业线已分配金额-工业健康': 10000000, '行业线已分配金额-楼宇办公': 30000000, '行业线父级已审批金额-食饮': 115000000, '截止当天累计目标阈值（万）': 317.808219178082, '片区下派客户经理总任务金额': 0, '客户经理已分配金额-工业健康': 0, '客户经理已分配金额-楼宇办公': 0, '楼宇办公-年度开单金额（万）': 0, '片区父级已审批金额-工业健康': 0, '片区父级已审批金额-楼宇办公': 0, '客户经理父级已审批金额-食饮部': 230000000, '行业线父级已审批金额-工业健康': 0, '行业线父级已审批金额-楼宇办公': 0, '年度开单金额转换（以万为单位）': 469.4383, '客户经理父级已审批金额-工业健康': 80000000, '客户经理父级已审批金额-楼宇办公': 600000000}",2026-08-21 17:04:35.666689,2026-08-21 17:04:35.666689,2026-08-21 17:04:35.666689
12,recvdIV0RMDzUH,"{'2601': 1250000, '2602': 1250000, '2603': 1250000, '2604': 1250000, '公式': 2e-07, '战区': '工业健康行业部', '状态': '待确认', '编号': '12', '事业群': '商用事业群', '创建人': '洛屿青', '当前年': 2026, '当前月': 8, '客户经理': '傅亦舟', '层级级别': '客户经理', '工业健康': '4888421.44', '当前日期': 21, '父级引用': [{'text': '8', 'type': 'text', 'table_id': 'tblcLapTvgTH3EDa', 'text_arr': ['8'], 'record_ids': ['recvdIRTmv9oq4']}], '经营主体': '星澜集团总部', '1季度比例': '25%', '2季度比例': '25%', '3季度比例': '25%', '4季度比例': '25%', '任务维护人': '苏朔风', '年度开单金额': 0, '总任务承接人': '傅亦舟', '总任务达成率': '0', '本月开单金额': 0, '食饮部（万）': 0, '链接字段(勿删)': [{'text': '商用事业群;工业健康行业部;;傅亦舟', 'type': 'text'}], '剩余分配百分比': 0, '工业健康（万）': 500, '当前月最后一天': 31, '总任务（金额）': '2810171.41', '战区总任务金额': 600000000, '楼宇办公（万）': 0, '本月当前目标阈值': 268817.204301075, '本月总目标（万）': 41.6666666666667, '食饮部待分配任务': 0, '健康-年度开单金额': 0, '食饮-年度开单金额': 0, '工业健康待分配任务': 5000000, '当前月份任务达成率': '0', '本月开单金额（万）': 0, '楼宇办公待分配任务': 0, '战区已分配金额-食饮': 115000000, '父级已审批金额-食饮': 115000000, '事业群剩余未分配金额': -590000000, '截止当天累计目标阈值': 3178082.19178082, '本月当前目标阈值 (万)': 26.8817204301075, '楼宇办公-年度开单金额': 0, '片区已分配金额-食饮部': 0, '行业线已分配金额-食饮': 105000000, '战区下派片区总任务金额': 16400000, '截止当前目标阈值达成率': '0', '健康-年度开单金额（万）': 0, '年度阈值/开单差额（万）': '-317.808219', '战区已分配金额-工业健康': 40000000, '战区已分配金额-楼宇办公': 300000000, '月度阈值/开单差额（万）': '-26.88172', '父级已审批金额-工业健康': 40000000, '父级已审批金额-楼宇办公': 300000000, '片区已分配金额-工业健康': 0, '片区已分配金额-楼宇办公': 0, '片区父级已审批金额-食饮': 0, '食饮-年度开单金额（万）': 0, '事业群下派战区总任务金额': 600000000, '总金额转换（以万为单位）': 500, '总额的待分配任务（金额）': 5000000, '客户经理已分配金额-食饮部': 0, '行业线已分配金额-工业健康': 10000000, '行业线已分配金额-楼宇办公': 30000000, '行业线父级已审批金额-食饮': 0, '截止当天累计目标阈值（万）': 317.808219178082, '片区下派客户经理总任务金额': 0, '客户经理已分配金额-工业健康': 0, '客户经理已分配金额-楼宇办公': 0, '楼宇办公-年度开单金额（万）': 0, '片区父级已审批金额-工业健康': 10000000, '片区父级已审批金额-楼宇办公': 0, '客户经理父级已审批金额-食饮部': 230000000, '行业线父级已审批金额-工业健康': 10000000, '行业线父级已审批金额-楼宇办公': 0, '年度开单金额转换（以万为单位）': 0, '客户经理父级已审批金额-工业健康': 80000000, '客户经理父级已审批金额-楼宇办公': 600000000}",2026-08-21 17:04:35.666689,2026-08-21 17:04:35.666689,2026-08-21 17:04:35.666689
13,recvdIVmm3VQsZ,"{'2601': 500000, '2602': 500000, '2603': 500000, '2604': 500000, '公式': 5e-07, '战区': '工业健康行业部', '状态': '待确认', '编号': '13', '事业群': '商用事业群', '创建人': '洛屿青', '当前年': 2026, '当前月': 8, '客户经理': '苏朔风', '层级级别': '客户经理', '工业健康': '1929520.32', '当前日期': 21, '父级引用': [{'text': '8', 'type': 'text', 'table_id': 'tblcLapTvgTH3EDa', 'text_arr': ['8'], 'record_ids': ['recvdIRTmv9oq4']}], '经营主体': '星澜集团总部', '1季度比例': '25%', '2季度比例': '25%', '3季度比例': '25%', '4季度比例': '25%', '任务维护人': '苏朔风', '年度开单金额': 0, '总任务承接人': '苏朔风', '总任务达成率': '0', '本月开单金额': 0, '食饮部（万）': 0, '链接字段(勿删)': [{'text': '商用事业群;工业健康行业部;;苏朔风', 'type': 'text'}], '剩余分配百分比': 0, '工业健康（万）': 200, '当前月最后一天': 31, '总任务（金额）': '1113301.18', '战区总任务金额': 600000000, '楼宇办公（万）': 0, '本月当前目标阈值': 107526.88172043, '本月总目标（万）': 16.6666666666667, '食饮部待分配任务': 0, '健康-年度开单金额': 0, '食饮-年度开单金额': 0, '工业健康待分配任务': 2000000, '当前月份任务达成率': '0', '本月开单金额（万）': 0, '楼宇办公待分配任务': 0, '战区已分配金额-食饮': 115000000, '父级已审批金额-食饮': 115000000, '事业群剩余未分配金额': -590000000, '截止当天累计目标阈值': 1271232.87671233, '本月当前目标阈值 (万)': 10.752688172043, '楼宇办公-年度开单金额': 0, '片区已分配金额-食饮部': 0, '行业线已分配金额-食饮': 105000000, '战区下派片区总任务金额': 16400000, '截止当前目标阈值达成率': '0', '健康-年度开单金额（万）': 0, '年度阈值/开单差额（万）': '-127.123288', '战区已分配金额-工业健康': 40000000, '战区已分配金额-楼宇办公': 300000000, '月度阈值/开单差额（万）': '-10.752688', '父级已审批金额-工业健康': 40000000, '父级已审批金额-楼宇办公': 300000000, '片区已分配金额-工业健康': 0, '片区已分配金额-楼宇办公': 0, '片区父级已审批金额-食饮': 0, '食饮-年度开单金额（万）': 0, '事业群下派战区总任务金额': 600000000, '总金额转换（以万为单位）': 200, '总额的待分配任务（金额）': 2000000, '客户经理已分配金额-食饮部': 0, '行业线已分配金额-工业健康': 10000000, '行业线已分配金额-楼宇办公': 30000000, '行业线父级已审批金额-食饮': 0, '截止当天累计目标阈值（万）': 127.123287671233, '片区下派客户经理总任务金额': 0, '客户经理已分配金额-工业健康': 0, '客户经理已分配金额-楼宇办公': 0, '楼宇办公-年度开单金额（万）': 0, '片区父级已审批金额-工业健康': 10000000, '片区父级已审批金额-楼宇办公': 0, '客户经理父级已审批金额-食饮部': 230000000, '行业线父级已审批金额-工业健康': 10000000, '行业线父级已审批金额-楼宇办公': 0, '年度开单金额转换（以万为单位）': 0, '客户经理父级已审批金额-工业健康': 80000000, '客户经理父级已审批金额-楼宇办公': 600000000}",2026-08-21 17:04:35.666689,2026-08-21 17:04:35.666689,2026-08-21 17:04:35.666689
14,recvdIVAqArZAV,"{'2601': 750000, '2602': 750000, '2603': 750000, '2604': 750000, '公式': 3.33333333333333e-07, '战区': '工业健康行业部', '状态': '待确认', '编号': '14', '事业群': '商用事业群', '创建人': '洛屿青', '当前年': 2026, '当前月': 8, '客户经理': '施既白', '层级级别': '客户经理', '工业健康': '2941076.32', '当前日期': 21, '父级引用': [{'text': '8', 'type': 'text', 'table_id': 'tblcLapTvgTH3EDa', 'text_arr': ['8'], 'record_ids': ['recvdIRTmv9oq4']}], '经营主体': '星澜集团总部', '1季度比例': '25%', '2季度比例': '25%', '3季度比例': '25%', '4季度比例': '25%', '任务维护人': '苏朔风', '年度开单金额': 1601763.25, '总任务承接人': '施既白', '总任务达成率': '0.627319997562', '本月开单金额': 0, '食饮部（万）': 0, '链接字段(勿删)': [{'text': '商用事业群;工业健康行业部;;施既白', 'type': 'text'}], '剩余分配百分比': 0, '工业健康（万）': 300, '当前月最后一天': 31, '总任务（金额）': '2553343.2', '战区总任务金额': 600000000, '楼宇办公（万）': 0, '本月当前目标阈值': 161290.322580645, '本月总目标（万）': 25, '食饮部待分配任务': 0, '健康-年度开单金额': 1601763.25, '食饮-年度开单金额': 0, '工业健康待分配任务': 3000000, '当前月份任务达成率': '0', '本月开单金额（万）': 0, '楼宇办公待分配任务': 0, '战区已分配金额-食饮': 115000000, '父级已审批金额-食饮': 115000000, '事业群剩余未分配金额': -590000000, '截止当天累计目标阈值': 1906849.31506849, '本月当前目标阈值 (万)': 16.1290322580645, '楼宇办公-年度开单金额': 0, '片区已分配金额-食饮部': 0, '行业线已分配金额-食饮': 105000000, '战区下派片区总任务金额': 16400000, '截止当前目标阈值达成率': '0.840005152658', '健康-年度开单金额（万）': 160.176325, '年度阈值/开单差额（万）': '-30.508607', '战区已分配金额-工业健康': 40000000, '战区已分配金额-楼宇办公': 300000000, '月度阈值/开单差额（万）': '-16.129032', '父级已审批金额-工业健康': 40000000, '父级已审批金额-楼宇办公': 300000000, '片区已分配金额-工业健康': 0, '片区已分配金额-楼宇办公': 0, '片区父级已审批金额-食饮': 0, '食饮-年度开单金额（万）': 0, '事业群下派战区总任务金额': 600000000, '总金额转换（以万为单位）': 300, '总额的待分配任务（金额）': 3000000, '客户经理已分配金额-食饮部': 0, '行业线已分配金额-工业健康': 10000000, '行业线已分配金额-楼宇办公': 30000000, '行业线父级已审批金额-食饮': 0, '截止当天累计目标阈值（万）': 190.684931506849, '片区下派客户经理总任务金额': 0, '客户经理已分配金额-工业健康': 0, '客户经理已分配金额-楼宇办公': 0, '楼宇办公-年度开单金额（万）': 0, '片区父级已审批金额-工业健康': 10000000, '片区父级已审批金额-楼宇办公': 0, '客户经理父级已审批金额-食饮部': 230000000, '行业线父级已审批金额-工业健康': 10000000, '行业线父级已审批金额-楼宇办公': 0, '年度开单金额转换（以万为单位）': 160.176325, '客户经理父级已审批金额-工业健康': 80000000, '客户经理父级已审批金额-楼宇办公': 600000000}",2026-08-21 17:04:35.666689,2026-08-21 17:04:35.666689,2026-08-21 17:04:35.666689
15,recvdIXCrL2I1u,"{'2601': 1750000, '2602': 1750000, '2603': 1750000, '2604': 1750000, '公式': 1.42857142857143e-07, '战区': '楼宇办公行业部', '状态': '待确认', '编号': '15', '事业群': '商用事业群', '创建人': '洛屿青', '当前年': 2026, '当前月': 8, '客户经理': '林屿青', '层级级别': '客户经理', '当前日期': 21, '楼宇办公': '5500773.6', '父级引用': [{'text': '7', 'type': 'text', 'table_id': 'tblcLapTvgTH3EDa', 'text_arr': ['7'], 'record_ids': ['recvdIRBey2dsx']}], '经营主体': '星澜集团总部', '1季度比例': '25%', '2季度比例': '25%', '3季度比例': '25%', '4季度比例': '25%', '任务维护人': '温屿青', '年度开单金额': 4812809.23, '总任务承接人': '林屿青', '总任务达成率': '1.204534794002', '本月开单金额': 626624.85, '食饮部（万）': 0, '链接字段(勿删)': [{'text': '商用事业群;楼宇办公行业部;;林屿青', 'type': 'text'}], '剩余分配百分比': 0, '工业健康（万）': 0, '当前月最后一天': 31, '总任务（金额）': '3995575.1', '战区总任务金额': 600000000, '楼宇办公（万）': 700, '本月当前目标阈值': 376344.086021505, '本月总目标（万）': 58.3333333333333, '食饮部待分配任务': 0, '健康-年度开单金额': 0, '食饮-年度开单金额': 0, '工业健康待分配任务': 0, '当前月份任务达成率': '1.881956417238', '本月开单金额（万）': 62.662485, '楼宇办公待分配任务': 7000000, '战区已分配金额-食饮': 115000000, '父级已审批金额-食饮': 115000000, '事业群剩余未分配金额': -570000000, '截止当天累计目标阈值': 4449315.06849315, '本月当前目标阈值 (万)': 37.6344086021505, '楼宇办公-年度开单金额': 4812809.23, '片区已分配金额-食饮部': 0, '行业线已分配金额-食饮': 105000000, '战区下派片区总任务金额': 16400000, '截止当前目标阈值达成率': '1.081696655757', '健康-年度开单金额（万）': 0, '年度阈值/开单差额（万）': '36.349416', '战区已分配金额-工业健康': 40000000, '战区已分配金额-楼宇办公': 300000000, '月度阈值/开单差额（万）': '25.028076', '父级已审批金额-工业健康': 40000000, '父级已审批金额-楼宇办公': 300000000, '片区已分配金额-工业健康': 0, '片区已分配金额-楼宇办公': 0, '片区父级已审批金额-食饮': 0, '食饮-年度开单金额（万）': 0, '事业群下派战区总任务金额': 600000000, '总金额转换（以万为单位）': 700, '总额的待分配任务（金额）': 7000000, '客户经理已分配金额-食饮部': 0, '行业线已分配金额-工业健康': 10000000, '行业线已分配金额-楼宇办公': 30000000, '行业线父级已审批金额-食饮': 0, '截止当天累计目标阈值（万）': 444.931506849315, '片区下派客户经理总任务金额': 0, '客户经理已分配金额-工业健康': 0, '客户经理已分配金额-楼宇办公': 0, '楼宇办公-年度开单金额（万）': 481.280923, '片区父级已审批金额-工业健康': 0, '片区父级已审批金额-楼宇办公': 34000000, '客户经理父级已审批金额-食饮部': 230000000, '行业线父级已审批金额-工业健康': 0, '行业线父级已审批金额-楼宇办公': 34000000, '年度开单金额转换（以万为单位）': 481.280923, '客户经理父级已审批金额-工业健康': 80000000, '客户经理父级已审批金额-楼宇办公': 600000000}",2026-08-21 17:04:35.666689,2026-08-21 17:04:35.666689,2026-08-21 17:04:35.666689
16,recvdIXOGCOGp7,"{'2601': 1750000, '2602': 1750000, '2603': 1750000, '2604': 1750000, '公式': 1.42857142857143e-07, '战区': '楼宇办公行业部', '状态': '待确认', '编号': '16', '事业群': '商用事业群', '创建人': '洛屿青', '当前年': 2026, '当前月': 8, '客户经理': '温屿青', '层级级别': '客户经理', '当前日期': 21, '楼宇办公': '5113535.84', '父级引用': [{'text': '7', 'type': 'text', 'table_id': 'tblcLapTvgTH3EDa', 'text_arr': ['7'], 'record_ids': ['recvdIRBey2dsx']}], '经营主体': '星澜集团总部', '1季度比例': '25%', '2季度比例': '25%', '3季度比例': '25%', '4季度比例': '25%', '任务维护人': '温屿青', '年度开单金额': 1402793.42, '总任务承接人': '温屿青', '总任务达成率': '0.261896346836', '本月开单金额': 0, '食饮部（万）': 0, '链接字段(勿删)': [{'text': '商用事业群;楼宇办公行业部;;温屿青', 'type': 'text'}], '剩余分配百分比': 0, '工业健康（万）': 0, '当前月最后一天': 31, '总任务（金额）': '5356292.43', '战区总任务金额': 600000000, '楼宇办公（万）': 700, '本月当前目标阈值': 376344.086021505, '本月总目标（万）': 58.3333333333333, '食饮部待分配任务': 0, '健康-年度开单金额': 0, '食饮-年度开单金额': 0, '工业健康待分配任务': 0, '当前月份任务达成率': '0', '本月开单金额（万）': 0, '楼宇办公待分配任务': 7000000, '战区已分配金额-食饮': 115000000, '父级已审批金额-食饮': 115000000, '事业群剩余未分配金额': -570000000, '截止当天累计目标阈值': 4449315.06849315, '本月当前目标阈值 (万)': 37.6344086021505, '楼宇办公-年度开单金额': 1402793.42, '片区已分配金额-食饮部': 0, '行业线已分配金额-食饮': 105000000, '战区下派片区总任务金额': 16400000, '截止当前目标阈值达成率': '0.315283003879', '健康-年度开单金额（万）': 0, '年度阈值/开单差额（万）': '-304.652165', '战区已分配金额-工业健康': 40000000, '战区已分配金额-楼宇办公': 300000000, '月度阈值/开单差额（万）': '-37.634409', '父级已审批金额-工业健康': 40000000, '父级已审批金额-楼宇办公': 300000000, '片区已分配金额-工业健康': 0, '片区已分配金额-楼宇办公': 0, '片区父级已审批金额-食饮': 0, '食饮-年度开单金额（万）': 0, '事业群下派战区总任务金额': 600000000, '总金额转换（以万为单位）': 700, '总额的待分配任务（金额）': 7000000, '客户经理已分配金额-食饮部': 0, '行业线已分配金额-工业健康': 10000000, '行业线已分配金额-楼宇办公': 30000000, '行业线父级已审批金额-食饮': 0, '截止当天累计目标阈值（万）': 444.931506849315, '片区下派客户经理总任务金额': 0, '客户经理已分配金额-工业健康': 0, '客户经理已分配金额-楼宇办公': 0, '楼宇办公-年度开单金额（万）': 140.279342, '片区父级已审批金额-工业健康': 0, '片区父级已审批金额-楼宇办公': 34000000, '客户经理父级已审批金额-食饮部': 230000000, '行业线父级已审批金额-工业健康': 0, '行业线父级已审批金额-楼宇办公': 34000000, '年度开单金额转换（以万为单位）': 140.279342, '客户经理父级已审批金额-工业健康': 80000000, '客户经理父级已审批金额-楼宇办公': 600000000}",2026-08-21 17:04:35.666689,2026-08-21 17:04:35.666689,2026-08-21 17:04:35.666689
17,recvdIY2oHg4Eq,"{'2601': 3000000, '2602': 3000000, '2603': 3000000, '2604': 3000000, '公式': 8.33333333333333e-08, '战区': '楼宇办公行业部', '状态': '待确认', '编号': '17', '事业群': '商用事业群', '创建人': '洛屿青', '当前年': 2026, '当前月': 8, '客户经理': '姜亦舟', '层级级别': '客户经理', '当前日期': 21, '楼宇办公': '9453756.48', '父级引用': [{'text': '7', 'type': 'text', 'table_id': 'tblcLapTvgTH3EDa', 'text_arr': ['7'], 'record_ids': ['recvdIRBey2dsx']}], '经营主体': '星澜集团总部', '1季度比例': '25%', '2季度比例': '25%', '3季度比例': '25%', '4季度比例': '25%', '任务维护人': '温屿青', '年度开单金额': 12843400.72, '总任务承接人': '姜亦舟', '总任务达成率': '1.50953829126', '本月开单金额': 1105390.12, '食饮部（万）': 0, '链接字段(勿删)': [{'text': '商用事业群;楼宇办公行业部;;姜亦舟', 'type': 'text'}], '剩余分配百分比': 0, '工业健康（万）': 0, '当前月最后一天': 31, '总任务（金额）': '8508164.91', '战区总任务金额': 600000000, '楼宇办公（万）': 1200, '本月当前目标阈值': 645161.290322581, '本月总目标（万）': 100, '食饮部待分配任务': 0, '健康-年度开单金额': 0, '食饮-年度开单金额': 0, '工业健康待分配任务': 0, '当前月份任务达成率': '1.559053166025', '本月开单金额（万）': 110.539012, '楼宇办公待分配任务': 12000000, '战区已分配金额-食饮': 115000000, '父级已审批金额-食饮': 115000000, '事业群剩余未分配金额': -570000000, '截止当天累计目标阈值': 7627397.26027397, '本月当前目标阈值 (万)': 64.5161290322581, '楼宇办公-年度开单金额': 12843400.72, '片区已分配金额-食饮部': 0, '行业线已分配金额-食饮': 105000000, '战区下派片区总任务金额': 16400000, '截止当前目标阈值达成率': '1.683851028305', '健康-年度开单金额（万）': 0, '年度阈值/开单差额（万）': '521.600346', '战区已分配金额-工业健康': 40000000, '战区已分配金额-楼宇办公': 300000000, '月度阈值/开单差额（万）': '46.022883', '父级已审批金额-工业健康': 40000000, '父级已审批金额-楼宇办公': 300000000, '片区已分配金额-工业健康': 0, '片区已分配金额-楼宇办公': 0, '片区父级已审批金额-食饮': 0, '食饮-年度开单金额（万）': 0, '事业群下派战区总任务金额': 600000000, '总金额转换（以万为单位）': 1200, '总额的待分配任务（金额）': 12000000, '客户经理已分配金额-食饮部': 0, '行业线已分配金额-工业健康': 10000000, '行业线已分配金额-楼宇办公': 30000000, '行业线父级已审批金额-食饮': 0, '截止当天累计目标阈值（万）': 762.739726027397, '片区下派客户经理总任务金额': 0, '客户经理已分配金额-工业健康': 0, '客户经理已分配金额-楼宇办公': 0, '楼宇办公-年度开单金额（万）': 1284.340072, '片区父级已审批金额-工业健康': 0, '片区父级已审批金额-楼宇办公': 34000000, '客户经理父级已审批金额-食饮部': 230000000, '行业线父级已审批金额-工业健康': 0, '行业线父级已审批金额-楼宇办公': 34000000, '年度开单金额转换（以万为单位）': 1284.340072, '客户经理父级已审批金额-工业健康': 80000000, '客户经理父级已审批金额-楼宇办公': 600000000}",2026-08-21 17:04:35.666689,2026-08-21 17:04:35.666689,2026-08-21 17:04:35.666689
18,recvdIYdPUSLnm,"{'2601': 1000000, '2602': 1000000, '2603': 1000000, '2604': 1000000, '公式': 2.5e-07, '战区': '楼宇办公行业部', '状态': '已审批', '编号': '18', '事业群': '商用事业群', '创建人': '洛屿青', '当前年': 2026, '当前月': 8, '客户经理': '林南珩', '层级级别': '客户经理', '当前日期': 21, '楼宇办公': '5373571.84', '父级引用': [{'text': '7', 'type': 'text', 'table_id': 'tblcLapTvgTH3EDa', 'text_arr': ['7'], 'record_ids': ['recvdIRBey2dsx']}], '经营主体': '星澜集团总部', '1季度比例': '25%', '2季度比例': '25%', '3季度比例': '25%', '4季度比例': '25%', '任务维护人': '温屿青', '年度开单金额': 623746.22, '总任务承接人': '林南珩', '总任务达成率': '0.176861181819', '本月开单金额': 0, '食饮部（万）': 0, '链接字段(勿删)': [{'text': '商用事业群;楼宇办公行业部;;林南珩', 'type': 'text'}], '剩余分配百分比': 0, '工业健康（万）': 0, '当前月最后一天': 31, '总任务（金额）': '3526755.92', '战区总任务金额': 600000000, '楼宇办公（万）': 400, '本月当前目标阈值': 215053.76344086, '本月总目标（万）': 33.3333333333333, '食饮部待分配任务': 0, '健康-年度开单金额': 0, '食饮-年度开单金额': 0, '工业健康待分配任务': 0, '已分配任务（金额）': '3314498.72', '当前月份任务达成率': '0', '本月开单金额（万）': 0, '楼宇办公待分配任务': 4000000, '战区已分配金额-食饮': 115000000, '父级已审批金额-食饮': 115000000, '事业群剩余未分配金额': -570000000, '截止当天累计目标阈值': 2542465.75342466, '本月当前目标阈值 (万)': 21.505376344086, '楼宇办公-年度开单金额': 623746.22, '片区已分配金额-食饮部': 0, '行业线已分配金额-食饮': 105000000, '战区下派片区总任务金额': 16400000, '截止当前目标阈值达成率': '0.245331217996', '健康-年度开单金额（万）': 0, '年度阈值/开单差额（万）': '-191.871953', '战区已分配金额-工业健康': 40000000, '战区已分配金额-楼宇办公': 300000000, '月度阈值/开单差额（万）': '-21.505376', '父级已审批金额-工业健康': 40000000, '父级已审批金额-楼宇办公': 300000000, '片区已分配金额-工业健康': 0, '片区已分配金额-楼宇办公': 0, '片区父级已审批金额-食饮': 0, '食饮-年度开单金额（万）': 0, '事业群下派战区总任务金额': 600000000, '总金额转换（以万为单位）': 400, '总额的待分配任务（金额）': 0, '客户经理已分配金额-食饮部': 0, '行业线已分配金额-工业健康': 10000000, '行业线已分配金额-楼宇办公': 30000000, '行业线父级已审批金额-食饮': 0, '截止当天累计目标阈值（万）': 254.246575342466, '片区下派客户经理总任务金额': 0, '客户经理已分配金额-工业健康': 0, '客户经理已分配金额-楼宇办公': 0, '楼宇办公-年度开单金额（万）': 62.374622, '片区父级已审批金额-工业健康': 0, '片区父级已审批金额-楼宇办公': 34000000, '客户经理父级已审批金额-食饮部': 230000000, '行业线父级已审批金额-工业健康': 0, '行业线父级已审批金额-楼宇办公': 34000000, '年度开单金额转换（以万为单位）': 62.374622, '客户经理父级已审批金额-工业健康': 80000000, '客户经理父级已审批金额-楼宇办公': 600000000}",2026-08-21 17:04:35.666689,2026-08-21 17:04:35.666689,2026-08-21 17:04:35.666689
19,recvdIZBQSMnHV,"{'2601': 4375000, '2602': 4375000, '2603': 4375000, '2604': 4375000, '公式': 5.71428571428571e-08, '战区': '朔岑战区', '片区': '锦川片区', '状态': '已审批', '编号': '19', '事业群': '商用事业群', '创建人': '谢南珩', '当前年': 2026, '当前月': 8, '食饮部': '2063036.64', '层级级别': '片区', '工业健康': '1966112.96', '当前日期': 21, '楼宇办公': '12175833.6', '父级引用': [{'text': '4', 'type': 'text', 'table_id': 'tblcLapTvgTH3EDa', 'text_arr': ['4'], 'record_ids': ['recvdIQyBuSUDW']}], '经营主体': '星澜集团总部', '1季度比例': '25%', '2季度比例': '25%', '3季度比例': '25%', '4季度比例': '25%', '任务维护人': '江朔风', '年度开单金额': 6867834.26, '总任务承接人': '严怀川', '总任务达成率': '0.518458486256', '本月开单金额': 760593, '食饮部（万）': 260, '链接字段(勿删)': [{'text': '商用事业群;朔岑战区;锦川片区;', 'type': 'text'}], '剩余分配百分比': 0, '工业健康（万）': 200, '当前月最后一天': 31, '总任务（金额）': '13246642.58', '战区总任务金额': 600000000, '楼宇办公（万）': 1290, '本月当前目标阈值': 940860.215053763, '本月总目标（万）': 145.833333333333, '食饮部待分配任务': 2600000, '健康-年度开单金额': 147877.34, '食饮-年度开单金额': 178335.5, '工业健康待分配任务': 2000000, '当前月份任务达成率': '0.689013532665', '本月开单金额（万）': 76.0593, '楼宇办公待分配任务': 12900000, '战区已分配金额-食饮': 115000000, '父级已审批金额-食饮': 115000000, '事业群剩余未分配金额': -530600000, '截止当天累计目标阈值': 11123287.6712329, '本月当前目标阈值 (万)': 94.0860215053763, '楼宇办公-年度开单金额': 6541621.42, '片区已分配金额-食饮部': 6500000, '行业线已分配金额-食饮': 105000000, '战区下派片区总任务金额': 16400000, '截止当前目标阈值达成率': '0.617428449483', '健康-年度开单金额（万）': 14.787734, '年度阈值/开单差额（万）': '-425.545341', '战区已分配金额-工业健康': 40000000, '战区已分配金额-楼宇办公': 300000000, '月度阈值/开单差额（万）': '-18.026722', '父级已审批金额-工业健康': 40000000, '父级已审批金额-楼宇办公': 300000000, '片区已分配金额-工业健康': 8300000, '片区已分配金额-楼宇办公': 54600000, '片区父级已审批金额-食饮': 2600000, '食饮-年度开单金额（万）': 17.83355, '事业群下派战区总任务金额': 600000000, '总金额转换（以万为单位）': 1750, '总额的待分配任务（金额）': 17500000, '客户经理已分配金额-食饮部': 0, '行业线已分配金额-工业健康': 10000000, '行业线已分配金额-楼宇办公': 30000000, '行业线父级已审批金额-食饮': 2600000, '截止当天累计目标阈值（万）': 1112.32876712329, '片区下派客户经理总任务金额': 0, '客户经理已分配金额-工业健康': 0, '客户经理已分配金额-楼宇办公': 0, '楼宇办公-年度开单金额（万）': 654.162142, '片区父级已审批金额-工业健康': 6800000, '片区父级已审批金额-楼宇办公': 60000000, '客户经理父级已审批金额-食饮部': 2600000, '行业线父级已审批金额-工业健康': 6800000, '行业线父级已审批金额-楼宇办公': 60000000, '年度开单金额转换（以万为单位）': 686.783426, '客户经理父级已审批金额-工业健康': 2000000, '客户经理父级已审批金额-楼宇办公': 12900000}",2026-08-21 17:04:35.666689,2026-08-21 17:04:35.666689,2026-08-21 17:04:35.666689
20,recvdJ0CNt8zSu,"{'2601': 5900000, '2602': 5900000, '2603': 5900000, '2604': 5900000, '公式': 4.23728813559322e-08, '战区': '瀚川战区', '片区': '珩京片区', '状态': '已审批', '编号': '20', '事业群': '商用事业群', '创建人': '洛屿青', '当前年': 2026, '当前月': 8, '食饮部': '1820355.04', '层级级别': '片区', '工业健康': '1857822.4', '当前日期': 21, '楼宇办公': '24156339.2', '父级引用': [{'text': '5', 'type': 'text', 'table_id': 'tblcLapTvgTH3EDa', 'text_arr': ['5'], 'record_ids': ['recvdIQHwliUCQ']}], '经营主体': '星澜集团总部', '1季度比例': '25%', '2季度比例': '25%', '3季度比例': '25%', '4季度比例': '25%', '任务维护人': '池既白', '年度开单金额': 11807082, '总任务承接人': '林屿青', '总任务达成率': '0.637926920888', '本月开单金额': 557324.179999999, '食饮部（万）': 200, '链接字段(勿删)': [{'text': '商用事业群;瀚川战区;珩京片区;', 'type': 'text'}], '剩余分配百分比': 0, '工业健康（万）': 160, '当前月最后一天': 31, '总任务（金额）': '18508518.16', '战区总任务金额': 600000000, '楼宇办公（万）': 2000, '本月当前目标阈值': 1268817.20430108, '本月总目标（万）': 196.666666666667, '食饮部待分配任务': 2000000, '健康-年度开单金额': 404950, '食饮-年度开单金额': 1075540.36, '工业健康待分配任务': 1600000, '当前月份任务达成率': '0.361341199884', '本月开单金额（万）': 55.7324179999999, '楼宇办公待分配任务': 20000000, '战区已分配金额-食饮': 115000000, '父级已审批金额-食饮': 115000000, '事业群剩余未分配金额': -536400000, '截止当天累计目标阈值': 15000547.9452055, '本月当前目标阈值 (万)': 126.881720430108, '楼宇办公-年度开单金额': 10326591.64, '片区已分配金额-食饮部': 2600000, '行业线已分配金额-食饮': 105000000, '战区下派片区总任务金额': 16400000, '截止当前目标阈值达成率': '0.787110047122', '健康-年度开单金额（万）': 40.495, '年度阈值/开单差额（万）': '-319.346595', '战区已分配金额-工业健康': 40000000, '战区已分配金额-楼宇办公': 300000000, '月度阈值/开单差额（万）': '-71.149302', '父级已审批金额-工业健康': 40000000, '父级已审批金额-楼宇办公': 300000000, '片区已分配金额-工业健康': 6000000, '片区已分配金额-楼宇办公': 55000000, '片区父级已审批金额-食饮': 2600000, '食饮-年度开单金额（万）': 107.554036, '事业群下派战区总任务金额': 600000000, '总金额转换（以万为单位）': 2360, '总额的待分配任务（金额）': 23600000, '客户经理已分配金额-食饮部': 0, '行业线已分配金额-工业健康': 10000000, '行业线已分配金额-楼宇办公': 30000000, '行业线父级已审批金额-食饮': 2600000, '截止当天累计目标阈值（万）': 1500.05479452055, '片区下派客户经理总任务金额': 0, '客户经理已分配金额-工业健康': 0, '客户经理已分配金额-楼宇办公': 0, '楼宇办公-年度开单金额（万）': 1032.659164, '片区父级已审批金额-工业健康': 6000000, '片区父级已审批金额-楼宇办公': 55000000, '客户经理父级已审批金额-食饮部': 2000000, '行业线父级已审批金额-工业健康': 6000000, '行业线父级已审批金额-楼宇办公': 55000000, '年度开单金额转换（以万为单位）': 1180.7082, '客户经理父级已审批金额-工业健康': 1600000, '客户经理父级已审批金额-楼宇办公': 20000000}",2026-08-21 17:04:35.666689,2026-08-21 17:04:35.666689,2026-08-21 17:04:35.666689
21,recvdJ0WcVB7Su,"{'2601': 3500000, '2602': 3500000, '2603': 3500000, '2604': 3500000, '公式': 7.14285714285714e-08, '战区': '朔岑战区', '片区': '秦屿片区', '状态': '已审批', '编号': '21', '事业群': '商用事业群', '创建人': '谢南珩', '当前年': 2026, '当前月': 8, '食饮部': '1353489.76', '层级级别': '片区', '工业健康': '2351158.88', '当前日期': 21, '楼宇办公': '12618111.52', '父级引用': [{'text': '4', 'type': 'text', 'table_id': 'tblcLapTvgTH3EDa', 'text_arr': ['4'], 'record_ids': ['recvdIQyBuSUDW']}], '经营主体': '星澜集团总部', '1季度比例': '25%', '2季度比例': '25%', '3季度比例': '25%', '4季度比例': '25%', '任务维护人': '江朔风', '年度开单金额': 6934818.29, '总任务承接人': '许屿青', '总任务达成率': '0.615475779393', '本月开单金额': 123672, '食饮部（万）': 120, '链接字段(勿删)': [{'text': '商用事业群;朔岑战区;秦屿片区;', 'type': 'text'}], '剩余分配百分比': 0, '工业健康（万）': 200, '当前月最后一天': 31, '总任务（金额）': '11267410.55', '战区总任务金额': 600000000, '楼宇办公（万）': 1080, '本月当前目标阈值': 752688.172043011, '本月总目标（万）': 116.666666666667, '食饮部待分配任务': 1200000, '健康-年度开单金额': 1973658.69, '食饮-年度开单金额': 163975, '工业健康待分配任务': 2000000, '当前月份任务达成率': '0.131712960437', '本月开单金额（万）': 12.3672, '楼宇办公待分配任务': 10800000, '战区已分配金额-食饮': 115000000, '父级已审批金额-食饮': 115000000, '事业群剩余未分配金额': -530600000, '截止当天累计目标阈值': 8898630.1369863, '本月当前目标阈值 (万)': 75.2688172043011, '楼宇办公-年度开单金额': 4797184.6, '片区已分配金额-食饮部': 6500000, '行业线已分配金额-食饮': 105000000, '战区下派片区总任务金额': 16400000, '截止当前目标阈值达成率': '0.779313015964', '健康-年度开单金额（万）': 197.365869, '年度阈值/开单差额（万）': '-196.381185', '战区已分配金额-工业健康': 40000000, '战区已分配金额-楼宇办公': 300000000, '月度阈值/开单差额（万）': '-62.901617', '父级已审批金额-工业健康': 40000000, '父级已审批金额-楼宇办公': 300000000, '片区已分配金额-工业健康': 8300000, '片区已分配金额-楼宇办公': 54600000, '片区父级已审批金额-食饮': 2600000, '食饮-年度开单金额（万）': 16.3975, '事业群下派战区总任务金额': 600000000, '总金额转换（以万为单位）': 1400, '总额的待分配任务（金额）': 14000000, '客户经理已分配金额-食饮部': 0, '行业线已分配金额-工业健康': 10000000, '行业线已分配金额-楼宇办公': 30000000, '行业线父级已审批金额-食饮': 2600000, '截止当天累计目标阈值（万）': 889.86301369863, '片区下派客户经理总任务金额': 0, '客户经理已分配金额-工业健康': 0, '客户经理已分配金额-楼宇办公': 0, '楼宇办公-年度开单金额（万）': 479.71846, '片区父级已审批金额-工业健康': 6800000, '片区父级已审批金额-楼宇办公': 60000000, '客户经理父级已审批金额-食饮部': 1200000, '行业线父级已审批金额-工业健康': 6800000, '行业线父级已审批金额-楼宇办公': 60000000, '年度开单金额转换（以万为单位）': 693.481829, '客户经理父级已审批金额-工业健康': 2000000, '客户经理父级已审批金额-楼宇办公': 10800000}",2026-08-21 17:04:35.666689,2026-08-21 17:04:35.666689,2026-08-21 17:04:35.666689
22,recvdJ1ej9uqNO,"{'2601': 3450000, '2602': 3450000, '2603': 3450000, '2604': 3450000, '公式': 7.2463768115942e-08, '战区': '瀚川战区', '片区': '碣石片区', '状态': '已审批', '编号': '22', '事业群': '商用事业群', '创建人': '洛屿青', '当前年': 2026, '当前月': 8, '食饮部': '165317.6', '层级级别': '片区', '工业健康': '462487.2', '当前日期': 21, '楼宇办公': '9988958.56', '父级引用': [{'text': '5', 'type': 'text', 'table_id': 'tblcLapTvgTH3EDa', 'text_arr': ['5'], 'record_ids': ['recvdIQHwliUCQ']}], '经营主体': '星澜集团总部', '1季度比例': '25%', '2季度比例': '25%', '3季度比例': '25%', '4季度比例': '25%', '任务维护人': '池既白', '年度开单金额': 6169598.65999999, '总任务承接人': '傅南珩', '总任务达成率': '0.55621876953', '本月开单金额': 697609.4, '食饮部（万）': 20, '链接字段(勿删)': [{'text': '商用事业群;瀚川战区;碣石片区;', 'type': 'text'}], '剩余分配百分比': 0, '工业健康（万）': 60, '当前月最后一天': 31, '总任务（金额）': '11092036.08', '战区总任务金额': 600000000, '楼宇办公（万）': 1300, '本月当前目标阈值': 741935.483870968, '本月总目标（万）': 115, '食饮部待分配任务': 200000, '健康-年度开单金额': 125400, '食饮-年度开单金额': 324711, '工业健康待分配任务': 600000, '当前月份任务达成率': '0.754713809045', '本月开单金额（万）': 69.76094, '楼宇办公待分配任务': 13000000, '战区已分配金额-食饮': 115000000, '父级已审批金额-食饮': 115000000, '事业群剩余未分配金额': -536400000, '截止当天累计目标阈值': 8771506.84931507, '本月当前目标阈值 (万)': 74.1935483870968, '楼宇办公-年度开单金额': 5719487.66, '片区已分配金额-食饮部': 2600000, '行业线已分配金额-食饮': 105000000, '战区下派片区总任务金额': 16400000, '截止当前目标阈值达成率': '0.703368163075', '健康-年度开单金额（万）': 12.54, '年度阈值/开单差额（万）': '-260.190819', '战区已分配金额-工业健康': 40000000, '战区已分配金额-楼宇办公': 300000000, '月度阈值/开单差额（万）': '-4.432608', '父级已审批金额-工业健康': 40000000, '父级已审批金额-楼宇办公': 300000000, '片区已分配金额-工业健康': 6000000, '片区已分配金额-楼宇办公': 55000000, '片区父级已审批金额-食饮': 2600000, '食饮-年度开单金额（万）': 32.4711, '事业群下派战区总任务金额': 600000000, '总金额转换（以万为单位）': 1380, '总额的待分配任务（金额）': 13800000, '客户经理已分配金额-食饮部': 0, '行业线已分配金额-工业健康': 10000000, '行业线已分配金额-楼宇办公': 30000000, '行业线父级已审批金额-食饮': 2600000, '截止当天累计目标阈值（万）': 877.150684931507, '片区下派客户经理总任务金额': 0, '客户经理已分配金额-工业健康': 0, '客户经理已分配金额-楼宇办公': 0, '楼宇办公-年度开单金额（万）': 571.948766, '片区父级已审批金额-工业健康': 6000000, '片区父级已审批金额-楼宇办公': 55000000, '客户经理父级已审批金额-食饮部': 200000, '行业线父级已审批金额-工业健康': 6000000, '行业线父级已审批金额-楼宇办公': 55000000, '年度开单金额转换（以万为单位）': 616.959865999999, '客户经理父级已审批金额-工业健康': 600000, '客户经理父级已审批金额-楼宇办公': 13000000}",2026-08-21 17:04:35.666689,2026-08-21 17:04:35.666689,2026-08-21 17:04:35.666689
23,recvdJ1n4pBVWO,"{'2601': 3400000, '2602': 3400000, '2603': 3400000, '2604': 3400000, '公式': 7.35294117647059e-08, '战区': '朔岑战区', '片区': '雾川片区', '状态': '已审批', '编号': '23', '事业群': '商用事业群', '创建人': '谢南珩', '当前年': 2026, '当前月': 8, '食饮部': '1285111.52', '层级级别': '片区', '工业健康': '1630580', '当前日期': 21, '楼宇办公': '10831864.96', '父级引用': [{'text': '4', 'type': 'text', 'table_id': 'tblcLapTvgTH3EDa', 'text_arr': ['4'], 'record_ids': ['recvdIQyBuSUDW']}], '经营主体': '星澜集团总部', '1季度比例': '25%', '2季度比例': '25%', '3季度比例': '25%', '4季度比例': '25%', '任务维护人': '江朔风', '年度开单金额': 3761792.88, '总任务承接人': '沈南珩', '总任务达成率': '0.336776384651', '本月开单金额': 293943.7, '食饮部（万）': 120, '链接字段(勿删)': [{'text': '商用事业群;朔岑战区;雾川片区;', 'type': 'text'}], '剩余分配百分比': 0, '工业健康（万）': 150, '当前月最后一天': 31, '总任务（金额）': '11170001.97', '战区总任务金额': 600000000, '楼宇办公（万）': 1090, '本月当前目标阈值': 731182.795698925, '本月总目标（万）': 113.333333333333, '食饮部待分配任务': 1200000, '健康-年度开单金额': 162060, '食饮-年度开单金额': 323568, '工业健康待分配任务': 1500000, '当前月份任务达成率': '0.315785476983', '本月开单金额（万）': 29.39437, '楼宇办公待分配任务': 10900000, '战区已分配金额-食饮': 115000000, '父级已审批金额-食饮': 115000000, '事业群剩余未分配金额': -530600000, '截止当天累计目标阈值': 8644383.56164384, '本月当前目标阈值 (万)': 73.1182795698925, '楼宇办公-年度开单金额': 3276164.88, '片区已分配金额-食饮部': 6500000, '行业线已分配金额-食饮': 105000000, '战区下派片区总任务金额': 16400000, '截止当前目标阈值达成率': '0.435171907074', '健康-年度开单金额（万）': 16.206, '年度阈值/开单差额（万）': '-488.259068', '战区已分配金额-工业健康': 40000000, '战区已分配金额-楼宇办公': 300000000, '月度阈值/开单差额（万）': '-43.72391', '父级已审批金额-工业健康': 40000000, '父级已审批金额-楼宇办公': 300000000, '片区已分配金额-工业健康': 8300000, '片区已分配金额-楼宇办公': 54600000, '片区父级已审批金额-食饮': 2600000, '食饮-年度开单金额（万）': 32.3568, '事业群下派战区总任务金额': 600000000, '总金额转换（以万为单位）': 1360, '总额的待分配任务（金额）': 13600000, '客户经理已分配金额-食饮部': 0, '行业线已分配金额-工业健康': 10000000, '行业线已分配金额-楼宇办公': 30000000, '行业线父级已审批金额-食饮': 2600000, '截止当天累计目标阈值（万）': 864.438356164384, '片区下派客户经理总任务金额': 0, '客户经理已分配金额-工业健康': 0, '客户经理已分配金额-楼宇办公': 0, '楼宇办公-年度开单金额（万）': 327.616488, '片区父级已审批金额-工业健康': 6800000, '片区父级已审批金额-楼宇办公': 60000000, '客户经理父级已审批金额-食饮部': 1200000, '行业线父级已审批金额-工业健康': 6800000, '行业线父级已审批金额-楼宇办公': 60000000, '年度开单金额转换（以万为单位）': 376.179288, '客户经理父级已审批金额-工业健康': 1500000, '客户经理父级已审批金额-楼宇办公': 10900000}",2026-08-21 17:04:35.666689,2026-08-21 17:04:35.666689,2026-08-21 17:04:35.666689
24,recvdJ1y2u6y5N,"{'2601': 3025000, '2602': 3025000, '2603': 3025000, '2604': 3025000, '公式': 8.26446280991736e-08, '战区': '瀚川战区', '片区': '朔岑片区', '状态': '已审批', '编号': '24', '事业群': '商用事业群', '创建人': '洛屿青', '当前年': 2026, '当前月': 8, '食饮部': '303122.4', '层级级别': '片区', '工业健康': '2879660', '当前日期': 21, '楼宇办公': '15156104.32', '父级引用': [{'text': '5', 'type': 'text', 'table_id': 'tblcLapTvgTH3EDa', 'text_arr': ['5'], 'record_ids': ['recvdIQHwliUCQ']}], '经营主体': '星澜集团总部', '1季度比例': '25%', '2季度比例': '25%', '3季度比例': '25%', '4季度比例': '25%', '任务维护人': '池既白', '年度开单金额': 3021723.5, '总任务承接人': '沈屿青', '总任务达成率': '0.258682173916', '本月开单金额': 20389, '食饮部（万）': 20, '链接字段(勿删)': [{'text': '商用事业群;瀚川战区;朔岑片区;', 'type': 'text'}], '剩余分配百分比': 0, '工业健康（万）': 190, '当前月最后一天': 31, '总任务（金额）': '11681220.45', '战区总任务金额': 600000000, '楼宇办公（万）': 1000, '本月当前目标阈值': 650537.634408602, '本月总目标（万）': 100.833333333333, '食饮部待分配任务': 200000, '健康-年度开单金额': 0, '食饮-年度开单金额': 119390, '工业健康待分配任务': 1900000, '当前月份任务达成率': '0.020945414141', '本月开单金额（万）': 2.0389, '楼宇办公待分配任务': 10000000, '战区已分配金额-食饮': 115000000, '父级已审批金额-食饮': 115000000, '事业群剩余未分配金额': -536400000, '截止当天累计目标阈值': 7690958.90410959, '本月当前目标阈值 (万)': 65.0537634408602, '楼宇办公-年度开单金额': 2902333.5, '片区已分配金额-食饮部': 2600000, '行业线已分配金额-食饮': 105000000, '战区下派片区总任务金额': 16400000, '截止当前目标阈值达成率': '0.392892945818', '健康-年度开单金额（万）': 0, '年度阈值/开单差额（万）': '-466.92354', '战区已分配金额-工业健康': 40000000, '战区已分配金额-楼宇办公': 300000000, '月度阈值/开单差额（万）': '-63.014863', '父级已审批金额-工业健康': 40000000, '父级已审批金额-楼宇办公': 300000000, '片区已分配金额-工业健康': 6000000, '片区已分配金额-楼宇办公': 55000000, '片区父级已审批金额-食饮': 2600000, '食饮-年度开单金额（万）': 11.939, '事业群下派战区总任务金额': 600000000, '总金额转换（以万为单位）': 1210, '总额的待分配任务（金额）': 12100000, '客户经理已分配金额-食饮部': 0, '行业线已分配金额-工业健康': 10000000, '行业线已分配金额-楼宇办公': 30000000, '行业线父级已审批金额-食饮': 2600000, '截止当天累计目标阈值（万）': 769.095890410959, '片区下派客户经理总任务金额': 0, '客户经理已分配金额-工业健康': 0, '客户经理已分配金额-楼宇办公': 0, '楼宇办公-年度开单金额（万）': 290.23335, '片区父级已审批金额-工业健康': 6000000, '片区父级已审批金额-楼宇办公': 55000000, '客户经理父级已审批金额-食饮部': 200000, '行业线父级已审批金额-工业健康': 6000000, '行业线父级已审批金额-楼宇办公': 55000000, '年度开单金额转换（以万为单位）': 302.17235, '客户经理父级已审批金额-工业健康': 1900000, '客户经理父级已审批金额-楼宇办公': 10000000}",2026-08-21 17:04:35.666689,2026-08-21 17:04:35.666689,2026-08-21 17:04:35.666689
25,recvdJ1E5DgcyG,"{'2601': 2025000, '2602': 2025000, '2603': 2025000, '2604': 2025000, '公式': 1.23456790123457e-07, '战区': '朔岑战区', '片区': '苍云片区', '状态': '已审批', '编号': '25', '事业群': '商用事业群', '创建人': '谢南珩', '当前年': 2026, '当前月': 8, '食饮部': '634238.08', '层级级别': '片区', '工业健康': '1221132.64', '当前日期': 21, '楼宇办公': '8248845.92', '父级引用': [{'text': '4', 'type': 'text', 'table_id': 'tblcLapTvgTH3EDa', 'text_arr': ['4'], 'record_ids': ['recvdIQyBuSUDW']}], '经营主体': '星澜集团总部', '1季度比例': '25%', '2季度比例': '25%', '3季度比例': '25%', '4季度比例': '25%', '任务维护人': '江朔风', '年度开单金额': 2944965.33, '总任务承接人': '岑屿青', '总任务达成率': '0.449938536374', '本月开单金额': 88625, '食饮部（万）': 50, '链接字段(勿删)': [{'text': '商用事业群;朔岑战区;苍云片区;', 'type': 'text'}], '剩余分配百分比': 0, '工业健康（万）': 100, '当前月最后一天': 31, '总任务（金额）': '6545261.39', '战区总任务金额': 600000000, '楼宇办公（万）': 660, '本月当前目标阈值': 435483.870967742, '本月总目标（万）': 67.5, '食饮部待分配任务': 500000, '健康-年度开单金额': 0, '食饮-年度开单金额': 355905.76, '工业健康待分配任务': 1000000, '当前月份任务达成率': '0.162483961546', '本月开单金额（万）': 8.8625, '楼宇办公待分配任务': 6600000, '战区已分配金额-食饮': 115000000, '父级已审批金额-食饮': 115000000, '事业群剩余未分配金额': -530600000, '截止当天累计目标阈值': 5148493.15068493, '本月当前目标阈值 (万)': 43.5483870967742, '楼宇办公-年度开单金额': 2589059.57, '片区已分配金额-食饮部': 6500000, '行业线已分配金额-食饮': 105000000, '战区下派片区总任务金额': 16400000, '截止当前目标阈值达成率': '0.572005292385', '健康-年度开单金额（万）': 0, '年度阈值/开单差额（万）': '-220.352782', '战区已分配金额-工业健康': 40000000, '战区已分配金额-楼宇办公': 300000000, '月度阈值/开单差额（万）': '-34.685887', '父级已审批金额-工业健康': 40000000, '父级已审批金额-楼宇办公': 300000000, '片区已分配金额-工业健康': 8300000, '片区已分配金额-楼宇办公': 54600000, '片区父级已审批金额-食饮': 2600000, '食饮-年度开单金额（万）': 35.590576, '事业群下派战区总任务金额': 600000000, '总金额转换（以万为单位）': 810, '总额的待分配任务（金额）': 8100000, '客户经理已分配金额-食饮部': 0, '行业线已分配金额-工业健康': 10000000, '行业线已分配金额-楼宇办公': 30000000, '行业线父级已审批金额-食饮': 2600000, '截止当天累计目标阈值（万）': 514.849315068493, '片区下派客户经理总任务金额': 0, '客户经理已分配金额-工业健康': 0, '客户经理已分配金额-楼宇办公': 0, '楼宇办公-年度开单金额（万）': 258.905957, '片区父级已审批金额-工业健康': 6800000, '片区父级已审批金额-楼宇办公': 60000000, '客户经理父级已审批金额-食饮部': 500000, '行业线父级已审批金额-工业健康': 6800000, '行业线父级已审批金额-楼宇办公': 60000000, '年度开单金额转换（以万为单位）': 294.496533, '客户经理父级已审批金额-工业健康': 1000000, '客户经理父级已审批金额-楼宇办公': 6600000}",2026-08-21 17:04:35.666689,2026-08-21 17:04:35.666689,2026-08-21 17:04:35.666689
26,recvdJ1QJd55yR,"{'2601': 500000, '2602': 500000, '2603': 500000, '2604': 500000, '公式': 5e-07, '战区': '瀚川战区', '片区': '墨汀片区', '状态': '已审批', '编号': '26', '事业群': '商用事业群', '创建人': '洛屿青', '当前年': 2026, '当前月': 8, '食饮部': '0', '层级级别': '片区', '工业健康': '0', '当前日期': 21, '楼宇办公': '2992612', '父级引用': [{'text': '5', 'type': 'text', 'table_id': 'tblcLapTvgTH3EDa', 'text_arr': ['5'], 'record_ids': ['recvdIQHwliUCQ']}], '经营主体': '星澜集团总部', '1季度比例': '25%', '2季度比例': '25%', '3季度比例': '25%', '4季度比例': '25%', '任务维护人': '池既白', '年度开单金额': 497705.3, '总任务承接人': '郑朔风', '总任务达成率': '0.259307799139', '本月开单金额': 2457, '食饮部（万）': 0, '链接字段(勿删)': [{'text': '商用事业群;瀚川战区;墨汀片区;', 'type': 'text'}], '剩余分配百分比': 0, '工业健康（万）': 0, '当前月最后一天': 31, '总任务（金额）': '1919361.09', '战区总任务金额': 600000000, '楼宇办公（万）': 200, '本月当前目标阈值': 107526.88172043, '本月总目标（万）': 16.6666666666667, '食饮部待分配任务': 0, '健康-年度开单金额': 22960, '食饮-年度开单金额': 105250, '工业健康待分配任务': 0, '当前月份任务达成率': '0.015361361733', '本月开单金额（万）': 0.2457, '楼宇办公待分配任务': 2000000, '战区已分配金额-食饮': 115000000, '父级已审批金额-食饮': 115000000, '事业群剩余未分配金额': -536400000, '截止当天累计目标阈值': 1271232.87671233, '本月当前目标阈值 (万)': 10.752688172043, '楼宇办公-年度开单金额': 369495.3, '片区已分配金额-食饮部': 2600000, '行业线已分配金额-食饮': 105000000, '战区下派片区总任务金额': 16400000, '截止当前目标阈值达成率': '0.391513867457', '健康-年度开单金额（万）': 2.296, '年度阈值/开单差额（万）': '-77.352758', '战区已分配金额-工业健康': 40000000, '战区已分配金额-楼宇办公': 300000000, '月度阈值/开单差额（万）': '-10.506988', '父级已审批金额-工业健康': 40000000, '父级已审批金额-楼宇办公': 300000000, '片区已分配金额-工业健康': 6000000, '片区已分配金额-楼宇办公': 55000000, '片区父级已审批金额-食饮': 2600000, '食饮-年度开单金额（万）': 10.525, '事业群下派战区总任务金额': 600000000, '总金额转换（以万为单位）': 200, '总额的待分配任务（金额）': 2000000, '客户经理已分配金额-食饮部': 0, '行业线已分配金额-工业健康': 10000000, '行业线已分配金额-楼宇办公': 30000000, '行业线父级已审批金额-食饮': 2600000, '截止当天累计目标阈值（万）': 127.123287671233, '片区下派客户经理总任务金额': 0, '客户经理已分配金额-工业健康': 0, '客户经理已分配金额-楼宇办公': 0, '楼宇办公-年度开单金额（万）': 36.94953, '片区父级已审批金额-工业健康': 6000000, '片区父级已审批金额-楼宇办公': 55000000, '客户经理父级已审批金额-食饮部': 0, '行业线父级已审批金额-工业健康': 6000000, '行业线父级已审批金额-楼宇办公': 55000000, '年度开单金额转换（以万为单位）': 49.77053, '客户经理父级已审批金额-工业健康': 0, '客户经理父级已审批金额-楼宇办公': 2000000}",2026-08-21 17:04:35.666689,2026-08-21 17:04:35.666689,2026-08-21 17:04:35.666689
27,recvdJ24i0zlsZ,"{'2601': 2025000, '2602': 2025000, '2603': 2025000, '2604': 2025000, '公式': 1.23456790123457e-07, '战区': '朔岑战区', '片区': '泠州片区', '状态': '已审批', '编号': '27', '事业群': '商用事业群', '创建人': '谢南珩', '当前年': 2026, '当前月': 8, '食饮部': '593227.04', '层级级别': '片区', '工业健康': '890037.12', '当前日期': 21, '楼宇办公': '7725752.16', '父级引用': [{'text': '4', 'type': 'text', 'table_id': 'tblcLapTvgTH3EDa', 'text_arr': ['4'], 'record_ids': ['recvdIQyBuSUDW']}], '经营主体': '星澜集团总部', '1季度比例': '25%', '2季度比例': '25%', '3季度比例': '25%', '4季度比例': '25%', '任务维护人': '江朔风', '年度开单金额': 2016094.53, '总任务承接人': '邵亦舟', '总任务达成率': '0.285285446311', '本月开单金额': -95322.88, '食饮部（万）': 50, '链接字段(勿删)': [{'text': '商用事业群;朔岑战区;泠州片区;', 'type': 'text'}], '剩余分配百分比': 0, '工业健康（万）': 80, '当前月最后一天': 31, '总任务（金额）': '7066937.89', '战区总任务金额': 600000000, '楼宇办公（万）': 680, '本月当前目标阈值': 435483.870967742, '本月总目标（万）': 67.5, '食饮部待分配任务': 500000, '健康-年度开单金额': 36945, '食饮-年度开单金额': 312849.5, '工业健康待分配任务': 800000, '当前月份任务达成率': '-0.161862829107', '本月开单金额（万）': -9.532288, '楼宇办公待分配任务': 6800000, '战区已分配金额-食饮': 115000000, '父级已审批金额-食饮': 115000000, '事业群剩余未分配金额': -530600000, '截止当天累计目标阈值': 5148493.15068493, '本月当前目标阈值 (万)': 43.5483870967742, '楼宇办公-年度开单金额': 1666300.03, '片区已分配金额-食饮部': 6500000, '行业线已分配金额-食饮': 105000000, '战区下派片区总任务金额': 16400000, '截止当前目标阈值达成率': '0.391589241938', '健康-年度开单金额（万）': 3.6945, '年度阈值/开单差额（万）': '-313.239862', '战区已分配金额-工业健康': 40000000, '战区已分配金额-楼宇办公': 300000000, '月度阈值/开单差额（万）': '-53.080675', '父级已审批金额-工业健康': 40000000, '父级已审批金额-楼宇办公': 300000000, '片区已分配金额-工业健康': 8300000, '片区已分配金额-楼宇办公': 54600000, '片区父级已审批金额-食饮': 2600000, '食饮-年度开单金额（万）': 31.28495, '事业群下派战区总任务金额': 600000000, '总金额转换（以万为单位）': 810, '总额的待分配任务（金额）': 8100000, '客户经理已分配金额-食饮部': 0, '行业线已分配金额-工业健康': 10000000, '行业线已分配金额-楼宇办公': 30000000, '行业线父级已审批金额-食饮': 2600000, '截止当天累计目标阈值（万）': 514.849315068493, '片区下派客户经理总任务金额': 0, '客户经理已分配金额-工业健康': 0, '客户经理已分配金额-楼宇办公': 0, '楼宇办公-年度开单金额（万）': 166.630003, '片区父级已审批金额-工业健康': 6800000, '片区父级已审批金额-楼宇办公': 60000000, '客户经理父级已审批金额-食饮部': 500000, '行业线父级已审批金额-工业健康': 6800000, '行业线父级已审批金额-楼宇办公': 60000000, '年度开单金额转换（以万为单位）': 201.609453, '客户经理父级已审批金额-工业健康': 800000, '客户经理父级已审批金额-楼宇办公': 6800000}",2026-08-21 17:04:35.666689,2026-08-21 17:04:35.666689,2026-08-21 17:04:35.666689
28,recvdJ25fb1wLO,"{'2601': 2525000, '2602': 2525000, '2603': 2525000, '2604': 2525000, '公式': 9.9009900990099e-08, '战区': '瀚川战区', '片区': '奉岚片区', '状态': '已审批', '编号': '28', '事业群': '商用事业群', '创建人': '洛屿青', '当前年': 2026, '当前月': 8, '食饮部': '205900.8', '层级级别': '片区', '工业健康': '1029501.76', '当前日期': 21, '楼宇办公': '8536945.76', '父级引用': [{'text': '5', 'type': 'text', 'table_id': 'tblcLapTvgTH3EDa', 'text_arr': ['5'], 'record_ids': ['recvdIQHwliUCQ']}], '经营主体': '星澜集团总部', '1季度比例': '25%', '2季度比例': '25%', '3季度比例': '25%', '4季度比例': '25%', '任务维护人': '池既白', '年度开单金额': 3514058.18, '总任务承接人': '岑南珩', '总任务达成率': '0.508969829893', '本月开单金额': 255988, '食饮部（万）': 20, '链接字段(勿删)': [{'text': '商用事业群;瀚川战区;奉岚片区;', 'type': 'text'}], '剩余分配百分比': 0, '工业健康（万）': 190, '当前月最后一天': 31, '总任务（金额）': '6904256.35', '战区总任务金额': 600000000, '楼宇办公（万）': 800, '本月当前目标阈值': 543010.752688172, '本月总目标（万）': 84.1666666666667, '食饮部待分配任务': 200000, '健康-年度开单金额': 52820, '食饮-年度开单金额': 125160.18, '工业健康待分配任务': 1900000, '当前月份任务达成率': '0.444922066082', '本月开单金额（万）': 25.5988, '楼宇办公待分配任务': 8000000, '战区已分配金额-食饮': 115000000, '父级已审批金额-食饮': 115000000, '事业群剩余未分配金额': -536400000, '截止当天累计目标阈值': 6419726.02739726, '本月当前目标阈值 (万)': 54.3010752688172, '楼宇办公-年度开单金额': 3336078, '片区已分配金额-食饮部': 2600000, '行业线已分配金额-食饮': 105000000, '战区下派片区总任务金额': 16400000, '截止当前目标阈值达成率': '0.547384446782', '健康-年度开单金额（万）': 5.282, '年度阈值/开单差额（万）': '-290.566785', '战区已分配金额-工业健康': 40000000, '战区已分配金额-楼宇办公': 300000000, '月度阈值/开单差额（万）': '-28.702275', '父级已审批金额-工业健康': 40000000, '父级已审批金额-楼宇办公': 300000000, '片区已分配金额-工业健康': 6000000, '片区已分配金额-楼宇办公': 55000000, '片区父级已审批金额-食饮': 2600000, '食饮-年度开单金额（万）': 12.516018, '事业群下派战区总任务金额': 600000000, '总金额转换（以万为单位）': 1010, '总额的待分配任务（金额）': 10100000, '客户经理已分配金额-食饮部': 0, '行业线已分配金额-工业健康': 10000000, '行业线已分配金额-楼宇办公': 30000000, '行业线父级已审批金额-食饮': 2600000, '截止当天累计目标阈值（万）': 641.972602739726, '片区下派客户经理总任务金额': 0, '客户经理已分配金额-工业健康': 0, '客户经理已分配金额-楼宇办公': 0, '楼宇办公-年度开单金额（万）': 333.6078, '片区父级已审批金额-工业健康': 6000000, '片区父级已审批金额-楼宇办公': 55000000, '客户经理父级已审批金额-食饮部': 200000, '行业线父级已审批金额-工业健康': 6000000, '行业线父级已审批金额-楼宇办公': 55000000, '年度开单金额转换（以万为单位）': 351.405818, '客户经理父级已审批金额-工业健康': 1900000, '客户经理父级已审批金额-楼宇办公': 8000000}",2026-08-21 17:04:35.666689,2026-08-21 17:04:35.666689,2026-08-21 17:04:35.666689
29,recvdJ2gfDxXvJ,"{'2601': 500000, '2602': 500000, '2603': 500000, '2604': 500000, '公式': 5e-07, '战区': '瀚川战区', '片区': '霁林片区', '状态': '已审批', '编号': '29', '事业群': '商用事业群', '创建人': '洛屿青', '当前年': 2026, '当前月': 8, '食饮部': '0', '层级级别': '片区', '工业健康': '0', '当前日期': 21, '楼宇办公': '2227696.8', '父级引用': [{'text': '5', 'type': 'text', 'table_id': 'tblcLapTvgTH3EDa', 'text_arr': ['5'], 'record_ids': ['recvdIQHwliUCQ']}], '经营主体': '星澜集团总部', '1季度比例': '25%', '2季度比例': '25%', '3季度比例': '25%', '4季度比例': '25%', '任务维护人': '池既白', '年度开单金额': 439785.52, '总任务承接人': '岑南珩', '总任务达成率': '0.329634791152', '本月开单金额': 7810, '食饮部（万）': 0, '链接字段(勿删)': [{'text': '商用事业群;瀚川战区;霁林片区;', 'type': 'text'}], '剩余分配百分比': 0, '工业健康（万）': 0, '当前月最后一天': 31, '总任务（金额）': '1334159.9', '战区总任务金额': 600000000, '楼宇办公（万）': 200, '本月当前目标阈值': 107526.88172043, '本月总目标（万）': 16.6666666666667, '食饮部待分配任务': 0, '健康-年度开单金额': 0, '食饮-年度开单金额': 61750, '工业健康待分配任务': 0, '当前月份任务达成率': '0.070246452468', '本月开单金额（万）': 0.781, '楼宇办公待分配任务': 2000000, '战区已分配金额-食饮': 115000000, '父级已审批金额-食饮': 115000000, '事业群剩余未分配金额': -536400000, '截止当天累计目标阈值': 1271232.87671233, '本月当前目标阈值 (万)': 10.752688172043, '楼宇办公-年度开单金额': 378035.52, '片区已分配金额-食饮部': 2600000, '行业线已分配金额-食饮': 105000000, '战区下派片区总任务金额': 16400000, '截止当前目标阈值达成率': '0.345951971552', '健康-年度开单金额（万）': 0, '年度阈值/开单差额（万）': '-83.144736', '战区已分配金额-工业健康': 40000000, '战区已分配金额-楼宇办公': 300000000, '月度阈值/开单差额（万）': '-9.971688', '父级已审批金额-工业健康': 40000000, '父级已审批金额-楼宇办公': 300000000, '片区已分配金额-工业健康': 6000000, '片区已分配金额-楼宇办公': 55000000, '片区父级已审批金额-食饮': 2600000, '食饮-年度开单金额（万）': 6.175, '事业群下派战区总任务金额': 600000000, '总金额转换（以万为单位）': 200, '总额的待分配任务（金额）': 2000000, '客户经理已分配金额-食饮部': 0, '行业线已分配金额-工业健康': 10000000, '行业线已分配金额-楼宇办公': 30000000, '行业线父级已审批金额-食饮': 2600000, '截止当天累计目标阈值（万）': 127.123287671233, '片区下派客户经理总任务金额': 0, '客户经理已分配金额-工业健康': 0, '客户经理已分配金额-楼宇办公': 0, '楼宇办公-年度开单金额（万）': 37.803552, '片区父级已审批金额-工业健康': 6000000, '片区父级已审批金额-楼宇办公': 55000000, '客户经理父级已审批金额-食饮部': 0, '行业线父级已审批金额-工业健康': 6000000, '行业线父级已审批金额-楼宇办公': 55000000, '年度开单金额转换（以万为单位）': 43.978552, '客户经理父级已审批金额-工业健康': 0, '客户经理父级已审批金额-楼宇办公': 2000000}",2026-08-21 17:04:35.666689,2026-08-21 17:04:35.666689,2026-08-21 17:04:35.666689
30,recvdJ2nulD1ap,"{'2601': 2025000, '2602': 2025000, '2603': 2025000, '2604': 2025000, '公式': 1.23456790123457e-07, '战区': '朔岑战区', '片区': '汀西片区', '状态': '已审批', '编号': '30', '事业群': '商用事业群', '创建人': '谢南珩', '当前年': 2026, '当前月': 8, '食饮部': '520989.28', '层级级别': '片区', '工业健康': '1041979.68', '当前日期': 21, '楼宇办公': '9047806.88', '父级引用': [{'text': '4', 'type': 'text', 'table_id': 'tblcLapTvgTH3EDa', 'text_arr': ['4'], 'record_ids': ['recvdIQyBuSUDW']}], '经营主体': '星澜集团总部', '1季度比例': '25%', '2季度比例': '25%', '3季度比例': '25%', '4季度比例': '25%', '任务维护人': '江朔风', '年度开单金额': 3603225.71, '总任务承接人': '白屿青', '总任务达成率': '0.657797360116', '本月开单金额': 129527, '食饮部（万）': 50, '链接字段(勿删)': [{'text': '商用事业群;朔岑战区;汀西片区;', 'type': 'text'}], '剩余分配百分比': 0, '工业健康（万）': 100, '当前月最后一天': 31, '总任务（金额）': '5477713.85', '战区总任务金额': 600000000, '楼宇办公（万）': 660, '本月当前目标阈值': 435483.870967742, '本月总目标（万）': 67.5, '食饮部待分配任务': 500000, '健康-年度开单金额': 469159.89, '食饮-年度开单金额': 166810, '工业健康待分配任务': 1000000, '当前月份任务达成率': '0.283754143163', '本月开单金额（万）': 12.9527, '楼宇办公待分配任务': 6600000, '战区已分配金额-食饮': 115000000, '父级已审批金额-食饮': 115000000, '事业群剩余未分配金额': -530600000, '截止当天累计目标阈值': 5148493.15068493, '本月当前目标阈值 (万)': 43.5483870967742, '楼宇办公-年度开单金额': 2967255.82, '片区已分配金额-食饮部': 6500000, '行业线已分配金额-食饮': 105000000, '战区下派片区总任务金额': 16400000, '截止当前目标阈值达成率': '0.699860251251', '健康-年度开单金额（万）': 46.915989, '年度阈值/开单差额（万）': '-154.526744', '战区已分配金额-工业健康': 40000000, '战区已分配金额-楼宇办公': 300000000, '月度阈值/开单差额（万）': '-30.595687', '父级已审批金额-工业健康': 40000000, '父级已审批金额-楼宇办公': 300000000, '片区已分配金额-工业健康': 8300000, '片区已分配金额-楼宇办公': 54600000, '片区父级已审批金额-食饮': 2600000, '食饮-年度开单金额（万）': 16.681, '事业群下派战区总任务金额': 600000000, '总金额转换（以万为单位）': 810, '总额的待分配任务（金额）': 8100000, '客户经理已分配金额-食饮部': 0, '行业线已分配金额-工业健康': 10000000, '行业线已分配金额-楼宇办公': 30000000, '行业线父级已审批金额-食饮': 2600000, '截止当天累计目标阈值（万）': 514.849315068493, '片区下派客户经理总任务金额': 0, '客户经理已分配金额-工业健康': 0, '客户经理已分配金额-楼宇办公': 0, '楼宇办公-年度开单金额（万）': 296.725582, '片区父级已审批金额-工业健康': 6800000, '片区父级已审批金额-楼宇办公': 60000000, '客户经理父级已审批金额-食饮部': 500000, '行业线父级已审批金额-工业健康': 6800000, '行业线父级已审批金额-楼宇办公': 60000000, '年度开单金额转换（以万为单位）': 360.322571, '客户经理父级已审批金额-工业健康': 1000000, '客户经理父级已审批金额-楼宇办公': 6600000}",2026-08-21 17:04:35.666689,2026-08-21 17:04:35.666689,2026-08-21 17:04:35.666689
31,recvdJ3qTQcIJF,"{'2601': 5775000, '2602': 5775000, '2603': 5775000, '2604': 5775000, '公式': 4.32900432900433e-08, '战区': '澔原战区', '片区': '云栖片区', '状态': '已审批', '编号': '31', '事业群': '商用事业群', '创建人': '洛屿青', '当前年': 2026, '当前月': 8, '食饮部': '683191.04', '层级级别': '片区', '工业健康': '2277727.2', '当前日期': 21, '楼宇办公': '24473544.48', '父级引用': [{'text': '2', 'type': 'text', 'table_id': 'tblcLapTvgTH3EDa', 'text_arr': ['2'], 'record_ids': ['recvdIONI7neIv']}], '经营主体': '星澜集团总部', '1季度比例': '25%', '2季度比例': '25%', '3季度比例': '25%', '4季度比例': '25%', '任务维护人': '温亦舟', '年度开单金额': 8269061.69999999, '总任务承接人': '许既白', '总任务达成率': '0.440949633285', '本月开单金额': -339922.84, '食饮部（万）': 60, '链接字段(勿删)': [{'text': '商用事业群;澔原战区;云栖片区;', 'type': 'text'}], '剩余分配百分比': 0, '工业健康（万）': 200, '当前月最后一天': 31, '总任务（金额）': '18752848.57', '战区总任务金额': 600000000, '楼宇办公（万）': 2050, '本月当前目标阈值': 1241935.48387097, '本月总目标（万）': 192.5, '食饮部待分配任务': 600000, '健康-年度开单金额': 2356445.14, '食饮-年度开单金额': 377479.5, '工业健康待分配任务': 2000000, '当前月份任务达成率': '-0.217517571518', '本月开单金额（万）': -33.992284, '楼宇办公待分配任务': 20500000, '战区已分配金额-食饮': 115000000, '父级已审批金额-食饮': 115000000, '事业群剩余未分配金额': -505000000, '截止当天累计目标阈值': 14682739.7260274, '本月当前目标阈值 (万)': 124.193548387097, '楼宇办公-年度开单金额': 5535137.06, '片区已分配金额-食饮部': 4700000, '行业线已分配金额-食饮': 105000000, '战区下派片区总任务金额': 16400000, '截止当前目标阈值达成率': '0.56318247509', '健康-年度开单金额（万）': 235.644514, '年度阈值/开单差额（万）': '-641.367803', '战区已分配金额-工业健康': 40000000, '战区已分配金额-楼宇办公': 300000000, '月度阈值/开单差额（万）': '-158.185832', '父级已审批金额-工业健康': 40000000, '父级已审批金额-楼宇办公': 300000000, '片区已分配金额-工业健康': 8200000, '片区已分配金额-楼宇办公': 82100000, '片区父级已审批金额-食饮': 2200000, '食饮-年度开单金额（万）': 37.74795, '事业群下派战区总任务金额': 600000000, '总金额转换（以万为单位）': 2310, '总额的待分配任务（金额）': 23100000, '客户经理已分配金额-食饮部': 0, '行业线已分配金额-工业健康': 10000000, '行业线已分配金额-楼宇办公': 30000000, '行业线父级已审批金额-食饮': 2200000, '截止当天累计目标阈值（万）': 1468.27397260274, '片区下派客户经理总任务金额': 0, '客户经理已分配金额-工业健康': 0, '客户经理已分配金额-楼宇办公': 0, '楼宇办公-年度开单金额（万）': 553.513706, '片区父级已审批金额-工业健康': 7800000, '片区父级已审批金额-楼宇办公': 85000000, '客户经理父级已审批金额-食饮部': 600000, '行业线父级已审批金额-工业健康': 7800000, '行业线父级已审批金额-楼宇办公': 85000000, '年度开单金额转换（以万为单位）': 826.906169999999, '客户经理父级已审批金额-工业健康': 2000000, '客户经理父级已审批金额-楼宇办公': 20500000}",2026-08-21 17:04:35.666689,2026-08-21 17:04:35.666689,2026-08-21 17:04:35.666689
32,recvdJ3J1W6SMw,"{'2601': 3650000, '2602': 3650000, '2603': 3650000, '2604': 3650000, '公式': 6.84931506849315e-08, '战区': '澔原战区', '片区': '越溪片区', '状态': '已审批', '编号': '32', '事业群': '商用事业群', '创建人': '洛屿青', '当前年': 2026, '当前月': 8, '食饮部': '490488.32', '层级级别': '片区', '工业健康': '1232971.04', '当前日期': 21, '楼宇办公': '15079696.8', '父级引用': [{'text': '2', 'type': 'text', 'table_id': 'tblcLapTvgTH3EDa', 'text_arr': ['2'], 'record_ids': ['recvdIONI7neIv']}], '经营主体': '星澜集团总部', '1季度比例': '25%', '2季度比例': '25%', '3季度比例': '25%', '4季度比例': '25%', '任务维护人': '温亦舟', '年度开单金额': 5733692.17, '总任务承接人': '苏既白', '总任务达成率': '0.589427394811', '本月开单金额': 172745.9, '食饮部（万）': 34, '链接字段(勿删)': [{'text': '商用事业群;澔原战区;越溪片区;', 'type': 'text'}], '剩余分配百分比': 0, '工业健康（万）': 120, '当前月最后一天': 31, '总任务（金额）': '9727563.09', '战区总任务金额': 600000000, '楼宇办公（万）': 1306, '本月当前目标阈值': 784946.23655914, '本月总目标（万）': 121.666666666667, '食饮部待分配任务': 340000, '健康-年度开单金额': 22960, '食饮-年度开单金额': 82892, '工业健康待分配任务': 1200000, '当前月份任务达成率': '0.213100730452', '本月开单金额（万）': 17.27459, '楼宇办公待分配任务': 13060000, '战区已分配金额-食饮': 115000000, '父级已审批金额-食饮': 115000000, '事业群剩余未分配金额': -505000000, '截止当天累计目标阈值': 9280000, '本月当前目标阈值 (万)': 78.494623655914, '楼宇办公-年度开单金额': 5627840.17, '片区已分配金额-食饮部': 4700000, '行业线已分配金额-食饮': 105000000, '战区下派片区总任务金额': 16400000, '截止当前目标阈值达成率': '0.617854759698', '健康-年度开单金额（万）': 2.296, '年度阈值/开单差额（万）': '-354.630783', '战区已分配金额-工业健康': 40000000, '战区已分配金额-楼宇办公': 300000000, '月度阈值/开单差额（万）': '-61.220034', '父级已审批金额-工业健康': 40000000, '父级已审批金额-楼宇办公': 300000000, '片区已分配金额-工业健康': 8200000, '片区已分配金额-楼宇办公': 82100000, '片区父级已审批金额-食饮': 2200000, '食饮-年度开单金额（万）': 8.2892, '事业群下派战区总任务金额': 600000000, '总金额转换（以万为单位）': 1460, '总额的待分配任务（金额）': 14600000, '客户经理已分配金额-食饮部': 0, '行业线已分配金额-工业健康': 10000000, '行业线已分配金额-楼宇办公': 30000000, '行业线父级已审批金额-食饮': 2200000, '截止当天累计目标阈值（万）': 928, '片区下派客户经理总任务金额': 0, '客户经理已分配金额-工业健康': 0, '客户经理已分配金额-楼宇办公': 0, '楼宇办公-年度开单金额（万）': 562.784017, '片区父级已审批金额-工业健康': 7800000, '片区父级已审批金额-楼宇办公': 85000000, '客户经理父级已审批金额-食饮部': 340000, '行业线父级已审批金额-工业健康': 7800000, '行业线父级已审批金额-楼宇办公': 85000000, '年度开单金额转换（以万为单位）': 573.369217, '客户经理父级已审批金额-工业健康': 1200000, '客户经理父级已审批金额-楼宇办公': 13060000}",2026-08-21 17:04:35.666689,2026-08-21 17:04:35.666689,2026-08-21 17:04:35.666689
33,recvdJ412pEF3d,"{'2601': 3050000, '2602': 3050000, '2603': 3050000, '2604': 3050000, '公式': 8.19672131147541e-08, '战区': '澔原战区', '片区': '岱岑片区', '状态': '已审批', '编号': '33', '事业群': '商用事业群', '创建人': '洛屿青', '当前年': 2026, '当前月': 8, '食饮部': '338391.2', '层级级别': '片区', '工业健康': '1481005.12', '当前日期': 21, '楼宇办公': '14490516.32', '父级引用': [{'text': '2', 'type': 'text', 'table_id': 'tblcLapTvgTH3EDa', 'text_arr': ['2'], 'record_ids': ['recvdIONI7neIv']}], '经营主体': '星澜集团总部', '1季度比例': '25%', '2季度比例': '25%', '3季度比例': '25%', '4季度比例': '25%', '任务维护人': '温亦舟', '年度开单金额': 7804174.04, '总任务承接人': '柏亦舟', '总任务达成率': '0.929311867589', '本月开单金额': 548570.03, '食饮部（万）': 28, '链接字段(勿删)': [{'text': '商用事业群;澔原战区;岱岑片区;', 'type': 'text'}], '剩余分配百分比': 0, '工业健康（万）': 100, '当前月最后一天': 31, '总任务（金额）': '8397798.75', '战区总任务金额': 600000000, '楼宇办公（万）': 1092, '本月当前目标阈值': 655913.978494624, '本月总目标（万）': 101.666666666667, '食饮部待分配任务': 280000, '健康-年度开单金额': 841980, '食饮-年度开单金额': 606290.18, '工业健康待分配任务': 1000000, '当前月份任务达成率': '0.783876889167', '本月开单金额（万）': 54.857003, '楼宇办公待分配任务': 10920000, '战区已分配金额-食饮': 115000000, '父级已审批金额-食饮': 115000000, '事业群剩余未分配金额': -505000000, '截止当天累计目标阈值': 7754520.54794521, '本月当前目标阈值 (万)': 65.5913978494624, '楼宇办公-年度开单金额': 6355903.86, '片区已分配金额-食饮部': 4700000, '行业线已分配金额-食饮': 105000000, '战区下派片区总任务金额': 16400000, '截止当前目标阈值达成率': '1.006403167256', '健康-年度开单金额（万）': 84.198, '年度阈值/开单差额（万）': '4.965349', '战区已分配金额-工业健康': 40000000, '战区已分配金额-楼宇办公': 300000000, '月度阈值/开单差额（万）': '-10.734395', '父级已审批金额-工业健康': 40000000, '父级已审批金额-楼宇办公': 300000000, '片区已分配金额-工业健康': 8200000, '片区已分配金额-楼宇办公': 82100000, '片区父级已审批金额-食饮': 2200000, '食饮-年度开单金额（万）': 60.629018, '事业群下派战区总任务金额': 600000000, '总金额转换（以万为单位）': 1220, '总额的待分配任务（金额）': 12200000, '客户经理已分配金额-食饮部': 0, '行业线已分配金额-工业健康': 10000000, '行业线已分配金额-楼宇办公': 30000000, '行业线父级已审批金额-食饮': 2200000, '截止当天累计目标阈值（万）': 775.452054794521, '片区下派客户经理总任务金额': 0, '客户经理已分配金额-工业健康': 0, '客户经理已分配金额-楼宇办公': 0, '楼宇办公-年度开单金额（万）': 635.590386, '片区父级已审批金额-工业健康': 7800000, '片区父级已审批金额-楼宇办公': 85000000, '客户经理父级已审批金额-食饮部': 280000, '行业线父级已审批金额-工业健康': 7800000, '行业线父级已审批金额-楼宇办公': 85000000, '年度开单金额转换（以万为单位）': 780.417404, '客户经理父级已审批金额-工业健康': 1000000, '客户经理父级已审批金额-楼宇办公': 10920000}",2026-08-21 17:04:35.666689,2026-08-21 17:04:35.666689,2026-08-21 17:04:35.666689
34,recvdJ4glnezzf,"{'2601': 3050000, '2602': 3050000, '2603': 3050000, '2604': 3050000, '公式': 8.19672131147541e-08, '战区': '澔原战区', '片区': '梧陵片区', '状态': '已审批', '编号': '34', '事业群': '商用事业群', '创建人': '洛屿青', '当前年': 2026, '当前月': 8, '食饮部': '390447.68', '层级级别': '片区', '工业健康': '1487477.6', '当前日期': 21, '楼宇办公': '15334764.48', '父级引用': [{'text': '2', 'type': 'text', 'table_id': 'tblcLapTvgTH3EDa', 'text_arr': ['2'], 'record_ids': ['recvdIONI7neIv']}], '经营主体': '星澜集团总部', '1季度比例': '25%', '2季度比例': '25%', '3季度比例': '25%', '4季度比例': '25%', '任务维护人': '温亦舟', '年度开单金额': 6083936.76, '总任务承接人': '严亦舟', '总任务达成率': '0.725866147531', '本月开单金额': 520057.8, '食饮部（万）': 28, '链接字段(勿删)': [{'text': '商用事业群;澔原战区;梧陵片区;', 'type': 'text'}], '剩余分配百分比': 0, '工业健康（万）': 100, '当前月最后一天': 31, '总任务（金额）': '8381623.5', '战区总任务金额': 600000000, '楼宇办公（万）': 1092, '本月当前目标阈值': 655913.978494624, '本月总目标（万）': 101.666666666667, '食饮部待分配任务': 280000, '健康-年度开单金额': 285720, '食饮-年度开单金额': 105661.83, '工业健康待分配任务': 1000000, '当前月份任务达成率': '0.744568591037', '本月开单金额（万）': 52.00578, '楼宇办公待分配任务': 10920000, '战区已分配金额-食饮': 115000000, '父级已审批金额-食饮': 115000000, '事业群剩余未分配金额': -505000000, '截止当天累计目标阈值': 7754520.54794521, '本月当前目标阈值 (万)': 65.5913978494624, '楼宇办公-年度开单金额': 5692554.93, '片区已分配金额-食饮部': 4700000, '行业线已分配金额-食饮': 105000000, '战区下派片区总任务金额': 16400000, '截止当前目标阈值达成率': '0.784566463185', '健康-年度开单金额（万）': 28.572, '年度阈值/开单差额（万）': '-167.058379', '战区已分配金额-工业健康': 40000000, '战区已分配金额-楼宇办公': 300000000, '月度阈值/开单差额（万）': '-13.585618', '父级已审批金额-工业健康': 40000000, '父级已审批金额-楼宇办公': 300000000, '片区已分配金额-工业健康': 8200000, '片区已分配金额-楼宇办公': 82100000, '片区父级已审批金额-食饮': 2200000, '食饮-年度开单金额（万）': 10.566183, '事业群下派战区总任务金额': 600000000, '总金额转换（以万为单位）': 1220, '总额的待分配任务（金额）': 12200000, '客户经理已分配金额-食饮部': 0, '行业线已分配金额-工业健康': 10000000, '行业线已分配金额-楼宇办公': 30000000, '行业线父级已审批金额-食饮': 2200000, '截止当天累计目标阈值（万）': 775.452054794521, '片区下派客户经理总任务金额': 0, '客户经理已分配金额-工业健康': 0, '客户经理已分配金额-楼宇办公': 0, '楼宇办公-年度开单金额（万）': 569.255493, '片区父级已审批金额-工业健康': 7800000, '片区父级已审批金额-楼宇办公': 85000000, '客户经理父级已审批金额-食饮部': 280000, '行业线父级已审批金额-工业健康': 7800000, '行业线父级已审批金额-楼宇办公': 85000000, '年度开单金额转换（以万为单位）': 608.393676, '客户经理父级已审批金额-工业健康': 1000000, '客户经理父级已审批金额-楼宇办公': 10920000}",2026-08-21 17:04:35.666689,2026-08-21 17:04:35.666689,2026-08-21 17:04:35.666689
35,recvdJ4mTVhy5X,"{'2601': 7125000, '2602': 7125000, '2603': 7125000, '2604': 7125000, '公式': 3.50877192982456e-08, '战区': '岚屿战区', '片区': '潮汀片区', '状态': '已审批', '编号': '35', '事业群': '商用事业群', '创建人': '谢南珩', '当前年': 2026, '当前月': 8, '食饮部': '226816.8', '层级级别': '片区', '工业健康': '3772658.4', '当前日期': 21, '楼宇办公': '30434135.2', '父级引用': [{'text': '3', 'type': 'text', 'table_id': 'tblcLapTvgTH3EDa', 'text_arr': ['3'], 'record_ids': ['recvdIQhFgBefI']}], '经营主体': '星澜集团总部', '1季度比例': '25%', '2季度比例': '25%', '3季度比例': '25%', '4季度比例': '25%', '任务维护人': '许怀川', '年度开单金额': 16023810.24, '总任务承接人': '傅屿青', '总任务达成率': '0.806800911953', '本月开单金额': 1653676.5, '食饮部（万）': 20, '链接字段(勿删)': [{'text': '商用事业群;岚屿战区;潮汀片区;', 'type': 'text'}], '剩余分配百分比': 0, '工业健康（万）': 320, '当前月最后一天': 31, '总任务（金额）': '19860922.32', '战区总任务金额': 600000000, '楼宇办公（万）': 2510, '本月当前目标阈值': 1532258.06451613, '本月总目标（万）': 237.5, '食饮部待分配任务': 200000, '健康-年度开单金额': 29800, '食饮-年度开单金额': 340797, '工业健康待分配任务': 3200000, '当前月份任务达成率': '0.999153900321', '本月开单金额（万）': 165.36765, '楼宇办公待分配任务': 25100000, '战区已分配金额-食饮': 115000000, '父级已审批金额-食饮': 115000000, '事业群剩余未分配金额': -518000000, '截止当天累计目标阈值': 18115068.4931507, '本月当前目标阈值 (万)': 153.225806451613, '楼宇办公-年度开单金额': 15653213.24, '片区已分配金额-食饮部': 2600000, '行业线已分配金额-食饮': 105000000, '战区下派片区总任务金额': 16400000, '截止当前目标阈值达成率': '0.884556977858', '健康-年度开单金额（万）': 2.98, '年度阈值/开单差额（万）': '-209.125825', '战区已分配金额-工业健康': 40000000, '战区已分配金额-楼宇办公': 300000000, '月度阈值/开单差额（万）': '12.141844', '父级已审批金额-工业健康': 40000000, '父级已审批金额-楼宇办公': 300000000, '片区已分配金额-工业健康': 9400000, '片区已分配金额-楼宇办公': 70000000, '片区父级已审批金额-食饮': 2600000, '食饮-年度开单金额（万）': 34.0797, '事业群下派战区总任务金额': 600000000, '总金额转换（以万为单位）': 2850, '总额的待分配任务（金额）': 28500000, '客户经理已分配金额-食饮部': 0, '行业线已分配金额-工业健康': 10000000, '行业线已分配金额-楼宇办公': 30000000, '行业线父级已审批金额-食饮': 2600000, '截止当天累计目标阈值（万）': 1811.50684931507, '片区下派客户经理总任务金额': 0, '客户经理已分配金额-工业健康': 0, '客户经理已分配金额-楼宇办公': 0, '楼宇办公-年度开单金额（万）': 1565.321324, '片区父级已审批金额-工业健康': 9400000, '片区父级已审批金额-楼宇办公': 70000000, '客户经理父级已审批金额-食饮部': 200000, '行业线父级已审批金额-工业健康': 9400000, '行业线父级已审批金额-楼宇办公': 70000000, '年度开单金额转换（以万为单位）': 1602.381024, '客户经理父级已审批金额-工业健康': 3200000, '客户经理父级已审批金额-楼宇办公': 25100000}",2026-08-21 17:04:35.666689,2026-08-21 17:04:35.666689,2026-08-21 17:04:35.666689
36,recvdJ4tBFWDy7,"{'2601': 2125000, '2602': 2125000, '2603': 2125000, '2604': 2125000, '公式': 1.17647058823529e-07, '战区': '澔原战区', '片区': '淮岸片区', '状态': '已审批', '编号': '36', '事业群': '商用事业群', '创建人': '洛屿青', '当前年': 2026, '当前月': 8, '食饮部': '246609.44', '层级级别': '片区', '工业健康': '575422.4', '当前日期': 21, '楼宇办公': '6165239.36', '父级引用': [{'text': '2', 'type': 'text', 'table_id': 'tblcLapTvgTH3EDa', 'text_arr': ['2'], 'record_ids': ['recvdIONI7neIv']}], '经营主体': '星澜集团总部', '1季度比例': '25%', '2季度比例': '25%', '3季度比例': '25%', '4季度比例': '25%', '任务维护人': '温亦舟', '年度开单金额': 2414087.8, '总任务承接人': '柏既白', '总任务达成率': '0.483485591074', '本月开单金额': 38783.1, '食饮部（万）': 30, '链接字段(勿删)': [{'text': '商用事业群;澔原战区;淮岸片区;', 'type': 'text'}], '剩余分配百分比': 0, '工业健康（万）': 70, '当前月最后一天': 31, '总任务（金额）': '4993091.51', '战区总任务金额': 600000000, '楼宇办公（万）': 750, '本月当前目标阈值': 456989.247311828, '本月总目标（万）': 70.8333333333333, '食饮部待分配任务': 300000, '健康-年度开单金额': 43080, '食饮-年度开单金额': 94560, '工业健康待分配任务': 700000, '当前月份任务达成率': '0.093208225619', '本月开单金额（万）': 3.87831, '楼宇办公待分配任务': 7500000, '战区已分配金额-食饮': 115000000, '父级已审批金额-食饮': 115000000, '事业群剩余未分配金额': -505000000, '截止当天累计目标阈值': 5402739.7260274, '本月当前目标阈值 (万)': 45.6989247311828, '楼宇办公-年度开单金额': 2276447.8, '片区已分配金额-食饮部': 4700000, '行业线已分配金额-食饮': 105000000, '战区下派片区总任务金额': 16400000, '截止当前目标阈值达成率': '0.446826595842', '健康-年度开单金额（万）': 4.308, '年度阈值/开单差额（万）': '-298.865193', '战区已分配金额-工业健康': 40000000, '战区已分配金额-楼宇办公': 300000000, '月度阈值/开单差额（万）': '-41.820615', '父级已审批金额-工业健康': 40000000, '父级已审批金额-楼宇办公': 300000000, '片区已分配金额-工业健康': 8200000, '片区已分配金额-楼宇办公': 82100000, '片区父级已审批金额-食饮': 2200000, '食饮-年度开单金额（万）': 9.456, '事业群下派战区总任务金额': 600000000, '总金额转换（以万为单位）': 850, '总额的待分配任务（金额）': 8500000, '客户经理已分配金额-食饮部': 0, '行业线已分配金额-工业健康': 10000000, '行业线已分配金额-楼宇办公': 30000000, '行业线父级已审批金额-食饮': 2200000, '截止当天累计目标阈值（万）': 540.27397260274, '片区下派客户经理总任务金额': 0, '客户经理已分配金额-工业健康': 0, '客户经理已分配金额-楼宇办公': 0, '楼宇办公-年度开单金额（万）': 227.64478, '片区父级已审批金额-工业健康': 7800000, '片区父级已审批金额-楼宇办公': 85000000, '客户经理父级已审批金额-食饮部': 300000, '行业线父级已审批金额-工业健康': 7800000, '行业线父级已审批金额-楼宇办公': 85000000, '年度开单金额转换（以万为单位）': 241.40878, '客户经理父级已审批金额-工业健康': 700000, '客户经理父级已审批金额-楼宇办公': 7500000}",2026-08-21 17:04:35.666689,2026-08-21 17:04:35.666689,2026-08-21 17:04:35.666689
37,recvdJ4CBs9wnC,"{'2601': 4875000, '2602': 4875000, '2603': 4875000, '2604': 4875000, '公式': 5.12820512820513e-08, '战区': '岚屿战区', '片区': '桂屿片区', '状态': '已审批', '编号': '37', '事业群': '商用事业群', '创建人': '谢南珩', '当前年': 2026, '当前月': 8, '食饮部': '108236.8', '层级级别': '片区', '工业健康': '2412292.96', '当前日期': 21, '楼宇办公': '18163293.12', '父级引用': [{'text': '3', 'type': 'text', 'table_id': 'tblcLapTvgTH3EDa', 'text_arr': ['3'], 'record_ids': ['recvdIQhFgBefI']}], '经营主体': '星澜集团总部', '1季度比例': '25%', '2季度比例': '25%', '3季度比例': '25%', '4季度比例': '25%', '任务维护人': '许怀川', '年度开单金额': 8718353.32, '总任务承接人': '沈既白', '总任务达成率': '0.631795636381', '本月开单金额': 602851.2, '食饮部（万）': 10, '链接字段(勿删)': [{'text': '商用事业群;岚屿战区;桂屿片区;', 'type': 'text'}], '剩余分配百分比': 0, '工业健康（万）': 230, '当前月最后一天': 31, '总任务（金额）': '13799325', '战区总任务金额': 600000000, '楼宇办公（万）': 1710, '本月当前目标阈值': 1048387.09677419, '本月总目标（万）': 162.5, '食饮部待分配任务': 100000, '健康-年度开单金额': 149590, '食饮-年度开单金额': 253418.03, '工业健康待分配任务': 2300000, '当前月份任务达成率': '0.524244077156', '本月开单金额（万）': 60.28512, '楼宇办公待分配任务': 17100000, '战区已分配金额-食饮': 115000000, '父级已审批金额-食饮': 115000000, '事业群剩余未分配金额': -518000000, '截止当天累计目标阈值': 12394520.5479452, '本月当前目标阈值 (万)': 104.838709677419, '楼宇办公-年度开单金额': 8315345.29, '片区已分配金额-食饮部': 2600000, '行业线已分配金额-食饮': 105000000, '战区下派片区总任务金额': 16400000, '截止当前目标阈值达成率': '0.70340383771', '健康-年度开单金额（万）': 14.959, '年度阈值/开单差额（万）': '-367.616723', '战区已分配金额-工业健康': 40000000, '战区已分配金额-楼宇办公': 300000000, '月度阈值/开单差额（万）': '-44.55359', '父级已审批金额-工业健康': 40000000, '父级已审批金额-楼宇办公': 300000000, '片区已分配金额-工业健康': 9400000, '片区已分配金额-楼宇办公': 70000000, '片区父级已审批金额-食饮': 2600000, '食饮-年度开单金额（万）': 25.341803, '事业群下派战区总任务金额': 600000000, '总金额转换（以万为单位）': 1950, '总额的待分配任务（金额）': 19500000, '客户经理已分配金额-食饮部': 0, '行业线已分配金额-工业健康': 10000000, '行业线已分配金额-楼宇办公': 30000000, '行业线父级已审批金额-食饮': 2600000, '截止当天累计目标阈值（万）': 1239.45205479452, '片区下派客户经理总任务金额': 0, '客户经理已分配金额-工业健康': 0, '客户经理已分配金额-楼宇办公': 0, '楼宇办公-年度开单金额（万）': 831.534529, '片区父级已审批金额-工业健康': 9400000, '片区父级已审批金额-楼宇办公': 70000000, '客户经理父级已审批金额-食饮部': 100000, '行业线父级已审批金额-工业健康': 9400000, '行业线父级已审批金额-楼宇办公': 70000000, '年度开单金额转换（以万为单位）': 871.835332, '客户经理父级已审批金额-工业健康': 2300000, '客户经理父级已审批金额-楼宇办公': 17100000}",2026-08-21 17:04:35.666689,2026-08-21 17:04:35.666689,2026-08-21 17:04:35.666689
38,recvdJ4GBFNN5w,"{'2601': 3450000, '2602': 3450000, '2603': 3450000, '2604': 3450000, '公式': 7.2463768115942e-08, '战区': '澔原战区', '片区': '衡原片区', '状态': '已审批', '编号': '38', '事业群': '商用事业群', '创建人': '洛屿青', '当前年': 2026, '当前月': 8, '食饮部': '314880.16', '层级级别': '片区', '工业健康': '1333511.2', '当前日期': 21, '楼宇办公': '9152782.24', '父级引用': [{'text': '2', 'type': 'text', 'table_id': 'tblcLapTvgTH3EDa', 'text_arr': ['2'], 'record_ids': ['recvdIONI7neIv']}], '经营主体': '星澜集团总部', '1季度比例': '25%', '2季度比例': '25%', '3季度比例': '25%', '4季度比例': '25%', '任务维护人': '温亦舟', '年度开单金额': 3189004.08, '总任务承接人': '裴既白', '总任务达成率': '0.268181586433', '本月开单金额': -300331.5, '食饮部（万）': 30, '链接字段(勿删)': [{'text': '商用事业群;澔原战区;衡原片区;', 'type': 'text'}], '剩余分配百分比': 0, '工业健康（万）': 150, '当前月最后一天': 31, '总任务（金额）': '11891211.93', '战区总任务金额': 600000000, '楼宇办公（万）': 1200, '本月当前目标阈值': 741935.483870968, '本月总目标（万）': 115, '食饮部待分配任务': 300000, '健康-年度开单金额': 207910, '食饮-年度开单金额': 283663, '工业健康待分配任务': 1500000, '当前月份任务达成率': '-0.303079116007', '本月开单金额（万）': -30.03315, '楼宇办公待分配任务': 12000000, '战区已分配金额-食饮': 115000000, '父级已审批金额-食饮': 115000000, '事业群剩余未分配金额': -505000000, '截止当天累计目标阈值': 8771506.84931507, '本月当前目标阈值 (万)': 74.1935483870968, '楼宇办公-年度开单金额': 2697431.08, '片区已分配金额-食饮部': 4700000, '行业线已分配金额-食饮': 105000000, '战区下派片区总任务金额': 16400000, '截止当前目标阈值达成率': '0.363563995877', '健康-年度开单金额（万）': 20.791, '年度阈值/开单差额（万）': '-558.250277', '战区已分配金额-工业健康': 40000000, '战区已分配金额-楼宇办公': 300000000, '月度阈值/开单差额（万）': '-104.226698', '父级已审批金额-工业健康': 40000000, '父级已审批金额-楼宇办公': 300000000, '片区已分配金额-工业健康': 8200000, '片区已分配金额-楼宇办公': 82100000, '片区父级已审批金额-食饮': 2200000, '食饮-年度开单金额（万）': 28.3663, '事业群下派战区总任务金额': 600000000, '总金额转换（以万为单位）': 1380, '总额的待分配任务（金额）': 13800000, '客户经理已分配金额-食饮部': 0, '行业线已分配金额-工业健康': 10000000, '行业线已分配金额-楼宇办公': 30000000, '行业线父级已审批金额-食饮': 2200000, '截止当天累计目标阈值（万）': 877.150684931507, '片区下派客户经理总任务金额': 0, '客户经理已分配金额-工业健康': 0, '客户经理已分配金额-楼宇办公': 0, '楼宇办公-年度开单金额（万）': 269.743108, '片区父级已审批金额-工业健康': 7800000, '片区父级已审批金额-楼宇办公': 85000000, '客户经理父级已审批金额-食饮部': 300000, '行业线父级已审批金额-工业健康': 7800000, '行业线父级已审批金额-楼宇办公': 85000000, '年度开单金额转换（以万为单位）': 318.900408, '客户经理父级已审批金额-工业健康': 1500000, '客户经理父级已审批金额-楼宇办公': 12000000}",2026-08-21 17:04:35.666689,2026-08-21 17:04:35.666689,2026-08-21 17:04:35.666689
39,recvdJ4MpxPdXb,"{'2601': 3750000, '2602': 3750000, '2603': 3750000, '2604': 3750000, '公式': 6.66666666666667e-08, '战区': '岚屿战区', '片区': '浔阳片区', '状态': '已审批', '编号': '39', '事业群': '商用事业群', '创建人': '谢南珩', '当前年': 2026, '当前月': 8, '食饮部': '109477.76', '层级级别': '片区', '工业健康': '2213813.28', '当前日期': 21, '楼宇办公': '14098346.08', '父级引用': [{'text': '3', 'type': 'text', 'table_id': 'tblcLapTvgTH3EDa', 'text_arr': ['3'], 'record_ids': ['recvdIQhFgBefI']}], '经营主体': '星澜集团总部', '1季度比例': '25%', '2季度比例': '25%', '3季度比例': '25%', '4季度比例': '25%', '任务维护人': '许怀川', '年度开单金额': 4702666.892768, '总任务承接人': '傅亦舟', '总任务达成率': '0.420721369514', '本月开单金额': -889601.7, '食饮部（万）': 10, '链接字段(勿删)': [{'text': '商用事业群;岚屿战区;浔阳片区;', 'type': 'text'}], '剩余分配百分比': 0, '工业健康（万）': 180, '当前月最后一天': 31, '总任务（金额）': '11177627.84', '战区总任务金额': 600000000, '楼宇办公（万）': 1310, '本月当前目标阈值': 806451.612903226, '本月总目标（万）': 125, '食饮部待分配任务': 100000, '健康-年度开单金额': 1254700.25, '食饮-年度开单金额': 175195.68, '工业健康待分配任务': 1800000, '当前月份任务达成率': '-0.955052409403', '本月开单金额（万）': -88.96017, '楼宇办公待分配任务': 13100000, '战区已分配金额-食饮': 115000000, '父级已审批金额-食饮': 115000000, '事业群剩余未分配金额': -518000000, '截止当天累计目标阈值': 9534246.57534247, '本月当前目标阈值 (万)': 80.6451612903226, '楼宇办公-年度开单金额': 3272770.962768, '片区已分配金额-食饮部': 2600000, '行业线已分配金额-食饮': 105000000, '战区下派片区总任务金额': 16400000, '截止当前目标阈值达成率': '0.493239487316', '健康-年度开单金额（万）': 125.470025, '年度阈值/开单差额（万）': '-483.157968', '战区已分配金额-工业健康': 40000000, '战区已分配金额-楼宇办公': 300000000, '月度阈值/开单差额（万）': '-169.605331', '父级已审批金额-工业健康': 40000000, '父级已审批金额-楼宇办公': 300000000, '片区已分配金额-工业健康': 9400000, '片区已分配金额-楼宇办公': 70000000, '片区父级已审批金额-食饮': 2600000, '食饮-年度开单金额（万）': 17.519568, '事业群下派战区总任务金额': 600000000, '总金额转换（以万为单位）': 1500, '总额的待分配任务（金额）': 15000000, '客户经理已分配金额-食饮部': 0, '行业线已分配金额-工业健康': 10000000, '行业线已分配金额-楼宇办公': 30000000, '行业线父级已审批金额-食饮': 2600000, '截止当天累计目标阈值（万）': 953.424657534247, '片区下派客户经理总任务金额': 0, '客户经理已分配金额-工业健康': 0, '客户经理已分配金额-楼宇办公': 0, '楼宇办公-年度开单金额（万）': 327.2770962768, '片区父级已审批金额-工业健康': 9400000, '片区父级已审批金额-楼宇办公': 70000000, '客户经理父级已审批金额-食饮部': 100000, '行业线父级已审批金额-工业健康': 9400000, '行业线父级已审批金额-楼宇办公': 70000000, '年度开单金额转换（以万为单位）': 470.2666892768, '客户经理父级已审批金额-工业健康': 1800000, '客户经理父级已审批金额-楼宇办公': 13100000}",2026-08-21 17:04:35.666689,2026-08-21 17:04:35.666689,2026-08-21 17:04:35.666689
40,recvdJ4SgTEkF1,"{'2601': 2650000, '2602': 2650000, '2603': 2650000, '2604': 2650000, '公式': 9.43396226415094e-08, '战区': '澔原战区', '片区': '临汀片区', '状态': '已审批', '编号': '40', '事业群': '商用事业群', '创建人': '洛屿青', '当前年': 2026, '当前月': 8, '食饮部': '2011511.04', '层级级别': '片区', '工业健康': '890968.96', '当前日期': 21, '楼宇办公': '7949730.88', '父级引用': [{'text': '2', 'type': 'text', 'table_id': 'tblcLapTvgTH3EDa', 'text_arr': ['2'], 'record_ids': ['recvdIONI7neIv']}], '经营主体': '星澜集团总部', '1季度比例': '25%', '2季度比例': '25%', '3季度比例': '25%', '4季度比例': '25%', '任务维护人': '温亦舟', '年度开单金额': 4952918.39, '总任务承接人': '白怀川', '总任务达成率': '0.630615381116', '本月开单金额': 297644, '食饮部（万）': 260, '链接字段(勿删)': [{'text': '商用事业群;澔原战区;临汀片区;', 'type': 'text'}], '剩余分配百分比': 0, '工业健康（万）': 80, '当前月最后一天': 31, '总任务（金额）': '7854103.37', '战区总任务金额': 600000000, '楼宇办公（万）': 720, '本月当前目标阈值': 569892.47311828, '本月总目标（万）': 88.3333333333333, '食饮部待分配任务': 2600000, '健康-年度开单金额': 917950, '食饮-年度开单金额': 373595, '工业健康待分配任务': 800000, '当前月份任务达成率': '0.454759484532', '本月开单金额（万）': 29.7644, '楼宇办公待分配任务': 7200000, '战区已分配金额-食饮': 115000000, '父级已审批金额-食饮': 115000000, '事业群剩余未分配金额': -505000000, '截止当天累计目标阈值': 6737534.24657534, '本月当前目标阈值 (万)': 56.989247311828, '楼宇办公-年度开单金额': 3661373.39, '片区已分配金额-食饮部': 4700000, '行业线已分配金额-食饮': 105000000, '战区下派片区总任务金额': 16400000, '截止当前目标阈值达成率': '0.735123297149', '健康-年度开单金额（万）': 91.795, '年度阈值/开单差额（万）': '-178.461586', '战区已分配金额-工业健康': 40000000, '战区已分配金额-楼宇办公': 300000000, '月度阈值/开单差额（万）': '-27.224847', '父级已审批金额-工业健康': 40000000, '父级已审批金额-楼宇办公': 300000000, '片区已分配金额-工业健康': 8200000, '片区已分配金额-楼宇办公': 82100000, '片区父级已审批金额-食饮': 2200000, '食饮-年度开单金额（万）': 37.3595, '事业群下派战区总任务金额': 600000000, '总金额转换（以万为单位）': 1060, '总额的待分配任务（金额）': 10600000, '客户经理已分配金额-食饮部': 0, '行业线已分配金额-工业健康': 10000000, '行业线已分配金额-楼宇办公': 30000000, '行业线父级已审批金额-食饮': 2200000, '截止当天累计目标阈值（万）': 673.753424657534, '片区下派客户经理总任务金额': 0, '客户经理已分配金额-工业健康': 0, '客户经理已分配金额-楼宇办公': 0, '楼宇办公-年度开单金额（万）': 366.137339, '片区父级已审批金额-工业健康': 7800000, '片区父级已审批金额-楼宇办公': 85000000, '客户经理父级已审批金额-食饮部': 2600000, '行业线父级已审批金额-工业健康': 7800000, '行业线父级已审批金额-楼宇办公': 85000000, '年度开单金额转换（以万为单位）': 495.291839, '客户经理父级已审批金额-工业健康': 800000, '客户经理父级已审批金额-楼宇办公': 7200000}",2026-08-21 17:04:35.666689,2026-08-21 17:04:35.666689,2026-08-21 17:04:35.666689
41,recvdJ6bwCt6dB,"{'2601': 500000, '2602': 500000, '2603': 500000, '2604': 500000, '公式': 5e-07, '战区': '岚屿战区', '片区': '食饮', '状态': '已审批', '编号': '41', '事业群': '商用事业群', '创建人': '洛屿青', '当前年': 2026, '当前月': 8, '食饮部': '1839010.88', '层级级别': '片区', '工业健康': '0', '当前日期': 21, '楼宇办公': '0', '父级引用': [{'text': '3', 'type': 'text', 'table_id': 'tblcLapTvgTH3EDa', 'text_arr': ['3'], 'record_ids': ['recvdIQhFgBefI']}], '经营主体': '星澜集团总部', '1季度比例': '25%', '2季度比例': '25%', '3季度比例': '25%', '4季度比例': '25%', '任务维护人': '许怀川', '年度开单金额': 485907.7, '总任务承接人': '岳怀川', '总任务达成率': '0.388573528318', '本月开单金额': 32139.2, '食饮部（万）': 200, '链接字段(勿删)': [{'text': '商用事业群;岚屿战区;食饮;', 'type': 'text'}], '剩余分配百分比': 0, '工业健康（万）': 0, '当前月最后一天': 31, '总任务（金额）': '1250491', '战区总任务金额': 600000000, '楼宇办公（万）': 0, '本月当前目标阈值': 107526.88172043, '本月总目标（万）': 16.6666666666667, '食饮部待分配任务': 2000000, '健康-年度开单金额': 0, '食饮-年度开单金额': 481371.7, '工业健康待分配任务': 0, '当前月份任务达成率': '0.308415174519', '本月开单金额（万）': 3.21392, '楼宇办公待分配任务': 0, '战区已分配金额-食饮': 115000000, '父级已审批金额-食饮': 115000000, '事业群剩余未分配金额': -518000000, '截止当天累计目标阈值': 1271232.87671233, '本月当前目标阈值 (万)': 10.752688172043, '楼宇办公-年度开单金额': 4536, '片区已分配金额-食饮部': 2600000, '行业线已分配金额-食饮': 105000000, '战区下派片区总任务金额': 16400000, '截止当前目标阈值达成率': '0.382233427802', '健康-年度开单金额（万）': 0, '年度阈值/开单差额（万）': '-78.532518', '战区已分配金额-工业健康': 40000000, '战区已分配金额-楼宇办公': 300000000, '月度阈值/开单差额（万）': '-7.538768', '父级已审批金额-工业健康': 40000000, '父级已审批金额-楼宇办公': 300000000, '片区已分配金额-工业健康': 9400000, '片区已分配金额-楼宇办公': 70000000, '片区父级已审批金额-食饮': 2600000, '食饮-年度开单金额（万）': 48.13717, '事业群下派战区总任务金额': 600000000, '总金额转换（以万为单位）': 200, '总额的待分配任务（金额）': 2000000, '客户经理已分配金额-食饮部': 0, '行业线已分配金额-工业健康': 10000000, '行业线已分配金额-楼宇办公': 30000000, '行业线父级已审批金额-食饮': 2600000, '截止当天累计目标阈值（万）': 127.123287671233, '片区下派客户经理总任务金额': 0, '客户经理已分配金额-工业健康': 0, '客户经理已分配金额-楼宇办公': 0, '楼宇办公-年度开单金额（万）': 0.4536, '片区父级已审批金额-工业健康': 9400000, '片区父级已审批金额-楼宇办公': 70000000, '客户经理父级已审批金额-食饮部': 2000000, '行业线父级已审批金额-工业健康': 9400000, '行业线父级已审批金额-楼宇办公': 70000000, '年度开单金额转换（以万为单位）': 48.59077, '客户经理父级已审批金额-工业健康': 0, '客户经理父级已审批金额-楼宇办公': 0}",2026-08-21 17:04:35.666689,2026-08-21 17:04:35.666689,2026-08-21 17:04:35.666689
42,recvdJ6iR2w1nC,"{'2601': 2500000, '2602': 2500000, '2603': 2500000, '2604': 2500000, '公式': 1e-07, '战区': '岚屿战区', '片区': '潇湘片区', '状态': '已审批', '编号': '42', '事业群': '商用事业群', '创建人': '谢南珩', '当前年': 2026, '当前月': 8, '食饮部': '86969.12', '层级级别': '片区', '工业健康': '1308350.4', '当前日期': 21, '楼宇办公': '9250775.52', '父级引用': [{'text': '3', 'type': 'text', 'table_id': 'tblcLapTvgTH3EDa', 'text_arr': ['3'], 'record_ids': ['recvdIQhFgBefI']}], '经营主体': '星澜集团总部', '1季度比例': '25%', '2季度比例': '25%', '3季度比例': '25%', '4季度比例': '25%', '任务维护人': '许怀川', '年度开单金额': 5482700.45, '总任务承接人': '江南珩', '总任务达成率': '0.852176399235', '本月开单金额': 922902, '食饮部（万）': 10, '链接字段(勿删)': [{'text': '商用事业群;岚屿战区;潇湘片区;', 'type': 'text'}], '剩余分配百分比': 0, '工业健康（万）': 110, '当前月最后一天': 31, '总任务（金额）': '6433762.37', '战区总任务金额': 600000000, '楼宇办公（万）': 880, '本月当前目标阈值': 537634.408602151, '本月总目标（万）': 83.3333333333333, '食饮部待分配任务': 100000, '健康-年度开单金额': 1328153.83, '食饮-年度开单金额': 167784.52, '工业健康待分配任务': 1100000, '当前月份任务达成率': '1.721360436257', '本月开单金额（万）': 92.2902, '楼宇办公待分配任务': 8800000, '战区已分配金额-食饮': 115000000, '父级已审批金额-食饮': 115000000, '事业群剩余未分配金额': -518000000, '截止当天累计目标阈值': 6356164.38356164, '本月当前目标阈值 (万)': 53.763440860215, '楼宇办公-年度开单金额': 3986762.1, '片区已分配金额-食饮部': 2600000, '行业线已分配金额-食饮': 105000000, '战区下派片区总任务金额': 16400000, '截止当前目标阈值达成率': '0.862580027694', '健康-年度开单金额（万）': 132.815383, '年度阈值/开单差额（万）': '-87.346393', '战区已分配金额-工业健康': 40000000, '战区已分配金额-楼宇办公': 300000000, '月度阈值/开单差额（万）': '38.526759', '父级已审批金额-工业健康': 40000000, '父级已审批金额-楼宇办公': 300000000, '片区已分配金额-工业健康': 9400000, '片区已分配金额-楼宇办公': 70000000, '片区父级已审批金额-食饮': 2600000, '食饮-年度开单金额（万）': 16.778452, '事业群下派战区总任务金额': 600000000, '总金额转换（以万为单位）': 1000, '总额的待分配任务（金额）': 10000000, '客户经理已分配金额-食饮部': 0, '行业线已分配金额-工业健康': 10000000, '行业线已分配金额-楼宇办公': 30000000, '行业线父级已审批金额-食饮': 2600000, '截止当天累计目标阈值（万）': 635.616438356165, '片区下派客户经理总任务金额': 0, '客户经理已分配金额-工业健康': 0, '客户经理已分配金额-楼宇办公': 0, '楼宇办公-年度开单金额（万）': 398.67621, '片区父级已审批金额-工业健康': 9400000, '片区父级已审批金额-楼宇办公': 70000000, '客户经理父级已审批金额-食饮部': 100000, '行业线父级已审批金额-工业健康': 9400000, '行业线父级已审批金额-楼宇办公': 70000000, '年度开单金额转换（以万为单位）': 548.270045, '客户经理父级已审批金额-工业健康': 1100000, '客户经理父级已审批金额-楼宇办公': 8800000}",2026-08-21 17:04:35.666689,2026-08-21 17:04:35.666689,2026-08-21 17:04:35.666689
43,recvdJ6pauzgNH,"{'2601': 1750000, '2602': 1750000, '2603': 1750000, '2604': 1750000, '公式': 1.42857142857143e-07, '战区': '岚屿战区', '片区': '榕岸片区', '状态': '已审批', '编号': '43', '事业群': '商用事业群', '创建人': '洛屿青', '当前年': 2026, '当前月': 8, '食饮部': '65727.2', '层级级别': '片区', '工业健康': '657269.76', '当前日期': 21, '楼宇办公': '3877896.96', '父级引用': [{'text': '3', 'type': 'text', 'table_id': 'tblcLapTvgTH3EDa', 'text_arr': ['3'], 'record_ids': ['recvdIQhFgBefI']}], '经营主体': '星澜集团总部', '1季度比例': '25%', '2季度比例': '25%', '3季度比例': '25%', '4季度比例': '25%', '任务维护人': '许怀川', '年度开单金额': 1907447.84, '总任务承接人': '谢既白', '总任务达成率': '0.334715489616', '本月开单金额': 53221, '食饮部（万）': 10, '链接字段(勿删)': [{'text': '商用事业群;岚屿战区;榕岸片区;', 'type': 'text'}], '剩余分配百分比': 0, '工业健康（万）': 100, '当前月最后一天': 31, '总任务（金额）': '5698713.98', '战区总任务金额': 600000000, '楼宇办公（万）': 590, '本月当前目标阈值': 376344.086021505, '本月总目标（万）': 58.3333333333333, '食饮部待分配任务': 100000, '健康-年度开单金额': 89930, '食饮-年度开单金额': 99170, '工业健康待分配任务': 1000000, '当前月份任务达成率': '0.112069495371', '本月开单金额（万）': 5.3221, '楼宇办公待分配任务': 5900000, '战区已分配金额-食饮': 115000000, '父级已审批金额-食饮': 115000000, '事业群剩余未分配金额': -518000000, '截止当天累计目标阈值': 4449315.06849315, '本月当前目标阈值 (万)': 37.6344086021505, '楼宇办公-年度开单金额': 1718347.84, '片区已分配金额-食饮部': 2600000, '行业线已分配金额-食饮': 105000000, '战区下派片区总任务金额': 16400000, '截止当前目标阈值达成率': '0.428705949261', '健康-年度开单金额（万）': 8.993, '年度阈值/开单差额（万）': '-254.186723', '战区已分配金额-工业健康': 40000000, '战区已分配金额-楼宇办公': 300000000, '月度阈值/开单差额（万）': '-32.312309', '父级已审批金额-工业健康': 40000000, '父级已审批金额-楼宇办公': 300000000, '片区已分配金额-工业健康': 9400000, '片区已分配金额-楼宇办公': 70000000, '片区父级已审批金额-食饮': 2600000, '食饮-年度开单金额（万）': 9.917, '事业群下派战区总任务金额': 600000000, '总金额转换（以万为单位）': 700, '总额的待分配任务（金额）': 7000000, '客户经理已分配金额-食饮部': 0, '行业线已分配金额-工业健康': 10000000, '行业线已分配金额-楼宇办公': 30000000, '行业线父级已审批金额-食饮': 2600000, '截止当天累计目标阈值（万）': 444.931506849315, '片区下派客户经理总任务金额': 0, '客户经理已分配金额-工业健康': 0, '客户经理已分配金额-楼宇办公': 0, '楼宇办公-年度开单金额（万）': 171.834784, '片区父级已审批金额-工业健康': 9400000, '片区父级已审批金额-楼宇办公': 70000000, '客户经理父级已审批金额-食饮部': 100000, '行业线父级已审批金额-工业健康': 9400000, '行业线父级已审批金额-楼宇办公': 70000000, '年度开单金额转换（以万为单位）': 190.744784, '客户经理父级已审批金额-工业健康': 1000000, '客户经理父级已审批金额-楼宇办公': 5900000}",2026-08-21 17:04:35.666689,2026-08-21 17:04:35.666689,2026-08-21 17:04:35.666689
44,recvdJyQWBEqdx,"{'2601': 1650000, '2602': 1650000, '2603': 1650000, '2604': 1650000, '公式': 1.51515151515152e-07, '战区': '澔原战区', '片区': '云栖片区', '状态': '待确认', '编号': '48', '事业群': '商用事业群', '创建人': '谢亦舟', '当前年': 2026, '当前月': 8, '食饮部': '109467.68', '客户经理': '陆怀川', '层级级别': '客户经理', '工业健康': '328404.16', '当前日期': 21, '楼宇办公': '4378724', '父级引用': [{'text': '31', 'type': 'text', 'table_id': 'tblcLapTvgTH3EDa', 'text_arr': ['31'], 'record_ids': ['recvdJ3qTQcIJF']}], '经营主体': '星澜集团总部', '1季度比例': '25%', '2季度比例': '25%', '3季度比例': '25%', '4季度比例': '25%', '任务维护人': '许既白', '年度开单金额': 2784310.2, '总任务承接人': '陆怀川', '总任务达成率': '0.43271982891', '本月开单金额': 106117.16, '食饮部（万）': 15, '链接字段(勿删)': [{'text': '商用事业群;澔原战区;云栖片区;陆怀川', 'type': 'text'}], '剩余分配百分比': 0, '工业健康（万）': 45, '当前月最后一天': 31, '总任务（金额）': '6434440.98', '战区总任务金额': 600000000, '楼宇办公（万）': 600, '本月当前目标阈值': 354838.709677419, '本月总目标（万）': 55, '食饮部待分配任务': 150000, '健康-年度开单金额': 0, '食饮-年度开单金额': 207924.5, '工业健康待分配任务': 450000, '当前月份任务达成率': '0.197904670189', '本月开单金额（万）': 10.611716, '楼宇办公待分配任务': 6000000, '战区已分配金额-食饮': 115000000, '父级已审批金额-食饮': 115000000, '事业群剩余未分配金额': -576900000, '截止当天累计目标阈值': 4195068.49315068, '本月当前目标阈值 (万)': 35.4838709677419, '楼宇办公-年度开单金额': 2576385.7, '片区已分配金额-食饮部': 4700000, '行业线已分配金额-食饮': 105000000, '战区下派片区总任务金额': 16400000, '截止当前目标阈值达成率': '0.663710307602', '健康-年度开单金额（万）': 0, '年度阈值/开单差额（万）': '-141.075829', '战区已分配金额-工业健康': 40000000, '战区已分配金额-楼宇办公': 300000000, '月度阈值/开单差额（万）': '-24.872155', '父级已审批金额-工业健康': 40000000, '父级已审批金额-楼宇办公': 300000000, '片区已分配金额-工业健康': 8200000, '片区已分配金额-楼宇办公': 82100000, '片区父级已审批金额-食饮': 2200000, '食饮-年度开单金额（万）': 20.79245, '事业群下派战区总任务金额': 600000000, '总金额转换（以万为单位）': 660, '总额的待分配任务（金额）': 6600000, '客户经理已分配金额-食饮部': 600000, '行业线已分配金额-工业健康': 10000000, '行业线已分配金额-楼宇办公': 30000000, '行业线父级已审批金额-食饮': 2200000, '截止当天累计目标阈值（万）': 419.506849315069, '片区下派客户经理总任务金额': 23100000, '客户经理已分配金额-工业健康': 2000000, '客户经理已分配金额-楼宇办公': 20500000, '楼宇办公-年度开单金额（万）': 257.63857, '片区父级已审批金额-工业健康': 7800000, '片区父级已审批金额-楼宇办公': 85000000, '客户经理父级已审批金额-食饮部': 600000, '行业线父级已审批金额-工业健康': 7800000, '行业线父级已审批金额-楼宇办公': 85000000, '年度开单金额转换（以万为单位）': 278.43102, '客户经理父级已审批金额-工业健康': 2000000, '客户经理父级已审批金额-楼宇办公': 20500000}",2026-08-21 17:04:35.666689,2026-08-21 17:04:35.666689,2026-08-21 17:04:35.666689
45,recvdJyRRBlpg4,"{'2601': 1200000, '2602': 1200000, '2603': 1200000, '2604': 1200000, '公式': 2.08333333333333e-07, '战区': '澔原战区', '片区': '云栖片区', '状态': '待确认', '编号': '49', '事业群': '商用事业群', '创建人': '谢亦舟', '当前年': 2026, '当前月': 8, '食饮部': '78181.6', '客户经理': '游亦舟', '层级级别': '客户经理', '工业健康': '234544.8', '当前日期': 21, '楼宇办公': '7192706.08', '父级引用': [{'text': '31', 'type': 'text', 'table_id': 'tblcLapTvgTH3EDa', 'text_arr': ['31'], 'record_ids': ['recvdJ3qTQcIJF', 'recvdJyRRBK9Oi']}], '经营主体': '星澜集团总部', '1季度比例': '25%', '2季度比例': '25%', '3季度比例': '25%', '4季度比例': '25%', '任务维护人': '许既白', '年度开单金额': 2103989.2, '总任务承接人': '游亦舟', '总任务达成率': '0.562263858657', '本月开单金额': -117198, '食饮部（万）': 5, '链接字段(勿删)': [{'text': '商用事业群;澔原战区;云栖片区;游亦舟', 'type': 'text'}], '剩余分配百分比': 0, '工业健康（万）': 15, '当前月最后一天': 31, '总任务（金额）': '3741996.16', '战区总任务金额': 600000000, '楼宇办公（万）': 460, '本月当前目标阈值': 258064.516129032, '本月总目标（万）': 40, '食饮部待分配任务': 50000, '健康-年度开单金额': 831550, '食饮-年度开单金额': 560, '工业健康待分配任务': 150000, '当前月份任务达成率': '-0.375835767827', '本月开单金额（万）': -11.7198, '楼宇办公待分配任务': 4600000, '战区已分配金额-食饮': 115000000, '父级已审批金额-食饮': 115000000, '事业群剩余未分配金额': -576900000, '截止当天累计目标阈值': 3050958.90410959, '本月当前目标阈值 (万)': 25.8064516129032, '楼宇办公-年度开单金额': 1271879.2, '片区已分配金额-食饮部': 4700000, '行业线已分配金额-食饮': 105000000, '战区下派片区总任务金额': 16400000, '截止当前目标阈值达成率': '0.689615713003', '健康-年度开单金额（万）': 83.155, '年度阈值/开单差额（万）': '-94.69697', '战区已分配金额-工业健康': 40000000, '战区已分配金额-楼宇办公': 300000000, '月度阈值/开单差额（万）': '-37.526252', '父级已审批金额-工业健康': 40000000, '父级已审批金额-楼宇办公': 300000000, '片区已分配金额-工业健康': 8200000, '片区已分配金额-楼宇办公': 82100000, '片区父级已审批金额-食饮': 2200000, '食饮-年度开单金额（万）': 0.056, '事业群下派战区总任务金额': 600000000, '总金额转换（以万为单位）': 480, '总额的待分配任务（金额）': 4800000, '客户经理已分配金额-食饮部': 600000, '行业线已分配金额-工业健康': 10000000, '行业线已分配金额-楼宇办公': 30000000, '行业线父级已审批金额-食饮': 2200000, '截止当天累计目标阈值（万）': 305.095890410959, '片区下派客户经理总任务金额': 23100000, '客户经理已分配金额-工业健康': 2000000, '客户经理已分配金额-楼宇办公': 20500000, '楼宇办公-年度开单金额（万）': 127.18792, '片区父级已审批金额-工业健康': 7800000, '片区父级已审批金额-楼宇办公': 85000000, '客户经理父级已审批金额-食饮部': 600000, '行业线父级已审批金额-工业健康': 7800000, '行业线父级已审批金额-楼宇办公': 85000000, '年度开单金额转换（以万为单位）': 210.39892, '客户经理父级已审批金额-工业健康': 2000000, '客户经理父级已审批金额-楼宇办公': 20500000}",2026-08-21 17:04:35.666689,2026-08-21 17:04:35.666689,2026-08-21 17:04:35.666689
46,recvdJyRRBzm2f,"{'2601': 1125000, '2602': 1125000, '2603': 1125000, '2604': 1125000, '公式': 2.22222222222222e-07, '战区': '澔原战区', '片区': '云栖片区', '状态': '待确认', '编号': '50', '事业群': '商用事业群', '创建人': '谢亦舟', '当前年': 2026, '当前月': 8, '食饮部': '153307.84', '客户经理': '游怀川', '层级级别': '客户经理', '工业健康': '459922.4', '当前日期': 21, '楼宇办公': '6285599.04', '父级引用': [{'text': '31', 'type': 'text', 'table_id': 'tblcLapTvgTH3EDa', 'text_arr': ['31'], 'record_ids': ['recvdJ3qTQcIJF', 'recvdJyRRBK9Oi']}], '经营主体': '星澜集团总部', '1季度比例': '25%', '2季度比例': '25%', '3季度比例': '25%', '4季度比例': '25%', '任务维护人': '许既白', '年度开单金额': 1799789.32, '总任务承接人': '游怀川', '总任务达成率': '0.621055206318', '本月开单金额': -366360, '食饮部（万）': 10, '链接字段(勿删)': [{'text': '商用事业群;澔原战区;云栖片区;游怀川', 'type': 'text'}], '剩余分配百分比': 0, '工业健康（万）': 30, '当前月最后一天': 31, '总任务（金额）': '2897953.84', '战区总任务金额': 600000000, '楼宇办公（万）': 410, '本月当前目标阈值': 241935.483870968, '本月总目标（万）': 37.5, '食饮部待分配任务': 100000, '健康-年度开单金额': 108900, '食饮-年度开单金额': 102975, '工业健康待分配任务': 300000, '当前月份任务达成率': '-1.517042797341', '本月开单金额（万）': -36.636, '楼宇办公待分配任务': 4100000, '战区已分配金额-食饮': 115000000, '父级已审批金额-食饮': 115000000, '事业群剩余未分配金额': -576900000, '截止当天累计目标阈值': 2860273.97260274, '本月当前目标阈值 (万)': 24.1935483870968, '楼宇办公-年度开单金额': 1587914.32, '片区已分配金额-食饮部': 4700000, '行业线已分配金额-食饮': 105000000, '战区下派片区总任务金额': 16400000, '截止当前目标阈值达成率': '0.629236687548', '健康-年度开单金额（万）': 10.89, '年度阈值/开单差额（万）': '-106.048465', '战区已分配金额-工业健康': 40000000, '战区已分配金额-楼宇办公': 300000000, '月度阈值/开单差额（万）': '-60.829548', '父级已审批金额-工业健康': 40000000, '父级已审批金额-楼宇办公': 300000000, '片区已分配金额-工业健康': 8200000, '片区已分配金额-楼宇办公': 82100000, '片区父级已审批金额-食饮': 2200000, '食饮-年度开单金额（万）': 10.2975, '事业群下派战区总任务金额': 600000000, '总金额转换（以万为单位）': 450, '总额的待分配任务（金额）': 4500000, '客户经理已分配金额-食饮部': 600000, '行业线已分配金额-工业健康': 10000000, '行业线已分配金额-楼宇办公': 30000000, '行业线父级已审批金额-食饮': 2200000, '截止当天累计目标阈值（万）': 286.027397260274, '片区下派客户经理总任务金额': 23100000, '客户经理已分配金额-工业健康': 2000000, '客户经理已分配金额-楼宇办公': 20500000, '楼宇办公-年度开单金额（万）': 158.791432, '片区父级已审批金额-工业健康': 7800000, '片区父级已审批金额-楼宇办公': 85000000, '客户经理父级已审批金额-食饮部': 600000, '行业线父级已审批金额-工业健康': 7800000, '行业线父级已审批金额-楼宇办公': 85000000, '年度开单金额转换（以万为单位）': 179.978932, '客户经理父级已审批金额-工业健康': 2000000, '客户经理父级已审批金额-楼宇办公': 20500000}",2026-08-21 17:04:35.666689,2026-08-21 17:04:35.666689,2026-08-21 17:04:35.666689
47,recvdJyRRBwJGF,"{'2601': 1800000, '2602': 1800000, '2603': 1800000, '2604': 1800000, '公式': 1.38888888888889e-07, '战区': '澔原战区', '片区': '云栖片区', '状态': '待确认', '编号': '52', '事业群': '商用事业群', '创建人': '谢亦舟', '当前年': 2026, '当前月': 8, '食饮部': '342233.92', '客户经理': '许既白', '层级级别': '客户经理', '工业健康': '1254855.84', '当前日期': 21, '楼宇办公': '6616515.36', '父级引用': [{'text': '31', 'type': 'text', 'table_id': 'tblcLapTvgTH3EDa', 'text_arr': ['31'], 'record_ids': ['recvdJ3qTQcIJF', 'recvdJyRRBK9Oi']}], '经营主体': '星澜集团总部', '1季度比例': '25%', '2季度比例': '25%', '3季度比例': '25%', '4季度比例': '25%', '任务维护人': '许既白', '年度开单金额': 1612652.97999999, '总任务承接人': '许既白', '总任务达成率': '0.283994897283', '本月开单金额': 37518, '食饮部（万）': 30, '链接字段(勿删)': [{'text': '商用事业群;澔原战区;云栖片区;许既白', 'type': 'text'}], '剩余分配百分比': 0, '工业健康（万）': 110, '当前月最后一天': 31, '总任务（金额）': '5678457.59', '战区总任务金额': 600000000, '楼宇办公（万）': 580, '本月当前目标阈值': 387096.774193548, '本月总目标（万）': 60, '食饮部待分配任务': 300000, '健康-年度开单金额': 1415995.14, '食饮-年度开单金额': 66020, '工业健康待分配任务': 1100000, '当前月份任务达成率': '0.079284910183', '本月开单金额（万）': 3.7518, '楼宇办公待分配任务': 5800000, '战区已分配金额-食饮': 115000000, '父级已审批金额-食饮': 115000000, '事业群剩余未分配金额': -576900000, '截止当天累计目标阈值': 4576438.35616438, '本月当前目标阈值 (万)': 38.7096774193548, '楼宇办公-年度开单金额': 130637.84, '片区已分配金额-食饮部': 4700000, '行业线已分配金额-食饮': 105000000, '战区下派片区总任务金额': 16400000, '截止当前目标阈值达成率': '0.352381667684', '健康-年度开单金额（万）': 141.599514, '年度阈值/开单差额（万）': '-296.378538', '战区已分配金额-工业健康': 40000000, '战区已分配金额-楼宇办公': 300000000, '月度阈值/开单差额（万）': '-34.957877', '父级已审批金额-工业健康': 40000000, '父级已审批金额-楼宇办公': 300000000, '片区已分配金额-工业健康': 8200000, '片区已分配金额-楼宇办公': 82100000, '片区父级已审批金额-食饮': 2200000, '食饮-年度开单金额（万）': 6.602, '事业群下派战区总任务金额': 600000000, '总金额转换（以万为单位）': 720, '总额的待分配任务（金额）': 7200000, '客户经理已分配金额-食饮部': 600000, '行业线已分配金额-工业健康': 10000000, '行业线已分配金额-楼宇办公': 30000000, '行业线父级已审批金额-食饮': 2200000, '截止当天累计目标阈值（万）': 457.643835616438, '片区下派客户经理总任务金额': 23100000, '客户经理已分配金额-工业健康': 2000000, '客户经理已分配金额-楼宇办公': 20500000, '楼宇办公-年度开单金额（万）': 13.063784, '片区父级已审批金额-工业健康': 7800000, '片区父级已审批金额-楼宇办公': 85000000, '客户经理父级已审批金额-食饮部': 600000, '行业线父级已审批金额-工业健康': 7800000, '行业线父级已审批金额-楼宇办公': 85000000, '年度开单金额转换（以万为单位）': 161.265297999999, '客户经理父级已审批金额-工业健康': 2000000, '客户经理父级已审批金额-楼宇办公': 20500000}",2026-08-21 17:04:35.666689,2026-08-21 17:04:35.666689,2026-08-21 17:04:35.666689
48,recvdJyRRBxn8P,"{'2601': 750000, '2602': 750000, '2603': 750000, '2604': 750000, '公式': 3.33333333333333e-07, '战区': '澔原战区', '片区': '衡原片区', '状态': '待确认', '编号': '54', '事业群': '商用事业群', '创建人': '谢亦舟', '当前年': 2026, '当前月': 8, '食饮部': '89083.68', '客户经理': '裴既白', '层级级别': '客户经理', '工业健康': '89083.68', '当前日期': 21, '楼宇办公': '2494335.2', '父级引用': [{'text': '38', 'type': 'text', 'table_id': 'tblcLapTvgTH3EDa', 'text_arr': ['38'], 'record_ids': ['recvdJ4GBFNN5w']}], '经营主体': '星澜集团总部', '1季度比例': '25%', '2季度比例': '25%', '3季度比例': '25%', '4季度比例': '25%', '任务维护人': '裴既白', '年度开单金额': 981270.36, '总任务承接人': '裴既白', '总任务达成率': '0.395567119918', '本月开单金额': -979978, '食饮部（万）': 10, '链接字段(勿删)': [{'text': '商用事业群;澔原战区;衡原片区;裴既白', 'type': 'text'}], '剩余分配百分比': 0, '工业健康（万）': 10, '当前月最后一天': 31, '总任务（金额）': '2480667.15', '战区总任务金额': 600000000, '楼宇办公（万）': 280, '本月当前目标阈值': 161290.322580645, '本月总目标（万）': 25, '食饮部待分配任务': 100000, '健康-年度开单金额': 67000, '食饮-年度开单金额': 218953, '工业健康待分配任务': 100000, '当前月份任务达成率': '-4.74055376595', '本月开单金额（万）': -97.9978, '楼宇办公待分配任务': 2800000, '战区已分配金额-食饮': 115000000, '父级已审批金额-食饮': 115000000, '事业群剩余未分配金额': -586200000, '截止当天累计目标阈值': 1906849.31506849, '本月当前目标阈值 (万)': 16.1290322580645, '楼宇办公-年度开单金额': 695317.36, '片区已分配金额-食饮部': 4700000, '行业线已分配金额-食饮': 105000000, '战区下派片区总任务金额': 16400000, '截止当前目标阈值达成率': '0.514602990517', '健康-年度开单金额（万）': 6.7, '年度阈值/开单差额（万）': '-92.557896', '战区已分配金额-工业健康': 40000000, '战区已分配金额-楼宇办公': 300000000, '月度阈值/开单差额（万）': '-114.126832', '父级已审批金额-工业健康': 40000000, '父级已审批金额-楼宇办公': 300000000, '片区已分配金额-工业健康': 8200000, '片区已分配金额-楼宇办公': 82100000, '片区父级已审批金额-食饮': 2200000, '食饮-年度开单金额（万）': 21.8953, '事业群下派战区总任务金额': 600000000, '总金额转换（以万为单位）': 300, '总额的待分配任务（金额）': 3000000, '客户经理已分配金额-食饮部': 400000, '行业线已分配金额-工业健康': 10000000, '行业线已分配金额-楼宇办公': 30000000, '行业线父级已审批金额-食饮': 2200000, '截止当天累计目标阈值（万）': 190.684931506849, '片区下派客户经理总任务金额': 13800000, '客户经理已分配金额-工业健康': 1600000, '客户经理已分配金额-楼宇办公': 11800000, '楼宇办公-年度开单金额（万）': 69.531736, '片区父级已审批金额-工业健康': 7800000, '片区父级已审批金额-楼宇办公': 85000000, '客户经理父级已审批金额-食饮部': 300000, '行业线父级已审批金额-工业健康': 7800000, '行业线父级已审批金额-楼宇办公': 85000000, '年度开单金额转换（以万为单位）': 98.127036, '客户经理父级已审批金额-工业健康': 1500000, '客户经理父级已审批金额-楼宇办公': 12000000}",2026-08-21 17:04:35.666689,2026-08-21 17:04:35.666689,2026-08-21 17:04:35.666689
49,recvmFIdJVm9q6,"{'2601': 900000, '2602': 900000, '2603': 900000, '2604': 900000, '公式': 2.77777777777778e-07, '战区': '澔原战区', '片区': '衡原片区', '状态': '待确认', '编号': '131', '事业群': '商用事业群', '创建人': '谢南珩', '当前年': 2026, '当前月': 8, '食饮部': '73337.6', '客户经理': '黎朔风', '层级级别': '客户经理', '工业健康': '73337.6', '当前日期': 21, '楼宇办公': '2493494.08', '父级引用': [{'text': '38', 'type': 'text', 'table_id': 'tblcLapTvgTH3EDa', 'text_arr': ['38'], 'record_ids': ['recvdJ4GBFNN5w']}], '经营主体': '星澜集团总部', '1季度比例': '25%', '2季度比例': '25%', '3季度比例': '25%', '4季度比例': '25%', '任务维护人': '裴既白', '年度开单金额': 688830, '总任务承接人': '黎朔风', '总任务达成率': '0.215991547197', '本月开单金额': 528785, '食饮部（万）': 10, '链接字段(勿删)': [{'text': '商用事业群;澔原战区;衡原片区;黎朔风', 'type': 'text'}], '剩余分配百分比': 0, '工业健康（万）': 10, '当前月最后一天': 31, '总任务（金额）': '3189152.58', '战区总任务金额': 600000000, '楼宇办公（万）': 340, '本月当前目标阈值': 193548.387096774, '本月总目标（万）': 30, '食饮部待分配任务': 100000, '健康-年度开单金额': 120000, '食饮-年度开单金额': 14180, '工业健康待分配任务': 100000, '当前月份任务达成率': '1.989688433157', '本月开单金额（万）': 52.8785, '楼宇办公待分配任务': 3400000, '战区已分配金额-食饮': 115000000, '父级已审批金额-食饮': 115000000, '事业群剩余未分配金额': -586200000, '截止当天累计目标阈值': 2288219.17808219, '本月当前目标阈值 (万)': 19.3548387096774, '楼宇办公-年度开单金额': 554650, '片区已分配金额-食饮部': 4700000, '行业线已分配金额-食饮': 105000000, '战区下派片区总任务金额': 16400000, '截止当前目标阈值达成率': '0.301033225575', '健康-年度开单金额（万）': 12, '年度阈值/开单差额（万）': '-159.938918', '战区已分配金额-工业健康': 40000000, '战区已分配金额-楼宇办公': 300000000, '月度阈值/开单差额（万）': '33.523661', '父级已审批金额-工业健康': 40000000, '父级已审批金额-楼宇办公': 300000000, '片区已分配金额-工业健康': 8200000, '片区已分配金额-楼宇办公': 82100000, '片区父级已审批金额-食饮': 2200000, '食饮-年度开单金额（万）': 1.418, '事业群下派战区总任务金额': 600000000, '总金额转换（以万为单位）': 360, '总额的待分配任务（金额）': 3600000, '客户经理已分配金额-食饮部': 400000, '行业线已分配金额-工业健康': 10000000, '行业线已分配金额-楼宇办公': 30000000, '行业线父级已审批金额-食饮': 2200000, '截止当天累计目标阈值（万）': 228.821917808219, '片区下派客户经理总任务金额': 13800000, '客户经理已分配金额-工业健康': 1600000, '客户经理已分配金额-楼宇办公': 11800000, '楼宇办公-年度开单金额（万）': 55.465, '片区父级已审批金额-工业健康': 7800000, '片区父级已审批金额-楼宇办公': 85000000, '客户经理父级已审批金额-食饮部': 300000, '行业线父级已审批金额-工业健康': 7800000, '行业线父级已审批金额-楼宇办公': 85000000, '年度开单金额转换（以万为单位）': 68.883, '客户经理父级已审批金额-工业健康': 1500000, '客户经理父级已审批金额-楼宇办公': 12000000}",2026-08-21 17:04:35.666689,2026-08-21 17:04:35.666689,2026-08-21 17:04:35.666689
50,recvdJyRRBmH6X,"{'2601': 900000, '2602': 900000, '2603': 900000, '2604': 900000, '公式': 2.77777777777778e-07, '战区': '澔原战区', '片区': '衡原片区', '状态': '待确认', '编号': '55', '事业群': '商用事业群', '创建人': '谢亦舟', '当前年': 2026, '当前月': 8, '食饮部': '84885.92', '客户经理': '许亦舟', '层级级别': '客户经理', '工业健康': '1103516.96', '当前日期': 21, '楼宇办公': '1867489.12', '父级引用': [{'text': '38', 'type': 'text', 'table_id': 'tblcLapTvgTH3EDa', 'text_arr': ['38'], 'record_ids': ['recvdJ4GBFNN5w']}], '经营主体': '星澜集团总部', '1季度比例': '25%', '2季度比例': '25%', '3季度比例': '25%', '4季度比例': '25%', '任务维护人': '裴既白', '年度开单金额': 451762.1, '总任务承接人': '许亦舟', '总任务达成率': '0.162599137287', '本月开单金额': -67500, '食饮部（万）': 10, '链接字段(勿删)': [{'text': '商用事业群;澔原战区;衡原片区;许亦舟', 'type': 'text'}], '剩余分配百分比': 0, '工业健康（万）': 130, '当前月最后一天': 31, '总任务（金额）': '2778379.44', '战区总任务金额': 600000000, '楼宇办公（万）': 220, '本月当前目标阈值': 193548.387096774, '本月总目标（万）': 30, '食饮部待分配任务': 100000, '健康-年度开单金额': 0, '食饮-年度开单金额': 30600, '工业健康待分配任务': 1300000, '当前月份任务达成率': '-0.291536853584', '本月开单金额（万）': -6.75, '楼宇办公待分配任务': 2200000, '战区已分配金额-食饮': 115000000, '父级已审批金额-食饮': 115000000, '事业群剩余未分配金额': -586200000, '截止当天累计目标阈值': 2288219.17808219, '本月当前目标阈值 (万)': 19.3548387096774, '楼宇办公-年度开单金额': 421162.1, '片区已分配金额-食饮部': 4700000, '行业线已分配金额-食饮': 105000000, '战区下派片区总任务金额': 16400000, '截止当前目标阈值达成率': '0.197429557591', '健康-年度开单金额（万）': 0, '年度阈值/开单差额（万）': '-183.645708', '战区已分配金额-工业健康': 40000000, '战区已分配金额-楼宇办公': 300000000, '月度阈值/开单差额（万）': '-26.104839', '父级已审批金额-工业健康': 40000000, '父级已审批金额-楼宇办公': 300000000, '片区已分配金额-工业健康': 8200000, '片区已分配金额-楼宇办公': 82100000, '片区父级已审批金额-食饮': 2200000, '食饮-年度开单金额（万）': 3.06, '事业群下派战区总任务金额': 600000000, '总金额转换（以万为单位）': 360, '总额的待分配任务（金额）': 3600000, '客户经理已分配金额-食饮部': 400000, '行业线已分配金额-工业健康': 10000000, '行业线已分配金额-楼宇办公': 30000000, '行业线父级已审批金额-食饮': 2200000, '截止当天累计目标阈值（万）': 228.821917808219, '片区下派客户经理总任务金额': 13800000, '客户经理已分配金额-工业健康': 1600000, '客户经理已分配金额-楼宇办公': 11800000, '楼宇办公-年度开单金额（万）': 42.11621, '片区父级已审批金额-工业健康': 7800000, '片区父级已审批金额-楼宇办公': 85000000, '客户经理父级已审批金额-食饮部': 300000, '行业线父级已审批金额-工业健康': 7800000, '行业线父级已审批金额-楼宇办公': 85000000, '年度开单金额转换（以万为单位）': 45.17621, '客户经理父级已审批金额-工业健康': 1500000, '客户经理父级已审批金额-楼宇办公': 12000000}",2026-08-21 17:04:35.666689,2026-08-21 17:04:35.666689,2026-08-21 17:04:35.666689
51,recvdJyRRBVq6k,"{'2601': 900000, '2602': 900000, '2603': 900000, '2604': 900000, '公式': 2.77777777777778e-07, '战区': '澔原战区', '片区': '衡原片区', '状态': '待确认', '编号': '56', '事业群': '商用事业群', '创建人': '谢亦舟', '当前年': 2026, '当前月': 8, '食饮部': '67572.96', '客户经理': '秦南珩', '层级级别': '客户经理', '工业健康': '67572.96', '当前日期': 21, '楼宇办公': '2297463.84', '父级引用': [{'text': '38', 'type': 'text', 'table_id': 'tblcLapTvgTH3EDa', 'text_arr': ['38'], 'record_ids': ['recvdJ4GBFNN5w']}], '经营主体': '星澜集团总部', '1季度比例': '25%', '2季度比例': '25%', '3季度比例': '25%', '4季度比例': '25%', '任务维护人': '裴既白', '年度开单金额': 915302.5, '总任务承接人': '秦南珩', '总任务达成率': '0.2658434818', '本月开单金额': 218361.5, '食饮部（万）': 10, '链接字段(勿删)': [{'text': '商用事业群;澔原战区;衡原片区;秦南珩', 'type': 'text'}], '剩余分配百分比': 0, '工业健康（万）': 10, '当前月最后一天': 31, '总任务（金额）': '3443012.76', '战区总任务金额': 600000000, '楼宇办公（万）': 340, '本月当前目标阈值': 193548.387096774, '本月总目标（万）': 30, '食饮部待分配任务': 100000, '健康-年度开单金额': 20910, '食饮-年度开单金额': 19930, '工业健康待分配任务': 100000, '当前月份任务达成率': '0.761059625001', '本月开单金额（万）': 21.83615, '楼宇办公待分配任务': 3400000, '战区已分配金额-食饮': 115000000, '父级已审批金额-食饮': 115000000, '事业群剩余未分配金额': -586200000, '截止当天累计目标阈值': 2288219.17808219, '本月当前目标阈值 (万)': 19.3548387096774, '楼宇办公-年度开单金额': 874462.5, '片区已分配金额-食饮部': 4700000, '行业线已分配金额-食饮': 105000000, '战区下派片区总任务金额': 16400000, '截止当前目标阈值达成率': '0.400006480484', '健康-年度开单金额（万）': 2.091, '年度阈值/开单差额（万）': '-137.291668', '战区已分配金额-工业健康': 40000000, '战区已分配金额-楼宇办公': 300000000, '月度阈值/开单差额（万）': '2.481311', '父级已审批金额-工业健康': 40000000, '父级已审批金额-楼宇办公': 300000000, '片区已分配金额-工业健康': 8200000, '片区已分配金额-楼宇办公': 82100000, '片区父级已审批金额-食饮': 2200000, '食饮-年度开单金额（万）': 1.993, '事业群下派战区总任务金额': 600000000, '总金额转换（以万为单位）': 360, '总额的待分配任务（金额）': 3600000, '客户经理已分配金额-食饮部': 400000, '行业线已分配金额-工业健康': 10000000, '行业线已分配金额-楼宇办公': 30000000, '行业线父级已审批金额-食饮': 2200000, '截止当天累计目标阈值（万）': 228.821917808219, '片区下派客户经理总任务金额': 13800000, '客户经理已分配金额-工业健康': 1600000, '客户经理已分配金额-楼宇办公': 11800000, '楼宇办公-年度开单金额（万）': 87.44625, '片区父级已审批金额-工业健康': 7800000, '片区父级已审批金额-楼宇办公': 85000000, '客户经理父级已审批金额-食饮部': 300000, '行业线父级已审批金额-工业健康': 7800000, '行业线父级已审批金额-楼宇办公': 85000000, '年度开单金额转换（以万为单位）': 91.53025, '客户经理父级已审批金额-工业健康': 1500000, '客户经理父级已审批金额-楼宇办公': 12000000}",2026-08-21 17:04:35.666689,2026-08-21 17:04:35.666689,2026-08-21 17:04:35.666689
52,recvdJyRRBv1F5,"{'2601': 900000, '2602': 900000, '2603': 900000, '2604': 900000, '公式': 2.77777777777778e-07, '战区': '澔原战区', '片区': '岱岑片区', '状态': '待确认', '编号': '57', '事业群': '商用事业群', '创建人': '谢亦舟', '当前年': 2026, '当前月': 8, '食饮部': '219359.84', '客户经理': '邵既白', '层级级别': '客户经理', '工业健康': '0', '当前日期': 21, '楼宇办公': '4167839.2', '父级引用': [{'text': '33', 'type': 'text', 'table_id': 'tblcLapTvgTH3EDa', 'text_arr': ['33'], 'record_ids': ['recvdJ412pEF3d']}], '经营主体': '星澜集团总部', '1季度比例': '25%', '2季度比例': '25%', '3季度比例': '25%', '4季度比例': '25%', '任务维护人': '柏亦舟', '年度开单金额': 2157539.96, '总任务承接人': '邵既白', '总任务达成率': '0.916155510193', '本月开单金额': 232090.53, '食饮部（万）': 18, '链接字段(勿删)': [{'text': '商用事业群;澔原战区;岱岑片区;邵既白', 'type': 'text'}], '剩余分配百分比': 0, '工业健康（万）': 0, '当前月最后一天': 31, '总任务（金额）': '2354993.16', '战区总任务金额': 600000000, '楼宇办公（万）': 342, '本月当前目标阈值': 193548.387096774, '本月总目标（万）': 30, '食饮部待分配任务': 180000, '健康-年度开单金额': 26700, '食饮-年度开单金额': 316070, '工业健康待分配任务': 0, '当前月份任务达成率': '1.182630339359', '本月开单金额（万）': 23.209053, '楼宇办公待分配任务': 3420000, '战区已分配金额-食饮': 115000000, '父级已审批金额-食饮': 115000000, '事业群剩余未分配金额': -587800000, '截止当天累计目标阈值': 2288219.17808219, '本月当前目标阈值 (万)': 19.3548387096774, '楼宇办公-年度开单金额': 1814769.96, '片区已分配金额-食饮部': 4700000, '行业线已分配金额-食饮': 105000000, '战区下派片区总任务金额': 16400000, '截止当前目标阈值达成率': '0.942890427921', '健康-年度开单金额（万）': 2.67, '年度阈值/开单差额（万）': '-13.067922', '战区已分配金额-工业健康': 40000000, '战区已分配金额-楼宇办公': 300000000, '月度阈值/开单差额（万）': '3.854214', '父级已审批金额-工业健康': 40000000, '父级已审批金额-楼宇办公': 300000000, '片区已分配金额-工业健康': 8200000, '片区已分配金额-楼宇办公': 82100000, '片区父级已审批金额-食饮': 2200000, '食饮-年度开单金额（万）': 31.607, '事业群下派战区总任务金额': 600000000, '总金额转换（以万为单位）': 360, '总额的待分配任务（金额）': 3600000, '客户经理已分配金额-食饮部': 280000, '行业线已分配金额-工业健康': 10000000, '行业线已分配金额-楼宇办公': 30000000, '行业线父级已审批金额-食饮': 2200000, '截止当天累计目标阈值（万）': 228.821917808219, '片区下派客户经理总任务金额': 12200000, '客户经理已分配金额-工业健康': 1000000, '客户经理已分配金额-楼宇办公': 10920000, '楼宇办公-年度开单金额（万）': 181.476996, '片区父级已审批金额-工业健康': 7800000, '片区父级已审批金额-楼宇办公': 85000000, '客户经理父级已审批金额-食饮部': 280000, '行业线父级已审批金额-工业健康': 7800000, '行业线父级已审批金额-楼宇办公': 85000000, '年度开单金额转换（以万为单位）': 215.753996, '客户经理父级已审批金额-工业健康': 1000000, '客户经理父级已审批金额-楼宇办公': 10920000}",2026-08-21 17:04:35.666689,2026-08-21 17:04:35.666689,2026-08-21 17:04:35.666689
53,recvdJyRRBbZhq,"{'2601': 1450000, '2602': 1450000, '2603': 1450000, '2604': 1450000, '公式': 1.72413793103448e-07, '战区': '澔原战区', '片区': '岱岑片区', '状态': '待确认', '编号': '58', '事业群': '商用事业群', '创建人': '谢亦舟', '当前年': 2026, '当前月': 8, '食饮部': '0', '客户经理': '岳既白', '层级级别': '客户经理', '工业健康': '1481005.12', '当前日期': 21, '楼宇办公': '7108827.04', '父级引用': [{'text': '33', 'type': 'text', 'table_id': 'tblcLapTvgTH3EDa', 'text_arr': ['33'], 'record_ids': ['recvdJ412pEF3d']}], '经营主体': '星澜集团总部', '1季度比例': '25%', '2季度比例': '25%', '3季度比例': '25%', '4季度比例': '25%', '任务维护人': '柏亦舟', '年度开单金额': 4722275.28, '总任务承接人': '岳既白', '总任务达成率': '1.123013029362', '本月开单金额': 181527, '食饮部（万）': 0, '链接字段(勿删)': [{'text': '商用事业群;澔原战区;岱岑片区;岳既白', 'type': 'text'}], '剩余分配百分比': 0, '工业健康（万）': 100, '当前月最后一天': 31, '总任务（金额）': '4205004.89', '战区总任务金额': 600000000, '楼宇办公（万）': 480, '本月当前目标阈值': 311827.956989247, '本月总目标（万）': 48.3333333333333, '食饮部待分配任务': 0, '健康-年度开单金额': 815280, '食饮-年度开单金额': 57685.18, '工业健康待分配任务': 1000000, '当前月份任务达成率': '0.518031264406', '本月开单金额（万）': 18.1527, '楼宇办公待分配任务': 4800000, '战区已分配金额-食饮': 115000000, '父级已审批金额-食饮': 115000000, '事业群剩余未分配金额': -587800000, '截止当天累计目标阈值': 3686575.34246575, '本月当前目标阈值 (万)': 31.1827956989247, '楼宇办公-年度开单金额': 3849310.1, '片区已分配金额-食饮部': 4700000, '行业线已分配金额-食饮': 105000000, '战区下派片区总任务金额': 16400000, '截止当前目标阈值达成率': '1.280938226219', '健康-年度开单金额（万）': 81.528, '年度阈值/开单差额（万）': '103.569994', '战区已分配金额-工业健康': 40000000, '战区已分配金额-楼宇办公': 300000000, '月度阈值/开单差额（万）': '-13.030096', '父级已审批金额-工业健康': 40000000, '父级已审批金额-楼宇办公': 300000000, '片区已分配金额-工业健康': 8200000, '片区已分配金额-楼宇办公': 82100000, '片区父级已审批金额-食饮': 2200000, '食饮-年度开单金额（万）': 5.768518, '事业群下派战区总任务金额': 600000000, '总金额转换（以万为单位）': 580, '总额的待分配任务（金额）': 5800000, '客户经理已分配金额-食饮部': 280000, '行业线已分配金额-工业健康': 10000000, '行业线已分配金额-楼宇办公': 30000000, '行业线父级已审批金额-食饮': 2200000, '截止当天累计目标阈值（万）': 368.657534246575, '片区下派客户经理总任务金额': 12200000, '客户经理已分配金额-工业健康': 1000000, '客户经理已分配金额-楼宇办公': 10920000, '楼宇办公-年度开单金额（万）': 384.93101, '片区父级已审批金额-工业健康': 7800000, '片区父级已审批金额-楼宇办公': 85000000, '客户经理父级已审批金额-食饮部': 280000, '行业线父级已审批金额-工业健康': 7800000, '行业线父级已审批金额-楼宇办公': 85000000, '年度开单金额转换（以万为单位）': 472.227528, '客户经理父级已审批金额-工业健康': 1000000, '客户经理父级已审批金额-楼宇办公': 10920000}",2026-08-21 17:04:35.666689,2026-08-21 17:04:35.666689,2026-08-21 17:04:35.666689
54,recvdJyRRBZdfa,"{'2601': 700000, '2602': 700000, '2603': 700000, '2604': 700000, '公式': 3.57142857142857e-07, '战区': '澔原战区', '片区': '岱岑片区', '状态': '待确认', '编号': '59', '事业群': '商用事业群', '创建人': '谢亦舟', '当前年': 2026, '当前月': 8, '食饮部': '119031.36', '客户经理': '柏亦舟', '层级级别': '客户经理', '工业健康': '0', '当前日期': 21, '楼宇办公': '3213850.08', '父级引用': [{'text': '33', 'type': 'text', 'table_id': 'tblcLapTvgTH3EDa', 'text_arr': ['33'], 'record_ids': ['recvdJ412pEF3d']}], '经营主体': '星澜集团总部', '1季度比例': '25%', '2季度比例': '25%', '3季度比例': '25%', '4季度比例': '25%', '任务维护人': '柏亦舟', '年度开单金额': 924358.8, '总任务承接人': '柏亦舟', '总任务达成率': '0.502970098988', '本月开单金额': 134952.5, '食饮部（万）': 10, '链接字段(勿删)': [{'text': '商用事业群;澔原战区;岱岑片区;柏亦舟', 'type': 'text'}], '剩余分配百分比': 0, '工业健康（万）': 0, '当前月最后一天': 31, '总任务（金额）': '1837800.7', '战区总任务金额': 600000000, '楼宇办公（万）': 270, '本月当前目标阈值': 150537.634408602, '本月总目标（万）': 23.3333333333333, '食饮部待分配任务': 100000, '健康-年度开单金额': 0, '食饮-年度开单金额': 232535, '工业健康待分配任务': 0, '当前月份任务达成率': '0.881178247456', '本月开单金额（万）': 13.49525, '楼宇办公待分配任务': 2700000, '战区已分配金额-食饮': 115000000, '父级已审批金额-食饮': 115000000, '事业群剩余未分配金额': -587800000, '截止当天累计目标阈值': 1779726.02739726, '本月当前目标阈值 (万)': 15.0537634408602, '楼宇办公-年度开单金额': 691823.8, '片区已分配金额-食饮部': 4700000, '行业线已分配金额-食饮': 105000000, '战区下派片区总任务金额': 16400000, '截止当前目标阈值达成率': '0.519382638547', '健康-年度开单金额（万）': 0, '年度阈值/开单差额（万）': '-85.536723', '战区已分配金额-工业健康': 40000000, '战区已分配金额-楼宇办公': 300000000, '月度阈值/开单差额（万）': '-1.558513', '父级已审批金额-工业健康': 40000000, '父级已审批金额-楼宇办公': 300000000, '片区已分配金额-工业健康': 8200000, '片区已分配金额-楼宇办公': 82100000, '片区父级已审批金额-食饮': 2200000, '食饮-年度开单金额（万）': 23.2535, '事业群下派战区总任务金额': 600000000, '总金额转换（以万为单位）': 280, '总额的待分配任务（金额）': 2800000, '客户经理已分配金额-食饮部': 280000, '行业线已分配金额-工业健康': 10000000, '行业线已分配金额-楼宇办公': 30000000, '行业线父级已审批金额-食饮': 2200000, '截止当天累计目标阈值（万）': 177.972602739726, '片区下派客户经理总任务金额': 12200000, '客户经理已分配金额-工业健康': 1000000, '客户经理已分配金额-楼宇办公': 10920000, '楼宇办公-年度开单金额（万）': 69.18238, '片区父级已审批金额-工业健康': 7800000, '片区父级已审批金额-楼宇办公': 85000000, '客户经理父级已审批金额-食饮部': 280000, '行业线父级已审批金额-工业健康': 7800000, '行业线父级已审批金额-楼宇办公': 85000000, '年度开单金额转换（以万为单位）': 92.43588, '客户经理父级已审批金额-工业健康': 1000000, '客户经理父级已审批金额-楼宇办公': 10920000}",2026-08-21 17:04:35.666689,2026-08-21 17:04:35.666689,2026-08-21 17:04:35.666689
55,recvdJyRRB5AsS,"{'2601': 1125000, '2602': 1125000, '2603': 1125000, '2604': 1125000, '公式': 2.22222222222222e-07, '战区': '澔原战区', '片区': '临汀片区', '状态': '待确认', '编号': '61', '事业群': '商用事业群', '创建人': '谢亦舟', '当前年': 2026, '当前月': 8, '食饮部': '0', '客户经理': '谢屿青', '层级级别': '客户经理', '工业健康': '582728.16', '当前日期': 21, '楼宇办公': '4661826.4', '父级引用': [{'text': '40', 'type': 'text', 'table_id': 'tblcLapTvgTH3EDa', 'text_arr': ['40'], 'record_ids': ['recvdJ4SgTEkF1']}], '经营主体': '星澜集团总部', '1季度比例': '25%', '2季度比例': '25%', '3季度比例': '25%', '4季度比例': '25%', '任务维护人': '白怀川', '年度开单金额': 3359575.61, '总任务承接人': '谢屿青', '总任务达成率': '0.865794624891', '本月开单金额': 169310, '食饮部（万）': 0, '链接字段(勿删)': [{'text': '商用事业群;澔原战区;临汀片区;谢屿青', 'type': 'text'}], '剩余分配百分比': 0, '工业健康（万）': 50, '当前月最后一天': 31, '总任务（金额）': '3880337.8', '战区总任务金额': 600000000, '楼宇办公（万）': 400, '本月当前目标阈值': 241935.483870968, '本月总目标（万）': 37.5, '食饮部待分配任务': 0, '健康-年度开单金额': 917950, '食饮-年度开单金额': 333880, '工业健康待分配任务': 500000, '当前月份任务达成率': '0.523593590228', '本月开单金额（万）': 16.931, '楼宇办公待分配任务': 4000000, '战区已分配金额-食饮': 115000000, '父级已审批金额-食饮': 115000000, '事业群剩余未分配金额': -589400000, '截止当天累计目标阈值': 2860273.97260274, '本月当前目标阈值 (万)': 24.1935483870968, '楼宇办公-年度开单金额': 2107745.61, '片区已分配金额-食饮部': 4700000, '行业线已分配金额-食饮': 105000000, '战区下派片区总任务金额': 16400000, '截止当前目标阈值达成率': '1.17456426978', '健康-年度开单金额（万）': 91.795, '年度阈值/开单差额（万）': '49.930164', '战区已分配金额-工业健康': 40000000, '战区已分配金额-楼宇办公': 300000000, '月度阈值/开单差额（万）': '-7.262548', '父级已审批金额-工业健康': 40000000, '父级已审批金额-楼宇办公': 300000000, '片区已分配金额-工业健康': 8200000, '片区已分配金额-楼宇办公': 82100000, '片区父级已审批金额-食饮': 2200000, '食饮-年度开单金额（万）': 33.388, '事业群下派战区总任务金额': 600000000, '总金额转换（以万为单位）': 450, '总额的待分配任务（金额）': 4500000, '客户经理已分配金额-食饮部': 2600000, '行业线已分配金额-工业健康': 10000000, '行业线已分配金额-楼宇办公': 30000000, '行业线父级已审批金额-食饮': 2200000, '截止当天累计目标阈值（万）': 286.027397260274, '片区下派客户经理总任务金额': 10600000, '客户经理已分配金额-工业健康': 800000, '客户经理已分配金额-楼宇办公': 7200000, '楼宇办公-年度开单金额（万）': 210.774561, '片区父级已审批金额-工业健康': 7800000, '片区父级已审批金额-楼宇办公': 85000000, '客户经理父级已审批金额-食饮部': 2600000, '行业线父级已审批金额-工业健康': 7800000, '行业线父级已审批金额-楼宇办公': 85000000, '年度开单金额转换（以万为单位）': 335.957561, '客户经理父级已审批金额-工业健康': 800000, '客户经理父级已审批金额-楼宇办公': 7200000}",2026-08-21 17:04:35.666689,2026-08-21 17:04:35.666689,2026-08-21 17:04:35.666689
56,recvdJyRRBe7T8,"{'2601': 875000, '2602': 875000, '2603': 875000, '2604': 875000, '公式': 2.85714285714286e-07, '战区': '澔原战区', '片区': '临汀片区', '状态': '待确认', '编号': '62', '事业群': '商用事业群', '创建人': '谢亦舟', '当前年': 2026, '当前月': 8, '食饮部': '0', '客户经理': '陆既白', '层级级别': '客户经理', '工业健康': '308240.8', '当前日期': 21, '楼宇办公': '3287904.48', '父级引用': [{'text': '40', 'type': 'text', 'table_id': 'tblcLapTvgTH3EDa', 'text_arr': ['40'], 'record_ids': ['recvdJ4SgTEkF1']}], '经营主体': '星澜集团总部', '1季度比例': '25%', '2季度比例': '25%', '3季度比例': '25%', '4季度比例': '25%', '任务维护人': '白怀川', '年度开单金额': 1590342.78, '总任务承接人': '陆既白', '总任务达成率': '0.784757198963', '本月开单金额': 128334, '食饮部（万）': 0, '链接字段(勿删)': [{'text': '商用事业群;澔原战区;临汀片区;陆既白', 'type': 'text'}], '剩余分配百分比': 0, '工业健康（万）': 30, '当前月最后一天': 31, '总任务（金额）': '2026541.18', '战区总任务金额': 600000000, '楼宇办公（万）': 320, '本月当前目标阈值': 188172.043010753, '本月总目标（万）': 29.1666666666667, '食饮部待分配任务': 0, '健康-年度开单金额': 0, '食饮-年度开单金额': 39715, '工业健康待分配任务': 300000, '当前月份任务达成率': '0.759919420932', '本月开单金额（万）': 12.8334, '楼宇办公待分配任务': 3200000, '战区已分配金额-食饮': 115000000, '父级已审批金额-食饮': 115000000, '事业群剩余未分配金额': -589400000, '截止当天累计目标阈值': 2224657.53424658, '本月当前目标阈值 (万)': 18.8172043010753, '楼宇办公-年度开单金额': 1550627.78, '片区已分配金额-食饮部': 4700000, '行业线已分配金额-食饮': 105000000, '战区下派片区总任务金额': 16400000, '截止当前目标阈值达成率': '0.714870830911', '健康-年度开单金额（万）': 0, '年度阈值/开单差额（万）': '-63.431475', '战区已分配金额-工业健康': 40000000, '战区已分配金额-楼宇办公': 300000000, '月度阈值/开单差额（万）': '-5.983804', '父级已审批金额-工业健康': 40000000, '父级已审批金额-楼宇办公': 300000000, '片区已分配金额-工业健康': 8200000, '片区已分配金额-楼宇办公': 82100000, '片区父级已审批金额-食饮': 2200000, '食饮-年度开单金额（万）': 3.9715, '事业群下派战区总任务金额': 600000000, '总金额转换（以万为单位）': 350, '总额的待分配任务（金额）': 3500000, '客户经理已分配金额-食饮部': 2600000, '行业线已分配金额-工业健康': 10000000, '行业线已分配金额-楼宇办公': 30000000, '行业线父级已审批金额-食饮': 2200000, '截止当天累计目标阈值（万）': 222.465753424658, '片区下派客户经理总任务金额': 10600000, '客户经理已分配金额-工业健康': 800000, '客户经理已分配金额-楼宇办公': 7200000, '楼宇办公-年度开单金额（万）': 155.062778, '片区父级已审批金额-工业健康': 7800000, '片区父级已审批金额-楼宇办公': 85000000, '客户经理父级已审批金额-食饮部': 2600000, '行业线父级已审批金额-工业健康': 7800000, '行业线父级已审批金额-楼宇办公': 85000000, '年度开单金额转换（以万为单位）': 159.034278, '客户经理父级已审批金额-工业健康': 800000, '客户经理父级已审批金额-楼宇办公': 7200000}",2026-08-21 17:04:35.666689,2026-08-21 17:04:35.666689,2026-08-21 17:04:35.666689
57,recvdJyRRBU7JZ,"{'2601': 650000, '2602': 650000, '2603': 650000, '2604': 650000, '公式': 3.84615384615385e-07, '战区': '澔原战区', '片区': '临汀片区', '状态': '待确认', '编号': '63', '事业群': '商用事业群', '创建人': '谢亦舟', '当前年': 2026, '当前月': 8, '食饮部': '2011511.04', '客户经理': '白怀川', '层级级别': '客户经理', '工业健康': '0', '当前日期': 21, '楼宇办公': '0', '父级引用': [{'text': '40', 'type': 'text', 'table_id': 'tblcLapTvgTH3EDa', 'text_arr': ['40'], 'record_ids': ['recvdJ4SgTEkF1']}], '经营主体': '星澜集团总部', '1季度比例': '25%', '2季度比例': '25%', '3季度比例': '25%', '4季度比例': '25%', '任务维护人': '白怀川', '年度开单金额': 0, '总任务承接人': '白怀川', '总任务达成率': '0', '本月开单金额': 0, '食饮部（万）': 260, '链接字段(勿删)': [{'text': '商用事业群;澔原战区;临汀片区;白怀川', 'type': 'text'}], '剩余分配百分比': 0, '工业健康（万）': 0, '当前月最后一天': 31, '总任务（金额）': '1947224.39', '战区总任务金额': 600000000, '楼宇办公（万）': 0, '本月当前目标阈值': 139784.946236559, '本月总目标（万）': 21.6666666666667, '食饮部待分配任务': 2600000, '健康-年度开单金额': 0, '食饮-年度开单金额': 0, '工业健康待分配任务': 0, '当前月份任务达成率': '0', '本月开单金额（万）': 0, '楼宇办公待分配任务': 0, '战区已分配金额-食饮': 115000000, '父级已审批金额-食饮': 115000000, '事业群剩余未分配金额': -589400000, '截止当天累计目标阈值': 1652602.73972603, '本月当前目标阈值 (万)': 13.9784946236559, '楼宇办公-年度开单金额': 0, '片区已分配金额-食饮部': 4700000, '行业线已分配金额-食饮': 105000000, '战区下派片区总任务金额': 16400000, '截止当前目标阈值达成率': '0', '健康-年度开单金额（万）': 0, '年度阈值/开单差额（万）': '-165.260274', '战区已分配金额-工业健康': 40000000, '战区已分配金额-楼宇办公': 300000000, '月度阈值/开单差额（万）': '-13.978495', '父级已审批金额-工业健康': 40000000, '父级已审批金额-楼宇办公': 300000000, '片区已分配金额-工业健康': 8200000, '片区已分配金额-楼宇办公': 82100000, '片区父级已审批金额-食饮': 2200000, '食饮-年度开单金额（万）': 0, '事业群下派战区总任务金额': 600000000, '总金额转换（以万为单位）': 260, '总额的待分配任务（金额）': 2600000, '客户经理已分配金额-食饮部': 2600000, '行业线已分配金额-工业健康': 10000000, '行业线已分配金额-楼宇办公': 30000000, '行业线父级已审批金额-食饮': 2200000, '截止当天累计目标阈值（万）': 165.260273972603, '片区下派客户经理总任务金额': 10600000, '客户经理已分配金额-工业健康': 800000, '客户经理已分配金额-楼宇办公': 7200000, '楼宇办公-年度开单金额（万）': 0, '片区父级已审批金额-工业健康': 7800000, '片区父级已审批金额-楼宇办公': 85000000, '客户经理父级已审批金额-食饮部': 2600000, '行业线父级已审批金额-工业健康': 7800000, '行业线父级已审批金额-楼宇办公': 85000000, '年度开单金额转换（以万为单位）': 0, '客户经理父级已审批金额-工业健康': 800000, '客户经理父级已审批金额-楼宇办公': 7200000}",2026-08-21 17:04:35.666689,2026-08-21 17:04:35.666689,2026-08-21 17:04:35.666689
58,recvdJyRRBsdmx,"{'2601': 1300000, '2602': 1300000, '2603': 1300000, '2604': 1300000, '公式': 1.92307692307692e-07, '战区': '澔原战区', '片区': '梧陵片区', '状态': '待确认', '编号': '64', '事业群': '商用事业群', '创建人': '谢亦舟', '当前年': 2026, '当前月': 8, '食饮部': '153109.6', '客户经理': '严亦舟', '层级级别': '客户经理', '工业健康': '1224880.16', '当前日期': 21, '楼宇办公': '6583728.48', '父级引用': [{'text': '34', 'type': 'text', 'table_id': 'tblcLapTvgTH3EDa', 'text_arr': ['34'], 'record_ids': ['recvdJ4glnezzf']}], '经营主体': '星澜集团总部', '1季度比例': '25%', '2季度比例': '25%', '3季度比例': '25%', '4季度比例': '25%', '任务维护人': '严亦舟', '年度开单金额': 2999295.21, '总任务承接人': '严亦舟', '总任务达成率': '0.922023650152', '本月开单金额': 105431, '食饮部（万）': 10, '链接字段(勿删)': [{'text': '商用事业群;澔原战区;梧陵片区;严亦舟', 'type': 'text'}], '剩余分配百分比': 0, '工业健康（万）': 80, '当前月最后一天': 31, '总任务（金额）': '3252948.24', '战区总任务金额': 600000000, '楼宇办公（万）': 430, '本月当前目标阈值': 279569.892473118, '本月总目标（万）': 43.3333333333333, '食饮部待分配任务': 100000, '健康-年度开单金额': 26240, '食饮-年度开单金额': 38112, '工业健康待分配任务': 800000, '当前月份任务达成率': '0.388930873367', '本月开单金额（万）': 10.5431, '楼宇办公待分配任务': 4300000, '战区已分配金额-食饮': 115000000, '父级已审批金额-食饮': 115000000, '事业群剩余未分配金额': -587800000, '截止当天累计目标阈值': 3305205.47945205, '本月当前目标阈值 (万)': 27.9569892473118, '楼宇办公-年度开单金额': 2934943.21, '片区已分配金额-食饮部': 4700000, '行业线已分配金额-食饮': 105000000, '战区下派片区总任务金额': 16400000, '截止当前目标阈值达成率': '0.907445914829', '健康-年度开单金额（万）': 2.624, '年度阈值/开单差额（万）': '-30.591027', '战区已分配金额-工业健康': 40000000, '战区已分配金额-楼宇办公': 300000000, '月度阈值/开单差额（万）': '-17.413889', '父级已审批金额-工业健康': 40000000, '父级已审批金额-楼宇办公': 300000000, '片区已分配金额-工业健康': 8200000, '片区已分配金额-楼宇办公': 82100000, '片区父级已审批金额-食饮': 2200000, '食饮-年度开单金额（万）': 3.8112, '事业群下派战区总任务金额': 600000000, '总金额转换（以万为单位）': 520, '总额的待分配任务（金额）': 5200000, '客户经理已分配金额-食饮部': 280000, '行业线已分配金额-工业健康': 10000000, '行业线已分配金额-楼宇办公': 30000000, '行业线父级已审批金额-食饮': 2200000, '截止当天累计目标阈值（万）': 330.520547945206, '片区下派客户经理总任务金额': 12200000, '客户经理已分配金额-工业健康': 1000000, '客户经理已分配金额-楼宇办公': 10920000, '楼宇办公-年度开单金额（万）': 293.494321, '片区父级已审批金额-工业健康': 7800000, '片区父级已审批金额-楼宇办公': 85000000, '客户经理父级已审批金额-食饮部': 280000, '行业线父级已审批金额-工业健康': 7800000, '行业线父级已审批金额-楼宇办公': 85000000, '年度开单金额转换（以万为单位）': 299.929521, '客户经理父级已审批金额-工业健康': 1000000, '客户经理父级已审批金额-楼宇办公': 10920000}",2026-08-21 17:04:35.666689,2026-08-21 17:04:35.666689,2026-08-21 17:04:35.666689
59,recvdJyRRBUtKm,"{'2601': 750000, '2602': 750000, '2603': 750000, '2604': 750000, '公式': 3.33333333333333e-07, '战区': '澔原战区', '片区': '梧陵片区', '状态': '待确认', '编号': '65', '事业群': '商用事业群', '创建人': '谢亦舟', '当前年': 2026, '当前月': 8, '食饮部': '66650.08', '客户经理': '温既白', '层级级别': '客户经理', '工业健康': '0', '当前日期': 21, '楼宇办公': '3932367.04', '父级引用': [{'text': '34', 'type': 'text', 'table_id': 'tblcLapTvgTH3EDa', 'text_arr': ['34'], 'record_ids': ['recvdJ4glnezzf']}], '经营主体': '星澜集团总部', '1季度比例': '25%', '2季度比例': '25%', '3季度比例': '25%', '4季度比例': '25%', '任务维护人': '严亦舟', '年度开单金额': 864632.64, '总任务承接人': '温既白', '总任务达成率': '0.305266845881', '本月开单金额': 37159.8, '食饮部（万）': 5, '链接字段(勿删)': [{'text': '商用事业群;澔原战区;梧陵片区;温既白', 'type': 'text'}], '剩余分配百分比': 0, '工业健康（万）': 0, '当前月最后一天': 31, '总任务（金额）': '2832383.05', '战区总任务金额': 600000000, '楼宇办公（万）': 295, '本月当前目标阈值': 161290.322580645, '本月总目标（万）': 25, '食饮部待分配任务': 50000, '健康-年度开单金额': 97800, '食饮-年度开单金额': 37730, '工业健康待分配任务': 0, '当前月份任务达成率': '0.157435485289', '本月开单金额（万）': 3.71598, '楼宇办公待分配任务': 2950000, '战区已分配金额-食饮': 115000000, '父级已审批金额-食饮': 115000000, '事业群剩余未分配金额': -587800000, '截止当天累计目标阈值': 1906849.31506849, '本月当前目标阈值 (万)': 16.1290322580645, '楼宇办公-年度开单金额': 729102.64, '片区已分配金额-食饮部': 4700000, '行业线已分配金额-食饮': 105000000, '战区下派片区总任务金额': 16400000, '截止当前目标阈值达成率': '0.45343522069', '健康-年度开单金额（万）': 9.78, '年度阈值/开单差额（万）': '-104.221668', '战区已分配金额-工业健康': 40000000, '战区已分配金额-楼宇办公': 300000000, '月度阈值/开单差额（万）': '-12.413052', '父级已审批金额-工业健康': 40000000, '父级已审批金额-楼宇办公': 300000000, '片区已分配金额-工业健康': 8200000, '片区已分配金额-楼宇办公': 82100000, '片区父级已审批金额-食饮': 2200000, '食饮-年度开单金额（万）': 3.773, '事业群下派战区总任务金额': 600000000, '总金额转换（以万为单位）': 300, '总额的待分配任务（金额）': 3000000, '客户经理已分配金额-食饮部': 280000, '行业线已分配金额-工业健康': 10000000, '行业线已分配金额-楼宇办公': 30000000, '行业线父级已审批金额-食饮': 2200000, '截止当天累计目标阈值（万）': 190.684931506849, '片区下派客户经理总任务金额': 12200000, '客户经理已分配金额-工业健康': 1000000, '客户经理已分配金额-楼宇办公': 10920000, '楼宇办公-年度开单金额（万）': 72.910264, '片区父级已审批金额-工业健康': 7800000, '片区父级已审批金额-楼宇办公': 85000000, '客户经理父级已审批金额-食饮部': 280000, '行业线父级已审批金额-工业健康': 7800000, '行业线父级已审批金额-楼宇办公': 85000000, '年度开单金额转换（以万为单位）': 86.463264, '客户经理父级已审批金额-工业健康': 1000000, '客户经理父级已审批金额-楼宇办公': 10920000}",2026-08-21 17:04:35.666689,2026-08-21 17:04:35.666689,2026-08-21 17:04:35.666689
60,recvdJyRRBdO6b,"{'2601': 1000000, '2602': 1000000, '2603': 1000000, '2604': 1000000, '公式': 2.5e-07, '战区': '澔原战区', '片区': '梧陵片区', '状态': '待确认', '编号': '66', '事业群': '商用事业群', '创建人': '谢亦舟', '当前年': 2026, '当前月': 8, '食饮部': '170688', '客户经理': '游屿青', '层级级别': '客户经理', '工业健康': '262597.44', '当前日期': 21, '楼宇办公': '4818668.96', '父级引用': [{'text': '34', 'type': 'text', 'table_id': 'tblcLapTvgTH3EDa', 'text_arr': ['34'], 'record_ids': ['recvdJ4glnezzf']}], '经营主体': '星澜集团总部', '1季度比例': '25%', '2季度比例': '25%', '3季度比例': '25%', '4季度比例': '25%', '任务维护人': '严亦舟', '年度开单金额': 2160066.91, '总任务承接人': '游屿青', '总任务达成率': '0.940675973464', '本月开单金额': 374741, '食饮部（万）': 13, '链接字段(勿删)': [{'text': '商用事业群;澔原战区;梧陵片区;游屿青', 'type': 'text'}], '剩余分配百分比': 0, '工业健康（万）': 20, '当前月最后一天': 31, '总任务（金额）': '2296292.21', '战区总任务金额': 600000000, '楼宇办公（万）': 367, '本月当前目标阈值': 215053.76344086, '本月总目标（万）': 33.3333333333333, '食饮部待分配任务': 130000, '健康-年度开单金额': 161680, '食饮-年度开单金额': 27319.83, '工业健康待分配任务': 200000, '当前月份任务达成率': '1.958327420359', '本月开单金额（万）': 37.4741, '楼宇办公待分配任务': 3670000, '战区已分配金额-食饮': 115000000, '父级已审批金额-食饮': 115000000, '事业群剩余未分配金额': -587800000, '截止当天累计目标阈值': 2542465.75342466, '本月当前目标阈值 (万)': 21.505376344086, '楼宇办公-年度开单金额': 1971067.08, '片区已分配金额-食饮部': 4700000, '行业线已分配金额-食饮': 105000000, '战区下派片区总任务金额': 16400000, '截止当前目标阈值达成率': '0.849595282489', '健康-年度开单金额（万）': 16.168, '年度阈值/开单差额（万）': '-38.239884', '战区已分配金额-工业健康': 40000000, '战区已分配金额-楼宇办公': 300000000, '月度阈值/开单差额（万）': '15.968724', '父级已审批金额-工业健康': 40000000, '父级已审批金额-楼宇办公': 300000000, '片区已分配金额-工业健康': 8200000, '片区已分配金额-楼宇办公': 82100000, '片区父级已审批金额-食饮': 2200000, '食饮-年度开单金额（万）': 2.731983, '事业群下派战区总任务金额': 600000000, '总金额转换（以万为单位）': 400, '总额的待分配任务（金额）': 4000000, '客户经理已分配金额-食饮部': 280000, '行业线已分配金额-工业健康': 10000000, '行业线已分配金额-楼宇办公': 30000000, '行业线父级已审批金额-食饮': 2200000, '截止当天累计目标阈值（万）': 254.246575342466, '片区下派客户经理总任务金额': 12200000, '客户经理已分配金额-工业健康': 1000000, '客户经理已分配金额-楼宇办公': 10920000, '楼宇办公-年度开单金额（万）': 197.106708, '片区父级已审批金额-工业健康': 7800000, '片区父级已审批金额-楼宇办公': 85000000, '客户经理父级已审批金额-食饮部': 280000, '行业线父级已审批金额-工业健康': 7800000, '行业线父级已审批金额-楼宇办公': 85000000, '年度开单金额转换（以万为单位）': 216.006691, '客户经理父级已审批金额-工业健康': 1000000, '客户经理父级已审批金额-楼宇办公': 10920000}",2026-08-21 17:04:35.666689,2026-08-21 17:04:35.666689,2026-08-21 17:04:35.666689
61,recvdJyRRB3c95,"{'2601': 1250000, '2602': 1250000, '2603': 1250000, '2604': 1250000, '公式': 2e-07, '战区': '澔原战区', '片区': '越溪片区', '状态': '待确认', '编号': '67', '事业群': '商用事业群', '创建人': '谢亦舟', '当前年': 2026, '当前月': 8, '食饮部': '0', '客户经理': '苏既白', '层级级别': '客户经理', '工业健康': '416149.44', '当前日期': 21, '楼宇办公': '3745349.44', '父级引用': [{'text': '32', 'type': 'text', 'table_id': 'tblcLapTvgTH3EDa', 'text_arr': ['32'], 'record_ids': ['recvdJ3J1W6SMw']}], '经营主体': '星澜集团总部', '1季度比例': '25%', '2季度比例': '25%', '3季度比例': '25%', '4季度比例': '25%', '任务维护人': '苏既白', '年度开单金额': 3157729.17, '总任务承接人': '苏既白', '总任务达成率': '1.087953984461', '本月开单金额': 87006.9, '食饮部（万）': 0, '链接字段(勿删)': [{'text': '商用事业群;澔原战区;越溪片区;苏既白', 'type': 'text'}], '剩余分配百分比': 0, '工业健康（万）': 50, '当前月最后一天': 31, '总任务（金额）': '2902447.36', '战区总任务金额': 600000000, '楼宇办公（万）': 450, '本月当前目标阈值': 268817.204301075, '本月总目标（万）': 41.6666666666667, '食饮部待分配任务': 0, '健康-年度开单金额': 22960, '食饮-年度开单金额': 40442, '工业健康待分配任务': 500000, '当前月份任务达成率': '0.359724973617', '本月开单金额（万）': 8.70069, '楼宇办公待分配任务': 4500000, '战区已分配金额-食饮': 115000000, '父级已审批金额-食饮': 115000000, '事业群剩余未分配金额': -585400000, '截止当天累计目标阈值': 3178082.19178082, '本月当前目标阈值 (万)': 26.8817204301075, '楼宇办公-年度开单金额': 3094327.17, '片区已分配金额-食饮部': 4700000, '行业线已分配金额-食饮': 105000000, '战区下派片区总任务金额': 16400000, '截止当前目标阈值达成率': '0.993595816422', '健康-年度开单金额（万）': 2.296, '年度阈值/开单差额（万）': '-2.035302', '战区已分配金额-工业健康': 40000000, '战区已分配金额-楼宇办公': 300000000, '月度阈值/开单差额（万）': '-18.18103', '父级已审批金额-工业健康': 40000000, '父级已审批金额-楼宇办公': 300000000, '片区已分配金额-工业健康': 8200000, '片区已分配金额-楼宇办公': 82100000, '片区父级已审批金额-食饮': 2200000, '食饮-年度开单金额（万）': 4.0442, '事业群下派战区总任务金额': 600000000, '总金额转换（以万为单位）': 500, '总额的待分配任务（金额）': 5000000, '客户经理已分配金额-食饮部': 340000, '行业线已分配金额-工业健康': 10000000, '行业线已分配金额-楼宇办公': 30000000, '行业线父级已审批金额-食饮': 2200000, '截止当天累计目标阈值（万）': 317.808219178082, '片区下派客户经理总任务金额': 14600000, '客户经理已分配金额-工业健康': 1200000, '客户经理已分配金额-楼宇办公': 13060000, '楼宇办公-年度开单金额（万）': 309.432717, '片区父级已审批金额-工业健康': 7800000, '片区父级已审批金额-楼宇办公': 85000000, '客户经理父级已审批金额-食饮部': 340000, '行业线父级已审批金额-工业健康': 7800000, '行业线父级已审批金额-楼宇办公': 85000000, '年度开单金额转换（以万为单位）': 315.772917, '客户经理父级已审批金额-工业健康': 1200000, '客户经理父级已审批金额-楼宇办公': 13060000}",2026-08-21 17:04:35.666689,2026-08-21 17:04:35.666689,2026-08-21 17:04:35.666689
62,recvdJyRRBZlZs,"{'2601': 900000, '2602': 900000, '2603': 900000, '2604': 900000, '公式': 2.77777777777778e-07, '战区': '澔原战区', '片区': '越溪片区', '状态': '待确认', '编号': '68', '事业群': '商用事业群', '创建人': '谢亦舟', '当前年': 2026, '当前月': 8, '食饮部': '0', '客户经理': '苏怀川', '层级级别': '客户经理', '工业健康': '514062.08', '当前日期': 21, '楼宇办公': '3187187.36', '父级引用': [{'text': '32', 'type': 'text', 'table_id': 'tblcLapTvgTH3EDa', 'text_arr': ['32'], 'record_ids': ['recvdJ3J1W6SMw']}], '经营主体': '星澜集团总部', '1季度比例': '25%', '2季度比例': '25%', '3季度比例': '25%', '4季度比例': '25%', '任务维护人': '苏既白', '年度开单金额': 2235539, '总任务承接人': '苏怀川', '总任务达成率': '0.995230358798', '本月开单金额': 85739, '食饮部（万）': 0, '链接字段(勿删)': [{'text': '商用事业群;澔原战区;越溪片区;苏怀川', 'type': 'text'}], '剩余分配百分比': 0, '工业健康（万）': 50, '当前月最后一天': 31, '总任务（金额）': '2246252.82', '战区总任务金额': 600000000, '楼宇办公（万）': 310, '本月当前目标阈值': 193548.387096774, '本月总目标（万）': 30, '食饮部待分配任务': 0, '健康-年度开单金额': 0, '食饮-年度开单金额': 29860, '工业健康待分配任务': 500000, '当前月份任务达成率': '0.458037488407', '本月开单金额（万）': 8.5739, '楼宇办公待分配任务': 3100000, '战区已分配金额-食饮': 115000000, '父级已审批金额-食饮': 115000000, '事业群剩余未分配金额': -585400000, '截止当天累计目标阈值': 2288219.17808219, '本月当前目标阈值 (万)': 19.3548387096774, '楼宇办公-年度开单金额': 2205679, '片区已分配金额-食饮部': 4700000, '行业线已分配金额-食饮': 105000000, '战区下派片区总任务金额': 16400000, '截止当前目标阈值达成率': '0.976977652059', '健康-年度开单金额（万）': 0, '年度阈值/开单差额（万）': '-5.268018', '战区已分配金额-工业健康': 40000000, '战区已分配金额-楼宇办公': 300000000, '月度阈值/开单差额（万）': '-10.780939', '父级已审批金额-工业健康': 40000000, '父级已审批金额-楼宇办公': 300000000, '片区已分配金额-工业健康': 8200000, '片区已分配金额-楼宇办公': 82100000, '片区父级已审批金额-食饮': 2200000, '食饮-年度开单金额（万）': 2.986, '事业群下派战区总任务金额': 600000000, '总金额转换（以万为单位）': 360, '总额的待分配任务（金额）': 3600000, '客户经理已分配金额-食饮部': 340000, '行业线已分配金额-工业健康': 10000000, '行业线已分配金额-楼宇办公': 30000000, '行业线父级已审批金额-食饮': 2200000, '截止当天累计目标阈值（万）': 228.821917808219, '片区下派客户经理总任务金额': 14600000, '客户经理已分配金额-工业健康': 1200000, '客户经理已分配金额-楼宇办公': 13060000, '楼宇办公-年度开单金额（万）': 220.5679, '片区父级已审批金额-工业健康': 7800000, '片区父级已审批金额-楼宇办公': 85000000, '客户经理父级已审批金额-食饮部': 340000, '行业线父级已审批金额-工业健康': 7800000, '行业线父级已审批金额-楼宇办公': 85000000, '年度开单金额转换（以万为单位）': 223.5539, '客户经理父级已审批金额-工业健康': 1200000, '客户经理父级已审批金额-楼宇办公': 13060000}",2026-08-21 17:04:35.666689,2026-08-21 17:04:35.666689,2026-08-21 17:04:35.666689
63,recvdJyRRBc6DV,"{'2601': 500000, '2602': 500000, '2603': 500000, '2604': 500000, '公式': 5e-07, '战区': '澔原战区', '片区': '越溪片区', '状态': '待确认', '编号': '69', '事业群': '商用事业群', '创建人': '谢亦舟', '当前年': 2026, '当前月': 8, '食饮部': '0', '客户经理': '游既白', '层级级别': '客户经理', '工业健康': '158497.92', '当前日期': 21, '楼宇办公': '3011453.76', '父级引用': [{'text': '32', 'type': 'text', 'table_id': 'tblcLapTvgTH3EDa', 'text_arr': ['32'], 'record_ids': ['recvdJ3J1W6SMw']}], '经营主体': '星澜集团总部', '1季度比例': '25%', '2季度比例': '25%', '3季度比例': '25%', '4季度比例': '25%', '任务维护人': '苏既白', '年度开单金额': 340424, '总任务承接人': '游既白', '总任务达成率': '0.220037314379', '本月开单金额': 0, '食饮部（万）': 0, '链接字段(勿删)': [{'text': '商用事业群;澔原战区;越溪片区;游既白', 'type': 'text'}], '剩余分配百分比': 0, '工业健康（万）': 10, '当前月最后一天': 31, '总任务（金额）': '1547119.41', '战区总任务金额': 600000000, '楼宇办公（万）': 190, '本月当前目标阈值': 107526.88172043, '本月总目标（万）': 16.6666666666667, '食饮部待分配任务': 0, '健康-年度开单金额': 0, '食饮-年度开单金额': 12590, '工业健康待分配任务': 100000, '当前月份任务达成率': '0', '本月开单金额（万）': 0, '楼宇办公待分配任务': 1900000, '战区已分配金额-食饮': 115000000, '父级已审批金额-食饮': 115000000, '事业群剩余未分配金额': -585400000, '截止当天累计目标阈值': 1271232.87671233, '本月当前目标阈值 (万)': 10.752688172043, '楼宇办公-年度开单金额': 327834, '片区已分配金额-食饮部': 4700000, '行业线已分配金额-食饮': 105000000, '战区下派片区总任务金额': 16400000, '截止当前目标阈值达成率': '0.267790431034', '健康-年度开单金额（万）': 0, '年度阈值/开单差额（万）': '-93.080888', '战区已分配金额-工业健康': 40000000, '战区已分配金额-楼宇办公': 300000000, '月度阈值/开单差额（万）': '-10.752688', '父级已审批金额-工业健康': 40000000, '父级已审批金额-楼宇办公': 300000000, '片区已分配金额-工业健康': 8200000, '片区已分配金额-楼宇办公': 82100000, '片区父级已审批金额-食饮': 2200000, '食饮-年度开单金额（万）': 1.259, '事业群下派战区总任务金额': 600000000, '总金额转换（以万为单位）': 200, '总额的待分配任务（金额）': 2000000, '客户经理已分配金额-食饮部': 340000, '行业线已分配金额-工业健康': 10000000, '行业线已分配金额-楼宇办公': 30000000, '行业线父级已审批金额-食饮': 2200000, '截止当天累计目标阈值（万）': 127.123287671233, '片区下派客户经理总任务金额': 14600000, '客户经理已分配金额-工业健康': 1200000, '客户经理已分配金额-楼宇办公': 13060000, '楼宇办公-年度开单金额（万）': 32.7834, '片区父级已审批金额-工业健康': 7800000, '片区父级已审批金额-楼宇办公': 85000000, '客户经理父级已审批金额-食饮部': 340000, '行业线父级已审批金额-工业健康': 7800000, '行业线父级已审批金额-楼宇办公': 85000000, '年度开单金额转换（以万为单位）': 34.0424, '客户经理父级已审批金额-工业健康': 1200000, '客户经理父级已审批金额-楼宇办公': 13060000}",2026-08-21 17:04:35.666689,2026-08-21 17:04:35.666689,2026-08-21 17:04:35.666689
64,recvdJyRRBMXY4,"{'2601': 1000000, '2602': 1000000, '2603': 1000000, '2604': 1000000, '公式': 2.5e-07, '战区': '澔原战区', '片区': '越溪片区', '状态': '待确认', '编号': '71', '事业群': '商用事业群', '创建人': '谢亦舟', '当前年': 2026, '当前月': 8, '食饮部': '490488.32', '客户经理': '苏既白', '层级级别': '客户经理', '工业健康': '144261.6', '当前日期': 21, '楼宇办公': '5135706.24', '父级引用': [{'text': '32', 'type': 'text', 'table_id': 'tblcLapTvgTH3EDa', 'text_arr': ['32'], 'record_ids': ['recvdJ3J1W6SMw']}], '经营主体': '星澜集团总部', '1季度比例': '25%', '2季度比例': '25%', '3季度比例': '25%', '4季度比例': '25%', '任务维护人': '苏既白', '年度开单金额': 3157729.17, '总任务承接人': '苏既白', '总任务达成率': '1.041555517477', '本月开单金额': 87006.9, '食饮部（万）': 34, '链接字段(勿删)': [{'text': '商用事业群;澔原战区;越溪片区;苏既白', 'type': 'text'}], '剩余分配百分比': 0, '工业健康（万）': 10, '当前月最后一天': 31, '总任务（金额）': '3031743.5', '战区总任务金额': 600000000, '楼宇办公（万）': 356, '本月当前目标阈值': 215053.76344086, '本月总目标（万）': 33.3333333333333, '食饮部待分配任务': 340000, '健康-年度开单金额': 22960, '食饮-年度开单金额': 40442, '工业健康待分配任务': 100000, '当前月份任务达成率': '0.344383619525', '本月开单金额（万）': 8.70069, '楼宇办公待分配任务': 3560000, '战区已分配金额-食饮': 115000000, '父级已审批金额-食饮': 115000000, '事业群剩余未分配金额': -585400000, '截止当天累计目标阈值': 2542465.75342466, '本月当前目标阈值 (万)': 21.505376344086, '楼宇办公-年度开单金额': 3094327.17, '片区已分配金额-食饮部': 4700000, '行业线已分配金额-食饮': 105000000, '战区下派片区总任务金额': 16400000, '截止当前目标阈值达成率': '1.241994770528', '健康-年度开单金额（万）': 2.296, '年度阈值/开单差额（万）': '61.526342', '战区已分配金额-工业健康': 40000000, '战区已分配金额-楼宇办公': 300000000, '月度阈值/开单差额（万）': '-12.804686', '父级已审批金额-工业健康': 40000000, '父级已审批金额-楼宇办公': 300000000, '片区已分配金额-工业健康': 8200000, '片区已分配金额-楼宇办公': 82100000, '片区父级已审批金额-食饮': 2200000, '食饮-年度开单金额（万）': 4.0442, '事业群下派战区总任务金额': 600000000, '总金额转换（以万为单位）': 400, '总额的待分配任务（金额）': 4000000, '客户经理已分配金额-食饮部': 340000, '行业线已分配金额-工业健康': 10000000, '行业线已分配金额-楼宇办公': 30000000, '行业线父级已审批金额-食饮': 2200000, '截止当天累计目标阈值（万）': 254.246575342466, '片区下派客户经理总任务金额': 14600000, '客户经理已分配金额-工业健康': 1200000, '客户经理已分配金额-楼宇办公': 13060000, '楼宇办公-年度开单金额（万）': 309.432717, '片区父级已审批金额-工业健康': 7800000, '片区父级已审批金额-楼宇办公': 85000000, '客户经理父级已审批金额-食饮部': 340000, '行业线父级已审批金额-工业健康': 7800000, '行业线父级已审批金额-楼宇办公': 85000000, '年度开单金额转换（以万为单位）': 315.772917, '客户经理父级已审批金额-工业健康': 1200000, '客户经理父级已审批金额-楼宇办公': 13060000}",2026-08-21 17:04:35.666689,2026-08-21 17:04:35.666689,2026-08-21 17:04:35.666689
65,recvdJyRRB8Spb,"{'2601': 2125000, '2602': 2125000, '2603': 2125000, '2604': 2125000, '公式': 1.17647058823529e-07, '战区': '澔原战区', '片区': '淮岸片区', '状态': '待确认', '编号': '72', '事业群': '商用事业群', '创建人': '谢亦舟', '当前年': 2026, '当前月': 8, '食饮部': '246609.44', '客户经理': '柏既白', '层级级别': '客户经理', '工业健康': '575422.4', '当前日期': 21, '楼宇办公': '6165239.36', '父级引用': [{'text': '36', 'type': 'text', 'table_id': 'tblcLapTvgTH3EDa', 'text_arr': ['36'], 'record_ids': ['recvdJ4tBFWDy7', 'recvdJyRRBjmf3']}], '经营主体': '星澜集团总部', '1季度比例': '25%', '2季度比例': '25%', '3季度比例': '25%', '4季度比例': '25%', '任务维护人': '柏既白', '年度开单金额': 2445239.8, '总任务承接人': '柏既白', '总任务达成率': '0.489724611516', '本月开单金额': 38783.1, '食饮部（万）': 30, '链接字段(勿删)': [{'text': '商用事业群;澔原战区;淮岸片区;柏既白', 'type': 'text'}], '剩余分配百分比': 0, '工业健康（万）': 70, '当前月最后一天': 31, '总任务（金额）': '4993091.51', '战区总任务金额': 600000000, '楼宇办公（万）': 750, '本月当前目标阈值': 456989.247311828, '本月总目标（万）': 70.8333333333333, '食饮部待分配任务': 300000, '健康-年度开单金额': 43080, '食饮-年度开单金额': 94560, '工业健康待分配任务': 700000, '当前月份任务达成率': '0.093208225619', '本月开单金额（万）': 3.87831, '楼宇办公待分配任务': 7500000, '战区已分配金额-食饮': 115000000, '父级已审批金额-食饮': 115000000, '事业群剩余未分配金额': -591500000, '截止当天累计目标阈值': 5402739.7260274, '本月当前目标阈值 (万)': 45.6989247311828, '楼宇办公-年度开单金额': 2307599.8, '片区已分配金额-食饮部': 4700000, '行业线已分配金额-食饮': 105000000, '战区下派片区总任务金额': 16400000, '截止当前目标阈值达成率': '0.452592559331', '健康-年度开单金额（万）': 4.308, '年度阈值/开单差额（万）': '-295.749993', '战区已分配金额-工业健康': 40000000, '战区已分配金额-楼宇办公': 300000000, '月度阈值/开单差额（万）': '-41.820615', '父级已审批金额-工业健康': 40000000, '父级已审批金额-楼宇办公': 300000000, '片区已分配金额-工业健康': 8200000, '片区已分配金额-楼宇办公': 82100000, '片区父级已审批金额-食饮': 2200000, '食饮-年度开单金额（万）': 9.456, '事业群下派战区总任务金额': 600000000, '总金额转换（以万为单位）': 850, '总额的待分配任务（金额）': 8500000, '客户经理已分配金额-食饮部': 300000, '行业线已分配金额-工业健康': 10000000, '行业线已分配金额-楼宇办公': 30000000, '行业线父级已审批金额-食饮': 2200000, '截止当天累计目标阈值（万）': 540.27397260274, '片区下派客户经理总任务金额': 8500000, '客户经理已分配金额-工业健康': 700000, '客户经理已分配金额-楼宇办公': 7500000, '楼宇办公-年度开单金额（万）': 230.75998, '片区父级已审批金额-工业健康': 7800000, '片区父级已审批金额-楼宇办公': 85000000, '客户经理父级已审批金额-食饮部': 300000, '行业线父级已审批金额-工业健康': 7800000, '行业线父级已审批金额-楼宇办公': 85000000, '年度开单金额转换（以万为单位）': 244.52398, '客户经理父级已审批金额-工业健康': 700000, '客户经理父级已审批金额-楼宇办公': 7500000}",2026-08-21 17:04:35.666689,2026-08-21 17:04:35.666689,2026-08-21 17:04:35.666689
66,recvdJyRRBbWHF,"{'2601': 900000, '2602': 900000, '2603': 900000, '2604': 900000, '公式': 2.77777777777778e-07, '战区': '朔岑战区', '片区': '苍云片区', '状态': '待确认', '编号': '75', '事业群': '商用事业群', '创建人': '谢亦舟', '当前年': 2026, '当前月': 8, '食饮部': '196884.8', '客户经理': '柏屿青', '层级级别': '客户经理', '工业健康': '492210.88', '当前日期': 21, '楼宇办公': '2854821.76', '父级引用': [{'text': '25', 'type': 'text', 'table_id': 'tblcLapTvgTH3EDa', 'text_arr': ['25'], 'record_ids': ['recvdJ1E5DgcyG', 'recvdJyRRBtKOF']}], '经营主体': '星澜集团总部', '1季度比例': '25%', '2季度比例': '25%', '3季度比例': '25%', '4季度比例': '25%', '任务维护人': '岑屿青', '年度开单金额': 1185034.53, '总任务承接人': '柏屿青', '总任务达成率': '0.520325474518', '本月开单金额': 32182, '食饮部（万）': 20, '链接字段(勿删)': [{'text': '商用事业群;朔岑战区;苍云片区;柏屿青', 'type': 'text'}], '剩余分配百分比': 0, '工业健康（万）': 50, '当前月最后一天': 31, '总任务（金额）': '2277487.05', '战区总任务金额': 600000000, '楼宇办公（万）': 290, '本月当前目标阈值': 193548.387096774, '本月总目标（万）': 30, '食饮部待分配任务': 200000, '健康-年度开单金额': 0, '食饮-年度开单金额': 80649, '工业健康待分配任务': 500000, '当前月份任务达成率': '0.169565837926', '本月开单金额（万）': 3.2182, '楼宇办公待分配任务': 2900000, '战区已分配金额-食饮': 115000000, '父级已审批金额-食饮': 115000000, '事业群剩余未分配金额': -591900000, '截止当天累计目标阈值': 2288219.17808219, '本月当前目标阈值 (万)': 19.3548387096774, '楼宇办公-年度开单金额': 1104385.53, '片区已分配金额-食饮部': 6500000, '行业线已分配金额-食饮': 105000000, '战区下派片区总任务金额': 16400000, '截止当前目标阈值达成率': '0.517885061602', '健康-年度开单金额（万）': 0, '年度阈值/开单差额（万）': '-110.318465', '战区已分配金额-工业健康': 40000000, '战区已分配金额-楼宇办公': 300000000, '月度阈值/开单差额（万）': '-16.136639', '父级已审批金额-工业健康': 40000000, '父级已审批金额-楼宇办公': 300000000, '片区已分配金额-工业健康': 8300000, '片区已分配金额-楼宇办公': 54600000, '片区父级已审批金额-食饮': 2600000, '食饮-年度开单金额（万）': 8.0649, '事业群下派战区总任务金额': 600000000, '总金额转换（以万为单位）': 360, '总额的待分配任务（金额）': 3600000, '客户经理已分配金额-食饮部': 500000, '行业线已分配金额-工业健康': 10000000, '行业线已分配金额-楼宇办公': 30000000, '行业线父级已审批金额-食饮': 2600000, '截止当天累计目标阈值（万）': 228.821917808219, '片区下派客户经理总任务金额': 8100000, '客户经理已分配金额-工业健康': 1000000, '客户经理已分配金额-楼宇办公': 6600000, '楼宇办公-年度开单金额（万）': 110.438553, '片区父级已审批金额-工业健康': 6800000, '片区父级已审批金额-楼宇办公': 60000000, '客户经理父级已审批金额-食饮部': 500000, '行业线父级已审批金额-工业健康': 6800000, '行业线父级已审批金额-楼宇办公': 60000000, '年度开单金额转换（以万为单位）': 118.503453, '客户经理父级已审批金额-工业健康': 1000000, '客户经理父级已审批金额-楼宇办公': 6600000}",2026-08-21 17:04:35.666689,2026-08-21 17:04:35.666689,2026-08-21 17:04:35.666689
67,recvdJyRRBucim,"{'2601': 1125000, '2602': 1125000, '2603': 1125000, '2604': 1125000, '公式': 2.22222222222222e-07, '战区': '朔岑战区', '片区': '苍云片区', '状态': '待确认', '编号': '76', '事业群': '商用事业群', '创建人': '谢亦舟', '当前年': 2026, '当前月': 8, '食饮部': '437353.28', '客户经理': '岑屿青', '层级级别': '客户经理', '工业健康': '728921.76', '当前日期': 21, '楼宇办公': '5394024.16', '父级引用': [{'text': '25', 'type': 'text', 'table_id': 'tblcLapTvgTH3EDa', 'text_arr': ['25'], 'record_ids': ['recvdJ1E5DgcyG', 'recvdJyRRBtKOF']}], '经营主体': '星澜集团总部', '1季度比例': '25%', '2季度比例': '25%', '3季度比例': '25%', '4季度比例': '25%', '任务维护人': '岑屿青', '年度开单金额': 1727709.8, '总任务承接人': '岑屿青', '总任务达成率': '0.404826886887', '本月开单金额': 56443, '食饮部（万）': 30, '链接字段(勿删)': [{'text': '商用事业群;朔岑战区;苍云片区;岑屿青', 'type': 'text'}], '剩余分配百分比': 0, '工业健康（万）': 50, '当前月最后一天': 31, '总任务（金额）': '4267774.34', '战区总任务金额': 600000000, '楼宇办公（万）': 370, '本月当前目标阈值': 241935.483870968, '本月总目标（万）': 37.5, '食饮部待分配任务': 300000, '健康-年度开单金额': 0, '食饮-年度开单金额': 263656.76, '工业健康待分配任务': 500000, '当前月份任务达成率': '0.158704736015', '本月开单金额（万）': 5.6443, '楼宇办公待分配任务': 3700000, '战区已分配金额-食饮': 115000000, '父级已审批金额-食饮': 115000000, '事业群剩余未分配金额': -591900000, '截止当天累计目标阈值': 2860273.97260274, '本月当前目标阈值 (万)': 24.1935483870968, '楼宇办公-年度开单金额': 1464053.04, '片区已分配金额-食饮部': 6500000, '行业线已分配金额-食饮': 105000000, '战区下派片区总任务金额': 16400000, '截止当前目标阈值达成率': '0.604036472222', '健康-年度开单金额（万）': 0, '年度阈值/开单差额（万）': '-113.256417', '战区已分配金额-工业健康': 40000000, '战区已分配金额-楼宇办公': 300000000, '月度阈值/开单差额（万）': '-18.549248', '父级已审批金额-工业健康': 40000000, '父级已审批金额-楼宇办公': 300000000, '片区已分配金额-工业健康': 8300000, '片区已分配金额-楼宇办公': 54600000, '片区父级已审批金额-食饮': 2600000, '食饮-年度开单金额（万）': 26.365676, '事业群下派战区总任务金额': 600000000, '总金额转换（以万为单位）': 450, '总额的待分配任务（金额）': 4500000, '客户经理已分配金额-食饮部': 500000, '行业线已分配金额-工业健康': 10000000, '行业线已分配金额-楼宇办公': 30000000, '行业线父级已审批金额-食饮': 2600000, '截止当天累计目标阈值（万）': 286.027397260274, '片区下派客户经理总任务金额': 8100000, '客户经理已分配金额-工业健康': 1000000, '客户经理已分配金额-楼宇办公': 6600000, '楼宇办公-年度开单金额（万）': 146.405304, '片区父级已审批金额-工业健康': 6800000, '片区父级已审批金额-楼宇办公': 60000000, '客户经理父级已审批金额-食饮部': 500000, '行业线父级已审批金额-工业健康': 6800000, '行业线父级已审批金额-楼宇办公': 60000000, '年度开单金额转换（以万为单位）': 172.77098, '客户经理父级已审批金额-工业健康': 1000000, '客户经理父级已审批金额-楼宇办公': 6600000}",2026-08-21 17:04:35.666689,2026-08-21 17:04:35.666689,2026-08-21 17:04:35.666689
68,recvdJyRRBMetf,"{'2601': 1275000, '2602': 1275000, '2603': 1275000, '2604': 1275000, '公式': 1.96078431372549e-07, '战区': '朔岑战区', '片区': '雾川片区', '状态': '待确认', '编号': '77', '事业群': '商用事业群', '创建人': '谢亦舟', '当前年': 2026, '当前月': 8, '食饮部': '921249.28', '客户经理': '沈南珩', '层级级别': '客户经理', '工业健康': '1266717.76', '当前日期': 21, '楼宇办公': '3684996', '父级引用': [{'text': '23', 'type': 'text', 'table_id': 'tblcLapTvgTH3EDa', 'text_arr': ['23'], 'record_ids': ['recvdJ1n4pBVWO', 'recvdJyRRB2QUy']}], '经营主体': '星澜集团总部', '1季度比例': '25%', '2季度比例': '25%', '3季度比例': '25%', '4季度比例': '25%', '任务维护人': '沈南珩', '年度开单金额': 187477, '总任务承接人': '沈南珩', '总任务达成率': '0.044056260209', '本月开单金额': -3718, '食饮部（万）': 80, '链接字段(勿删)': [{'text': '商用事业群;朔岑战区;雾川片区;沈南珩', 'type': 'text'}], '剩余分配百分比': 0, '工业健康（万）': 110, '当前月最后一天': 31, '总任务（金额）': '4255399.78', '战区总任务金额': 600000000, '楼宇办公（万）': 320, '本月当前目标阈值': 274193.548387097, '本月总目标（万）': 42.5, '食饮部待分配任务': 800000, '健康-年度开单金额': 0, '食饮-年度开单金额': 16030, '工业健康待分配任务': 1100000, '当前月份任务达成率': '-0.010484561335', '本月开单金额（万）': -0.3718, '楼宇办公待分配任务': 3200000, '战区已分配金额-食饮': 115000000, '父级已审批金额-食饮': 115000000, '事业群剩余未分配金额': -586400000, '截止当天累计目标阈值': 3241643.83561644, '本月当前目标阈值 (万)': 27.4193548387097, '楼宇办公-年度开单金额': 171447, '片区已分配金额-食饮部': 6500000, '行业线已分配金额-食饮': 105000000, '战区下派片区总任务金额': 16400000, '截止当前目标阈值达成率': '0.057833929175', '健康-年度开单金额（万）': 0, '年度阈值/开单差额（万）': '-305.416684', '战区已分配金额-工业健康': 40000000, '战区已分配金额-楼宇办公': 300000000, '月度阈值/开单差额（万）': '-27.791155', '父级已审批金额-工业健康': 40000000, '父级已审批金额-楼宇办公': 300000000, '片区已分配金额-工业健康': 8300000, '片区已分配金额-楼宇办公': 54600000, '片区父级已审批金额-食饮': 2600000, '食饮-年度开单金额（万）': 1.603, '事业群下派战区总任务金额': 600000000, '总金额转换（以万为单位）': 510, '总额的待分配任务（金额）': 5100000, '客户经理已分配金额-食饮部': 1200000, '行业线已分配金额-工业健康': 10000000, '行业线已分配金额-楼宇办公': 30000000, '行业线父级已审批金额-食饮': 2600000, '截止当天累计目标阈值（万）': 324.164383561644, '片区下派客户经理总任务金额': 13600000, '客户经理已分配金额-工业健康': 1500000, '客户经理已分配金额-楼宇办公': 10900000, '楼宇办公-年度开单金额（万）': 17.1447, '片区父级已审批金额-工业健康': 6800000, '片区父级已审批金额-楼宇办公': 60000000, '客户经理父级已审批金额-食饮部': 1200000, '行业线父级已审批金额-工业健康': 6800000, '行业线父级已审批金额-楼宇办公': 60000000, '年度开单金额转换（以万为单位）': 18.7477, '客户经理父级已审批金额-工业健康': 1500000, '客户经理父级已审批金额-楼宇办公': 10900000}",2026-08-21 17:04:35.666689,2026-08-21 17:04:35.666689,2026-08-21 17:04:35.666689
69,recvdJyRRBB699,"{'2601': 1125000, '2602': 1125000, '2603': 1125000, '2604': 1125000, '公式': 2.22222222222222e-07, '战区': '朔岑战区', '片区': '雾川片区', '状态': '待确认', '编号': '78', '事业群': '商用事业群', '创建人': '谢亦舟', '当前年': 2026, '当前月': 8, '食饮部': '238941.92', '客户经理': '黎怀川', '层级级别': '客户经理', '工业健康': '238941.92', '当前日期': 21, '楼宇办公': '4898306.56', '父级引用': [{'text': '23', 'type': 'text', 'table_id': 'tblcLapTvgTH3EDa', 'text_arr': ['23'], 'record_ids': ['recvdJ1n4pBVWO', 'recvdJyRRB2QUy']}], '经营主体': '星澜集团总部', '1季度比例': '25%', '2季度比例': '25%', '3季度比例': '25%', '4季度比例': '25%', '任务维护人': '沈南珩', '年度开单金额': 2517803.6, '总任务承接人': '黎怀川', '总任务达成率': '0.814945975176', '本月开单金额': 49572, '食饮部（万）': 20, '链接字段(勿删)': [{'text': '商用事业群;朔岑战区;雾川片区;黎怀川', 'type': 'text'}], '剩余分配百分比': 0, '工业健康（万）': 20, '当前月最后一天': 31, '总任务（金额）': '3089534.37', '战区总任务金额': 600000000, '楼宇办公（万）': 410, '本月当前目标阈值': 241935.483870968, '本月总目标（万）': 37.5, '食饮部待分配任务': 200000, '健康-年度开单金额': 162060, '食饮-年度开单金额': 294178, '工业健康待分配任务': 200000, '当前月份任务达成率': '0.192541635327', '本月开单金额（万）': 4.9572, '楼宇办公待分配任务': 4100000, '战区已分配金额-食饮': 115000000, '父级已审批金额-食饮': 115000000, '事业群剩余未分配金额': -586400000, '截止当天累计目标阈值': 2860273.97260274, '本月当前目标阈值 (万)': 24.1935483870968, '楼宇办公-年度开单金额': 2061565.6, '片区已分配金额-食饮部': 6500000, '行业线已分配金额-食饮': 105000000, '战区下派片区总任务金额': 16400000, '截止当前目标阈值达成率': '0.880266584291', '健康-年度开单金额（万）': 16.206, '年度阈值/开单差额（万）': '-34.247037', '战区已分配金额-工业健康': 40000000, '战区已分配金额-楼宇办公': 300000000, '月度阈值/开单差额（万）': '-19.236348', '父级已审批金额-工业健康': 40000000, '父级已审批金额-楼宇办公': 300000000, '片区已分配金额-工业健康': 8300000, '片区已分配金额-楼宇办公': 54600000, '片区父级已审批金额-食饮': 2600000, '食饮-年度开单金额（万）': 29.4178, '事业群下派战区总任务金额': 600000000, '总金额转换（以万为单位）': 450, '总额的待分配任务（金额）': 4500000, '客户经理已分配金额-食饮部': 1200000, '行业线已分配金额-工业健康': 10000000, '行业线已分配金额-楼宇办公': 30000000, '行业线父级已审批金额-食饮': 2600000, '截止当天累计目标阈值（万）': 286.027397260274, '片区下派客户经理总任务金额': 13600000, '客户经理已分配金额-工业健康': 1500000, '客户经理已分配金额-楼宇办公': 10900000, '楼宇办公-年度开单金额（万）': 206.15656, '片区父级已审批金额-工业健康': 6800000, '片区父级已审批金额-楼宇办公': 60000000, '客户经理父级已审批金额-食饮部': 1200000, '行业线父级已审批金额-工业健康': 6800000, '行业线父级已审批金额-楼宇办公': 60000000, '年度开单金额转换（以万为单位）': 251.78036, '客户经理父级已审批金额-工业健康': 1500000, '客户经理父级已审批金额-楼宇办公': 10900000}",2026-08-21 17:04:35.666689,2026-08-21 17:04:35.666689,2026-08-21 17:04:35.666689
70,recvdJyRRByL66,"{'2601': 1000000, '2602': 1000000, '2603': 1000000, '2604': 1000000, '公式': 2.5e-07, '战区': '朔岑战区', '片区': '雾川片区', '状态': '待确认', '编号': '79', '事业群': '商用事业群', '创建人': '谢亦舟', '当前年': 2026, '当前月': 8, '食饮部': '124920.32', '客户经理': '施屿青', '层级级别': '客户经理', '工业健康': '124920.32', '当前日期': 21, '楼宇办公': '2248562.4', '父级引用': [{'text': '23', 'type': 'text', 'table_id': 'tblcLapTvgTH3EDa', 'text_arr': ['23'], 'record_ids': ['recvdJ1n4pBVWO', 'recvdJyRRB2QUy']}], '经营主体': '星澜集团总部', '1季度比例': '25%', '2季度比例': '25%', '3季度比例': '25%', '4季度比例': '25%', '任务维护人': '沈南珩', '年度开单金额': 1056512.28, '总任务承接人': '施屿青', '总任务达成率': '0.276207463427', '本月开单金额': 248089.7, '食饮部（万）': 20, '链接字段(勿删)': [{'text': '商用事业群;朔岑战区;雾川片区;施屿青', 'type': 'text'}], '剩余分配百分比': 0, '工业健康（万）': 20, '当前月最后一天': 31, '总任务（金额）': '3825067.82', '战区总任务金额': 600000000, '楼宇办公（万）': 360, '本月当前目标阈值': 215053.76344086, '本月总目标（万）': 33.3333333333333, '食饮部待分配任务': 200000, '健康-年度开单金额': 0, '食饮-年度开单金额': 13360, '工业健康待分配任务': 200000, '当前月份任务达成率': '0.778306827511', '本月开单金额（万）': 24.80897, '楼宇办公待分配任务': 3600000, '战区已分配金额-食饮': 115000000, '父级已审批金额-食饮': 115000000, '事业群剩余未分配金额': -586400000, '截止当天累计目标阈值': 2542465.75342466, '本月当前目标阈值 (万)': 21.505376344086, '楼宇办公-年度开单金额': 1043152.28, '片区已分配金额-食饮部': 6500000, '行业线已分配金额-食饮': 105000000, '战区下派片区总任务金额': 16400000, '截止当前目标阈值达成率': '0.415546317026', '健康-年度开单金额（万）': 0, '年度阈值/开单差额（万）': '-148.595347', '战区已分配金额-工业健康': 40000000, '战区已分配金额-楼宇办公': 300000000, '月度阈值/开单差额（万）': '3.303594', '父级已审批金额-工业健康': 40000000, '父级已审批金额-楼宇办公': 300000000, '片区已分配金额-工业健康': 8300000, '片区已分配金额-楼宇办公': 54600000, '片区父级已审批金额-食饮': 2600000, '食饮-年度开单金额（万）': 1.336, '事业群下派战区总任务金额': 600000000, '总金额转换（以万为单位）': 400, '总额的待分配任务（金额）': 4000000, '客户经理已分配金额-食饮部': 1200000, '行业线已分配金额-工业健康': 10000000, '行业线已分配金额-楼宇办公': 30000000, '行业线父级已审批金额-食饮': 2600000, '截止当天累计目标阈值（万）': 254.246575342466, '片区下派客户经理总任务金额': 13600000, '客户经理已分配金额-工业健康': 1500000, '客户经理已分配金额-楼宇办公': 10900000, '楼宇办公-年度开单金额（万）': 104.315228, '片区父级已审批金额-工业健康': 6800000, '片区父级已审批金额-楼宇办公': 60000000, '客户经理父级已审批金额-食饮部': 1200000, '行业线父级已审批金额-工业健康': 6800000, '行业线父级已审批金额-楼宇办公': 60000000, '年度开单金额转换（以万为单位）': 105.651228, '客户经理父级已审批金额-工业健康': 1500000, '客户经理父级已审批金额-楼宇办公': 10900000}",2026-08-21 17:04:35.666689,2026-08-21 17:04:35.666689,2026-08-21 17:04:35.666689
71,recvdJyRRBsOch,"{'2601': 1250000, '2602': 1250000, '2603': 1250000, '2604': 1250000, '公式': 2e-07, '战区': '朔岑战区', '片区': '锦川片区', '状态': '待确认', '编号': '81', '事业群': '商用事业群', '创建人': '谢亦舟', '当前年': 2026, '当前月': 8, '食饮部': '170203.04', '客户经理': '许南珩', '层级级别': '客户经理', '工业健康': '680811.04', '当前日期': 21, '楼宇办公': '3404055.2', '父级引用': [{'text': '19', 'type': 'text', 'table_id': 'tblcLapTvgTH3EDa', 'text_arr': ['19'], 'record_ids': ['recvdIZBQSMnHV']}], '经营主体': '星澜集团总部', '1季度比例': '25%', '2季度比例': '25%', '3季度比例': '25%', '4季度比例': '25%', '任务维护人': '严怀川', '年度开单金额': 2093636.21, '总任务承接人': '许南珩', '总任务达成率': '0.475333997751', '本月开单金额': 261524, '食饮部（万）': 20, '链接字段(勿删)': [{'text': '商用事业群;朔岑战区;锦川片区;许南珩', 'type': 'text'}], '剩余分配百分比': 0, '工业健康（万）': 80, '当前月最后一天': 31, '总任务（金额）': '4404558.1', '战区总任务金额': 600000000, '楼宇办公（万）': 400, '本月当前目标阈值': 268817.204301075, '本月总目标（万）': 41.6666666666667, '食饮部待分配任务': 200000, '健康-年度开单金额': 30763.79, '食饮-年度开单金额': 61982, '工业健康待分配任务': 800000, '当前月份任务达成率': '0.712509161816', '本月开单金额（万）': 26.1524, '楼宇办公待分配任务': 4000000, '战区已分配金额-食饮': 115000000, '父级已审批金额-食饮': 115000000, '事业群剩余未分配金额': -582500000, '截止当天累计目标阈值': 3178082.19178082, '本月当前目标阈值 (万)': 26.8817204301075, '楼宇办公-年度开单金额': 2000890.42, '片区已分配金额-食饮部': 6500000, '行业线已分配金额-食饮': 105000000, '战区下派片区总任务金额': 16400000, '截止当前目标阈值达成率': '0.658773462629', '健康-年度开单金额（万）': 3.076379, '年度阈值/开单差额（万）': '-108.444598', '战区已分配金额-工业健康': 40000000, '战区已分配金额-楼宇办公': 300000000, '月度阈值/开单差额（万）': '-0.72932', '父级已审批金额-工业健康': 40000000, '父级已审批金额-楼宇办公': 300000000, '片区已分配金额-工业健康': 8300000, '片区已分配金额-楼宇办公': 54600000, '片区父级已审批金额-食饮': 2600000, '食饮-年度开单金额（万）': 6.1982, '事业群下派战区总任务金额': 600000000, '总金额转换（以万为单位）': 500, '总额的待分配任务（金额）': 5000000, '客户经理已分配金额-食饮部': 2600000, '行业线已分配金额-工业健康': 10000000, '行业线已分配金额-楼宇办公': 30000000, '行业线父级已审批金额-食饮': 2600000, '截止当天累计目标阈值（万）': 317.808219178082, '片区下派客户经理总任务金额': 17500000, '客户经理已分配金额-工业健康': 2000000, '客户经理已分配金额-楼宇办公': 12900000, '楼宇办公-年度开单金额（万）': 200.089042, '片区父级已审批金额-工业健康': 6800000, '片区父级已审批金额-楼宇办公': 60000000, '客户经理父级已审批金额-食饮部': 2600000, '行业线父级已审批金额-工业健康': 6800000, '行业线父级已审批金额-楼宇办公': 60000000, '年度开单金额转换（以万为单位）': 209.363621, '客户经理父级已审批金额-工业健康': 2000000, '客户经理父级已审批金额-楼宇办公': 12900000}",2026-08-21 17:04:35.666689,2026-08-21 17:04:35.666689,2026-08-21 17:04:35.666689
72,recvdJyRRBYux6,"{'2601': 1125000, '2602': 1125000, '2603': 1125000, '2604': 1125000, '公式': 2.22222222222222e-07, '战区': '朔岑战区', '片区': '锦川片区', '状态': '待确认', '编号': '82', '事业群': '商用事业群', '创建人': '谢亦舟', '当前年': 2026, '当前月': 8, '食饮部': '249310.88', '客户经理': '池朔风', '层级级别': '客户经理', '工业健康': '872586.4', '当前日期': 21, '楼宇办公': '4487588', '父级引用': [{'text': '19', 'type': 'text', 'table_id': 'tblcLapTvgTH3EDa', 'text_arr': ['19'], 'record_ids': ['recvdIZBQSMnHV']}], '经营主体': '星澜集团总部', '1季度比例': '25%', '2季度比例': '25%', '3季度比例': '25%', '4季度比例': '25%', '任务维护人': '严怀川', '年度开单金额': 1841502.35, '总任务承接人': '池朔风', '总任务达成率': '0.737201724019', '本月开单金额': 488764, '食饮部（万）': 20, '链接字段(勿删)': [{'text': '商用事业群;朔岑战区;锦川片区;池朔风', 'type': 'text'}], '剩余分配百分比': 0, '工业健康（万）': 70, '当前月最后一天': 31, '总任务（金额）': '2497962.62', '战区总任务金额': 600000000, '楼宇办公（万）': 360, '本月当前目标阈值': 241935.483870968, '本月总目标（万）': 37.5, '食饮部待分配任务': 200000, '健康-年度开单金额': 117113.55, '食饮-年度开单金额': 87233.5, '工业健康待分配任务': 700000, '当前月份任务达成率': '2.347980691561', '本月开单金额（万）': 48.8764, '楼宇办公待分配任务': 3600000, '战区已分配金额-食饮': 115000000, '父级已审批金额-食饮': 115000000, '事业群剩余未分配金额': -582500000, '截止当天累计目标阈值': 2860273.97260274, '本月当前目标阈值 (万)': 24.1935483870968, '楼宇办公-年度开单金额': 1637155.3, '片区已分配金额-食饮部': 6500000, '行业线已分配金额-食饮': 105000000, '战区下派片区总任务金额': 16400000, '截止当前目标阈值达成率': '0.643820266044', '健康-年度开单金额（万）': 11.711355, '年度阈值/开单差额（万）': '-101.877162', '战区已分配金额-工业健康': 40000000, '战区已分配金额-楼宇办公': 300000000, '月度阈值/开单差额（万）': '24.682852', '父级已审批金额-工业健康': 40000000, '父级已审批金额-楼宇办公': 300000000, '片区已分配金额-工业健康': 8300000, '片区已分配金额-楼宇办公': 54600000, '片区父级已审批金额-食饮': 2600000, '食饮-年度开单金额（万）': 8.72335, '事业群下派战区总任务金额': 600000000, '总金额转换（以万为单位）': 450, '总额的待分配任务（金额）': 4500000, '客户经理已分配金额-食饮部': 2600000, '行业线已分配金额-工业健康': 10000000, '行业线已分配金额-楼宇办公': 30000000, '行业线父级已审批金额-食饮': 2600000, '截止当天累计目标阈值（万）': 286.027397260274, '片区下派客户经理总任务金额': 17500000, '客户经理已分配金额-工业健康': 2000000, '客户经理已分配金额-楼宇办公': 12900000, '楼宇办公-年度开单金额（万）': 163.71553, '片区父级已审批金额-工业健康': 6800000, '片区父级已审批金额-楼宇办公': 60000000, '客户经理父级已审批金额-食饮部': 2600000, '行业线父级已审批金额-工业健康': 6800000, '行业线父级已审批金额-楼宇办公': 60000000, '年度开单金额转换（以万为单位）': 184.150235, '客户经理父级已审批金额-工业健康': 2000000, '客户经理父级已审批金额-楼宇办公': 12900000}",2026-08-21 17:04:35.666689,2026-08-21 17:04:35.666689,2026-08-21 17:04:35.666689
73,recvdJyRRBGBWX,"{'2601': 750000, '2602': 750000, '2603': 750000, '2604': 750000, '公式': 3.33333333333333e-07, '战区': '朔岑战区', '片区': '锦川片区', '状态': '待确认', '编号': '83', '事业群': '商用事业群', '创建人': '谢亦舟', '当前年': 2026, '当前月': 8, '食饮部': '89807.2', '客户经理': '韩南珩', '层级级别': '客户经理', '工业健康': '269421.6', '当前日期': 21, '楼宇办公': '2334982.72', '父级引用': [{'text': '19', 'type': 'text', 'table_id': 'tblcLapTvgTH3EDa', 'text_arr': ['19'], 'record_ids': ['recvdIZBQSMnHV']}], '经营主体': '星澜集团总部', '1季度比例': '25%', '2季度比例': '25%', '3季度比例': '25%', '4季度比例': '25%', '任务维护人': '严怀川', '年度开单金额': 907088.7, '总任务承接人': '韩南珩', '总任务达成率': '0.316241008033', '本月开单金额': 10305, '食饮部（万）': 10, '链接字段(勿删)': [{'text': '商用事业群;朔岑战区;锦川片区;韩南珩', 'type': 'text'}], '剩余分配百分比': 0, '工业健康（万）': 30, '当前月最后一天': 31, '总任务（金额）': '2868346.22', '战区总任务金额': 600000000, '楼宇办公（万）': 260, '本月当前目标阈值': 161290.322580645, '本月总目标（万）': 25, '食饮部待分配任务': 100000, '健康-年度开单金额': 0, '食饮-年度开单金额': 5116, '工业健康待分配任务': 300000, '当前月份任务达成率': '0.043111950412', '本月开单金额（万）': 1.0305, '楼宇办公待分配任务': 2600000, '战区已分配金额-食饮': 115000000, '父级已审批金额-食饮': 115000000, '事业群剩余未分配金额': -582500000, '截止当天累计目标阈值': 1906849.31506849, '本月当前目标阈值 (万)': 16.1290322580645, '楼宇办公-年度开单金额': 901972.7, '片区已分配金额-食饮部': 6500000, '行业线已分配金额-食饮': 105000000, '战区下派片区总任务金额': 16400000, '截止当前目标阈值达成率': '0.475700252155', '健康-年度开单金额（万）': 0, '年度阈值/开单差额（万）': '-99.976062', '战区已分配金额-工业健康': 40000000, '战区已分配金额-楼宇办公': 300000000, '月度阈值/开单差额（万）': '-15.098532', '父级已审批金额-工业健康': 40000000, '父级已审批金额-楼宇办公': 300000000, '片区已分配金额-工业健康': 8300000, '片区已分配金额-楼宇办公': 54600000, '片区父级已审批金额-食饮': 2600000, '食饮-年度开单金额（万）': 0.5116, '事业群下派战区总任务金额': 600000000, '总金额转换（以万为单位）': 300, '总额的待分配任务（金额）': 3000000, '客户经理已分配金额-食饮部': 2600000, '行业线已分配金额-工业健康': 10000000, '行业线已分配金额-楼宇办公': 30000000, '行业线父级已审批金额-食饮': 2600000, '截止当天累计目标阈值（万）': 190.684931506849, '片区下派客户经理总任务金额': 17500000, '客户经理已分配金额-工业健康': 2000000, '客户经理已分配金额-楼宇办公': 12900000, '楼宇办公-年度开单金额（万）': 90.19727, '片区父级已审批金额-工业健康': 6800000, '片区父级已审批金额-楼宇办公': 60000000, '客户经理父级已审批金额-食饮部': 2600000, '行业线父级已审批金额-工业健康': 6800000, '行业线父级已审批金额-楼宇办公': 60000000, '年度开单金额转换（以万为单位）': 90.70887, '客户经理父级已审批金额-工业健康': 2000000, '客户经理父级已审批金额-楼宇办公': 12900000}",2026-08-21 17:04:35.666689,2026-08-21 17:04:35.666689,2026-08-21 17:04:35.666689
74,recvdJyRRB8xym,"{'2601': 650000, '2602': 650000, '2603': 650000, '2604': 650000, '公式': 3.84615384615385e-07, '战区': '朔岑战区', '片区': '锦川片区', '状态': '待确认', '编号': '84', '事业群': '商用事业群', '创建人': '谢亦舟', '当前年': 2026, '当前月': 8, '食饮部': '1482068', '客户经理': '邵朔风', '层级级别': '客户经理', '工业健康': '0', '当前日期': 21, '楼宇办公': '444620.96', '父级引用': [{'text': '19', 'type': 'text', 'table_id': 'tblcLapTvgTH3EDa', 'text_arr': ['19'], 'record_ids': ['recvdIZBQSMnHV']}], '经营主体': '星澜集团总部', '1季度比例': '25%', '2季度比例': '25%', '3季度比例': '25%', '4季度比例': '25%', '任务维护人': '严怀川', '年度开单金额': 24580, '总任务承接人': '邵朔风', '总任务达成率': '0.016197036514', '本月开单金额': 0, '食饮部（万）': 200, '链接字段(勿删)': [{'text': '商用事业群;朔岑战区;锦川片区;邵朔风', 'type': 'text'}], '剩余分配百分比': 0, '工业健康（万）': 0, '当前月最后一天': 31, '总任务（金额）': '1517561.56', '战区总任务金额': 600000000, '楼宇办公（万）': 60, '本月当前目标阈值': 139784.946236559, '本月总目标（万）': 21.6666666666667, '食饮部待分配任务': 2000000, '健康-年度开单金额': 0, '食饮-年度开单金额': 24004, '工业健康待分配任务': 0, '当前月份任务达成率': '0', '本月开单金额（万）': 0, '楼宇办公待分配任务': 600000, '战区已分配金额-食饮': 115000000, '父级已审批金额-食饮': 115000000, '事业群剩余未分配金额': -582500000, '截止当天累计目标阈值': 1652602.73972603, '本月当前目标阈值 (万)': 13.9784946236559, '楼宇办公-年度开单金额': 576, '片区已分配金额-食饮部': 6500000, '行业线已分配金额-食饮': 105000000, '战区下派片区总任务金额': 16400000, '截止当前目标阈值达成率': '0.014873507958', '健康-年度开单金额（万）': 0, '年度阈值/开单差额（万）': '-162.802274', '战区已分配金额-工业健康': 40000000, '战区已分配金额-楼宇办公': 300000000, '月度阈值/开单差额（万）': '-13.978495', '父级已审批金额-工业健康': 40000000, '父级已审批金额-楼宇办公': 300000000, '片区已分配金额-工业健康': 8300000, '片区已分配金额-楼宇办公': 54600000, '片区父级已审批金额-食饮': 2600000, '食饮-年度开单金额（万）': 2.4004, '事业群下派战区总任务金额': 600000000, '总金额转换（以万为单位）': 260, '总额的待分配任务（金额）': 2600000, '客户经理已分配金额-食饮部': 2600000, '行业线已分配金额-工业健康': 10000000, '行业线已分配金额-楼宇办公': 30000000, '行业线父级已审批金额-食饮': 2600000, '截止当天累计目标阈值（万）': 165.260273972603, '片区下派客户经理总任务金额': 17500000, '客户经理已分配金额-工业健康': 2000000, '客户经理已分配金额-楼宇办公': 12900000, '楼宇办公-年度开单金额（万）': 0.0576, '片区父级已审批金额-工业健康': 6800000, '片区父级已审批金额-楼宇办公': 60000000, '客户经理父级已审批金额-食饮部': 2600000, '行业线父级已审批金额-工业健康': 6800000, '行业线父级已审批金额-楼宇办公': 60000000, '年度开单金额转换（以万为单位）': 2.458, '客户经理父级已审批金额-工业健康': 2000000, '客户经理父级已审批金额-楼宇办公': 12900000}",2026-08-21 17:04:35.666689,2026-08-21 17:04:35.666689,2026-08-21 17:04:35.666689
75,recvdJyRRBZXjj,"{'2601': 600000, '2602': 600000, '2603': 600000, '2604': 600000, '公式': 4.16666666666667e-07, '战区': '朔岑战区', '片区': '锦川片区', '状态': '待确认', '编号': '85', '事业群': '商用事业群', '创建人': '谢亦舟', '当前年': 2026, '当前月': 8, '食饮部': '71647.52', '客户经理': '严怀川', '层级级别': '客户经理', '工业健康': '143293.92', '当前日期': 21, '楼宇办公': '1504586.72', '父级引用': [{'text': '19', 'type': 'text', 'table_id': 'tblcLapTvgTH3EDa', 'text_arr': ['19'], 'record_ids': ['recvdIZBQSMnHV']}], '经营主体': '星澜集团总部', '1季度比例': '25%', '2季度比例': '25%', '3季度比例': '25%', '4季度比例': '25%', '任务维护人': '严怀川', '年度开单金额': 2001228, '总任务承接人': '严怀川', '总任务达成率': '1.021965892514', '本月开单金额': 0, '食饮部（万）': 10, '链接字段(勿删)': [{'text': '商用事业群;朔岑战区;锦川片区;严怀川', 'type': 'text'}], '剩余分配百分比': 0, '工业健康（万）': 20, '当前月最后一天': 31, '总任务（金额）': '1958214.08', '战区总任务金额': 600000000, '楼宇办公（万）': 210, '本月当前目标阈值': 129032.258064516, '本月总目标（万）': 20, '食饮部待分配任务': 100000, '健康-年度开单金额': 0, '食饮-年度开单金额': 0, '工业健康待分配任务': 200000, '当前月份任务达成率': '0', '本月开单金额（万）': 0, '楼宇办公待分配任务': 2100000, '战区已分配金额-食饮': 115000000, '父级已审批金额-食饮': 115000000, '事业群剩余未分配金额': -582500000, '截止当天累计目标阈值': 1525479.45205479, '本月当前目标阈值 (万)': 12.9032258064516, '楼宇办公-年度开单金额': 2001228, '片区已分配金额-食饮部': 6500000, '行业线已分配金额-食饮': 105000000, '战区下派片区总任务金额': 16400000, '截止当前目标阈值达成率': '1.311868211207', '健康-年度开单金额（万）': 0, '年度阈值/开单差额（万）': '47.574855', '战区已分配金额-工业健康': 40000000, '战区已分配金额-楼宇办公': 300000000, '月度阈值/开单差额（万）': '-12.903226', '父级已审批金额-工业健康': 40000000, '父级已审批金额-楼宇办公': 300000000, '片区已分配金额-工业健康': 8300000, '片区已分配金额-楼宇办公': 54600000, '片区父级已审批金额-食饮': 2600000, '食饮-年度开单金额（万）': 0, '事业群下派战区总任务金额': 600000000, '总金额转换（以万为单位）': 240, '总额的待分配任务（金额）': 2400000, '客户经理已分配金额-食饮部': 2600000, '行业线已分配金额-工业健康': 10000000, '行业线已分配金额-楼宇办公': 30000000, '行业线父级已审批金额-食饮': 2600000, '截止当天累计目标阈值（万）': 152.547945205479, '片区下派客户经理总任务金额': 17500000, '客户经理已分配金额-工业健康': 2000000, '客户经理已分配金额-楼宇办公': 12900000, '楼宇办公-年度开单金额（万）': 200.1228, '片区父级已审批金额-工业健康': 6800000, '片区父级已审批金额-楼宇办公': 60000000, '客户经理父级已审批金额-食饮部': 2600000, '行业线父级已审批金额-工业健康': 6800000, '行业线父级已审批金额-楼宇办公': 60000000, '年度开单金额转换（以万为单位）': 200.1228, '客户经理父级已审批金额-工业健康': 2000000, '客户经理父级已审批金额-楼宇办公': 12900000}",2026-08-21 17:04:35.666689,2026-08-21 17:04:35.666689,2026-08-21 17:04:35.666689
76,recvdJyRRBHSuY,"{'2601': 600000, '2602': 600000, '2603': 600000, '2604': 600000, '公式': 4.16666666666667e-07, '战区': '朔岑战区', '片区': '泠州片区', '状态': '待确认', '编号': '86', '事业群': '商用事业群', '创建人': '谢亦舟', '当前年': 2026, '当前月': 8, '食饮部': '293257.44', '客户经理': '邵亦舟', '层级级别': '客户经理', '工业健康': '293257.44', '当前日期': 21, '楼宇办公': '2932571.04', '父级引用': [{'text': '27', 'type': 'text', 'table_id': 'tblcLapTvgTH3EDa', 'text_arr': ['27'], 'record_ids': ['recvdJ24i0zlsZ']}], '经营主体': '星澜集团总部', '1季度比例': '25%', '2季度比例': '25%', '3季度比例': '25%', '4季度比例': '25%', '任务维护人': '邵亦舟', '年度开单金额': 855290.6, '总任务承接人': '邵亦舟', '总任务达成率': '0.40121535297', '本月开单金额': 32016, '食饮部（万）': 20, '链接字段(勿删)': [{'text': '商用事业群;朔岑战区;泠州片区;邵亦舟', 'type': 'text'}], '剩余分配百分比': 0, '工业健康（万）': 20, '当前月最后一天': 31, '总任务（金额）': '2131749.43', '战区总任务金额': 600000000, '楼宇办公（万）': 200, '本月当前目标阈值': 129032.258064516, '本月总目标（万）': 20, '食饮部待分配任务': 200000, '健康-年度开单金额': 0, '食饮-年度开单金额': 76519.5, '工业健康待分配任务': 200000, '当前月份任务达成率': '0.180223808011', '本月开单金额（万）': 3.2016, '楼宇办公待分配任务': 2000000, '战区已分配金额-食饮': 115000000, '父级已审批金额-食饮': 115000000, '事业群剩余未分配金额': -591900000, '截止当天累计目标阈值': 1525479.45205479, '本月当前目标阈值 (万)': 12.9032258064516, '楼宇办公-年度开单金额': 778771.1, '片区已分配金额-食饮部': 6500000, '行业线已分配金额-食饮': 105000000, '战区下派片区总任务金额': 16400000, '截止当前目标阈值达成率': '0.560670023348', '健康-年度开单金额（万）': 0, '年度阈值/开单差额（万）': '-67.018885', '战区已分配金额-工业健康': 40000000, '战区已分配金额-楼宇办公': 300000000, '月度阈值/开单差额（万）': '-9.701626', '父级已审批金额-工业健康': 40000000, '父级已审批金额-楼宇办公': 300000000, '片区已分配金额-工业健康': 8300000, '片区已分配金额-楼宇办公': 54600000, '片区父级已审批金额-食饮': 2600000, '食饮-年度开单金额（万）': 7.65195, '事业群下派战区总任务金额': 600000000, '总金额转换（以万为单位）': 240, '总额的待分配任务（金额）': 2400000, '客户经理已分配金额-食饮部': 500000, '行业线已分配金额-工业健康': 10000000, '行业线已分配金额-楼宇办公': 30000000, '行业线父级已审批金额-食饮': 2600000, '截止当天累计目标阈值（万）': 152.547945205479, '片区下派客户经理总任务金额': 8100000, '客户经理已分配金额-工业健康': 800000, '客户经理已分配金额-楼宇办公': 6800000, '楼宇办公-年度开单金额（万）': 77.87711, '片区父级已审批金额-工业健康': 6800000, '片区父级已审批金额-楼宇办公': 60000000, '客户经理父级已审批金额-食饮部': 500000, '行业线父级已审批金额-工业健康': 6800000, '行业线父级已审批金额-楼宇办公': 60000000, '年度开单金额转换（以万为单位）': 85.52906, '客户经理父级已审批金额-工业健康': 800000, '客户经理父级已审批金额-楼宇办公': 6800000}",2026-08-21 17:04:35.666689,2026-08-21 17:04:35.666689,2026-08-21 17:04:35.666689
77,recvdJyRRBEjmG,"{'2601': 875000, '2602': 875000, '2603': 875000, '2604': 875000, '公式': 2.85714285714286e-07, '战区': '朔岑战区', '片区': '泠州片区', '状态': '待确认', '编号': '87', '事业群': '商用事业群', '创建人': '谢亦舟', '当前年': 2026, '当前月': 8, '食饮部': '202084.96', '客户经理': '江既白', '层级级别': '客户经理', '工业健康': '303126.88', '当前日期': 21, '楼宇办公': '3031266.56', '父级引用': [{'text': '27', 'type': 'text', 'table_id': 'tblcLapTvgTH3EDa', 'text_arr': ['27'], 'record_ids': ['recvdJ24i0zlsZ']}], '经营主体': '星澜集团总部', '1季度比例': '25%', '2季度比例': '25%', '3季度比例': '25%', '4季度比例': '25%', '任务维护人': '邵亦舟', '年度开单金额': 610704, '总任务承接人': '江既白', '总任务达成率': '0.1965186456', '本月开单金额': -39505.88, '食饮部（万）': 20, '链接字段(勿删)': [{'text': '商用事业群;朔岑战区;泠州片区;江既白', 'type': 'text'}], '剩余分配百分比': 0, '工业健康（万）': 30, '当前月最后一天': 31, '总任务（金额）': '3107613.52', '战区总任务金额': 600000000, '楼宇办公（万）': 300, '本月当前目标阈值': 188172.043010753, '本月总目标（万）': 29.1666666666667, '食饮部待分配任务': 200000, '健康-年度开单金额': 36945, '食饮-年度开单金额': 159520, '工业健康待分配任务': 300000, '当前月份任务达成率': '-0.152551324979', '本月开单金额（万）': -3.950588, '楼宇办公待分配任务': 3000000, '战区已分配金额-食饮': 115000000, '父级已审批金额-食饮': 115000000, '事业群剩余未分配金额': -591900000, '截止当天累计目标阈值': 2224657.53424658, '本月当前目标阈值 (万)': 18.8172043010753, '楼宇办公-年度开单金额': 414239, '片区已分配金额-食饮部': 6500000, '行业线已分配金额-食饮': 105000000, '战区下派片区总任务金额': 16400000, '截止当前目标阈值达成率': '0.274515960591', '健康-年度开单金额（万）': 3.6945, '年度阈值/开单差额（万）': '-161.395353', '战区已分配金额-工业健康': 40000000, '战区已分配金额-楼宇办公': 300000000, '月度阈值/开单差额（万）': '-22.767792', '父级已审批金额-工业健康': 40000000, '父级已审批金额-楼宇办公': 300000000, '片区已分配金额-工业健康': 8300000, '片区已分配金额-楼宇办公': 54600000, '片区父级已审批金额-食饮': 2600000, '食饮-年度开单金额（万）': 15.952, '事业群下派战区总任务金额': 600000000, '总金额转换（以万为单位）': 350, '总额的待分配任务（金额）': 3500000, '客户经理已分配金额-食饮部': 500000, '行业线已分配金额-工业健康': 10000000, '行业线已分配金额-楼宇办公': 30000000, '行业线父级已审批金额-食饮': 2600000, '截止当天累计目标阈值（万）': 222.465753424658, '片区下派客户经理总任务金额': 8100000, '客户经理已分配金额-工业健康': 800000, '客户经理已分配金额-楼宇办公': 6800000, '楼宇办公-年度开单金额（万）': 41.4239, '片区父级已审批金额-工业健康': 6800000, '片区父级已审批金额-楼宇办公': 60000000, '客户经理父级已审批金额-食饮部': 500000, '行业线父级已审批金额-工业健康': 6800000, '行业线父级已审批金额-楼宇办公': 60000000, '年度开单金额转换（以万为单位）': 61.0704, '客户经理父级已审批金额-工业健康': 800000, '客户经理父级已审批金额-楼宇办公': 6800000}",2026-08-21 17:04:35.666689,2026-08-21 17:04:35.666689,2026-08-21 17:04:35.666689
78,recvdJyRRBeWtd,"{'2601': 550000, '2602': 550000, '2603': 550000, '2604': 550000, '公式': 4.54545454545455e-07, '战区': '朔岑战区', '片区': '泠州片区', '状态': '待确认', '编号': '88', '事业群': '商用事业群', '创建人': '谢亦舟', '当前年': 2026, '当前月': 8, '食饮部': '97884.64', '客户经理': '秦屿青', '层级级别': '客户经理', '工业健康': '293652.8', '当前日期': 21, '楼宇办公': '1761914.56', '父级引用': [{'text': '27', 'type': 'text', 'table_id': 'tblcLapTvgTH3EDa', 'text_arr': ['27'], 'record_ids': ['recvdJ24i0zlsZ']}], '经营主体': '星澜集团总部', '1季度比例': '25%', '2季度比例': '25%', '3季度比例': '25%', '4季度比例': '25%', '任务维护人': '邵亦舟', '年度开单金额': 550099.93, '总任务承接人': '秦屿青', '总任务达成率': '0.300999930542', '本月开单金额': -87833, '食饮部（万）': 10, '链接字段(勿删)': [{'text': '商用事业群;朔岑战区;泠州片区;秦屿青', 'type': 'text'}], '剩余分配百分比': 0, '工业健康（万）': 30, '当前月最后一天': 31, '总任务（金额）': '1827574.94', '战区总任务金额': 600000000, '楼宇办公（万）': 180, '本月当前目标阈值': 118279.569892473, '本月总目标（万）': 18.3333333333333, '食饮部待分配任务': 100000, '健康-年度开单金额': 0, '食饮-年度开单金额': 76810, '工业健康待分配任务': 300000, '当前月份任务达成率': '-0.576718347867', '本月开单金额（万）': -8.7833, '楼宇办公待分配任务': 1800000, '战区已分配金额-食饮': 115000000, '父级已审批金额-食饮': 115000000, '事业群剩余未分配金额': -591900000, '截止当天累计目标阈值': 1398356.16438356, '本月当前目标阈值 (万)': 11.8279569892473, '楼宇办公-年度开单金额': 473289.93, '片区已分配金额-食饮部': 6500000, '行业线已分配金额-食饮': 105000000, '战区下派片区总任务金额': 16400000, '截止当前目标阈值达成率': '0.393390427998', '健康-年度开单金额（万）': 0, '年度阈值/开单差额（万）': '-84.825623', '战区已分配金额-工业健康': 40000000, '战区已分配金额-楼宇办公': 300000000, '月度阈值/开单差额（万）': '-20.611257', '父级已审批金额-工业健康': 40000000, '父级已审批金额-楼宇办公': 300000000, '片区已分配金额-工业健康': 8300000, '片区已分配金额-楼宇办公': 54600000, '片区父级已审批金额-食饮': 2600000, '食饮-年度开单金额（万）': 7.681, '事业群下派战区总任务金额': 600000000, '总金额转换（以万为单位）': 220, '总额的待分配任务（金额）': 2200000, '客户经理已分配金额-食饮部': 500000, '行业线已分配金额-工业健康': 10000000, '行业线已分配金额-楼宇办公': 30000000, '行业线父级已审批金额-食饮': 2600000, '截止当天累计目标阈值（万）': 139.835616438356, '片区下派客户经理总任务金额': 8100000, '客户经理已分配金额-工业健康': 800000, '客户经理已分配金额-楼宇办公': 6800000, '楼宇办公-年度开单金额（万）': 47.328993, '片区父级已审批金额-工业健康': 6800000, '片区父级已审批金额-楼宇办公': 60000000, '客户经理父级已审批金额-食饮部': 500000, '行业线父级已审批金额-工业健康': 6800000, '行业线父级已审批金额-楼宇办公': 60000000, '年度开单金额转换（以万为单位）': 55.009993, '客户经理父级已审批金额-工业健康': 800000, '客户经理父级已审批金额-楼宇办公': 6800000}",2026-08-21 17:04:35.666689,2026-08-21 17:04:35.666689,2026-08-21 17:04:35.666689
79,recvdJyRRBAq5L,"{'2601': 975000, '2602': 975000, '2603': 975000, '2604': 975000, '公式': 2.56410256410256e-07, '战区': '朔岑战区', '片区': '汀西片区', '状态': '待确认', '编号': '89', '事业群': '商用事业群', '创建人': '谢亦舟', '当前年': 2026, '当前月': 8, '食饮部': '220003.84', '客户经理': '江屿青', '层级级别': '客户经理', '工业健康': '440007.68', '当前日期': 21, '楼宇办公': '3630060', '父级引用': [{'text': '30', 'type': 'text', 'table_id': 'tblcLapTvgTH3EDa', 'text_arr': ['30'], 'record_ids': ['recvdJ2nulD1ap']}], '经营主体': '星澜集团总部', '1季度比例': '25%', '2季度比例': '25%', '3季度比例': '25%', '4季度比例': '25%', '任务维护人': '江屿青', '年度开单金额': 1005876.4, '总任务承接人': '江屿青', '总任务达成率': '0.382962440033', '本月开单金额': 0, '食饮部（万）': 20, '链接字段(勿删)': [{'text': '商用事业群;朔岑战区;汀西片区;江屿青', 'type': 'text'}], '剩余分配百分比': 0, '工业健康（万）': 40, '当前月最后一天': 31, '总任务（金额）': '2626566.72', '战区总任务金额': 600000000, '楼宇办公（万）': 330, '本月当前目标阈值': 209677.419354839, '本月总目标（万）': 32.5, '食饮部待分配任务': 200000, '健康-年度开单金额': 38100, '食饮-年度开单金额': 820, '工业健康待分配任务': 400000, '当前月份任务达成率': '0', '本月开单金额（万）': 0, '楼宇办公待分配任务': 3300000, '战区已分配金额-食饮': 115000000, '父级已审批金额-食饮': 115000000, '事业群剩余未分配金额': -591900000, '截止当天累计目标阈值': 2478904.10958904, '本月当前目标阈值 (万)': 20.9677419354839, '楼宇办公-年度开单金额': 966956.4, '片区已分配金额-食饮部': 6500000, '行业线已分配金额-食饮': 105000000, '战区下派片区总任务金额': 16400000, '截止当前目标阈值达成率': '0.405774630858', '健康-年度开单金额（万）': 3.81, '年度阈值/开单差额（万）': '-147.302771', '战区已分配金额-工业健康': 40000000, '战区已分配金额-楼宇办公': 300000000, '月度阈值/开单差额（万）': '-20.967742', '父级已审批金额-工业健康': 40000000, '父级已审批金额-楼宇办公': 300000000, '片区已分配金额-工业健康': 8300000, '片区已分配金额-楼宇办公': 54600000, '片区父级已审批金额-食饮': 2600000, '食饮-年度开单金额（万）': 0.082, '事业群下派战区总任务金额': 600000000, '总金额转换（以万为单位）': 390, '总额的待分配任务（金额）': 3900000, '客户经理已分配金额-食饮部': 400000, '行业线已分配金额-工业健康': 10000000, '行业线已分配金额-楼宇办公': 30000000, '行业线父级已审批金额-食饮': 2600000, '截止当天累计目标阈值（万）': 247.890410958904, '片区下派客户经理总任务金额': 8100000, '客户经理已分配金额-工业健康': 800000, '客户经理已分配金额-楼宇办公': 6900000, '楼宇办公-年度开单金额（万）': 96.69564, '片区父级已审批金额-工业健康': 6800000, '片区父级已审批金额-楼宇办公': 60000000, '客户经理父级已审批金额-食饮部': 500000, '行业线父级已审批金额-工业健康': 6800000, '行业线父级已审批金额-楼宇办公': 60000000, '年度开单金额转换（以万为单位）': 100.58764, '客户经理父级已审批金额-工业健康': 1000000, '客户经理父级已审批金额-楼宇办公': 6600000}",2026-08-21 17:04:35.666689,2026-08-21 17:04:35.666689,2026-08-21 17:04:35.666689
80,recvdJyRRBjowX,"{'2601': 1050000, '2602': 1050000, '2603': 1050000, '2604': 1050000, '公式': 2.38095238095238e-07, '战区': '朔岑战区', '片区': '汀西片区', '状态': '待确认', '编号': '90', '事业群': '商用事业群', '创建人': '谢亦舟', '当前年': 2026, '当前月': 8, '食饮部': '300985.44', '客户经理': '白屿青', '层级级别': '客户经理', '工业健康': '601972', '当前日期': 21, '楼宇办公': '5417746.88', '父级引用': [{'text': '30', 'type': 'text', 'table_id': 'tblcLapTvgTH3EDa', 'text_arr': ['30'], 'record_ids': ['recvdJ2nulD1ap']}], '经营主体': '星澜集团总部', '1季度比例': '25%', '2季度比例': '25%', '3季度比例': '25%', '4季度比例': '25%', '任务维护人': '江屿青', '年度开单金额': 2402889.31, '总任务承接人': '白屿青', '总任务达成率': '0.842779835778', '本月开单金额': 129527, '食饮部（万）': 20, '链接字段(勿删)': [{'text': '商用事业群;朔岑战区;汀西片区;白屿青', 'type': 'text'}], '剩余分配百分比': 0, '工业健康（万）': 40, '当前月最后一天': 31, '总任务（金额）': '2851147.13', '战区总任务金额': 600000000, '楼宇办公（万）': 360, '本月当前目标阈值': 225806.451612903, '本月总目标（万）': 35, '食饮部待分配任务': 200000, '健康-年度开单金额': 431059.89, '食饮-年度开单金额': 165990, '工业健康待分配任务': 400000, '当前月份任务达成率': '0.545157415289', '本月开单金额（万）': 12.9527, '楼宇办公待分配任务': 3600000, '战区已分配金额-食饮': 115000000, '父级已审批金额-食饮': 115000000, '事业群剩余未分配金额': -591900000, '截止当天累计目标阈值': 2669589.04109589, '本月当前目标阈值 (万)': 22.5806451612903, '楼宇办公-年度开单金额': 1805839.42, '片区已分配金额-食饮部': 6500000, '行业线已分配金额-食饮': 105000000, '战区下派片区总任务金额': 16400000, '截止当前目标阈值达成率': '0.900097083487', '健康-年度开单金额（万）': 43.105989, '年度阈值/开单差额（万）': '-26.669973', '战区已分配金额-工业健康': 40000000, '战区已分配金额-楼宇办公': 300000000, '月度阈值/开单差额（万）': '-9.627945', '父级已审批金额-工业健康': 40000000, '父级已审批金额-楼宇办公': 300000000, '片区已分配金额-工业健康': 8300000, '片区已分配金额-楼宇办公': 54600000, '片区父级已审批金额-食饮': 2600000, '食饮-年度开单金额（万）': 16.599, '事业群下派战区总任务金额': 600000000, '总金额转换（以万为单位）': 420, '总额的待分配任务（金额）': 4200000, '客户经理已分配金额-食饮部': 400000, '行业线已分配金额-工业健康': 10000000, '行业线已分配金额-楼宇办公': 30000000, '行业线父级已审批金额-食饮': 2600000, '截止当天累计目标阈值（万）': 266.958904109589, '片区下派客户经理总任务金额': 8100000, '客户经理已分配金额-工业健康': 800000, '客户经理已分配金额-楼宇办公': 6900000, '楼宇办公-年度开单金额（万）': 180.583942, '片区父级已审批金额-工业健康': 6800000, '片区父级已审批金额-楼宇办公': 60000000, '客户经理父级已审批金额-食饮部': 500000, '行业线父级已审批金额-工业健康': 6800000, '行业线父级已审批金额-楼宇办公': 60000000, '年度开单金额转换（以万为单位）': 240.288931, '客户经理父级已审批金额-工业健康': 1000000, '客户经理父级已审批金额-楼宇办公': 6600000}",2026-08-21 17:04:35.666689,2026-08-21 17:04:35.666689,2026-08-21 17:04:35.666689
81,recvdJyRRBJyuk,"{'2601': 1925000, '2602': 1925000, '2603': 1925000, '2604': 1925000, '公式': 1.2987012987013e-07, '战区': '朔岑战区', '片区': '秦屿片区', '状态': '待确认', '编号': '91', '事业群': '商用事业群', '创建人': '谢亦舟', '当前年': 2026, '当前月': 8, '食饮部': '856989.28', '客户经理': '许屿青', '层级级别': '客户经理', '工业健康': '1285484.48', '当前日期': 21, '楼宇办公': '6106048.48', '父级引用': [{'text': '21', 'type': 'text', 'table_id': 'tblcLapTvgTH3EDa', 'text_arr': ['21'], 'record_ids': ['recvdJ0WcVB7Su', 'recvdJyRRBwxRM']}], '经营主体': '星澜集团总部', '1季度比例': '25%', '2季度比例': '25%', '3季度比例': '25%', '4季度比例': '25%', '任务维护人': '许屿青', '年度开单金额': 3577896.18, '总任务承接人': '许屿青', '总任务达成率': '0.526858241819', '本月开单金额': 110860, '食饮部（万）': 80, '链接字段(勿删)': [{'text': '商用事业群;朔岑战区;秦屿片区;许屿青', 'type': 'text'}], '剩余分配百分比': 0, '工业健康（万）': 120, '当前月最后一天': 31, '总任务（金额）': '6791003.53', '战区总任务金额': 600000000, '楼宇办公（万）': 570, '本月当前目标阈值': 413978.494623656, '本月总目标（万）': 64.1666666666667, '食饮部待分配任务': 800000, '健康-年度开单金额': 0, '食饮-年度开单金额': 27495, '工业健康待分配任务': 1200000, '当前月份任务达成率': '0.195894464511', '本月开单金额（万）': 11.086, '楼宇办公待分配任务': 5700000, '战区已分配金额-食饮': 115000000, '父级已审批金额-食饮': 115000000, '事业群剩余未分配金额': -586000000, '截止当天累计目标阈值': 4894246.57534247, '本月当前目标阈值 (万)': 41.3978494623656, '楼宇办公-年度开单金额': 3550401.18, '片区已分配金额-食饮部': 6500000, '行业线已分配金额-食饮': 105000000, '战区下派片区总任务金额': 16400000, '截止当前目标阈值达成率': '0.731041259348', '健康-年度开单金额（万）': 0, '年度阈值/开单差额（万）': '-131.63504', '战区已分配金额-工业健康': 40000000, '战区已分配金额-楼宇办公': 300000000, '月度阈值/开单差额（万）': '-30.311849', '父级已审批金额-工业健康': 40000000, '父级已审批金额-楼宇办公': 300000000, '片区已分配金额-工业健康': 8300000, '片区已分配金额-楼宇办公': 54600000, '片区父级已审批金额-食饮': 2600000, '食饮-年度开单金额（万）': 2.7495, '事业群下派战区总任务金额': 600000000, '总金额转换（以万为单位）': 770, '总额的待分配任务（金额）': 7700000, '客户经理已分配金额-食饮部': 1200000, '行业线已分配金额-工业健康': 10000000, '行业线已分配金额-楼宇办公': 30000000, '行业线父级已审批金额-食饮': 2600000, '截止当天累计目标阈值（万）': 489.424657534247, '片区下派客户经理总任务金额': 14000000, '客户经理已分配金额-工业健康': 2000000, '客户经理已分配金额-楼宇办公': 10800000, '楼宇办公-年度开单金额（万）': 355.040118, '片区父级已审批金额-工业健康': 6800000, '片区父级已审批金额-楼宇办公': 60000000, '客户经理父级已审批金额-食饮部': 1200000, '行业线父级已审批金额-工业健康': 6800000, '行业线父级已审批金额-楼宇办公': 60000000, '年度开单金额转换（以万为单位）': 357.789618, '客户经理父级已审批金额-工业健康': 2000000, '客户经理父级已审批金额-楼宇办公': 10800000}",2026-08-21 17:04:35.666689,2026-08-21 17:04:35.666689,2026-08-21 17:04:35.666689
82,recvdJyRRBTRCK,"{'2601': 700000, '2602': 700000, '2603': 700000, '2604': 700000, '公式': 3.57142857142857e-07, '战区': '朔岑战区', '片区': '秦屿片区', '状态': '待确认', '编号': '92', '事业群': '商用事业群', '创建人': '谢亦舟', '当前年': 2026, '当前月': 8, '食饮部': '175577.92', '客户经理': '黎屿青', '层级级别': '客户经理', '工业健康': '263366.88', '当前日期': 21, '楼宇办公': '2019142.72', '父级引用': [{'text': '21', 'type': 'text', 'table_id': 'tblcLapTvgTH3EDa', 'text_arr': ['21'], 'record_ids': ['recvdJ0WcVB7Su', 'recvdJyRRBwxRM']}], '经营主体': '星澜集团总部', '1季度比例': '25%', '2季度比例': '25%', '3季度比例': '25%', '4季度比例': '25%', '任务维护人': '许屿青', '年度开单金额': 657624.1, '总任务承接人': '黎屿青', '总任务达成率': '0.417347963094', '本月开单金额': 8072, '食饮部（万）': 20, '链接字段(勿删)': [{'text': '商用事业群;朔岑战区;秦屿片区;黎屿青', 'type': 'text'}], '剩余分配百分比': 0, '工业健康（万）': 30, '当前月最后一天': 31, '总任务（金额）': '1575721.36', '战区总任务金额': 600000000, '楼宇办公（万）': 230, '本月当前目标阈值': 150537.634408602, '本月总目标（万）': 23.3333333333333, '食饮部待分配任务': 200000, '健康-年度开单金额': 0, '食饮-年度开单金额': 116880, '工业健康待分配任务': 300000, '当前月份任务达成率': '0.061472797449', '本月开单金额（万）': 0.8072, '楼宇办公待分配任务': 2300000, '战区已分配金额-食饮': 115000000, '父级已审批金额-食饮': 115000000, '事业群剩余未分配金额': -586000000, '截止当天累计目标阈值': 1779726.02739726, '本月当前目标阈值 (万)': 15.0537634408602, '楼宇办公-年度开单金额': 540744.1, '片区已分配金额-食饮部': 6500000, '行业线已分配金额-食饮': 105000000, '战区下派片区总任务金额': 16400000, '截止当前目标阈值达成率': '0.369508615302', '健康-年度开单金额（万）': 0, '年度阈值/开单差额（万）': '-112.210193', '战区已分配金额-工业健康': 40000000, '战区已分配金额-楼宇办公': 300000000, '月度阈值/开单差额（万）': '-14.246563', '父级已审批金额-工业健康': 40000000, '父级已审批金额-楼宇办公': 300000000, '片区已分配金额-工业健康': 8300000, '片区已分配金额-楼宇办公': 54600000, '片区父级已审批金额-食饮': 2600000, '食饮-年度开单金额（万）': 11.688, '事业群下派战区总任务金额': 600000000, '总金额转换（以万为单位）': 280, '总额的待分配任务（金额）': 2800000, '客户经理已分配金额-食饮部': 1200000, '行业线已分配金额-工业健康': 10000000, '行业线已分配金额-楼宇办公': 30000000, '行业线父级已审批金额-食饮': 2600000, '截止当天累计目标阈值（万）': 177.972602739726, '片区下派客户经理总任务金额': 14000000, '客户经理已分配金额-工业健康': 2000000, '客户经理已分配金额-楼宇办公': 10800000, '楼宇办公-年度开单金额（万）': 54.07441, '片区父级已审批金额-工业健康': 6800000, '片区父级已审批金额-楼宇办公': 60000000, '客户经理父级已审批金额-食饮部': 1200000, '行业线父级已审批金额-工业健康': 6800000, '行业线父级已审批金额-楼宇办公': 60000000, '年度开单金额转换（以万为单位）': 65.76241, '客户经理父级已审批金额-工业健康': 2000000, '客户经理父级已审批金额-楼宇办公': 10800000}",2026-08-21 17:04:35.666689,2026-08-21 17:04:35.666689,2026-08-21 17:04:35.666689
83,recvdJyRRBCs8Q,"{'2601': 875000, '2602': 875000, '2603': 875000, '2604': 875000, '公式': 2.85714285714286e-07, '战区': '朔岑战区', '片区': '秦屿片区', '状态': '待确认', '编号': '93', '事业群': '商用事业群', '创建人': '谢亦舟', '当前年': 2026, '当前月': 8, '食饮部': '320922.56', '客户经理': '祁既白', '层级级别': '客户经理', '工业健康': '802307.52', '当前日期': 21, '楼宇办公': '4492920.32', '父级引用': [{'text': '21', 'type': 'text', 'table_id': 'tblcLapTvgTH3EDa', 'text_arr': ['21'], 'record_ids': ['recvdJ0WcVB7Su', 'recvdJyRRBwxRM']}], '经营主体': '星澜集团总部', '1季度比例': '25%', '2季度比例': '25%', '3季度比例': '25%', '4季度比例': '25%', '任务维护人': '许屿青', '年度开单金额': 2699298.01, '总任务承接人': '祁既白', '总任务达成率': '0.930572397838', '本月开单金额': 4740, '食饮部（万）': 20, '链接字段(勿删)': [{'text': '商用事业群;朔岑战区;秦屿片区;祁既白', 'type': 'text'}], '剩余分配百分比': 0, '工业健康（万）': 50, '当前月最后一天': 31, '总任务（金额）': '2900685.66', '战区总任务金额': 600000000, '楼宇办公（万）': 280, '本月当前目标阈值': 188172.043010753, '本月总目标（万）': 29.1666666666667, '食饮部待分配任务': 200000, '健康-年度开单金额': 1973658.69, '食饮-年度开单金额': 19600, '工业健康待分配任务': 500000, '当前月份任务达成率': '0.019609156823', '本月开单金额（万）': 0.474, '楼宇办公待分配任务': 2800000, '战区已分配金额-食饮': 115000000, '父级已审批金额-食饮': 115000000, '事业群剩余未分配金额': -586000000, '截止当天累计目标阈值': 2224657.53424658, '本月当前目标阈值 (万)': 18.8172043010753, '楼宇办公-年度开单金额': 706039.32, '片区已分配金额-食饮部': 6500000, '行业线已分配金额-食饮': 105000000, '战区下派片区总任务金额': 16400000, '截止当前目标阈值达成率': '1.213354401047', '健康-年度开单金额（万）': 197.365869, '年度阈值/开单差额（万）': '47.464048', '战区已分配金额-工业健康': 40000000, '战区已分配金额-楼宇办公': 300000000, '月度阈值/开单差额（万）': '-18.343204', '父级已审批金额-工业健康': 40000000, '父级已审批金额-楼宇办公': 300000000, '片区已分配金额-工业健康': 8300000, '片区已分配金额-楼宇办公': 54600000, '片区父级已审批金额-食饮': 2600000, '食饮-年度开单金额（万）': 1.96, '事业群下派战区总任务金额': 600000000, '总金额转换（以万为单位）': 350, '总额的待分配任务（金额）': 3500000, '客户经理已分配金额-食饮部': 1200000, '行业线已分配金额-工业健康': 10000000, '行业线已分配金额-楼宇办公': 30000000, '行业线父级已审批金额-食饮': 2600000, '截止当天累计目标阈值（万）': 222.465753424658, '片区下派客户经理总任务金额': 14000000, '客户经理已分配金额-工业健康': 2000000, '客户经理已分配金额-楼宇办公': 10800000, '楼宇办公-年度开单金额（万）': 70.603932, '片区父级已审批金额-工业健康': 6800000, '片区父级已审批金额-楼宇办公': 60000000, '客户经理父级已审批金额-食饮部': 1200000, '行业线父级已审批金额-工业健康': 6800000, '行业线父级已审批金额-楼宇办公': 60000000, '年度开单金额转换（以万为单位）': 269.929801, '客户经理父级已审批金额-工业健康': 2000000, '客户经理父级已审批金额-楼宇办公': 10800000}",2026-08-21 17:04:35.666689,2026-08-21 17:04:35.666689,2026-08-21 17:04:35.666689
84,recvdJyRRBxPOE,"{'2601': 1125000, '2602': 1125000, '2603': 1125000, '2604': 1125000, '公式': 2.22222222222222e-07, '战区': '瀚川战区', '片区': '碣石片区', '状态': '待确认', '编号': '95', '事业群': '商用事业群', '创建人': '谢亦舟', '当前年': 2026, '当前月': 8, '食饮部': '95049.92', '客户经理': '秦亦舟', '层级级别': '客户经理', '工业健康': '190099.84', '当前日期': 21, '楼宇办公': '3992096.64', '父级引用': [{'text': '22', 'type': 'text', 'table_id': 'tblcLapTvgTH3EDa', 'text_arr': ['22'], 'record_ids': ['recvdJ1ej9uqNO']}], '经营主体': '星澜集团总部', '1季度比例': '25%', '2季度比例': '25%', '3季度比例': '25%', '4季度比例': '25%', '任务维护人': '韩朔风', '年度开单金额': 2455417.8, '总任务承接人': '秦亦舟', '总任务达成率': '0.680168643038', '本月开单金额': 244745.8, '食饮部（万）': 10, '链接字段(勿删)': [{'text': '商用事业群;瀚川战区;碣石片区;秦亦舟', 'type': 'text'}], '剩余分配百分比': 0, '工业健康（万）': 20, '当前月最后一天': 31, '总任务（金额）': '3610013.23', '战区总任务金额': 600000000, '楼宇办公（万）': 420, '本月当前目标阈值': 241935.483870968, '本月总目标（万）': 37.5, '食饮部待分配任务': 100000, '健康-年度开单金额': 0, '食饮-年度开单金额': 82305, '工业健康待分配任务': 200000, '当前月份任务达成率': '0.813556464445', '本月开单金额（万）': 24.47458, '楼宇办公待分配任务': 4200000, '战区已分配金额-食饮': 115000000, '父级已审批金额-食饮': 115000000, '事业群剩余未分配金额': -586200000, '截止当天累计目标阈值': 2860273.97260274, '本月当前目标阈值 (万)': 24.1935483870968, '楼宇办公-年度开单金额': 2373112.8, '片区已分配金额-食饮部': 2600000, '行业线已分配金额-食饮': 105000000, '战区下派片区总任务金额': 16400000, '截止当前目标阈值达成率': '0.858455456897', '健康-年度开单金额（万）': 0, '年度阈值/开单差额（万）': '-40.485617', '战区已分配金额-工业健康': 40000000, '战区已分配金额-楼宇办公': 300000000, '月度阈值/开单差额（万）': '0.281032', '父级已审批金额-工业健康': 40000000, '父级已审批金额-楼宇办公': 300000000, '片区已分配金额-工业健康': 6000000, '片区已分配金额-楼宇办公': 55000000, '片区父级已审批金额-食饮': 2600000, '食饮-年度开单金额（万）': 8.2305, '事业群下派战区总任务金额': 600000000, '总金额转换（以万为单位）': 450, '总额的待分配任务（金额）': 4500000, '客户经理已分配金额-食饮部': 200000, '行业线已分配金额-工业健康': 10000000, '行业线已分配金额-楼宇办公': 30000000, '行业线父级已审批金额-食饮': 2600000, '截止当天累计目标阈值（万）': 286.027397260274, '片区下派客户经理总任务金额': 13800000, '客户经理已分配金额-工业健康': 600000, '客户经理已分配金额-楼宇办公': 13000000, '楼宇办公-年度开单金额（万）': 237.31128, '片区父级已审批金额-工业健康': 6000000, '片区父级已审批金额-楼宇办公': 55000000, '客户经理父级已审批金额-食饮部': 200000, '行业线父级已审批金额-工业健康': 6000000, '行业线父级已审批金额-楼宇办公': 55000000, '年度开单金额转换（以万为单位）': 245.54178, '客户经理父级已审批金额-工业健康': 600000, '客户经理父级已审批金额-楼宇办公': 13000000}",2026-08-21 17:04:35.666689,2026-08-21 17:04:35.666689,2026-08-21 17:04:35.666689
85,recvdJyRRBHwnP,"{'2601': 1200000, '2602': 1200000, '2603': 1200000, '2604': 1200000, '公式': 2.08333333333333e-07, '战区': '瀚川战区', '片区': '碣石片区', '状态': '待确认', '编号': '96', '事业群': '商用事业群', '创建人': '谢亦舟', '当前年': 2026, '当前月': 8, '食饮部': '70267.68', '客户经理': '沈朔风', '层级级别': '客户经理', '工业健康': '140535.36', '当前日期': 21, '楼宇办公': '3162042.24', '父级引用': [{'text': '22', 'type': 'text', 'table_id': 'tblcLapTvgTH3EDa', 'text_arr': ['22'], 'record_ids': ['recvdJ1ej9uqNO']}], '经营主体': '星澜集团总部', '1季度比例': '25%', '2季度比例': '25%', '3季度比例': '25%', '4季度比例': '25%', '任务维护人': '韩朔风', '年度开单金额': 2176942.56, '总任务承接人': '沈朔风', '总任务达成率': '0.465929176135', '本月开单金额': 310409.6, '食饮部（万）': 10, '链接字段(勿删)': [{'text': '商用事业群;瀚川战区;碣石片区;沈朔风', 'type': 'text'}], '剩余分配百分比': 0, '工业健康（万）': 20, '当前月最后一天': 31, '总任务（金额）': '4672260.66', '战区总任务金额': 600000000, '楼宇办公（万）': 450, '本月当前目标阈值': 258064.516129032, '本月总目标（万）': 40, '食饮部待分配任务': 100000, '健康-年度开单金额': 125400, '食饮-年度开单金额': 127776, '工业健康待分配任务': 200000, '当前月份任务达成率': '0.797240451906', '本月开单金额（万）': 31.04096, '楼宇办公待分配任务': 4500000, '战区已分配金额-食饮': 115000000, '父级已审批金额-食饮': 115000000, '事业群剩余未分配金额': -586200000, '截止当天累计目标阈值': 3050958.90410959, '本月当前目标阈值 (万)': 25.8064516129032, '楼宇办公-年度开单金额': 1923766.56, '片区已分配金额-食饮部': 2600000, '行业线已分配金额-食饮': 105000000, '战区下派片区总任务金额': 16400000, '截止当前目标阈值达成率': '0.713527329741', '健康-年度开单金额（万）': 12.54, '年度阈值/开单差额（万）': '-87.401634', '战区已分配金额-工业健康': 40000000, '战区已分配金额-楼宇办公': 300000000, '月度阈值/开单差额（万）': '5.234508', '父级已审批金额-工业健康': 40000000, '父级已审批金额-楼宇办公': 300000000, '片区已分配金额-工业健康': 6000000, '片区已分配金额-楼宇办公': 55000000, '片区父级已审批金额-食饮': 2600000, '食饮-年度开单金额（万）': 12.7776, '事业群下派战区总任务金额': 600000000, '总金额转换（以万为单位）': 480, '总额的待分配任务（金额）': 4800000, '客户经理已分配金额-食饮部': 200000, '行业线已分配金额-工业健康': 10000000, '行业线已分配金额-楼宇办公': 30000000, '行业线父级已审批金额-食饮': 2600000, '截止当天累计目标阈值（万）': 305.095890410959, '片区下派客户经理总任务金额': 13800000, '客户经理已分配金额-工业健康': 600000, '客户经理已分配金额-楼宇办公': 13000000, '楼宇办公-年度开单金额（万）': 192.376656, '片区父级已审批金额-工业健康': 6000000, '片区父级已审批金额-楼宇办公': 55000000, '客户经理父级已审批金额-食饮部': 200000, '行业线父级已审批金额-工业健康': 6000000, '行业线父级已审批金额-楼宇办公': 55000000, '年度开单金额转换（以万为单位）': 217.694256, '客户经理父级已审批金额-工业健康': 600000, '客户经理父级已审批金额-楼宇办公': 13000000}",2026-08-21 17:04:35.666689,2026-08-21 17:04:35.666689,2026-08-21 17:04:35.666689
86,recvdJyRRBwv13,"{'2601': 1125000, '2602': 1125000, '2603': 1125000, '2604': 1125000, '公式': 2.22222222222222e-07, '战区': '瀚川战区', '片区': '碣石片区', '状态': '待确认', '编号': '97', '事业群': '商用事业群', '创建人': '谢亦舟', '当前年': 2026, '当前月': 8, '食饮部': '0', '客户经理': '裴怀川', '层级级别': '客户经理', '工业健康': '131852', '当前日期': 21, '楼宇办公': '2834819.68', '父级引用': [{'text': '22', 'type': 'text', 'table_id': 'tblcLapTvgTH3EDa', 'text_arr': ['22'], 'record_ids': ['recvdJ1ej9uqNO']}], '经营主体': '星澜集团总部', '1季度比例': '25%', '2季度比例': '25%', '3季度比例': '25%', '4季度比例': '25%', '任务维护人': '韩朔风', '年度开单金额': 708649.3, '总任务承接人': '韩朔风', '总任务达成率': '0.25220970747', '本月开单金额': 142454, '食饮部（万）': 0, '链接字段(勿删)': [{'text': '商用事业群;瀚川战区;碣石片区;裴怀川', 'type': 'text'}], '剩余分配百分比': 0, '工业健康（万）': 20, '当前月最后一天': 31, '总任务（金额）': '2809762.19', '战区总任务金额': 600000000, '楼宇办公（万）': 430, '本月当前目标阈值': 241935.483870968, '本月总目标（万）': 37.5, '食饮部待分配任务': 0, '健康-年度开单金额': 0, '食饮-年度开单金额': 65450, '工业健康待分配任务': 200000, '当前月份任务达成率': '0.608395972472', '本月开单金额（万）': 14.2454, '楼宇办公待分配任务': 4300000, '战区已分配金额-食饮': 115000000, '父级已审批金额-食饮': 115000000, '事业群剩余未分配金额': -586200000, '截止当天累计目标阈值': 2860273.97260274, '本月当前目标阈值 (万)': 24.1935483870968, '楼宇办公-年度开单金额': 643199.3, '片区已分配金额-食饮部': 2600000, '行业线已分配金额-食饮': 105000000, '战区下派片区总任务金额': 16400000, '截止当前目标阈值达成率': '0.247755741858', '健康-年度开单金额（万）': 0, '年度阈值/开单差额（万）': '-215.162467', '战区已分配金额-工业健康': 40000000, '战区已分配金额-楼宇办公': 300000000, '月度阈值/开单差额（万）': '-9.948148', '父级已审批金额-工业健康': 40000000, '父级已审批金额-楼宇办公': 300000000, '片区已分配金额-工业健康': 6000000, '片区已分配金额-楼宇办公': 55000000, '片区父级已审批金额-食饮': 2600000, '食饮-年度开单金额（万）': 6.545, '事业群下派战区总任务金额': 600000000, '总金额转换（以万为单位）': 450, '总额的待分配任务（金额）': 4500000, '客户经理已分配金额-食饮部': 200000, '行业线已分配金额-工业健康': 10000000, '行业线已分配金额-楼宇办公': 30000000, '行业线父级已审批金额-食饮': 2600000, '截止当天累计目标阈值（万）': 286.027397260274, '片区下派客户经理总任务金额': 13800000, '客户经理已分配金额-工业健康': 600000, '客户经理已分配金额-楼宇办公': 13000000, '楼宇办公-年度开单金额（万）': 64.31993, '片区父级已审批金额-工业健康': 6000000, '片区父级已审批金额-楼宇办公': 55000000, '客户经理父级已审批金额-食饮部': 200000, '行业线父级已审批金额-工业健康': 6000000, '行业线父级已审批金额-楼宇办公': 55000000, '年度开单金额转换（以万为单位）': 70.86493, '客户经理父级已审批金额-工业健康': 600000, '客户经理父级已审批金额-楼宇办公': 13000000}",2026-08-21 17:04:35.666689,2026-08-21 17:04:35.666689,2026-08-21 17:04:35.666689
87,recvdJyRRBj8SD,"{'2601': 775000, '2602': 775000, '2603': 775000, '2604': 775000, '公式': 3.2258064516129e-07, '战区': '瀚川战区', '片区': '奉岚片区', '状态': '待确认', '编号': '98', '事业群': '商用事业群', '创建人': '谢亦舟', '当前年': 2026, '当前月': 8, '食饮部': '0', '客户经理': '陆朔风', '层级级别': '客户经理', '工业健康': '0', '当前日期': 21, '楼宇办公': '1991402.56', '父级引用': [{'text': '28', 'type': 'text', 'table_id': 'tblcLapTvgTH3EDa', 'text_arr': ['28'], 'record_ids': ['recvdJ25fb1wLO']}], '经营主体': '星澜集团总部', '1季度比例': '25%', '2季度比例': '25%', '3季度比例': '25%', '4季度比例': '25%', '任务维护人': '岑南珩', '年度开单金额': 645930.1, '总任务承接人': '陆朔风', '总任务达成率': '0.27534803143', '本月开单金额': 4490, '食饮部（万）': 0, '链接字段(勿删)': [{'text': '商用事业群;瀚川战区;奉岚片区;陆朔风', 'type': 'text'}], '剩余分配百分比': 0, '工业健康（万）': 0, '当前月最后一天': 31, '总任务（金额）': '2345867.87', '战区总任务金额': 600000000, '楼宇办公（万）': 310, '本月当前目标阈值': 166666.666666667, '本月总目标（万）': 25.8333333333333, '食饮部待分配任务': 0, '健康-年度开单金额': 39800, '食饮-年度开单金额': 59010, '工业健康待分配任务': 0, '当前月份任务达成率': '0.022968045511', '本月开单金额（万）': 0.449, '楼宇办公待分配任务': 3100000, '战区已分配金额-食饮': 115000000, '父级已审批金额-食饮': 115000000, '事业群剩余未分配金额': -589900000, '截止当天累计目标阈值': 1970410.95890411, '本月当前目标阈值 (万)': 16.6666666666667, '楼宇办公-年度开单金额': 547120.1, '片区已分配金额-食饮部': 2600000, '行业线已分配金额-食饮': 105000000, '战区下派片区总任务金额': 16400000, '截止当前目标阈值达成率': '0.327814914488', '健康-年度开单金额（万）': 3.98, '年度阈值/开单差额（万）': '-132.448086', '战区已分配金额-工业健康': 40000000, '战区已分配金额-楼宇办公': 300000000, '月度阈值/开单差额（万）': '-16.217667', '父级已审批金额-工业健康': 40000000, '父级已审批金额-楼宇办公': 300000000, '片区已分配金额-工业健康': 6000000, '片区已分配金额-楼宇办公': 55000000, '片区父级已审批金额-食饮': 2600000, '食饮-年度开单金额（万）': 5.901, '事业群下派战区总任务金额': 600000000, '总金额转换（以万为单位）': 310, '总额的待分配任务（金额）': 3100000, '客户经理已分配金额-食饮部': 200000, '行业线已分配金额-工业健康': 10000000, '行业线已分配金额-楼宇办公': 30000000, '行业线父级已审批金额-食饮': 2600000, '截止当天累计目标阈值（万）': 197.041095890411, '片区下派客户经理总任务金额': 10100000, '客户经理已分配金额-工业健康': 1000000, '客户经理已分配金额-楼宇办公': 8900000, '楼宇办公-年度开单金额（万）': 54.71201, '片区父级已审批金额-工业健康': 6000000, '片区父级已审批金额-楼宇办公': 55000000, '客户经理父级已审批金额-食饮部': 200000, '行业线父级已审批金额-工业健康': 6000000, '行业线父级已审批金额-楼宇办公': 55000000, '年度开单金额转换（以万为单位）': 64.59301, '客户经理父级已审批金额-工业健康': 1900000, '客户经理父级已审批金额-楼宇办公': 8000000}",2026-08-21 17:04:35.666689,2026-08-21 17:04:35.666689,2026-08-21 17:04:35.666689
88,recvdJyRRBHIcm,"{'2601': 537500, '2602': 537500, '2603': 537500, '2604': 537500, '公式': 4.65116279069767e-07, '战区': '瀚川战区', '片区': '奉岚片区', '状态': '待确认', '编号': '99', '事业群': '商用事业群', '创建人': '谢亦舟', '当前年': 2026, '当前月': 8, '食饮部': '0', '客户经理': '岑朔风', '层级级别': '客户经理', '工业健康': '0', '当前日期': 21, '楼宇办公': '2787863.68', '父级引用': [{'text': '28', 'type': 'text', 'table_id': 'tblcLapTvgTH3EDa', 'text_arr': ['28'], 'record_ids': ['recvdJ25fb1wLO']}], '经营主体': '星澜集团总部', '1季度比例': '25%', '2季度比例': '25%', '3季度比例': '25%', '4季度比例': '25%', '任务维护人': '岑南珩', '年度开单金额': 145674.8, '总任务承接人': '岑朔风', '总任务达成率': '0.122355780239', '本月开单金额': 0, '食饮部（万）': 0, '链接字段(勿删)': [{'text': '商用事业群;瀚川战区;奉岚片区;岑朔风', 'type': 'text'}], '剩余分配百分比': 0, '工业健康（万）': 0, '当前月最后一天': 31, '总任务（金额）': '1190583.72', '战区总任务金额': 600000000, '楼宇办公（万）': 215, '本月当前目标阈值': 115591.397849462, '本月总目标（万）': 17.9166666666667, '食饮部待分配任务': 0, '健康-年度开单金额': 13020, '食饮-年度开单金额': 2150, '工业健康待分配任务': 0, '当前月份任务达成率': '0', '本月开单金额（万）': 0, '楼宇办公待分配任务': 2150000, '战区已分配金额-食饮': 115000000, '父级已审批金额-食饮': 115000000, '事业群剩余未分配金额': -589900000, '截止当天累计目标阈值': 1366575.34246575, '本月当前目标阈值 (万)': 11.5591397849462, '楼宇办公-年度开单金额': 130504.8, '片区已分配金额-食饮部': 2600000, '行业线已分配金额-食饮': 105000000, '战区下派片区总任务金额': 16400000, '截止当前目标阈值达成率': '0.106598440257', '健康-年度开单金额（万）': 1.302, '年度阈值/开单差额（万）': '-122.090054', '战区已分配金额-工业健康': 40000000, '战区已分配金额-楼宇办公': 300000000, '月度阈值/开单差额（万）': '-11.55914', '父级已审批金额-工业健康': 40000000, '父级已审批金额-楼宇办公': 300000000, '片区已分配金额-工业健康': 6000000, '片区已分配金额-楼宇办公': 55000000, '片区父级已审批金额-食饮': 2600000, '食饮-年度开单金额（万）': 0.215, '事业群下派战区总任务金额': 600000000, '总金额转换（以万为单位）': 215, '总额的待分配任务（金额）': 2150000, '客户经理已分配金额-食饮部': 200000, '行业线已分配金额-工业健康': 10000000, '行业线已分配金额-楼宇办公': 30000000, '行业线父级已审批金额-食饮': 2600000, '截止当天累计目标阈值（万）': 136.657534246575, '片区下派客户经理总任务金额': 10100000, '客户经理已分配金额-工业健康': 1000000, '客户经理已分配金额-楼宇办公': 8900000, '楼宇办公-年度开单金额（万）': 13.05048, '片区父级已审批金额-工业健康': 6000000, '片区父级已审批金额-楼宇办公': 55000000, '客户经理父级已审批金额-食饮部': 200000, '行业线父级已审批金额-工业健康': 6000000, '行业线父级已审批金额-楼宇办公': 55000000, '年度开单金额转换（以万为单位）': 14.56748, '客户经理父级已审批金额-工业健康': 1900000, '客户经理父级已审批金额-楼宇办公': 8000000}",2026-08-21 17:04:35.666689,2026-08-21 17:04:35.666689,2026-08-21 17:04:35.666689
89,recvdJyRRB8oa3,"{'2601': 1212500, '2602': 1212500, '2603': 1212500, '2604': 1212500, '公式': 2.06185567010309e-07, '战区': '瀚川战区', '片区': '奉岚片区', '状态': '待确认', '编号': '100', '事业群': '商用事业群', '创建人': '谢亦舟', '当前年': 2026, '当前月': 8, '食饮部': '205900.8', '客户经理': '岑南珩', '层级级别': '客户经理', '工业健康': '1029501.76', '当前日期': 21, '楼宇办公': '3757679.52', '父级引用': [{'text': '28', 'type': 'text', 'table_id': 'tblcLapTvgTH3EDa', 'text_arr': ['28'], 'record_ids': ['recvdJ25fb1wLO']}], '经营主体': '星澜集团总部', '1季度比例': '25%', '2季度比例': '25%', '3季度比例': '25%', '4季度比例': '25%', '任务维护人': '岑南珩', '年度开单金额': 2722453.28, '总任务承接人': '岑南珩', '总任务达成率': '0.808376219529', '本月开单金额': 251498, '食饮部（万）': 20, '链接字段(勿删)': [{'text': '商用事业群;瀚川战区;奉岚片区;岑南珩', 'type': 'text'}], '剩余分配百分比': 0, '工业健康（万）': 100, '当前月最后一天': 31, '总任务（金额）': '3367804.76', '战区总任务金额': 600000000, '楼宇办公（万）': 365, '本月当前目标阈值': 260752.688172043, '本月总目标（万）': 40.4166666666667, '食饮部待分配任务': 200000, '健康-年度开单金额': 0, '食饮-年度开单金额': 64000.18, '工业健康待分配任务': 1000000, '当前月份任务达成率': '0.896125581817', '本月开单金额（万）': 25.1498, '楼宇办公待分配任务': 3650000, '战区已分配金额-食饮': 115000000, '父级已审批金额-食饮': 115000000, '事业群剩余未分配金额': -589900000, '截止当天累计目标阈值': 3082739.7260274, '本月当前目标阈值 (万)': 26.0752688172043, '楼宇办公-年度开单金额': 2658453.1, '片区已分配金额-食饮部': 2600000, '行业线已分配金额-食饮': 105000000, '战区下派片区总任务金额': 16400000, '截止当前目标阈值达成率': '0.88312784145', '健康-年度开单金额（万）': 0, '年度阈值/开单差额（万）': '-36.028645', '战区已分配金额-工业健康': 40000000, '战区已分配金额-楼宇办公': 300000000, '月度阈值/开单差额（万）': '-0.925469', '父级已审批金额-工业健康': 40000000, '父级已审批金额-楼宇办公': 300000000, '片区已分配金额-工业健康': 6000000, '片区已分配金额-楼宇办公': 55000000, '片区父级已审批金额-食饮': 2600000, '食饮-年度开单金额（万）': 6.400018, '事业群下派战区总任务金额': 600000000, '总金额转换（以万为单位）': 485, '总额的待分配任务（金额）': 4850000, '客户经理已分配金额-食饮部': 200000, '行业线已分配金额-工业健康': 10000000, '行业线已分配金额-楼宇办公': 30000000, '行业线父级已审批金额-食饮': 2600000, '截止当天累计目标阈值（万）': 308.27397260274, '片区下派客户经理总任务金额': 10100000, '客户经理已分配金额-工业健康': 1000000, '客户经理已分配金额-楼宇办公': 8900000, '楼宇办公-年度开单金额（万）': 265.84531, '片区父级已审批金额-工业健康': 6000000, '片区父级已审批金额-楼宇办公': 55000000, '客户经理父级已审批金额-食饮部': 200000, '行业线父级已审批金额-工业健康': 6000000, '行业线父级已审批金额-楼宇办公': 55000000, '年度开单金额转换（以万为单位）': 272.245328, '客户经理父级已审批金额-工业健康': 1900000, '客户经理父级已审批金额-楼宇办公': 8000000}",2026-08-21 17:04:35.666689,2026-08-21 17:04:35.666689,2026-08-21 17:04:35.666689
90,recvdJyRRBsRFI,"{'2601': 500000, '2602': 500000, '2603': 500000, '2604': 500000, '公式': 5e-07, '战区': '瀚川战区', '片区': '霁林片区', '状态': '待确认', '编号': '101', '事业群': '商用事业群', '创建人': '谢亦舟', '当前年': 2026, '当前月': 8, '食饮部': '0', '客户经理': '薛屿青', '层级级别': '客户经理', '工业健康': '0', '当前日期': 21, '楼宇办公': '2227696.8', '父级引用': [{'text': '29', 'type': 'text', 'table_id': 'tblcLapTvgTH3EDa', 'text_arr': ['29'], 'record_ids': ['recvdJ2gfDxXvJ']}], '经营主体': '星澜集团总部', '1季度比例': '25%', '2季度比例': '25%', '3季度比例': '25%', '4季度比例': '25%', '任务维护人': '岑南珩', '年度开单金额': 323522.52, '总任务承接人': '薛屿青', '总任务达成率': '0.242491563418', '本月开单金额': 7810, '食饮部（万）': 0, '链接字段(勿删)': [{'text': '商用事业群;瀚川战区;霁林片区;薛屿青', 'type': 'text'}], '剩余分配百分比': 0, '工业健康（万）': 0, '当前月最后一天': 31, '总任务（金额）': '1334159.9', '战区总任务金额': 600000000, '楼宇办公（万）': 200, '本月当前目标阈值': 107526.88172043, '本月总目标（万）': 16.6666666666667, '食饮部待分配任务': 0, '健康-年度开单金额': 0, '食饮-年度开单金额': 61750, '工业健康待分配任务': 0, '当前月份任务达成率': '0.070246452468', '本月开单金额（万）': 0.781, '楼宇办公待分配任务': 2000000, '战区已分配金额-食饮': 115000000, '父级已审批金额-食饮': 115000000, '事业群剩余未分配金额': -598000000, '截止当天累计目标阈值': 1271232.87671233, '本月当前目标阈值 (万)': 10.752688172043, '楼宇办公-年度开单金额': 261772.52, '片区已分配金额-食饮部': 2600000, '行业线已分配金额-食饮': 105000000, '战区下派片区总任务金额': 16400000, '截止当前目标阈值达成率': '0.254495085776', '健康-年度开单金额（万）': 0, '年度阈值/开单差额（万）': '-94.771036', '战区已分配金额-工业健康': 40000000, '战区已分配金额-楼宇办公': 300000000, '月度阈值/开单差额（万）': '-9.971688', '父级已审批金额-工业健康': 40000000, '父级已审批金额-楼宇办公': 300000000, '片区已分配金额-工业健康': 6000000, '片区已分配金额-楼宇办公': 55000000, '片区父级已审批金额-食饮': 2600000, '食饮-年度开单金额（万）': 6.175, '事业群下派战区总任务金额': 600000000, '总金额转换（以万为单位）': 200, '总额的待分配任务（金额）': 2000000, '客户经理已分配金额-食饮部': 0, '行业线已分配金额-工业健康': 10000000, '行业线已分配金额-楼宇办公': 30000000, '行业线父级已审批金额-食饮': 2600000, '截止当天累计目标阈值（万）': 127.123287671233, '片区下派客户经理总任务金额': 2000000, '客户经理已分配金额-工业健康': 0, '客户经理已分配金额-楼宇办公': 2000000, '楼宇办公-年度开单金额（万）': 26.177252, '片区父级已审批金额-工业健康': 6000000, '片区父级已审批金额-楼宇办公': 55000000, '客户经理父级已审批金额-食饮部': 0, '行业线父级已审批金额-工业健康': 6000000, '行业线父级已审批金额-楼宇办公': 55000000, '年度开单金额转换（以万为单位）': 32.352252, '客户经理父级已审批金额-工业健康': 0, '客户经理父级已审批金额-楼宇办公': 2000000}",2026-08-21 17:04:35.666689,2026-08-21 17:04:35.666689,2026-08-21 17:04:35.666689
91,recvdJyRRB1EIJ,"{'2601': 2500000, '2602': 2500000, '2603': 2500000, '2604': 2500000, '公式': 1e-07, '战区': '瀚川战区', '片区': '珩京片区', '状态': '待确认', '编号': '102', '事业群': '商用事业群', '创建人': '谢亦舟', '当前年': 2026, '当前月': 8, '食饮部': '0', '客户经理': '洛既白', '层级级别': '客户经理', '工业健康': '532977.76', '当前日期': 21, '楼宇办公': '12791460.64', '父级引用': [{'text': '20', 'type': 'text', 'table_id': 'tblcLapTvgTH3EDa', 'text_arr': ['20'], 'record_ids': ['recvdJ0CNt8zSu']}], '经营主体': '星澜集团总部', '1季度比例': '25%', '2季度比例': '25%', '3季度比例': '25%', '4季度比例': '25%', '任务维护人': '洛既白', '年度开单金额': 5127225.36, '总任务承接人': '洛既白', '总任务达成率': '0.542216104473', '本月开单金额': 417947, '食饮部（万）': 0, '链接字段(勿删)': [{'text': '商用事业群;瀚川战区;珩京片区;洛既白', 'type': 'text'}], '剩余分配百分比': 0, '工业健康（万）': 40, '当前月最后一天': 31, '总任务（金额）': '9456055.1', '战区总任务金额': 600000000, '楼宇办公（万）': 960, '本月当前目标阈值': 537634.408602151, '本月总目标（万）': 83.3333333333333, '食饮部待分配任务': 0, '健康-年度开单金额': 85600, '食饮-年度开单金额': 275216.18, '工业健康待分配任务': 400000, '当前月份任务达成率': '0.530386503353', '本月开单金额（万）': 41.7947, '楼宇办公待分配任务': 9600000, '战区已分配金额-食饮': 115000000, '父级已审批金额-食饮': 115000000, '事业群剩余未分配金额': -576400000, '截止当天累计目标阈值': 6356164.38356164, '本月当前目标阈值 (万)': 53.763440860215, '楼宇办公-年度开单金额': 4766409.18, '片区已分配金额-食饮部': 2600000, '行业线已分配金额-食饮': 105000000, '战区下派片区总任务金额': 16400000, '截止当前目标阈值达成率': '0.806653989828', '健康-年度开单金额（万）': 8.56, '年度阈值/开单差额（万）': '-122.893902', '战区已分配金额-工业健康': 40000000, '战区已分配金额-楼宇办公': 300000000, '月度阈值/开单差额（万）': '-11.968741', '父级已审批金额-工业健康': 40000000, '父级已审批金额-楼宇办公': 300000000, '片区已分配金额-工业健康': 6000000, '片区已分配金额-楼宇办公': 55000000, '片区父级已审批金额-食饮': 2600000, '食饮-年度开单金额（万）': 27.521618, '事业群下派战区总任务金额': 600000000, '总金额转换（以万为单位）': 1000, '总额的待分配任务（金额）': 10000000, '客户经理已分配金额-食饮部': 2000000, '行业线已分配金额-工业健康': 10000000, '行业线已分配金额-楼宇办公': 30000000, '行业线父级已审批金额-食饮': 2600000, '截止当天累计目标阈值（万）': 635.616438356165, '片区下派客户经理总任务金额': 23600000, '客户经理已分配金额-工业健康': 1600000, '客户经理已分配金额-楼宇办公': 20000000, '楼宇办公-年度开单金额（万）': 476.640918, '片区父级已审批金额-工业健康': 6000000, '片区父级已审批金额-楼宇办公': 55000000, '客户经理父级已审批金额-食饮部': 2000000, '行业线父级已审批金额-工业健康': 6000000, '行业线父级已审批金额-楼宇办公': 55000000, '年度开单金额转换（以万为单位）': 512.722536, '客户经理父级已审批金额-工业健康': 1600000, '客户经理父级已审批金额-楼宇办公': 20000000}",2026-08-21 17:04:35.666689,2026-08-21 17:04:35.666689,2026-08-21 17:04:35.666689
92,recvdJyRRBcfzW,"{'2601': 1500000, '2602': 1500000, '2603': 1500000, '2604': 1500000, '公式': 1.66666666666667e-07, '战区': '瀚川战区', '片区': '珩京片区', '状态': '待确认', '编号': '103', '事业群': '商用事业群', '创建人': '谢亦舟', '当前年': 2026, '当前月': 8, '食饮部': '0', '客户经理': '韩亦舟', '层级级别': '客户经理', '工业健康': '486757.6', '当前日期': 21, '楼宇办公': '4380820.64', '父级引用': [{'text': '20', 'type': 'text', 'table_id': 'tblcLapTvgTH3EDa', 'text_arr': ['20'], 'record_ids': ['recvdJ0CNt8zSu']}], '经营主体': '星澜集团总部', '1季度比例': '25%', '2季度比例': '25%', '3季度比例': '25%', '4季度比例': '25%', '任务维护人': '洛既白', '年度开单金额': 4252650.18, '总任务承接人': '韩亦舟', '总任务达成率': '1.013401286291', '本月开单金额': 281248.18, '食饮部（万）': 0, '链接字段(勿删)': [{'text': '商用事业群;瀚川战区;珩京片区;韩亦舟', 'type': 'text'}], '剩余分配百分比': 0, '工业健康（万）': 60, '当前月最后一天': 31, '总任务（金额）': '4196412.85', '战区总任务金额': 600000000, '楼宇办公（万）': 540, '本月当前目标阈值': 322580.64516129, '本月总目标（万）': 50, '食饮部待分配任务': 0, '健康-年度开单金额': 1251950, '食饮-年度开单金额': 47125.18, '工业健康待分配任务': 600000, '当前月份任务达成率': '0.804253127764', '本月开单金额（万）': 28.124818, '楼宇办公待分配任务': 5400000, '战区已分配金额-食饮': 115000000, '父级已审批金额-食饮': 115000000, '事业群剩余未分配金额': -576400000, '截止当天累计目标阈值': 3813698.63013699, '本月当前目标阈值 (万)': 32.258064516129, '楼宇办公-年度开单金额': 2953575, '片区已分配金额-食饮部': 2600000, '行业线已分配金额-食饮': 105000000, '战区下派片区总任务金额': 16400000, '截止当前目标阈值达成率': '1.115098646336', '健康-年度开单金额（万）': 125.195, '年度阈值/开单差额（万）': '43.895155', '战区已分配金额-工业健康': 40000000, '战区已分配金额-楼宇办公': 300000000, '月度阈值/开单差额（万）': '-4.133247', '父级已审批金额-工业健康': 40000000, '父级已审批金额-楼宇办公': 300000000, '片区已分配金额-工业健康': 6000000, '片区已分配金额-楼宇办公': 55000000, '片区父级已审批金额-食饮': 2600000, '食饮-年度开单金额（万）': 4.712518, '事业群下派战区总任务金额': 600000000, '总金额转换（以万为单位）': 600, '总额的待分配任务（金额）': 6000000, '客户经理已分配金额-食饮部': 2000000, '行业线已分配金额-工业健康': 10000000, '行业线已分配金额-楼宇办公': 30000000, '行业线父级已审批金额-食饮': 2600000, '截止当天累计目标阈值（万）': 381.369863013699, '片区下派客户经理总任务金额': 23600000, '客户经理已分配金额-工业健康': 1600000, '客户经理已分配金额-楼宇办公': 20000000, '楼宇办公-年度开单金额（万）': 295.3575, '片区父级已审批金额-工业健康': 6000000, '片区父级已审批金额-楼宇办公': 55000000, '客户经理父级已审批金额-食饮部': 2000000, '行业线父级已审批金额-工业健康': 6000000, '行业线父级已审批金额-楼宇办公': 55000000, '年度开单金额转换（以万为单位）': 425.265018, '客户经理父级已审批金额-工业健康': 1600000, '客户经理父级已审批金额-楼宇办公': 20000000}",2026-08-21 17:04:35.666689,2026-08-21 17:04:35.666689,2026-08-21 17:04:35.666689
93,recvdJyRRBsZcC,"{'2601': 1400000, '2602': 1400000, '2603': 1400000, '2604': 1400000, '公式': 1.78571428571429e-07, '战区': '瀚川战区', '片区': '珩京片区', '状态': '待确认', '编号': '104', '事业群': '商用事业群', '创建人': '谢亦舟', '当前年': 2026, '当前月': 8, '食饮部': '0', '客户经理': '郑屿青', '层级级别': '客户经理', '工业健康': '838087.04', '当前日期': 21, '楼宇办公': '6984057.92', '父级引用': [{'text': '20', 'type': 'text', 'table_id': 'tblcLapTvgTH3EDa', 'text_arr': ['20'], 'record_ids': ['recvdJ0CNt8zSu']}], '经营主体': '星澜集团总部', '1季度比例': '25%', '2季度比例': '25%', '3季度比例': '25%', '4季度比例': '25%', '任务维护人': '洛既白', '年度开单金额': 2054296.03, '总任务承接人': '郑屿青', '总任务达成率': '0.586077860835', '本月开单金额': -242392, '食饮部（万）': 0, '链接字段(勿删)': [{'text': '商用事业群;瀚川战区;珩京片区;郑屿青', 'type': 'text'}], '剩余分配百分比': 0, '工业健康（万）': 60, '当前月最后一天': 31, '总任务（金额）': '3505158.9', '战区总任务金额': 600000000, '楼宇办公（万）': 500, '本月当前目标阈值': 301075.268817204, '本月总目标（万）': 46.6666666666667, '食饮部待分配任务': 0, '健康-年度开单金额': 0, '食饮-年度开单金额': 22200, '工业健康待分配任务': 600000, '当前月份任务达成率': '-0.829835132439', '本月开单金额（万）': -24.2392, '楼宇办公待分配任务': 5000000, '战区已分配金额-食饮': 115000000, '父级已审批金额-食饮': 115000000, '事业群剩余未分配金额': -576400000, '截止当天累计目标阈值': 3559452.05479452, '本月当前目标阈值 (万)': 30.1075268817204, '楼宇办公-年度开单金额': 2032096.03, '片区已分配金额-食饮部': 2600000, '行业线已分配金额-食饮': 105000000, '战区下派片区总任务金额': 16400000, '截止当前目标阈值达成率': '0.577138278133', '健康-年度开单金额（万）': 0, '年度阈值/开单差额（万）': '-150.515602', '战区已分配金额-工业健康': 40000000, '战区已分配金额-楼宇办公': 300000000, '月度阈值/开单差额（万）': '-54.346727', '父级已审批金额-工业健康': 40000000, '父级已审批金额-楼宇办公': 300000000, '片区已分配金额-工业健康': 6000000, '片区已分配金额-楼宇办公': 55000000, '片区父级已审批金额-食饮': 2600000, '食饮-年度开单金额（万）': 2.22, '事业群下派战区总任务金额': 600000000, '总金额转换（以万为单位）': 560, '总额的待分配任务（金额）': 5600000, '客户经理已分配金额-食饮部': 2000000, '行业线已分配金额-工业健康': 10000000, '行业线已分配金额-楼宇办公': 30000000, '行业线父级已审批金额-食饮': 2600000, '截止当天累计目标阈值（万）': 355.945205479452, '片区下派客户经理总任务金额': 23600000, '客户经理已分配金额-工业健康': 1600000, '客户经理已分配金额-楼宇办公': 20000000, '楼宇办公-年度开单金额（万）': 203.209603, '片区父级已审批金额-工业健康': 6000000, '片区父级已审批金额-楼宇办公': 55000000, '客户经理父级已审批金额-食饮部': 2000000, '行业线父级已审批金额-工业健康': 6000000, '行业线父级已审批金额-楼宇办公': 55000000, '年度开单金额转换（以万为单位）': 205.429603, '客户经理父级已审批金额-工业健康': 1600000, '客户经理父级已审批金额-楼宇办公': 20000000}",2026-08-21 17:04:35.666689,2026-08-21 17:04:35.666689,2026-08-21 17:04:35.666689
94,recvdJyRRBigO7,"{'2601': 500000, '2602': 500000, '2603': 500000, '2604': 500000, '公式': 5e-07, '战区': '瀚川战区', '片区': '珩京片区', '状态': '待确认', '编号': '105', '事业群': '商用事业群', '创建人': '谢亦舟', '当前年': 2026, '当前月': 8, '食饮部': '1820355.04', '客户经理': '池南珩', '层级级别': '客户经理', '工业健康': '0', '当前日期': 21, '楼宇办公': '0', '父级引用': [{'text': '20', 'type': 'text', 'table_id': 'tblcLapTvgTH3EDa', 'text_arr': ['20'], 'record_ids': ['recvdJ0CNt8zSu']}], '经营主体': '星澜集团总部', '1季度比例': '25%', '2季度比例': '25%', '3季度比例': '25%', '4季度比例': '25%', '任务维护人': '洛既白', '年度开单金额': 979691.75, '总任务承接人': '池南珩', '总任务达成率': '0.725218781665', '本月开单金额': 100521, '食饮部（万）': 200, '链接字段(勿删)': [{'text': '商用事业群;瀚川战区;珩京片区;池南珩', 'type': 'text'}], '剩余分配百分比': 0, '工业健康（万）': 0, '当前月最后一天': 31, '总任务（金额）': '1350891.31', '战区总任务金额': 600000000, '楼宇办公（万）': 0, '本月当前目标阈值': 107526.88172043, '本月总目标（万）': 16.6666666666667, '食饮部待分配任务': 2000000, '健康-年度开单金额': 27400, '食饮-年度开单金额': 735299, '工业健康待分配任务': 0, '当前月份任务达成率': '0.892930460853', '本月开单金额（万）': 10.0521, '楼宇办公待分配任务': 0, '战区已分配金额-食饮': 115000000, '父级已审批金额-食饮': 115000000, '事业群剩余未分配金额': -576400000, '截止当天累计目标阈值': 1271232.87671233, '本月当前目标阈值 (万)': 10.752688172043, '楼宇办公-年度开单金额': 216992.75, '片区已分配金额-食饮部': 2600000, '行业线已分配金额-食饮': 105000000, '战区下派片区总任务金额': 16400000, '截止当前目标阈值达成率': '0.770662691272', '健康-年度开单金额（万）': 2.74, '年度阈值/开单差额（万）': '-29.154113', '战区已分配金额-工业健康': 40000000, '战区已分配金额-楼宇办公': 300000000, '月度阈值/开单差额（万）': '-0.700588', '父级已审批金额-工业健康': 40000000, '父级已审批金额-楼宇办公': 300000000, '片区已分配金额-工业健康': 6000000, '片区已分配金额-楼宇办公': 55000000, '片区父级已审批金额-食饮': 2600000, '食饮-年度开单金额（万）': 73.5299, '事业群下派战区总任务金额': 600000000, '总金额转换（以万为单位）': 200, '总额的待分配任务（金额）': 2000000, '客户经理已分配金额-食饮部': 2000000, '行业线已分配金额-工业健康': 10000000, '行业线已分配金额-楼宇办公': 30000000, '行业线父级已审批金额-食饮': 2600000, '截止当天累计目标阈值（万）': 127.123287671233, '片区下派客户经理总任务金额': 23600000, '客户经理已分配金额-工业健康': 1600000, '客户经理已分配金额-楼宇办公': 20000000, '楼宇办公-年度开单金额（万）': 21.699275, '片区父级已审批金额-工业健康': 6000000, '片区父级已审批金额-楼宇办公': 55000000, '客户经理父级已审批金额-食饮部': 2000000, '行业线父级已审批金额-工业健康': 6000000, '行业线父级已审批金额-楼宇办公': 55000000, '年度开单金额转换（以万为单位）': 97.969175, '客户经理父级已审批金额-工业健康': 1600000, '客户经理父级已审批金额-楼宇办公': 20000000}",2026-08-21 17:04:35.666689,2026-08-21 17:04:35.666689,2026-08-21 17:04:35.666689
95,recvdJyRRBigsL,"{'2601': 500000, '2602': 500000, '2603': 500000, '2604': 500000, '公式': 5e-07, '战区': '瀚川战区', '片区': '墨汀片区', '状态': '待确认', '编号': '106', '事业群': '商用事业群', '创建人': '谢亦舟', '当前年': 2026, '当前月': 8, '食饮部': '0', '客户经理': '郑朔风', '层级级别': '客户经理', '工业健康': '0', '当前日期': 21, '楼宇办公': '2992612', '父级引用': [{'text': '26', 'type': 'text', 'table_id': 'tblcLapTvgTH3EDa', 'text_arr': ['26'], 'record_ids': ['recvdJ1QJd55yR']}], '经营主体': '星澜集团总部', '1季度比例': '25%', '2季度比例': '25%', '3季度比例': '25%', '4季度比例': '25%', '任务维护人': '郑朔风', '年度开单金额': 742517.3, '总任务承接人': '郑朔风', '总任务达成率': '0.386856492959', '本月开单金额': 2457, '食饮部（万）': 0, '链接字段(勿删)': [{'text': '商用事业群;瀚川战区;墨汀片区;郑朔风', 'type': 'text'}], '剩余分配百分比': 0, '工业健康（万）': 0, '当前月最后一天': 31, '总任务（金额）': '1919361.09', '战区总任务金额': 600000000, '楼宇办公（万）': 200, '本月当前目标阈值': 107526.88172043, '本月总目标（万）': 16.6666666666667, '食饮部待分配任务': 0, '健康-年度开单金额': 22960, '食饮-年度开单金额': 105250, '工业健康待分配任务': 0, '当前月份任务达成率': '0.015361361733', '本月开单金额（万）': 0.2457, '楼宇办公待分配任务': 2000000, '战区已分配金额-食饮': 115000000, '父级已审批金额-食饮': 115000000, '事业群剩余未分配金额': -598000000, '截止当天累计目标阈值': 1271232.87671233, '本月当前目标阈值 (万)': 10.752688172043, '楼宇办公-年度开单金额': 614307.3, '片区已分配金额-食饮部': 2600000, '行业线已分配金额-食饮': 105000000, '战区下派片区总任务金额': 16400000, '截止当前目标阈值达成率': '0.584092272629', '健康-年度开单金额（万）': 2.296, '年度阈值/开单差额（万）': '-52.871558', '战区已分配金额-工业健康': 40000000, '战区已分配金额-楼宇办公': 300000000, '月度阈值/开单差额（万）': '-10.506988', '父级已审批金额-工业健康': 40000000, '父级已审批金额-楼宇办公': 300000000, '片区已分配金额-工业健康': 6000000, '片区已分配金额-楼宇办公': 55000000, '片区父级已审批金额-食饮': 2600000, '食饮-年度开单金额（万）': 10.525, '事业群下派战区总任务金额': 600000000, '总金额转换（以万为单位）': 200, '总额的待分配任务（金额）': 2000000, '客户经理已分配金额-食饮部': 0, '行业线已分配金额-工业健康': 10000000, '行业线已分配金额-楼宇办公': 30000000, '行业线父级已审批金额-食饮': 2600000, '截止当天累计目标阈值（万）': 127.123287671233, '片区下派客户经理总任务金额': 2000000, '客户经理已分配金额-工业健康': 0, '客户经理已分配金额-楼宇办公': 2000000, '楼宇办公-年度开单金额（万）': 61.43073, '片区父级已审批金额-工业健康': 6000000, '片区父级已审批金额-楼宇办公': 55000000, '客户经理父级已审批金额-食饮部': 0, '行业线父级已审批金额-工业健康': 6000000, '行业线父级已审批金额-楼宇办公': 55000000, '年度开单金额转换（以万为单位）': 74.25173, '客户经理父级已审批金额-工业健康': 0, '客户经理父级已审批金额-楼宇办公': 2000000}",2026-08-21 17:04:35.666689,2026-08-21 17:04:35.666689,2026-08-21 17:04:35.666689
96,recvdJyRRBL7gm,"{'2601': 3025000, '2602': 3025000, '2603': 3025000, '2604': 3025000, '公式': 8.26446280991736e-08, '战区': '瀚川战区', '片区': '朔岑片区', '状态': '待确认', '编号': '108', '事业群': '商用事业群', '创建人': '谢亦舟', '当前年': 2026, '当前月': 8, '食饮部': '303122.4', '客户经理': '谢怀川', '层级级别': '客户经理', '工业健康': '2879660', '当前日期': 21, '楼宇办公': '15156104.32', '父级引用': [{'text': '24', 'type': 'text', 'table_id': 'tblcLapTvgTH3EDa', 'text_arr': ['24'], 'record_ids': ['recvdJ1y2u6y5N', 'recvdJyRRBlspA']}], '经营主体': '星澜集团总部', '1季度比例': '25%', '2季度比例': '25%', '3季度比例': '25%', '4季度比例': '25%', '任务维护人': '谢怀川', '年度开单金额': 1906338.4, '总任务承接人': '谢怀川', '总任务达成率': '0.163196851576', '本月开单金额': -29800, '食饮部（万）': 20, '链接字段(勿删)': [{'text': '商用事业群;瀚川战区;朔岑片区;谢怀川', 'type': 'text'}], '剩余分配百分比': 0, '工业健康（万）': 190, '当前月最后一天': 31, '总任务（金额）': '11681220.45', '战区总任务金额': 600000000, '楼宇办公（万）': 1000, '本月当前目标阈值': 650537.634408602, '本月总目标（万）': 100.833333333333, '食饮部待分配任务': 200000, '健康-年度开单金额': 0, '食饮-年度开单金额': 45750, '工业健康待分配任务': 1900000, '当前月份任务达成率': '-0.030613239561', '本月开单金额（万）': -2.98, '楼宇办公待分配任务': 10000000, '战区已分配金额-食饮': 115000000, '父级已审批金额-食饮': 115000000, '事业群剩余未分配金额': -587900000, '截止当天累计目标阈值': 7690958.90410959, '本月当前目标阈值 (万)': 65.0537634408602, '楼宇办公-年度开单金额': 1860588.4, '片区已分配金额-食饮部': 2600000, '行业线已分配金额-食饮': 105000000, '战区下派片区总任务金额': 16400000, '截止当前目标阈值达成率': '0.247867453691', '健康-年度开单金额（万）': 0, '年度阈值/开单差额（万）': '-578.46205', '战区已分配金额-工业健康': 40000000, '战区已分配金额-楼宇办公': 300000000, '月度阈值/开单差额（万）': '-68.033763', '父级已审批金额-工业健康': 40000000, '父级已审批金额-楼宇办公': 300000000, '片区已分配金额-工业健康': 6000000, '片区已分配金额-楼宇办公': 55000000, '片区父级已审批金额-食饮': 2600000, '食饮-年度开单金额（万）': 4.575, '事业群下派战区总任务金额': 600000000, '总金额转换（以万为单位）': 1210, '总额的待分配任务（金额）': 12100000, '客户经理已分配金额-食饮部': 200000, '行业线已分配金额-工业健康': 10000000, '行业线已分配金额-楼宇办公': 30000000, '行业线父级已审批金额-食饮': 2600000, '截止当天累计目标阈值（万）': 769.095890410959, '片区下派客户经理总任务金额': 12100000, '客户经理已分配金额-工业健康': 1900000, '客户经理已分配金额-楼宇办公': 10000000, '楼宇办公-年度开单金额（万）': 186.05884, '片区父级已审批金额-工业健康': 6000000, '片区父级已审批金额-楼宇办公': 55000000, '客户经理父级已审批金额-食饮部': 200000, '行业线父级已审批金额-工业健康': 6000000, '行业线父级已审批金额-楼宇办公': 55000000, '年度开单金额转换（以万为单位）': 190.63384, '客户经理父级已审批金额-工业健康': 1900000, '客户经理父级已审批金额-楼宇办公': 10000000}",2026-08-21 17:04:35.666689,2026-08-21 17:04:35.666689,2026-08-21 17:04:35.666689
97,recvdJyRRBIaxa,"{'2601': 2275000, '2602': 2275000, '2603': 2275000, '2604': 2275000, '公式': 1.0989010989011e-07, '战区': '岚屿战区', '片区': '潮汀片区', '状态': '待确认', '编号': '109', '事业群': '商用事业群', '创建人': '谢亦舟', '当前年': 2026, '当前月': 8, '食饮部': '72672.32', '客户经理': '邵屿青', '层级级别': '客户经理', '工业健康': '1453453.12', '当前日期': 21, '楼宇办公': '11700299.52', '父级引用': [{'text': '35', 'type': 'text', 'table_id': 'tblcLapTvgTH3EDa', 'text_arr': ['35'], 'record_ids': ['recvdJ4mTVhy5X']}], '经营主体': '星澜集团总部', '1季度比例': '25%', '2季度比例': '25%', '3季度比例': '25%', '4季度比例': '25%', '任务维护人': '傅屿青', '年度开单金额': 5814993.79, '总任务承接人': '邵屿青', '总任务达成率': '1.128389422753', '本月开单金额': 891146.499999999, '食饮部（万）': 5, '链接字段(勿删)': [{'text': '商用事业群;岚屿战区;潮汀片区;邵屿青', 'type': 'text'}], '剩余分配百分比': 0, '工业健康（万）': 100, '当前月最后一天': 31, '总任务（金额）': '5153357.23', '战区总任务金额': 600000000, '楼宇办公（万）': 805, '本月当前目标阈值': 489247.311827957, '本月总目标（万）': 75.8333333333333, '食饮部待分配任务': 50000, '健康-年度开单金额': 29800, '食饮-年度开单金额': 148368, '工业健康待分配任务': 1000000, '当前月份任务达成率': '2.075105125208', '本月开单金额（万）': 89.1146499999999, '楼宇办公待分配任务': 8050000, '战区已分配金额-食饮': 115000000, '父级已审批金额-食饮': 115000000, '事业群剩余未分配金额': -571500000, '截止当天累计目标阈值': 5784109.5890411, '本月当前目标阈值 (万)': 48.9247311827957, '楼宇办公-年度开单金额': 5636825.79, '片区已分配金额-食饮部': 2600000, '行业线已分配金额-食饮': 105000000, '战区下派片区总任务金额': 16400000, '截止当前目标阈值达成率': '1.005339490977', '健康-年度开单金额（万）': 2.98, '年度阈值/开单差额（万）': '3.08842', '战区已分配金额-工业健康': 40000000, '战区已分配金额-楼宇办公': 300000000, '月度阈值/开单差额（万）': '40.189919', '父级已审批金额-工业健康': 40000000, '父级已审批金额-楼宇办公': 300000000, '片区已分配金额-工业健康': 9400000, '片区已分配金额-楼宇办公': 70000000, '片区父级已审批金额-食饮': 2600000, '食饮-年度开单金额（万）': 14.8368, '事业群下派战区总任务金额': 600000000, '总金额转换（以万为单位）': 910, '总额的待分配任务（金额）': 9100000, '客户经理已分配金额-食饮部': 200000, '行业线已分配金额-工业健康': 10000000, '行业线已分配金额-楼宇办公': 30000000, '行业线父级已审批金额-食饮': 2600000, '截止当天累计目标阈值（万）': 578.41095890411, '片区下派客户经理总任务金额': 28500000, '客户经理已分配金额-工业健康': 3200000, '客户经理已分配金额-楼宇办公': 25100000, '楼宇办公-年度开单金额（万）': 563.682579, '片区父级已审批金额-工业健康': 9400000, '片区父级已审批金额-楼宇办公': 70000000, '客户经理父级已审批金额-食饮部': 200000, '行业线父级已审批金额-工业健康': 9400000, '行业线父级已审批金额-楼宇办公': 70000000, '年度开单金额转换（以万为单位）': 581.499379, '客户经理父级已审批金额-工业健康': 3200000, '客户经理父级已审批金额-楼宇办公': 25100000}",2026-08-21 17:04:35.666689,2026-08-21 17:04:35.666689,2026-08-21 17:04:35.666689
98,recvdJyRRB57FF,"{'2601': 1400000, '2602': 1400000, '2603': 1400000, '2604': 1400000, '公式': 1.78571428571429e-07, '战区': '岚屿战区', '片区': '潮汀片区', '状态': '待确认', '编号': '110', '事业群': '商用事业群', '创建人': '谢亦舟', '当前年': 2026, '当前月': 8, '食饮部': '42166.88', '客户经理': '苏屿青', '层级级别': '客户经理', '工业健康': '2319205.28', '当前日期': 21, '楼宇办公': '3542059.36', '父级引用': [{'text': '35', 'type': 'text', 'table_id': 'tblcLapTvgTH3EDa', 'text_arr': ['35'], 'record_ids': ['recvdJ4mTVhy5X']}], '经营主体': '星澜集团总部', '1季度比例': '25%', '2季度比例': '25%', '3季度比例': '25%', '4季度比例': '25%', '任务维护人': '傅屿青', '年度开单金额': 3751669.83, '总任务承接人': '苏屿青', '总任务达成率': '0.808329844303', '本月开单金额': 255247, '食饮部（万）': 4, '链接字段(勿删)': [{'text': '商用事业群;岚屿战区;潮汀片区;苏屿青', 'type': 'text'}], '剩余分配百分比': 0, '工业健康（万）': 220, '当前月最后一天': 31, '总任务（金额）': '4641261.06', '战区总任务金额': 600000000, '楼宇办公（万）': 336, '本月当前目标阈值': 301075.268817204, '本月总目标（万）': 46.6666666666667, '食饮部待分配任务': 40000, '健康-年度开单金额': 0, '食饮-年度开单金额': 43906, '工业健康待分配任务': 2200000, '当前月份任务达成率': '0.659942192521', '本月开单金额（万）': 25.5247, '楼宇办公待分配任务': 3360000, '战区已分配金额-食饮': 115000000, '父级已审批金额-食饮': 115000000, '事业群剩余未分配金额': -571500000, '截止当天累计目标阈值': 3559452.05479452, '本月当前目标阈值 (万)': 30.1075268817204, '楼宇办公-年度开单金额': 3707763.83, '片区已分配金额-食饮部': 2600000, '行业线已分配金额-食饮': 105000000, '战区下派片区总任务金额': 16400000, '截止当前目标阈值达成率': '1.054002068927', '健康-年度开单金额（万）': 0, '年度阈值/开单差额（万）': '19.221778', '战区已分配金额-工业健康': 40000000, '战区已分配金额-楼宇办公': 300000000, '月度阈值/开单差额（万）': '-4.582827', '父级已审批金额-工业健康': 40000000, '父级已审批金额-楼宇办公': 300000000, '片区已分配金额-工业健康': 9400000, '片区已分配金额-楼宇办公': 70000000, '片区父级已审批金额-食饮': 2600000, '食饮-年度开单金额（万）': 4.3906, '事业群下派战区总任务金额': 600000000, '总金额转换（以万为单位）': 560, '总额的待分配任务（金额）': 5600000, '客户经理已分配金额-食饮部': 200000, '行业线已分配金额-工业健康': 10000000, '行业线已分配金额-楼宇办公': 30000000, '行业线父级已审批金额-食饮': 2600000, '截止当天累计目标阈值（万）': 355.945205479452, '片区下派客户经理总任务金额': 28500000, '客户经理已分配金额-工业健康': 3200000, '客户经理已分配金额-楼宇办公': 25100000, '楼宇办公-年度开单金额（万）': 370.776383, '片区父级已审批金额-工业健康': 9400000, '片区父级已审批金额-楼宇办公': 70000000, '客户经理父级已审批金额-食饮部': 200000, '行业线父级已审批金额-工业健康': 9400000, '行业线父级已审批金额-楼宇办公': 70000000, '年度开单金额转换（以万为单位）': 375.166983, '客户经理父级已审批金额-工业健康': 3200000, '客户经理父级已审批金额-楼宇办公': 25100000}",2026-08-21 17:04:35.666689,2026-08-21 17:04:35.666689,2026-08-21 17:04:35.666689
99,recvdJyRRBG5g9,"{'2601': 750000, '2602': 750000, '2603': 750000, '2604': 750000, '公式': 3.33333333333333e-07, '战区': '岚屿战区', '片区': '潮汀片区', '状态': '待确认', '编号': '111', '事业群': '商用事业群', '创建人': '谢亦舟', '当前年': 2026, '当前月': 8, '食饮部': '43884.96', '客户经理': '池屿青', '层级级别': '客户经理', '工业健康': '0', '当前日期': 21, '楼宇办公': '4344560.64', '父级引用': [{'text': '35', 'type': 'text', 'table_id': 'tblcLapTvgTH3EDa', 'text_arr': ['35'], 'record_ids': ['recvdJ4mTVhy5X']}], '经营主体': '星澜集团总部', '1季度比例': '25%', '2季度比例': '25%', '3季度比例': '25%', '4季度比例': '25%', '任务维护人': '傅屿青', '年度开单金额': 1517435.03, '总任务承接人': '池屿青', '总任务达成率': '0.81659330412', '本月开单金额': 319804, '食饮部（万）': 3, '链接字段(勿删)': [{'text': '商用事业群;岚屿战区;潮汀片区;池屿青', 'type': 'text'}], '剩余分配百分比': 0, '工业健康（万）': 0, '当前月最后一天': 31, '总任务（金额）': '1858250.64', '战区总任务金额': 600000000, '楼宇办公（万）': 297, '本月当前目标阈值': 161290.322580645, '本月总目标（万）': 25, '食饮部待分配任务': 30000, '健康-年度开单金额': 0, '食饮-年度开单金额': 128915, '工业健康待分配任务': 0, '当前月份任务达成率': '2.065193961133', '本月开单金额（万）': 31.9804, '楼宇办公待分配任务': 2970000, '战区已分配金额-食饮': 115000000, '父级已审批金额-食饮': 115000000, '事业群剩余未分配金额': -571500000, '截止当天累计目标阈值': 1906849.31506849, '本月当前目标阈值 (万)': 16.1290322580645, '楼宇办公-年度开单金额': 1388520.03, '片区已分配金额-食饮部': 2600000, '行业线已分配金额-食饮': 105000000, '战区下派片区总任务金额': 16400000, '截止当前目标阈值达成率': '0.795781301652', '健康-年度开单金额（万）': 0, '年度阈值/开单差额（万）': '-38.941429', '战区已分配金额-工业健康': 40000000, '战区已分配金额-楼宇办公': 300000000, '月度阈值/开单差额（万）': '15.851368', '父级已审批金额-工业健康': 40000000, '父级已审批金额-楼宇办公': 300000000, '片区已分配金额-工业健康': 9400000, '片区已分配金额-楼宇办公': 70000000, '片区父级已审批金额-食饮': 2600000, '食饮-年度开单金额（万）': 12.8915, '事业群下派战区总任务金额': 600000000, '总金额转换（以万为单位）': 300, '总额的待分配任务（金额）': 3000000, '客户经理已分配金额-食饮部': 200000, '行业线已分配金额-工业健康': 10000000, '行业线已分配金额-楼宇办公': 30000000, '行业线父级已审批金额-食饮': 2600000, '截止当天累计目标阈值（万）': 190.684931506849, '片区下派客户经理总任务金额': 28500000, '客户经理已分配金额-工业健康': 3200000, '客户经理已分配金额-楼宇办公': 25100000, '楼宇办公-年度开单金额（万）': 138.852003, '片区父级已审批金额-工业健康': 9400000, '片区父级已审批金额-楼宇办公': 70000000, '客户经理父级已审批金额-食饮部': 200000, '行业线父级已审批金额-工业健康': 9400000, '行业线父级已审批金额-楼宇办公': 70000000, '年度开单金额转换（以万为单位）': 151.743503, '客户经理父级已审批金额-工业健康': 3200000, '客户经理父级已审批金额-楼宇办公': 25100000}",2026-08-21 17:04:35.666689,2026-08-21 17:04:35.666689,2026-08-21 17:04:35.666689
100,recvdJyRRBpSuN,"{'2601': 1175000, '2602': 1175000, '2603': 1175000, '2604': 1175000, '公式': 2.12765957446809e-07, '战区': '岚屿战区', '片区': '潮汀片区', '状态': '待确认', '编号': '112', '事业群': '商用事业群', '创建人': '谢亦舟', '当前年': 2026, '当前月': 8, '食饮部': '45684.8', '客户经理': '卫亦舟', '层级级别': '客户经理', '工业健康': '0', '当前日期': 21, '楼宇办公': '4248705.44', '父级引用': [{'text': '35', 'type': 'text', 'table_id': 'tblcLapTvgTH3EDa', 'text_arr': ['35'], 'record_ids': ['recvdJ4mTVhy5X']}], '经营主体': '星澜集团总部', '1季度比例': '25%', '2季度比例': '25%', '3季度比例': '25%', '4季度比例': '25%', '任务维护人': '傅屿青', '年度开单金额': 2785317.98999999, '总任务承接人': '卫亦舟', '总任务达成率': '0.677816797371', '本月开单金额': 167409, '食饮部（万）': 5, '链接字段(勿删)': [{'text': '商用事业群;岚屿战区;潮汀片区;卫亦舟', 'type': 'text'}], '剩余分配百分比': 0, '工业健康（万）': 0, '当前月最后一天': 31, '总任务（金额）': '4109248.99', '战区总任务金额': 600000000, '楼宇办公（万）': 465, '本月当前目标阈值': 252688.172043011, '本月总目标（万）': 39.1666666666667, '食饮部待分配任务': 50000, '健康-年度开单金额': 0, '食饮-年度开单金额': 13098, '工业健康待分配任务': 0, '当前月份任务达成率': '0.488874732315', '本月开单金额（万）': 16.7409, '楼宇办公待分配任务': 4650000, '战区已分配金额-食饮': 115000000, '父级已审批金额-食饮': 115000000, '事业群剩余未分配金额': -571500000, '截止当天累计目标阈值': 2987397.26027397, '本月当前目标阈值 (万)': 25.2688172043011, '楼宇办公-年度开单金额': 2772219.98999999, '片区已分配金额-食饮部': 2600000, '行业线已分配金额-食饮': 105000000, '战区下派片区总任务金额': 16400000, '截止当前目标阈值达成率': '0.93235607699', '健康-年度开单金额（万）': 0, '年度阈值/开单差额（万）': '-20.207927', '战区已分配金额-工业健康': 40000000, '战区已分配金额-楼宇办公': 300000000, '月度阈值/开单差额（万）': '-8.527917', '父级已审批金额-工业健康': 40000000, '父级已审批金额-楼宇办公': 300000000, '片区已分配金额-工业健康': 9400000, '片区已分配金额-楼宇办公': 70000000, '片区父级已审批金额-食饮': 2600000, '食饮-年度开单金额（万）': 1.3098, '事业群下派战区总任务金额': 600000000, '总金额转换（以万为单位）': 470, '总额的待分配任务（金额）': 4700000, '客户经理已分配金额-食饮部': 200000, '行业线已分配金额-工业健康': 10000000, '行业线已分配金额-楼宇办公': 30000000, '行业线父级已审批金额-食饮': 2600000, '截止当天累计目标阈值（万）': 298.739726027397, '片区下派客户经理总任务金额': 28500000, '客户经理已分配金额-工业健康': 3200000, '客户经理已分配金额-楼宇办公': 25100000, '楼宇办公-年度开单金额（万）': 277.221998999999, '片区父级已审批金额-工业健康': 9400000, '片区父级已审批金额-楼宇办公': 70000000, '客户经理父级已审批金额-食饮部': 200000, '行业线父级已审批金额-工业健康': 9400000, '行业线父级已审批金额-楼宇办公': 70000000, '年度开单金额转换（以万为单位）': 278.531798999999, '客户经理父级已审批金额-工业健康': 3200000, '客户经理父级已审批金额-楼宇办公': 25100000}",2026-08-21 17:04:35.666689,2026-08-21 17:04:35.666689,2026-08-21 17:04:35.666689
101,recvdJyRRBrRoc,"{'2601': 825000, '2602': 825000, '2603': 825000, '2604': 825000, '公式': 3.03030303030303e-07, '战区': '岚屿战区', '片区': '潮汀片区', '状态': '待确认', '编号': '113', '事业群': '商用事业群', '创建人': '谢亦舟', '当前年': 2026, '当前月': 8, '食饮部': '22407.84', '客户经理': '岳屿青', '层级级别': '客户经理', '工业健康': '0', '当前日期': 21, '楼宇办公': '2442452.32', '父级引用': [{'text': '35', 'type': 'text', 'table_id': 'tblcLapTvgTH3EDa', 'text_arr': ['35'], 'record_ids': ['recvdJ4mTVhy5X']}], '经营主体': '星澜集团总部', '1季度比例': '25%', '2季度比例': '25%', '3季度比例': '25%', '4季度比例': '25%', '任务维护人': '傅屿青', '年度开单金额': 2132163.6, '总任务承接人': '岳屿青', '总任务达成率': '1.044276211003', '本月开单金额': 20070, '食饮部（万）': 3, '链接字段(勿删)': [{'text': '商用事业群;岚屿战区;潮汀片区;岳屿青', 'type': 'text'}], '剩余分配百分比': 0, '工业健康（万）': 0, '当前月最后一天': 31, '总任务（金额）': '2041762.11', '战区总任务金额': 600000000, '楼宇办公（万）': 327, '本月当前目标阈值': 177419.35483871, '本月总目标（万）': 27.5, '食饮部待分配任务': 30000, '健康-年度开单金额': 0, '食饮-年度开单金额': 6510, '工业健康待分配任务': 0, '当前月份任务达成率': '0.117956934758', '本月开单金额（万）': 2.007, '楼宇办公待分配任务': 3270000, '战区已分配金额-食饮': 115000000, '父级已审批金额-食饮': 115000000, '事业群剩余未分配金额': -571500000, '截止当天累计目标阈值': 2097534.24657534, '本月当前目标阈值 (万)': 17.741935483871, '楼宇办公-年度开单金额': 2125653.6, '片区已分配金额-食饮部': 2600000, '行业线已分配金额-食饮': 105000000, '战区下派片区总任务金额': 16400000, '截止当前目标阈值达成率': '1.016509553292', '健康-年度开单金额（万）': 0, '年度阈值/开单差额（万）': '3.462935', '战区已分配金额-工业健康': 40000000, '战区已分配金额-楼宇办公': 300000000, '月度阈值/开单差额（万）': '-15.734935', '父级已审批金额-工业健康': 40000000, '父级已审批金额-楼宇办公': 300000000, '片区已分配金额-工业健康': 9400000, '片区已分配金额-楼宇办公': 70000000, '片区父级已审批金额-食饮': 2600000, '食饮-年度开单金额（万）': 0.651, '事业群下派战区总任务金额': 600000000, '总金额转换（以万为单位）': 330, '总额的待分配任务（金额）': 3300000, '客户经理已分配金额-食饮部': 200000, '行业线已分配金额-工业健康': 10000000, '行业线已分配金额-楼宇办公': 30000000, '行业线父级已审批金额-食饮': 2600000, '截止当天累计目标阈值（万）': 209.753424657534, '片区下派客户经理总任务金额': 28500000, '客户经理已分配金额-工业健康': 3200000, '客户经理已分配金额-楼宇办公': 25100000, '楼宇办公-年度开单金额（万）': 212.56536, '片区父级已审批金额-工业健康': 9400000, '片区父级已审批金额-楼宇办公': 70000000, '客户经理父级已审批金额-食饮部': 200000, '行业线父级已审批金额-工业健康': 9400000, '行业线父级已审批金额-楼宇办公': 70000000, '年度开单金额转换（以万为单位）': 213.21636, '客户经理父级已审批金额-工业健康': 3200000, '客户经理父级已审批金额-楼宇办公': 25100000}",2026-08-21 17:04:35.666689,2026-08-21 17:04:35.666689,2026-08-21 17:04:35.666689
102,recvdJyRRBaFgE,"{'2601': 700000, '2602': 700000, '2603': 700000, '2604': 700000, '公式': 3.57142857142857e-07, '战区': '岚屿战区', '片区': '潮汀片区', '状态': '待确认', '编号': '114', '事业群': '商用事业群', '创建人': '谢亦舟', '当前年': 2026, '当前月': 8, '食饮部': '0', '客户经理': '傅屿青', '层级级别': '客户经理', '工业健康': '0', '当前日期': 21, '楼宇办公': '4156057.92', '父级引用': [{'text': '35', 'type': 'text', 'table_id': 'tblcLapTvgTH3EDa', 'text_arr': ['35'], 'record_ids': ['recvdJ4mTVhy5X']}], '经营主体': '星澜集团总部', '1季度比例': '25%', '2季度比例': '25%', '3季度比例': '25%', '4季度比例': '25%', '任务维护人': '傅屿青', '年度开单金额': 22230, '总任务承接人': '傅屿青', '总任务达成率': '0.010806778309', '本月开单金额': 0, '食饮部（万）': 0, '链接字段(勿删)': [{'text': '商用事业群;岚屿战区;潮汀片区;傅屿青', 'type': 'text'}], '剩余分配百分比': 0, '工业健康（万）': 0, '当前月最后一天': 31, '总任务（金额）': '2057042.29', '战区总任务金额': 600000000, '楼宇办公（万）': 280, '本月当前目标阈值': 150537.634408602, '本月总目标（万）': 23.3333333333333, '食饮部待分配任务': 0, '健康-年度开单金额': 0, '食饮-年度开单金额': 0, '工业健康待分配任务': 0, '当前月份任务达成率': '0', '本月开单金额（万）': 0, '楼宇办公待分配任务': 2800000, '战区已分配金额-食饮': 115000000, '父级已审批金额-食饮': 115000000, '事业群剩余未分配金额': -571500000, '截止当天累计目标阈值': 1779726.02739726, '本月当前目标阈值 (万)': 15.0537634408602, '楼宇办公-年度开单金额': 22230, '片区已分配金额-食饮部': 2600000, '行业线已分配金额-食饮': 105000000, '战区下派片区总任务金额': 16400000, '截止当前目标阈值达成率': '0.012490686576', '健康-年度开单金额（万）': 0, '年度阈值/开单差额（万）': '-175.749603', '战区已分配金额-工业健康': 40000000, '战区已分配金额-楼宇办公': 300000000, '月度阈值/开单差额（万）': '-15.053763', '父级已审批金额-工业健康': 40000000, '父级已审批金额-楼宇办公': 300000000, '片区已分配金额-工业健康': 9400000, '片区已分配金额-楼宇办公': 70000000, '片区父级已审批金额-食饮': 2600000, '食饮-年度开单金额（万）': 0, '事业群下派战区总任务金额': 600000000, '总金额转换（以万为单位）': 280, '总额的待分配任务（金额）': 2800000, '客户经理已分配金额-食饮部': 200000, '行业线已分配金额-工业健康': 10000000, '行业线已分配金额-楼宇办公': 30000000, '行业线父级已审批金额-食饮': 2600000, '截止当天累计目标阈值（万）': 177.972602739726, '片区下派客户经理总任务金额': 28500000, '客户经理已分配金额-工业健康': 3200000, '客户经理已分配金额-楼宇办公': 25100000, '楼宇办公-年度开单金额（万）': 2.223, '片区父级已审批金额-工业健康': 9400000, '片区父级已审批金额-楼宇办公': 70000000, '客户经理父级已审批金额-食饮部': 200000, '行业线父级已审批金额-工业健康': 9400000, '行业线父级已审批金额-楼宇办公': 70000000, '年度开单金额转换（以万为单位）': 2.223, '客户经理父级已审批金额-工业健康': 3200000, '客户经理父级已审批金额-楼宇办公': 25100000}",2026-08-21 17:04:35.666689,2026-08-21 17:04:35.666689,2026-08-21 17:04:35.666689
103,recvdJyRRBczUE,"{'2601': 500000, '2602': 500000, '2603': 500000, '2604': 500000, '公式': 5e-07, '战区': '岚屿战区', '片区': '食饮', '状态': '待确认', '编号': '115', '事业群': '商用事业群', '创建人': '谢亦舟', '当前年': 2026, '当前月': 8, '食饮部': '1839010.88', '客户经理': '岳怀川', '层级级别': '客户经理', '工业健康': '0', '当前日期': 21, '楼宇办公': '0', '父级引用': [{'text': '41', 'type': 'text', 'table_id': 'tblcLapTvgTH3EDa', 'text_arr': ['41'], 'record_ids': ['recvdJ6bwCt6dB']}], '经营主体': '星澜集团总部', '1季度比例': '25%', '2季度比例': '25%', '3季度比例': '25%', '4季度比例': '25%', '任务维护人': '岳怀川', '年度开单金额': 485907.7, '总任务承接人': '岳怀川', '总任务达成率': '0.388573528318', '本月开单金额': 32139.2, '食饮部（万）': 200, '链接字段(勿删)': [{'text': '商用事业群;岚屿战区;食饮;岳怀川', 'type': 'text'}], '剩余分配百分比': 0, '工业健康（万）': 0, '当前月最后一天': 31, '总任务（金额）': '1250491', '战区总任务金额': 600000000, '楼宇办公（万）': 0, '本月当前目标阈值': 107526.88172043, '本月总目标（万）': 16.6666666666667, '食饮部待分配任务': 2000000, '健康-年度开单金额': 0, '食饮-年度开单金额': 481371.7, '工业健康待分配任务': 0, '当前月份任务达成率': '0.308415174519', '本月开单金额（万）': 3.21392, '楼宇办公待分配任务': 0, '战区已分配金额-食饮': 115000000, '父级已审批金额-食饮': 115000000, '事业群剩余未分配金额': -598000000, '截止当天累计目标阈值': 1271232.87671233, '本月当前目标阈值 (万)': 10.752688172043, '楼宇办公-年度开单金额': 4536, '片区已分配金额-食饮部': 2600000, '行业线已分配金额-食饮': 105000000, '战区下派片区总任务金额': 16400000, '截止当前目标阈值达成率': '0.382233427802', '健康-年度开单金额（万）': 0, '年度阈值/开单差额（万）': '-78.532518', '战区已分配金额-工业健康': 40000000, '战区已分配金额-楼宇办公': 300000000, '月度阈值/开单差额（万）': '-7.538768', '父级已审批金额-工业健康': 40000000, '父级已审批金额-楼宇办公': 300000000, '片区已分配金额-工业健康': 9400000, '片区已分配金额-楼宇办公': 70000000, '片区父级已审批金额-食饮': 2600000, '食饮-年度开单金额（万）': 48.13717, '事业群下派战区总任务金额': 600000000, '总金额转换（以万为单位）': 200, '总额的待分配任务（金额）': 2000000, '客户经理已分配金额-食饮部': 2000000, '行业线已分配金额-工业健康': 10000000, '行业线已分配金额-楼宇办公': 30000000, '行业线父级已审批金额-食饮': 2600000, '截止当天累计目标阈值（万）': 127.123287671233, '片区下派客户经理总任务金额': 2000000, '客户经理已分配金额-工业健康': 0, '客户经理已分配金额-楼宇办公': 0, '楼宇办公-年度开单金额（万）': 0.4536, '片区父级已审批金额-工业健康': 9400000, '片区父级已审批金额-楼宇办公': 70000000, '客户经理父级已审批金额-食饮部': 2000000, '行业线父级已审批金额-工业健康': 9400000, '行业线父级已审批金额-楼宇办公': 70000000, '年度开单金额转换（以万为单位）': 48.59077, '客户经理父级已审批金额-工业健康': 0, '客户经理父级已审批金额-楼宇办公': 0}",2026-08-21 17:04:35.666689,2026-08-21 17:04:35.666689,2026-08-21 17:04:35.666689
104,recvdJyRRBcaqH,"{'2601': 875000, '2602': 875000, '2603': 875000, '2604': 875000, '公式': 2.85714285714286e-07, '战区': '岚屿战区', '片区': '桂屿片区', '状态': '待确认', '编号': '116', '事业群': '商用事业群', '创建人': '谢亦舟', '当前年': 2026, '当前月': 8, '食饮部': '31250.24', '客户经理': '温怀川', '层级级别': '客户经理', '工业健康': '468752.48', '当前日期': 21, '楼宇办公': '4968774.72', '父级引用': [{'text': '37', 'type': 'text', 'table_id': 'tblcLapTvgTH3EDa', 'text_arr': ['37'], 'record_ids': ['recvdJ4CBs9wnC', 'recvdJyRRBhVdU']}], '经营主体': '星澜集团总部', '1季度比例': '25%', '2季度比例': '25%', '3季度比例': '25%', '4季度比例': '25%', '任务维护人': '沈既白', '年度开单金额': 1068109.03, '总任务承接人': '温怀川', '总任务达成率': '0.468762361221', '本月开单金额': 56030, '食饮部（万）': 2, '链接字段(勿删)': [{'text': '商用事业群;岚屿战区;桂屿片区;温怀川', 'type': 'text'}], '剩余分配百分比': 0, '工业健康（万）': 30, '当前月最后一天': 31, '总任务（金额）': '2278572.51', '战区总任务金额': 600000000, '楼宇办公（万）': 318, '本月当前目标阈值': 188172.043010753, '本月总目标（万）': 29.1666666666667, '食饮部待分配任务': 20000, '健康-年度开单金额': 0, '食饮-年度开单金额': 62455.53, '工业健康待分配任务': 300000, '当前月份任务达成率': '0.295079483777', '本月开单金额（万）': 5.603, '楼宇办公待分配任务': 3180000, '战区已分配金额-食饮': 115000000, '父级已审批金额-食饮': 115000000, '事业群剩余未分配金额': -580500000, '截止当天累计目标阈值': 2224657.53424658, '本月当前目标阈值 (万)': 18.8172043010753, '楼宇办公-年度开单金额': 1005653.5, '片区已分配金额-食饮部': 2600000, '行业线已分配金额-食饮': 105000000, '战区下派片区总任务金额': 16400000, '截止当前目标阈值达成率': '0.480122901416', '健康-年度开单金额（万）': 0, '年度阈值/开单差额（万）': '-115.65485', '战区已分配金额-工业健康': 40000000, '战区已分配金额-楼宇办公': 300000000, '月度阈值/开单差额（万）': '-13.214204', '父级已审批金额-工业健康': 40000000, '父级已审批金额-楼宇办公': 300000000, '片区已分配金额-工业健康': 9400000, '片区已分配金额-楼宇办公': 70000000, '片区父级已审批金额-食饮': 2600000, '食饮-年度开单金额（万）': 6.245553, '事业群下派战区总任务金额': 600000000, '总金额转换（以万为单位）': 350, '总额的待分配任务（金额）': 3500000, '客户经理已分配金额-食饮部': 100000, '行业线已分配金额-工业健康': 10000000, '行业线已分配金额-楼宇办公': 30000000, '行业线父级已审批金额-食饮': 2600000, '截止当天累计目标阈值（万）': 222.465753424658, '片区下派客户经理总任务金额': 19500000, '客户经理已分配金额-工业健康': 2300000, '客户经理已分配金额-楼宇办公': 17100000, '楼宇办公-年度开单金额（万）': 100.56535, '片区父级已审批金额-工业健康': 9400000, '片区父级已审批金额-楼宇办公': 70000000, '客户经理父级已审批金额-食饮部': 100000, '行业线父级已审批金额-工业健康': 9400000, '行业线父级已审批金额-楼宇办公': 70000000, '年度开单金额转换（以万为单位）': 106.810903, '客户经理父级已审批金额-工业健康': 2300000, '客户经理父级已审批金额-楼宇办公': 17100000}",2026-08-21 17:04:35.666689,2026-08-21 17:04:35.666689,2026-08-21 17:04:35.666689
105,recvdJyRRBdUs1,"{'2601': 900000, '2602': 900000, '2603': 900000, '2604': 900000, '公式': 2.77777777777778e-07, '战区': '岚屿战区', '片区': '桂屿片区', '状态': '待确认', '编号': '117', '事业群': '商用事业群', '创建人': '谢亦舟', '当前年': 2026, '当前月': 8, '食饮部': '28077.28', '客户经理': '郑亦舟', '层级级别': '客户经理', '工业健康': '701932', '当前日期': 21, '楼宇办公': '4323904.48', '父级引用': [{'text': '37', 'type': 'text', 'table_id': 'tblcLapTvgTH3EDa', 'text_arr': ['37'], 'record_ids': ['recvdJ4CBs9wnC', 'recvdJyRRBhVdU']}], '经营主体': '星澜集团总部', '1季度比例': '25%', '2季度比例': '25%', '3季度比例': '25%', '4季度比例': '25%', '任务维护人': '沈既白', '年度开单金额': 2217634.75, '总任务承接人': '郑亦舟', '总任务达成率': '0.772926597727', '本月开单金额': 198935, '食饮部（万）': 2, '链接字段(勿删)': [{'text': '商用事业群;岚屿战区;桂屿片区;郑亦舟', 'type': 'text'}], '剩余分配百分比': 0, '工业健康（万）': 50, '当前月最后一天': 31, '总任务（金额）': '2869140.17', '战区总任务金额': 600000000, '楼宇办公（万）': 308, '本月当前目标阈值': 193548.387096774, '本月总目标（万）': 30, '食饮部待分配任务': 20000, '健康-年度开单金额': 131640, '食饮-年度开单金额': 81254.5, '工业健康待分配任务': 500000, '当前月份任务达成率': '0.832033242907', '本月开单金额（万）': 19.8935, '楼宇办公待分配任务': 3080000, '战区已分配金额-食饮': 115000000, '父级已审批金额-食饮': 115000000, '事业群剩余未分配金额': -580500000, '截止当天累计目标阈值': 2288219.17808219, '本月当前目标阈值 (万)': 19.3548387096774, '楼宇办公-年度开单金额': 2004740.25, '片区已分配金额-食饮部': 2600000, '行业线已分配金额-食饮': 105000000, '战区下派片区总任务金额': 16400000, '截止当前目标阈值达成率': '0.969153117517', '健康-年度开单金额（万）': 13.164, '年度阈值/开单差额（万）': '-7.058443', '战区已分配金额-工业健康': 40000000, '战区已分配金额-楼宇办公': 300000000, '月度阈值/开单差额（万）': '0.538661', '父级已审批金额-工业健康': 40000000, '父级已审批金额-楼宇办公': 300000000, '片区已分配金额-工业健康': 9400000, '片区已分配金额-楼宇办公': 70000000, '片区父级已审批金额-食饮': 2600000, '食饮-年度开单金额（万）': 8.12545, '事业群下派战区总任务金额': 600000000, '总金额转换（以万为单位）': 360, '总额的待分配任务（金额）': 3600000, '客户经理已分配金额-食饮部': 100000, '行业线已分配金额-工业健康': 10000000, '行业线已分配金额-楼宇办公': 30000000, '行业线父级已审批金额-食饮': 2600000, '截止当天累计目标阈值（万）': 228.821917808219, '片区下派客户经理总任务金额': 19500000, '客户经理已分配金额-工业健康': 2300000, '客户经理已分配金额-楼宇办公': 17100000, '楼宇办公-年度开单金额（万）': 200.474025, '片区父级已审批金额-工业健康': 9400000, '片区父级已审批金额-楼宇办公': 70000000, '客户经理父级已审批金额-食饮部': 100000, '行业线父级已审批金额-工业健康': 9400000, '行业线父级已审批金额-楼宇办公': 70000000, '年度开单金额转换（以万为单位）': 221.763475, '客户经理父级已审批金额-工业健康': 2300000, '客户经理父级已审批金额-楼宇办公': 17100000}",2026-08-21 17:04:35.666689,2026-08-21 17:04:35.666689,2026-08-21 17:04:35.666689
106,recvdJyRRBFMGb,"{'2601': 825000, '2602': 825000, '2603': 825000, '2604': 825000, '公式': 3.03030303030303e-07, '战区': '岚屿战区', '片区': '桂屿片区', '状态': '待确认', '编号': '118', '事业群': '商用事业群', '创建人': '谢亦舟', '当前年': 2026, '当前月': 8, '食饮部': '16205.28', '客户经理': '沈怀川', '层级级别': '客户经理', '工业健康': '405118.56', '当前日期': 21, '楼宇办公': '2252457.76', '父级引用': [{'text': '37', 'type': 'text', 'table_id': 'tblcLapTvgTH3EDa', 'text_arr': ['37'], 'record_ids': ['recvdJ4CBs9wnC', 'recvdJyRRBhVdU']}], '经营主体': '星澜集团总部', '1季度比例': '25%', '2季度比例': '25%', '3季度比例': '25%', '4季度比例': '25%', '任务维护人': '沈既白', '年度开单金额': 1575124, '总任务承接人': '沈怀川', '总任务达成率': '0.700861581631', '本月开单金额': 11120, '食饮部（万）': 2, '链接字段(勿删)': [{'text': '商用事业群;岚屿战区;桂屿片区;沈怀川', 'type': 'text'}], '剩余分配百分比': 0, '工业健康（万）': 50, '当前月最后一天': 31, '总任务（金额）': '2247410.96', '战区总任务金额': 600000000, '楼宇办公（万）': 278, '本月当前目标阈值': 177419.35483871, '本月总目标（万）': 27.5, '食饮部待分配任务': 20000, '健康-年度开单金额': 0, '食饮-年度开单金额': 0, '工业健康待分配任务': 500000, '当前月份任务达成率': '0.059374988542', '本月开单金额（万）': 1.112, '楼宇办公待分配任务': 2780000, '战区已分配金额-食饮': 115000000, '父级已审批金额-食饮': 115000000, '事业群剩余未分配金额': -580500000, '截止当天累计目标阈值': 2097534.24657534, '本月当前目标阈值 (万)': 17.741935483871, '楼宇办公-年度开单金额': 1575124, '片区已分配金额-食饮部': 2600000, '行业线已分配金额-食饮': 105000000, '战区下派片区总任务金额': 16400000, '截止当前目标阈值达成率': '0.750940778474', '健康-年度开单金额（万）': 0, '年度阈值/开单差额（万）': '-52.241025', '战区已分配金额-工业健康': 40000000, '战区已分配金额-楼宇办公': 300000000, '月度阈值/开单差额（万）': '-16.629935', '父级已审批金额-工业健康': 40000000, '父级已审批金额-楼宇办公': 300000000, '片区已分配金额-工业健康': 9400000, '片区已分配金额-楼宇办公': 70000000, '片区父级已审批金额-食饮': 2600000, '食饮-年度开单金额（万）': 0, '事业群下派战区总任务金额': 600000000, '总金额转换（以万为单位）': 330, '总额的待分配任务（金额）': 3300000, '客户经理已分配金额-食饮部': 100000, '行业线已分配金额-工业健康': 10000000, '行业线已分配金额-楼宇办公': 30000000, '行业线父级已审批金额-食饮': 2600000, '截止当天累计目标阈值（万）': 209.753424657534, '片区下派客户经理总任务金额': 19500000, '客户经理已分配金额-工业健康': 2300000, '客户经理已分配金额-楼宇办公': 17100000, '楼宇办公-年度开单金额（万）': 157.5124, '片区父级已审批金额-工业健康': 9400000, '片区父级已审批金额-楼宇办公': 70000000, '客户经理父级已审批金额-食饮部': 100000, '行业线父级已审批金额-工业健康': 9400000, '行业线父级已审批金额-楼宇办公': 70000000, '年度开单金额转换（以万为单位）': 157.5124, '客户经理父级已审批金额-工业健康': 2300000, '客户经理父级已审批金额-楼宇办公': 17100000}",2026-08-21 17:04:35.666689,2026-08-21 17:04:35.666689,2026-08-21 17:04:35.666689
107,recvdJyRRBsNY4,"{'2601': 1675000, '2602': 1675000, '2603': 1675000, '2604': 1675000, '公式': 1.49253731343284e-07, '战区': '岚屿战区', '片区': '桂屿片区', '状态': '待确认', '编号': '119', '事业群': '商用事业群', '创建人': '谢亦舟', '当前年': 2026, '当前月': 8, '食饮部': '21693.28', '客户经理': '沈既白', '层级级别': '客户经理', '工业健康': '506182.88', '当前日期': 21, '楼宇办公': '4317013.12', '父级引用': [{'text': '37', 'type': 'text', 'table_id': 'tblcLapTvgTH3EDa', 'text_arr': ['37'], 'record_ids': ['recvdJ4CBs9wnC', 'recvdJyRRBhVdU']}], '经营主体': '星澜集团总部', '1季度比例': '25%', '2季度比例': '25%', '3季度比例': '25%', '4季度比例': '25%', '任务维护人': '沈既白', '年度开单金额': 1887131.34, '总任务承接人': '沈既白', '总任务达成率': '0.404169831712', '本月开单金额': 42947.2, '食饮部（万）': 3, '链接字段(勿删)': [{'text': '商用事业群;岚屿战区;桂屿片区;沈既白', 'type': 'text'}], '剩余分配百分比': 0, '工业健康（万）': 70, '当前月最后一天': 31, '总任务（金额）': '4669154.38', '战区总任务金额': 600000000, '楼宇办公（万）': 597, '本月当前目标阈值': 360215.053763441, '本月总目标（万）': 55.8333333333333, '食饮部待分配任务': 30000, '健康-年度开单金额': 0, '食饮-年度开单金额': 40902, '工业健康待分配任务': 700000, '当前月份任务达成率': '0.110376817311', '本月开单金额（万）': 4.29472, '楼宇办公待分配任务': 5970000, '战区已分配金额-食饮': 115000000, '父级已审批金额-食饮': 115000000, '事业群剩余未分配金额': -580500000, '截止当天累计目标阈值': 4258630.1369863, '本月当前目标阈值 (万)': 36.0215053763441, '楼宇办公-年度开单金额': 1846229.34, '片区已分配金额-食饮部': 2600000, '行业线已分配金额-食饮': 105000000, '战区下派片区总任务金额': 16400000, '截止当前目标阈值达成率': '0.443131072504', '健康-年度开单金额（万）': 0, '年度阈值/开单差额（万）': '-237.14988', '战区已分配金额-工业健康': 40000000, '战区已分配金额-楼宇办公': 300000000, '月度阈值/开单差额（万）': '-31.726785', '父级已审批金额-工业健康': 40000000, '父级已审批金额-楼宇办公': 300000000, '片区已分配金额-工业健康': 9400000, '片区已分配金额-楼宇办公': 70000000, '片区父级已审批金额-食饮': 2600000, '食饮-年度开单金额（万）': 4.0902, '事业群下派战区总任务金额': 600000000, '总金额转换（以万为单位）': 670, '总额的待分配任务（金额）': 6700000, '客户经理已分配金额-食饮部': 100000, '行业线已分配金额-工业健康': 10000000, '行业线已分配金额-楼宇办公': 30000000, '行业线父级已审批金额-食饮': 2600000, '截止当天累计目标阈值（万）': 425.86301369863, '片区下派客户经理总任务金额': 19500000, '客户经理已分配金额-工业健康': 2300000, '客户经理已分配金额-楼宇办公': 17100000, '楼宇办公-年度开单金额（万）': 184.622934, '片区父级已审批金额-工业健康': 9400000, '片区父级已审批金额-楼宇办公': 70000000, '客户经理父级已审批金额-食饮部': 100000, '行业线父级已审批金额-工业健康': 9400000, '行业线父级已审批金额-楼宇办公': 70000000, '年度开单金额转换（以万为单位）': 188.713134, '客户经理父级已审批金额-工业健康': 2300000, '客户经理父级已审批金额-楼宇办公': 17100000}",2026-08-21 17:04:35.666689,2026-08-21 17:04:35.666689,2026-08-21 17:04:35.666689
108,recvdJyRRB7qeJ,"{'2601': 600000, '2602': 600000, '2603': 600000, '2604': 600000, '公式': 4.16666666666667e-07, '战区': '岚屿战区', '片区': '桂屿片区', '状态': '待确认', '编号': '120', '事业群': '商用事业群', '创建人': '谢亦舟', '当前年': 2026, '当前月': 8, '食饮部': '11010.72', '客户经理': '白朔风', '层级级别': '客户经理', '工业健康': '330307.04', '当前日期': 21, '楼宇办公': '2301143.04', '父级引用': [{'text': '37', 'type': 'text', 'table_id': 'tblcLapTvgTH3EDa', 'text_arr': ['37'], 'record_ids': ['recvdJ4CBs9wnC', 'recvdJyRRBhVdU']}], '经营主体': '星澜集团总部', '1季度比例': '25%', '2季度比例': '25%', '3季度比例': '25%', '4季度比例': '25%', '任务维护人': '沈既白', '年度开单金额': 961321, '总任务承接人': '白朔风', '总任务达成率': '0.554060501578', '本月开单金额': 241142, '食饮部（万）': 1, '链接字段(勿删)': [{'text': '商用事业群;岚屿战区;桂屿片区;白朔风', 'type': 'text'}], '剩余分配百分比': 0, '工业健康（万）': 30, '当前月最后一天': 31, '总任务（金额）': '1735046.98', '战区总任务金额': 600000000, '楼宇办公（万）': 209, '本月当前目标阈值': 129032.258064516, '本月总目标（万）': 20, '食饮部待分配任务': 10000, '健康-年度开单金额': 17950, '食饮-年度开单金额': 24130, '工业健康待分配任务': 300000, '当前月份任务达成率': '1.667795761934', '本月开单金额（万）': 24.1142, '楼宇办公待分配任务': 2090000, '战区已分配金额-食饮': 115000000, '父级已审批金额-食饮': 115000000, '事业群剩余未分配金额': -580500000, '截止当天累计目标阈值': 1525479.45205479, '本月当前目标阈值 (万)': 12.9032258064516, '楼宇办公-年度开单金额': 919241, '片区已分配金额-食饮部': 2600000, '行业线已分配金额-食饮': 105000000, '战区下派片区总任务金额': 16400000, '截止当前目标阈值达成率': '0.630176302083', '健康-年度开单金额（万）': 1.795, '年度阈值/开单差额（万）': '-56.415845', '战区已分配金额-工业健康': 40000000, '战区已分配金额-楼宇办公': 300000000, '月度阈值/开单差额（万）': '11.210974', '父级已审批金额-工业健康': 40000000, '父级已审批金额-楼宇办公': 300000000, '片区已分配金额-工业健康': 9400000, '片区已分配金额-楼宇办公': 70000000, '片区父级已审批金额-食饮': 2600000, '食饮-年度开单金额（万）': 2.413, '事业群下派战区总任务金额': 600000000, '总金额转换（以万为单位）': 240, '总额的待分配任务（金额）': 2400000, '客户经理已分配金额-食饮部': 100000, '行业线已分配金额-工业健康': 10000000, '行业线已分配金额-楼宇办公': 30000000, '行业线父级已审批金额-食饮': 2600000, '截止当天累计目标阈值（万）': 152.547945205479, '片区下派客户经理总任务金额': 19500000, '客户经理已分配金额-工业健康': 2300000, '客户经理已分配金额-楼宇办公': 17100000, '楼宇办公-年度开单金额（万）': 91.9241, '片区父级已审批金额-工业健康': 9400000, '片区父级已审批金额-楼宇办公': 70000000, '客户经理父级已审批金额-食饮部': 100000, '行业线父级已审批金额-工业健康': 9400000, '行业线父级已审批金额-楼宇办公': 70000000, '年度开单金额转换（以万为单位）': 96.1321, '客户经理父级已审批金额-工业健康': 2300000, '客户经理父级已审批金额-楼宇办公': 17100000}",2026-08-21 17:04:35.666689,2026-08-21 17:04:35.666689,2026-08-21 17:04:35.666689
109,recvdJyRRB5VAi,"{'2601': 2250000, '2602': 2250000, '2603': 2250000, '2604': 2250000, '公式': 1.11111111111111e-07, '战区': '岚屿战区', '片区': '浔阳片区', '状态': '待确认', '编号': '122', '事业群': '商用事业群', '创建人': '谢亦舟', '当前年': 2026, '当前月': 8, '食饮部': '48205.92', '客户经理': '岳亦舟', '层级级别': '客户经理', '工业健康': '562397.92', '当前日期': 21, '楼宇办公': '6620222.56', '父级引用': [{'text': '39', 'type': 'text', 'table_id': 'tblcLapTvgTH3EDa', 'text_arr': ['39'], 'record_ids': ['recvdJ4MpxPdXb', 'recvdJyRRBtJ7v']}], '经营主体': '星澜集团总部', '1季度比例': '25%', '2季度比例': '25%', '3季度比例': '25%', '4季度比例': '25%', '任务维护人': '岳亦舟', '年度开单金额': 2175667.452768, '总任务承接人': '岳亦舟', '总任务达成率': '0.323007273489', '本月开单金额': -382881.3, '食饮部（万）': 6, '链接字段(勿删)': [{'text': '商用事业群;岚屿战区;浔阳片区;岳亦舟', 'type': 'text'}], '剩余分配百分比': 0, '工业健康（万）': 70, '当前月最后一天': 31, '总任务（金额）': '6735660.87', '战区总任务金额': 600000000, '楼宇办公（万）': 824, '本月当前目标阈值': 483870.967741935, '本月总目标（万）': 75, '食饮部待分配任务': 60000, '健康-年度开单金额': 306793.58, '食饮-年度开单金额': 57531, '工业健康待分配任务': 700000, '当前月份任务达成率': '-0.682126919493', '本月开单金额（万）': -38.28813, '楼宇办公待分配任务': 8240000, '战区已分配金额-食饮': 115000000, '父级已审批金额-食饮': 115000000, '事业群剩余未分配金额': -585000000, '截止当天累计目标阈值': 5720547.94520548, '本月当前目标阈值 (万)': 48.3870967741935, '楼宇办公-年度开单金额': 1811342.872768, '片区已分配金额-食饮部': 2600000, '行业线已分配金额-食饮': 105000000, '战区下派片区总任务金额': 16400000, '截止当前目标阈值达成率': '0.380325009703', '健康-年度开单金额（万）': 30.679358, '年度阈值/开单差额（万）': '-354.488049', '战区已分配金额-工业健康': 40000000, '战区已分配金额-楼宇办公': 300000000, '月度阈值/开单差额（万）': '-86.675227', '父级已审批金额-工业健康': 40000000, '父级已审批金额-楼宇办公': 300000000, '片区已分配金额-工业健康': 9400000, '片区已分配金额-楼宇办公': 70000000, '片区父级已审批金额-食饮': 2600000, '食饮-年度开单金额（万）': 5.7531, '事业群下派战区总任务金额': 600000000, '总金额转换（以万为单位）': 900, '总额的待分配任务（金额）': 9000000, '客户经理已分配金额-食饮部': 100000, '行业线已分配金额-工业健康': 10000000, '行业线已分配金额-楼宇办公': 30000000, '行业线父级已审批金额-食饮': 2600000, '截止当天累计目标阈值（万）': 572.054794520548, '片区下派客户经理总任务金额': 15000000, '客户经理已分配金额-工业健康': 1800000, '客户经理已分配金额-楼宇办公': 13100000, '楼宇办公-年度开单金额（万）': 181.1342872768, '片区父级已审批金额-工业健康': 9400000, '片区父级已审批金额-楼宇办公': 70000000, '客户经理父级已审批金额-食饮部': 100000, '行业线父级已审批金额-工业健康': 9400000, '行业线父级已审批金额-楼宇办公': 70000000, '年度开单金额转换（以万为单位）': 217.5667452768, '客户经理父级已审批金额-工业健康': 1800000, '客户经理父级已审批金额-楼宇办公': 13100000}",2026-08-21 17:04:35.666689,2026-08-21 17:04:35.666689,2026-08-21 17:04:35.666689
110,recvdJyRRBLIJC,"{'2601': 750000, '2602': 750000, '2603': 750000, '2604': 750000, '公式': 3.33333333333333e-07, '战区': '岚屿战区', '片区': '浔阳片区', '状态': '待确认', '编号': '124', '事业群': '商用事业群', '创建人': '谢亦舟', '当前年': 2026, '当前月': 8, '食饮部': '31595.2', '客户经理': '傅朔风', '层级级别': '客户经理', '工业健康': '315950.88', '当前日期': 21, '楼宇办公': '4391716', '父级引用': [{'text': '39', 'type': 'text', 'table_id': 'tblcLapTvgTH3EDa', 'text_arr': ['39'], 'record_ids': ['recvdJ4MpxPdXb', 'recvdJyRRBtJ7v']}], '经营主体': '星澜集团总部', '1季度比例': '25%', '2季度比例': '25%', '3季度比例': '25%', '4季度比例': '25%', '任务维护人': '岳亦舟', '年度开单金额': -302014.8, '总任务承接人': '傅朔风', '总任务达成率': '-0.112027404626', '本月开单金额': -572972.4, '食饮部（万）': 2, '链接字段(勿删)': [{'text': '商用事业群;岚屿战区;浔阳片区;傅朔风', 'type': 'text'}], '剩余分配百分比': 0, '工业健康（万）': 20, '当前月最后一天': 31, '总任务（金额）': '2695901.07', '战区总任务金额': 600000000, '楼宇办公（万）': 278, '本月当前目标阈值': 161290.322580645, '本月总目标（万）': 25, '食饮部待分配任务': 20000, '健康-年度开单金额': 0, '食饮-年度开单金额': 16379.5, '工业健康待分配任务': 200000, '当前月份任务达成率': '-2.550415842967', '本月开单金额（万）': -57.29724, '楼宇办公待分配任务': 2780000, '战区已分配金额-食饮': 115000000, '父级已审批金额-食饮': 115000000, '事业群剩余未分配金额': -585000000, '截止当天累计目标阈值': 1906849.31506849, '本月当前目标阈值 (万)': 16.1290322580645, '楼宇办公-年度开单金额': -318394.3, '片区已分配金额-食饮部': 2600000, '行业线已分配金额-食饮': 105000000, '战区下派片区总任务金额': 16400000, '截止当前目标阈值达成率': '-0.158384198276', '健康-年度开单金额（万）': 0, '年度阈值/开单差额（万）': '-220.886412', '战区已分配金额-工业健康': 40000000, '战区已分配金额-楼宇办公': 300000000, '月度阈值/开单差额（万）': '-73.426272', '父级已审批金额-工业健康': 40000000, '父级已审批金额-楼宇办公': 300000000, '片区已分配金额-工业健康': 9400000, '片区已分配金额-楼宇办公': 70000000, '片区父级已审批金额-食饮': 2600000, '食饮-年度开单金额（万）': 1.63795, '事业群下派战区总任务金额': 600000000, '总金额转换（以万为单位）': 300, '总额的待分配任务（金额）': 3000000, '客户经理已分配金额-食饮部': 100000, '行业线已分配金额-工业健康': 10000000, '行业线已分配金额-楼宇办公': 30000000, '行业线父级已审批金额-食饮': 2600000, '截止当天累计目标阈值（万）': 190.684931506849, '片区下派客户经理总任务金额': 15000000, '客户经理已分配金额-工业健康': 1800000, '客户经理已分配金额-楼宇办公': 13100000, '楼宇办公-年度开单金额（万）': -31.83943, '片区父级已审批金额-工业健康': 9400000, '片区父级已审批金额-楼宇办公': 70000000, '客户经理父级已审批金额-食饮部': 100000, '行业线父级已审批金额-工业健康': 9400000, '行业线父级已审批金额-楼宇办公': 70000000, '年度开单金额转换（以万为单位）': -30.20148, '客户经理父级已审批金额-工业健康': 1800000, '客户经理父级已审批金额-楼宇办公': 13100000}",2026-08-21 17:04:35.666689,2026-08-21 17:04:35.666689,2026-08-21 17:04:35.666689
111,recvdJyRRBucse,"{'2601': 750000, '2602': 750000, '2603': 750000, '2604': 750000, '公式': 3.33333333333333e-07, '战区': '岚屿战区', '片区': '浔阳片区', '状态': '待确认', '编号': '125', '事业群': '商用事业群', '创建人': '谢亦舟', '当前年': 2026, '当前月': 8, '食饮部': '29676.64', '客户经理': '林既白', '层级级别': '客户经理', '工业健康': '1335464.48', '当前日期': 21, '楼宇办公': '3086407.52', '父级引用': [{'text': '39', 'type': 'text', 'table_id': 'tblcLapTvgTH3EDa', 'text_arr': ['39'], 'record_ids': ['recvdJ4MpxPdXb', 'recvdJyRRBtJ7v']}], '经营主体': '星澜集团总部', '1季度比例': '25%', '2季度比例': '25%', '3季度比例': '25%', '4季度比例': '25%', '任务维护人': '岳亦舟', '年度开单金额': 1208883.26, '总任务承接人': '林既白', '总任务达成率': '0.692346869611', '本月开单金额': 205, '食饮部（万）': 2, '链接字段(勿删)': [{'text': '商用事业群;岚屿战区;浔阳片区;林既白', 'type': 'text'}], '剩余分配百分比': 0, '工业健康（万）': 90, '当前月最后一天': 31, '总任务（金额）': '1746065.9', '战区总任务金额': 600000000, '楼宇办公（万）': 208, '本月当前目标阈值': 161290.322580645, '本月总目标（万）': 25, '食饮部待分配任务': 20000, '健康-年度开单金额': 539996.67, '食饮-年度开单金额': 5500, '工业健康待分配任务': 900000, '当前月份任务达成率': '0.001408881532', '本月开单金额（万）': 0.0205, '楼宇办公待分配任务': 2080000, '战区已分配金额-食饮': 115000000, '父级已审批金额-食饮': 115000000, '事业群剩余未分配金额': -585000000, '截止当天累计目标阈值': 1906849.31506849, '本月当前目标阈值 (万)': 16.1290322580645, '楼宇办公-年度开单金额': 663386.59, '片区已分配金额-食饮部': 2600000, '行业线已分配金额-食饮': 105000000, '战区下派片区总任务金额': 16400000, '截止当前目标阈值达成率': '0.633968951006', '健康-年度开单金额（万）': 53.999667, '年度阈值/开单差额（万）': '-69.796606', '战区已分配金额-工业健康': 40000000, '战区已分配金额-楼宇办公': 300000000, '月度阈值/开单差额（万）': '-16.108532', '父级已审批金额-工业健康': 40000000, '父级已审批金额-楼宇办公': 300000000, '片区已分配金额-工业健康': 9400000, '片区已分配金额-楼宇办公': 70000000, '片区父级已审批金额-食饮': 2600000, '食饮-年度开单金额（万）': 0.55, '事业群下派战区总任务金额': 600000000, '总金额转换（以万为单位）': 300, '总额的待分配任务（金额）': 3000000, '客户经理已分配金额-食饮部': 100000, '行业线已分配金额-工业健康': 10000000, '行业线已分配金额-楼宇办公': 30000000, '行业线父级已审批金额-食饮': 2600000, '截止当天累计目标阈值（万）': 190.684931506849, '片区下派客户经理总任务金额': 15000000, '客户经理已分配金额-工业健康': 1800000, '客户经理已分配金额-楼宇办公': 13100000, '楼宇办公-年度开单金额（万）': 66.338659, '片区父级已审批金额-工业健康': 9400000, '片区父级已审批金额-楼宇办公': 70000000, '客户经理父级已审批金额-食饮部': 100000, '行业线父级已审批金额-工业健康': 9400000, '行业线父级已审批金额-楼宇办公': 70000000, '年度开单金额转换（以万为单位）': 120.888326, '客户经理父级已审批金额-工业健康': 1800000, '客户经理父级已审批金额-楼宇办公': 13100000}",2026-08-21 17:04:35.666689,2026-08-21 17:04:35.666689,2026-08-21 17:04:35.666689
112,recvdJyRRBoor3,"{'2601': 875000, '2602': 875000, '2603': 875000, '2604': 875000, '公式': 2.85714285714286e-07, '战区': '岚屿战区', '片区': '榕岸片区', '状态': '待确认', '编号': '126', '事业群': '商用事业群', '创建人': '谢亦舟', '当前年': 2026, '当前月': 8, '食饮部': '31162.88', '客户经理': '谢既白', '层级级别': '客户经理', '工业健康': '311626.56', '当前日期': 21, '楼宇办公': '1838598.72', '父级引用': [{'text': '43', 'type': 'text', 'table_id': 'tblcLapTvgTH3EDa', 'text_arr': ['43'], 'record_ids': ['recvdJ6pauzgNH']}], '经营主体': '星澜集团总部', '1季度比例': '25%', '2季度比例': '25%', '3季度比例': '25%', '4季度比例': '25%', '任务维护人': '谢既白', '年度开单金额': 832508.9, '总任务承接人': '谢既白', '总任务达成率': '0.359198648765', '本月开单金额': 23891, '食饮部（万）': 5, '链接字段(勿删)': [{'text': '商用事业群;岚屿战区;榕岸片区;谢既白', 'type': 'text'}], '剩余分配百分比': 0, '工业健康（万）': 50, '当前月最后一天': 31, '总任务（金额）': '2317683.83', '战区总任务金额': 600000000, '楼宇办公（万）': 295, '本月当前目标阈值': 188172.043010753, '本月总目标（万）': 29.1666666666667, '食饮部待分配任务': 50000, '健康-年度开单金额': 70380, '食饮-年度开单金额': 49890, '工业健康待分配任务': 500000, '当前月份任务达成率': '0.123697631355', '本月开单金额（万）': 2.3891, '楼宇办公待分配任务': 2950000, '战区已分配金额-食饮': 115000000, '父级已审批金额-食饮': 115000000, '事业群剩余未分配金额': -593000000, '截止当天累计目标阈值': 2224657.53424658, '本月当前目标阈值 (万)': 18.8172043010753, '楼宇办公-年度开单金额': 712238.9, '片区已分配金额-食饮部': 2600000, '行业线已分配金额-食饮': 105000000, '战区下派片区总任务金额': 16400000, '截止当前目标阈值达成率': '0.374218902094', '健康-年度开单金额（万）': 7.038, '年度阈值/开单差额（万）': '-139.214863', '战区已分配金额-工业健康': 40000000, '战区已分配金额-楼宇办公': 300000000, '月度阈值/开单差额（万）': '-16.428104', '父级已审批金额-工业健康': 40000000, '父级已审批金额-楼宇办公': 300000000, '片区已分配金额-工业健康': 9400000, '片区已分配金额-楼宇办公': 70000000, '片区父级已审批金额-食饮': 2600000, '食饮-年度开单金额（万）': 4.989, '事业群下派战区总任务金额': 600000000, '总金额转换（以万为单位）': 350, '总额的待分配任务（金额）': 3500000, '客户经理已分配金额-食饮部': 100000, '行业线已分配金额-工业健康': 10000000, '行业线已分配金额-楼宇办公': 30000000, '行业线父级已审批金额-食饮': 2600000, '截止当天累计目标阈值（万）': 222.465753424658, '片区下派客户经理总任务金额': 7000000, '客户经理已分配金额-工业健康': 1000000, '客户经理已分配金额-楼宇办公': 5900000, '楼宇办公-年度开单金额（万）': 71.22389, '片区父级已审批金额-工业健康': 9400000, '片区父级已审批金额-楼宇办公': 70000000, '客户经理父级已审批金额-食饮部': 100000, '行业线父级已审批金额-工业健康': 9400000, '行业线父级已审批金额-楼宇办公': 70000000, '年度开单金额转换（以万为单位）': 83.25089, '客户经理父级已审批金额-工业健康': 1000000, '客户经理父级已审批金额-楼宇办公': 5900000}",2026-08-21 17:04:35.666689,2026-08-21 17:04:35.666689,2026-08-21 17:04:35.666689
113,recvdJyRRB0SDY,"{'2601': 875000, '2602': 875000, '2603': 875000, '2604': 875000, '公式': 2.85714285714286e-07, '战区': '岚屿战区', '片区': '榕岸片区', '状态': '待确认', '编号': '127', '事业群': '商用事业群', '创建人': '谢亦舟', '当前年': 2026, '当前月': 8, '食饮部': '34564.32', '客户经理': '卫怀川', '层级级别': '客户经理', '工业健康': '345643.2', '当前日期': 21, '楼宇办公': '2039298.24', '父级引用': [{'text': '43', 'type': 'text', 'table_id': 'tblcLapTvgTH3EDa', 'text_arr': ['43'], 'record_ids': ['recvdJ6pauzgNH']}], '经营主体': '星澜集团总部', '1季度比例': '25%', '2季度比例': '25%', '3季度比例': '25%', '4季度比例': '25%', '任务维护人': '谢既白', '年度开单金额': 1080928.94, '总任务承接人': '卫怀川', '总任务达成率': '0.319704022752', '本月开单金额': 29330, '食饮部（万）': 5, '链接字段(勿删)': [{'text': '商用事业群;岚屿战区;榕岸片区;卫怀川', 'type': 'text'}], '剩余分配百分比': 0, '工业健康（万）': 50, '当前月最后一天': 31, '总任务（金额）': '3381030.15', '战区总任务金额': 600000000, '楼宇办公（万）': 295, '本月当前目标阈值': 188172.043010753, '本月总目标（万）': 29.1666666666667, '食饮部待分配任务': 50000, '健康-年度开单金额': 19550, '食饮-年度开单金额': 55270, '工业健康待分配任务': 500000, '当前月份任务达成率': '0.104098450586', '本月开单金额（万）': 2.933, '楼宇办公待分配任务': 2950000, '战区已分配金额-食饮': 115000000, '父级已审批金额-食饮': 115000000, '事业群剩余未分配金额': -593000000, '截止当天累计目标阈值': 2224657.53424658, '本月当前目标阈值 (万)': 18.8172043010753, '楼宇办公-年度开单金额': 1006108.94, '片区已分配金额-食饮部': 2600000, '行业线已分配金额-食饮': 105000000, '战区下派片区总任务金额': 16400000, '截止当前目标阈值达成率': '0.48588554569', '健康-年度开单金额（万）': 1.955, '年度阈值/开单差额（万）': '-114.372859', '战区已分配金额-工业健康': 40000000, '战区已分配金额-楼宇办公': 300000000, '月度阈值/开单差额（万）': '-15.884204', '父级已审批金额-工业健康': 40000000, '父级已审批金额-楼宇办公': 300000000, '片区已分配金额-工业健康': 9400000, '片区已分配金额-楼宇办公': 70000000, '片区父级已审批金额-食饮': 2600000, '食饮-年度开单金额（万）': 5.527, '事业群下派战区总任务金额': 600000000, '总金额转换（以万为单位）': 350, '总额的待分配任务（金额）': 3500000, '客户经理已分配金额-食饮部': 100000, '行业线已分配金额-工业健康': 10000000, '行业线已分配金额-楼宇办公': 30000000, '行业线父级已审批金额-食饮': 2600000, '截止当天累计目标阈值（万）': 222.465753424658, '片区下派客户经理总任务金额': 7000000, '客户经理已分配金额-工业健康': 1000000, '客户经理已分配金额-楼宇办公': 5900000, '楼宇办公-年度开单金额（万）': 100.610894, '片区父级已审批金额-工业健康': 9400000, '片区父级已审批金额-楼宇办公': 70000000, '客户经理父级已审批金额-食饮部': 100000, '行业线父级已审批金额-工业健康': 9400000, '行业线父级已审批金额-楼宇办公': 70000000, '年度开单金额转换（以万为单位）': 108.092894, '客户经理父级已审批金额-工业健康': 1000000, '客户经理父级已审批金额-楼宇办公': 5900000}",2026-08-21 17:04:35.666689,2026-08-21 17:04:35.666689,2026-08-21 17:04:35.666689
3,recvdIQhFgBefI,"{'2601': 20500000, '2602': 20500000, '2603': 20500000, '2604': 20500000, '公式': 1.21951219512195e-08, '战区': '岚屿战区', '状态': '已审批', '编号': '3', '事业群': '商用事业群', '创建人': '谢南珩', '当前年': 2026, '当前月': 8, '食饮部': '2436238.56', '层级级别': '战区', '工业健康': '10364384.8', '当前日期': 21, '楼宇办公': '75824446.88', '父级引用': [{'text': '1', 'type': 'text', 'table_id': 'tblcLapTvgTH3EDa', 'text_arr': ['1'], 'record_ids': ['recvdINcFhveNI']}], '经营主体': '星澜集团总部', '1季度比例': '25%', '2季度比例': '25%', '3季度比例': '25%', '4季度比例': '25%', '任务维护人': '沈亦舟、陆亦舟', '年度开单金额': 37320886.442768, '总任务承接人': '许怀川', '总任务达成率': '0.641022782114', '本月开单金额': 2375188.2, '食饮部（万）': 260, '链接字段(勿删)': [{'text': '商用事业群;岚屿战区;;', 'type': 'text'}], '剩余分配百分比': 0, '工业健康（万）': 940, '当前月最后一天': 31, '总任务（金额）': '58220842.51', '战区总任务金额': 600000000, '楼宇办公（万）': 7000, '本月当前目标阈值': 4408602.15053763, '本月总目标（万）': 683.333333333333, '食饮部待分配任务': 2600000, '健康-年度开单金额': 2852174.08, '食饮-年度开单金额': 1517736.93, '工业健康待分配任务': 9400000, '当前月份任务达成率': '0.489554207243', '本月开单金额（万）': 237.51882, '楼宇办公待分配任务': 70000000, '战区已分配金额-食饮': 115000000, '父级已审批金额-食饮': 115000000, '事业群剩余未分配金额': -145000000, '截止当天累计目标阈值': 52120547.9452055, '本月当前目标阈值 (万)': 440.860215053763, '楼宇办公-年度开单金额': 32950975.432768, '片区已分配金额-食饮部': 0, '行业线已分配金额-食饮': 0, '战区下派片区总任务金额': 0, '截止当前目标阈值达成率': '0.7160493877', '健康-年度开单金额（万）': 285.217408, '年度阈值/开单差额（万）': '-1479.96615', '战区已分配金额-工业健康': 40000000, '战区已分配金额-楼宇办公': 300000000, '月度阈值/开单差额（万）': '-203.341395', '父级已审批金额-工业健康': 40000000, '父级已审批金额-楼宇办公': 300000000, '片区已分配金额-工业健康': 0, '片区已分配金额-楼宇办公': 0, '片区父级已审批金额-食饮': 2600000, '食饮-年度开单金额（万）': 151.773693, '事业群下派战区总任务金额': 600000000, '总金额转换（以万为单位）': 8200, '总额的待分配任务（金额）': 82000000, '客户经理已分配金额-食饮部': 0, '行业线已分配金额-工业健康': 0, '行业线已分配金额-楼宇办公': 0, '行业线父级已审批金额-食饮': 2600000, '截止当天累计目标阈值（万）': 5212.05479452055, '片区下派客户经理总任务金额': 0, '客户经理已分配金额-工业健康': 0, '客户经理已分配金额-楼宇办公': 0, '楼宇办公-年度开单金额（万）': 3295.0975432768, '片区父级已审批金额-工业健康': 9400000, '片区父级已审批金额-楼宇办公': 70000000, '客户经理父级已审批金额-食饮部': 230000000, '行业线父级已审批金额-工业健康': 9400000, '行业线父级已审批金额-楼宇办公': 70000000, '年度开单金额转换（以万为单位）': 3732.0886442768, '客户经理父级已审批金额-工业健康': 80000000, '客户经理父级已审批金额-楼宇办公': 600000000}",2026-08-21 17:04:35.666689,2026-08-21 17:04:35.666689,2026-08-21 17:04:35.666689
4,recvdIQyBuSUDW,"{'2601': 17350000, '2602': 17350000, '2603': 17350000, '2604': 17350000, '公式': 1.44092219020173e-08, '战区': '朔岑战区', '状态': '已审批', '编号': '4', '事业群': '商用事业群', '创建人': '谢南珩', '当前年': 2026, '当前月': 8, '食饮部': '6450092.32', '层级级别': '战区', '工业健康': '9101001.28', '当前日期': 21, '楼宇办公': '60648215.04', '父级引用': [{'text': '1', 'type': 'text', 'table_id': 'tblcLapTvgTH3EDa', 'text_arr': ['1'], 'record_ids': ['recvdINcFhveNI']}], '经营主体': '星澜集团总部', '1季度比例': '25%', '2季度比例': '25%', '3季度比例': '25%', '4季度比例': '25%', '任务维护人': '沈亦舟、陆亦舟', '年度开单金额': 26130298, '总任务承接人': '江朔风', '总任务达成率': '0.477056872898', '本月开单金额': 1301037.82, '食饮部（万）': 260, '链接字段(勿删)': [{'text': '商用事业群;朔岑战区;;', 'type': 'text'}], '剩余分配百分比': 0, '工业健康（万）': 680, '当前月最后一天': 31, '总任务（金额）': '54773968.23', '战区总任务金额': 600000000, '楼宇办公（万）': 6000, '本月当前目标阈值': 3731182.79569892, '本月总目标（万）': 578.333333333333, '食饮部待分配任务': 2600000, '健康-年度开单金额': 2789700.92, '食饮-年度开单金额': 1501443.76, '工业健康待分配任务': 6800000, '当前月份任务达成率': '0.285034193149', '本月开单金额（万）': 130.103782, '楼宇办公待分配任务': 60000000, '战区已分配金额-食饮': 115000000, '父级已审批金额-食饮': 115000000, '事业群剩余未分配金额': -145000000, '截止当天累计目标阈值': 44111780.8219178, '本月当前目标阈值 (万)': 373.118279569892, '楼宇办公-年度开单金额': 21839153.32, '片区已分配金额-食饮部': 0, '行业线已分配金额-食饮': 0, '战区下派片区总任务金额': 0, '截止当前目标阈值达成率': '0.592365520347', '健康-年度开单金额（万）': 278.970092, '年度阈值/开单差额（万）': '-1798.148282', '战区已分配金额-工业健康': 40000000, '战区已分配金额-楼宇办公': 300000000, '月度阈值/开单差额（万）': '-243.014498', '父级已审批金额-工业健康': 40000000, '父级已审批金额-楼宇办公': 300000000, '片区已分配金额-工业健康': 0, '片区已分配金额-楼宇办公': 0, '片区父级已审批金额-食饮': 2600000, '食饮-年度开单金额（万）': 150.144376, '事业群下派战区总任务金额': 600000000, '总金额转换（以万为单位）': 6940, '总额的待分配任务（金额）': 69400000, '客户经理已分配金额-食饮部': 0, '行业线已分配金额-工业健康': 0, '行业线已分配金额-楼宇办公': 0, '行业线父级已审批金额-食饮': 2600000, '截止当天累计目标阈值（万）': 4411.17808219178, '片区下派客户经理总任务金额': 0, '客户经理已分配金额-工业健康': 0, '客户经理已分配金额-楼宇办公': 0, '楼宇办公-年度开单金额（万）': 2183.915332, '片区父级已审批金额-工业健康': 6800000, '片区父级已审批金额-楼宇办公': 60000000, '客户经理父级已审批金额-食饮部': 230000000, '行业线父级已审批金额-工业健康': 6800000, '行业线父级已审批金额-楼宇办公': 60000000, '年度开单金额转换（以万为单位）': 2613.0298, '客户经理父级已审批金额-工业健康': 80000000, '客户经理父级已审批金额-楼宇办公': 600000000}",2026-08-21 17:04:35.666689,2026-08-21 17:04:35.666689,2026-08-21 17:04:35.666689
5,recvdIQHwliUCQ,"{'2601': 15900000, '2602': 15900000, '2603': 15900000, '2604': 15900000, '公式': 1.57232704402516e-08, '战区': '瀚川战区', '状态': '已审批', '编号': '5', '事业群': '商用事业群', '创建人': '谢南珩', '当前年': 2026, '当前月': 8, '食饮部': '2494695.84', '层级级别': '战区', '工业健康': '6229471.36', '当前日期': 21, '楼宇办公': '63058656.64', '父级引用': [{'text': '1', 'type': 'text', 'table_id': 'tblcLapTvgTH3EDa', 'text_arr': ['1'], 'record_ids': ['recvdINcFhveNI']}], '经营主体': '星澜集团总部', '1季度比例': '25%', '2季度比例': '25%', '3季度比例': '25%', '4季度比例': '25%', '任务维护人': '沈亦舟、陆亦舟', '年度开单金额': 26049556.16, '总任务承接人': '池既白', '总任务达成率': '0.50641102288', '本月开单金额': 1541577.58, '食饮部（万）': 260, '链接字段(勿删)': [{'text': '商用事业群;瀚川战区;;', 'type': 'text'}], '剩余分配百分比': 0, '工业健康（万）': 600, '当前月最后一天': 31, '总任务（金额）': '51439552.03', '战区总任务金额': 600000000, '楼宇办公（万）': 5500, '本月当前目标阈值': 3419354.83870968, '本月总目标（万）': 530, '食饮部待分配任务': 2600000, '健康-年度开单金额': 1086130, '食饮-年度开单金额': 1813951.54, '工业健康待分配任务': 6000000, '当前月份任务达成率': '0.359624651265', '本月开单金额（万）': 154.157758, '楼宇办公待分配任务': 55000000, '战区已分配金额-食饮': 115000000, '父级已审批金额-食饮': 115000000, '事业群剩余未分配金额': -145000000, '截止当天累计目标阈值': 40425205.4794521, '本月当前目标阈值 (万)': 341.935483870968, '楼宇办公-年度开单金额': 23149474.62, '片区已分配金额-食饮部': 0, '行业线已分配金额-食饮': 0, '战区下派片区总任务金额': 0, '截止当前目标阈值达成率': '0.644388961071', '健康-年度开单金额（万）': 108.613, '年度阈值/开单差额（万）': '-1437.564932', '战区已分配金额-工业健康': 40000000, '战区已分配金额-楼宇办公': 300000000, '月度阈值/开单差额（万）': '-187.777726', '父级已审批金额-工业健康': 40000000, '父级已审批金额-楼宇办公': 300000000, '片区已分配金额-工业健康': 0, '片区已分配金额-楼宇办公': 0, '片区父级已审批金额-食饮': 2600000, '食饮-年度开单金额（万）': 181.395154, '事业群下派战区总任务金额': 600000000, '总金额转换（以万为单位）': 6360, '总额的待分配任务（金额）': 63600000, '客户经理已分配金额-食饮部': 0, '行业线已分配金额-工业健康': 0, '行业线已分配金额-楼宇办公': 0, '行业线父级已审批金额-食饮': 2600000, '截止当天累计目标阈值（万）': 4042.52054794521, '片区下派客户经理总任务金额': 0, '客户经理已分配金额-工业健康': 0, '客户经理已分配金额-楼宇办公': 0, '楼宇办公-年度开单金额（万）': 2314.947462, '片区父级已审批金额-工业健康': 6000000, '片区父级已审批金额-楼宇办公': 55000000, '客户经理父级已审批金额-食饮部': 230000000, '行业线父级已审批金额-工业健康': 6000000, '行业线父级已审批金额-楼宇办公': 55000000, '年度开单金额转换（以万为单位）': 2604.955616, '客户经理父级已审批金额-工业健康': 80000000, '客户经理父级已审批金额-楼宇办公': 600000000}",2026-08-21 17:04:35.666689,2026-08-21 17:04:35.666689,2026-08-21 17:04:35.666689
2,recvdIONI7neIv,"{'2601': 23750000, '2602': 23750000, '2603': 23750000, '2604': 23750000, '公式': 1.05263157894737e-08, '战区': '澔原战区', '状态': '已审批', '编号': '2', '事业群': '商用事业群', '创建人': '谢南珩', '当前年': 2026, '当前月': 8, '食饮部': '4475518.88', '层级级别': '战区', '工业健康': '9279083.52', '当前日期': 21, '楼宇办公': '92646274.56', '父级引用': [{'text': '1', 'type': 'text', 'table_id': 'tblcLapTvgTH3EDa', 'text_arr': ['1'], 'record_ids': ['recvdINcFhveNI']}], '经营主体': '星澜集团总部', '1季度比例': '25%', '2季度比例': '25%', '3季度比例': '25%', '4季度比例': '25%', '任务维护人': '沈亦舟、陆亦舟', '年度开单金额': 39108687.74, '总任务承接人': '温亦舟', '总任务达成率': '0.558709580951', '本月开单金额': 937588.189999999, '食饮部（万）': 220, '链接字段(勿删)': [{'text': '商用事业群;澔原战区;;', 'type': 'text'}], '剩余分配百分比': 0, '工业健康（万）': 780, '当前月最后一天': 31, '总任务（金额）': '69998240.72', '战区总任务金额': 600000000, '楼宇办公（万）': 8500, '本月当前目标阈值': 5107526.88172043, '本月总目标（万）': 791.666666666667, '食饮部待分配任务': 2200000, '健康-年度开单金额': 5409188.14, '食饮-年度开单金额': 1924141.51, '工业健康待分配任务': 7800000, '当前月份任务达成率': '0.160733443645', '本月开单金额（万）': 93.7588189999999, '楼宇办公待分配任务': 85000000, '战区已分配金额-食饮': 115000000, '父级已审批金额-食饮': 115000000, '事业群剩余未分配金额': -145000000, '截止当天累计目标阈值': 60383561.6438356, '本月当前目标阈值 (万)': 510.752688172043, '楼宇办公-年度开单金额': 31775358.09, '片区已分配金额-食饮部': 0, '行业线已分配金额-食饮': 0, '战区下派片区总任务金额': 0, '截止当前目标阈值达成率': '0.647671099142', '健康-年度开单金额（万）': 540.918814, '年度阈值/开单差额（万）': '-2127.48739', '战区已分配金额-工业健康': 40000000, '战区已分配金额-楼宇办公': 300000000, '月度阈值/开单差额（万）': '-416.993869', '父级已审批金额-工业健康': 40000000, '父级已审批金额-楼宇办公': 300000000, '片区已分配金额-工业健康': 0, '片区已分配金额-楼宇办公': 0, '片区父级已审批金额-食饮': 2200000, '食饮-年度开单金额（万）': 192.414151, '事业群下派战区总任务金额': 600000000, '总金额转换（以万为单位）': 9500, '总额的待分配任务（金额）': 95000000, '客户经理已分配金额-食饮部': 0, '行业线已分配金额-工业健康': 0, '行业线已分配金额-楼宇办公': 0, '行业线父级已审批金额-食饮': 2200000, '截止当天累计目标阈值（万）': 6038.35616438356, '片区下派客户经理总任务金额': 0, '客户经理已分配金额-工业健康': 0, '客户经理已分配金额-楼宇办公': 0, '楼宇办公-年度开单金额（万）': 3177.535809, '片区父级已审批金额-工业健康': 7800000, '片区父级已审批金额-楼宇办公': 85000000, '客户经理父级已审批金额-食饮部': 230000000, '行业线父级已审批金额-工业健康': 7800000, '行业线父级已审批金额-楼宇办公': 85000000, '年度开单金额转换（以万为单位）': 3910.868774, '客户经理父级已审批金额-工业健康': 80000000, '客户经理父级已审批金额-楼宇办公': 600000000}",2026-08-21 17:04:35.666689,2026-08-21 17:04:35.666689,2026-08-21 17:04:35.666689
114,recvdJyRRBqsf9,"{'2601': 750000, '2602': 750000, '2603': 750000, '2604': 750000, '公式': 3.33333333333333e-07, '战区': '岚屿战区', '片区': '潇湘片区', '状态': '待确认', '编号': '128', '事业群': '商用事业群', '创建人': '谢亦舟', '当前年': 2026, '当前月': 8, '食饮部': '86969.12', '客户经理': '江南珩', '层级级别': '客户经理', '工业健康': '0', '当前日期': 21, '楼宇办公': '2522108.96', '父级引用': [{'text': '42', 'type': 'text', 'table_id': 'tblcLapTvgTH3EDa', 'text_arr': ['42'], 'record_ids': ['recvdJ6iR2w1nC']}], '经营主体': '星澜集团总部', '1季度比例': '25%', '2季度比例': '25%', '3季度比例': '25%', '4季度比例': '25%', '任务维护人': '江南珩', '年度开单金额': 593988.52, '总任务承接人': '江南珩', '总任务达成率': '0.248193045541', '本月开单金额': 49470, '食饮部（万）': 10, '链接字段(勿删)': [{'text': '商用事业群;岚屿战区;潇湘片区;江南珩', 'type': 'text'}], '剩余分配百分比': 0, '工业健康（万）': 0, '当前月最后一天': 31, '总任务（金额）': '2393252.07', '战区总任务金额': 600000000, '楼宇办公（万）': 290, '本月当前目标阈值': 161290.322580645, '本月总目标（万）': 25, '食饮部待分配任务': 100000, '健康-年度开单金额': 13200, '食饮-年度开单金额': 12733.52, '工业健康待分配任务': 0, '当前月份任务达成率': '0.248047419426', '本月开单金额（万）': 4.947, '楼宇办公待分配任务': 2900000, '战区已分配金额-食饮': 115000000, '父级已审批金额-食饮': 115000000, '事业群剩余未分配金额': -590000000, '截止当天累计目标阈值': 1906849.31506849, '本月当前目标阈值 (万)': 16.1290322580645, '楼宇办公-年度开单金额': 568055, '片区已分配金额-食饮部': 2600000, '行业线已分配金额-食饮': 105000000, '战区下派片区总任务金额': 16400000, '截止当前目标阈值达成率': '0.311502600287', '健康-年度开单金额（万）': 1.32, '年度阈值/开单差额（万）': '-131.28608', '战区已分配金额-工业健康': 40000000, '战区已分配金额-楼宇办公': 300000000, '月度阈值/开单差额（万）': '-11.182032', '父级已审批金额-工业健康': 40000000, '父级已审批金额-楼宇办公': 300000000, '片区已分配金额-工业健康': 9400000, '片区已分配金额-楼宇办公': 70000000, '片区父级已审批金额-食饮': 2600000, '食饮-年度开单金额（万）': 1.273352, '事业群下派战区总任务金额': 600000000, '总金额转换（以万为单位）': 300, '总额的待分配任务（金额）': 3000000, '客户经理已分配金额-食饮部': 100000, '行业线已分配金额-工业健康': 10000000, '行业线已分配金额-楼宇办公': 30000000, '行业线父级已审批金额-食饮': 2600000, '截止当天累计目标阈值（万）': 190.684931506849, '片区下派客户经理总任务金额': 10000000, '客户经理已分配金额-工业健康': 1100000, '客户经理已分配金额-楼宇办公': 8800000, '楼宇办公-年度开单金额（万）': 56.8055, '片区父级已审批金额-工业健康': 9400000, '片区父级已审批金额-楼宇办公': 70000000, '客户经理父级已审批金额-食饮部': 100000, '行业线父级已审批金额-工业健康': 9400000, '行业线父级已审批金额-楼宇办公': 70000000, '年度开单金额转换（以万为单位）': 59.398852, '客户经理父级已审批金额-工业健康': 1100000, '客户经理父级已审批金额-楼宇办公': 8800000}",2026-08-21 17:04:35.666689,2026-08-21 17:04:35.666689,2026-08-21 17:04:35.666689
1,recvdINcFhveNI,"{'2601': 113750000, '2602': 113750000, '2603': 113750000, '2604': 113750000, '公式': 2.1978021978022e-09, '状态': '已审批', '编号': '1', '事业群': '商用事业群', '创建人': '谢南珩', '当前年': 2026, '当前月': 8, '食饮部': '128800000', '层级级别': '事业群', '工业健康': '44800000', '当前日期': 21, '楼宇办公': '336000000', '父级引用': [{'type': 'text', 'table_id': 'tblcLapTvgTH3EDa', 'text_arr': []}], '经营主体': '星澜集团总部', '1季度比例': '25%', '2季度比例': '25%', '3季度比例': '25%', '4季度比例': '25%', '任务维护人': '沈亦舟、陆亦舟', '年度开单金额': 212397388.502768, '总任务承接人': '祁屿青', '总任务达成率': '0.6086188434', '本月开单金额': 9535612.66, '食饮部（万）': 11500, '链接字段(勿删)': [{'text': '商用事业群;;;', 'type': 'text'}], '剩余分配百分比': 0, '工业健康（万）': 4000, '当前月最后一天': 31, '总任务（金额）': '348982603.49', '战区总任务金额': 600000000, '楼宇办公（万）': 30000, '本月当前目标阈值': 24462365.5913978, '本月总目标（万）': 3791.66666666667, '食饮部待分配任务': 115000000, '健康-年度开单金额': 18002593.63, '食饮-年度开单金额': 52061541.01, '工业健康待分配任务': 40000000, '已分配任务（金额）': '304624000', '当前月份任务达成率': '0.327888412705', '本月开单金额（万）': 953.561266, '楼宇办公待分配任务': 300000000, '战区已分配金额-食饮': 0, '父级已审批金额-食饮': 115000000, '事业群剩余未分配金额': -600000000, '截止当天累计目标阈值': 289205479.452055, '本月当前目标阈值 (万)': 2446.23655913978, '楼宇办公-年度开单金额': 142333253.862768, '片区已分配金额-食饮部': 0, '行业线已分配金额-食饮': 0, '战区下派片区总任务金额': 0, '截止当前目标阈值达成率': '0.734416889006', '健康-年度开单金额（万）': 1800.259363, '年度阈值/开单差额（万）': '-7680.809095', '战区已分配金额-工业健康': 0, '战区已分配金额-楼宇办公': 0, '月度阈值/开单差额（万）': '-1492.675293', '父级已审批金额-工业健康': 40000000, '父级已审批金额-楼宇办公': 300000000, '片区已分配金额-工业健康': 0, '片区已分配金额-楼宇办公': 0, '片区父级已审批金额-食饮': 115000000, '食饮-年度开单金额（万）': 5206.154101, '事业群下派战区总任务金额': 0, '总金额转换（以万为单位）': 45500, '总额的待分配任务（金额）': 69400000, '客户经理已分配金额-食饮部': 0, '行业线已分配金额-工业健康': 0, '行业线已分配金额-楼宇办公': 0, '行业线父级已审批金额-食饮': 115000000, '截止当天累计目标阈值（万）': 28920.5479452055, '片区下派客户经理总任务金额': 0, '客户经理已分配金额-工业健康': 0, '客户经理已分配金额-楼宇办公': 0, '楼宇办公-年度开单金额（万）': 14233.3253862768, '片区父级已审批金额-工业健康': 40000000, '片区父级已审批金额-楼宇办公': 300000000, '客户经理父级已审批金额-食饮部': 230000000, '行业线父级已审批金额-工业健康': 40000000, '行业线父级已审批金额-楼宇办公': 300000000, '年度开单金额转换（以万为单位）': 21239.7388502768, '客户经理父级已审批金额-工业健康': 80000000, '客户经理父级已审批金额-楼宇办公': 600000000}",2026-08-21 17:04:35.666689,2026-08-21 17:04:35.666689,2026-08-21 17:04:35.666689
115,recvdJyRRBBdiL,"{'2601': 875000, '2602': 875000, '2603': 875000, '2604': 875000, '公式': 2.85714285714286e-07, '战区': '岚屿战区', '片区': '潇湘片区', '状态': '待确认', '编号': '129', '事业群': '商用事业群', '创建人': '谢亦舟', '当前年': 2026, '当前月': 8, '食饮部': '0', '客户经理': '祁亦舟', '层级级别': '客户经理', '工业健康': '0', '当前日期': 21, '楼宇办公': '3874083.36', '父级引用': [{'text': '42', 'type': 'text', 'table_id': 'tblcLapTvgTH3EDa', 'text_arr': ['42'], 'record_ids': ['recvdJ6iR2w1nC']}], '经营主体': '星澜集团总部', '1季度比例': '25%', '2季度比例': '25%', '3季度比例': '25%', '4季度比例': '25%', '任务维护人': '江南珩', '年度开单金额': 1491063.8, '总任务承接人': '祁亦舟', '总任务达成率': '0.743342833407', '本月开单金额': 59444, '食饮部（万）': 0, '链接字段(勿删)': [{'text': '商用事业群;岚屿战区;潇湘片区;祁亦舟', 'type': 'text'}], '剩余分配百分比': 0, '工业健康（万）': 0, '当前月最后一天': 31, '总任务（金额）': '2005889.79', '战区总任务金额': 600000000, '楼宇办公（万）': 350, '本月当前目标阈值': 188172.043010753, '本月总目标（万）': 29.1666666666667, '食饮部待分配任务': 0, '健康-年度开单金额': 45852.5, '食饮-年度开单金额': 82376, '工业健康待分配任务': 0, '当前月份任务达成率': '0.355616746023', '本月开单金额（万）': 5.9444, '楼宇办公待分配任务': 3500000, '战区已分配金额-食饮': 115000000, '父级已审批金额-食饮': 115000000, '事业群剩余未分配金额': -590000000, '截止当天累计目标阈值': 2224657.53424658, '本月当前目标阈值 (万)': 18.8172043010753, '楼宇办公-年度开单金额': 1362835.3, '片区已分配金额-食饮部': 2600000, '行业线已分配金额-食饮': 105000000, '战区下派片区总任务金额': 16400000, '截止当前目标阈值达成率': '0.670244195813', '健康-年度开单金额（万）': 4.58525, '年度阈值/开单差额（万）': '-73.359373', '战区已分配金额-工业健康': 40000000, '战区已分配金额-楼宇办公': 300000000, '月度阈值/开单差额（万）': '-12.872804', '父级已审批金额-工业健康': 40000000, '父级已审批金额-楼宇办公': 300000000, '片区已分配金额-工业健康': 9400000, '片区已分配金额-楼宇办公': 70000000, '片区父级已审批金额-食饮': 2600000, '食饮-年度开单金额（万）': 8.2376, '事业群下派战区总任务金额': 600000000, '总金额转换（以万为单位）': 350, '总额的待分配任务（金额）': 3500000, '客户经理已分配金额-食饮部': 100000, '行业线已分配金额-工业健康': 10000000, '行业线已分配金额-楼宇办公': 30000000, '行业线父级已审批金额-食饮': 2600000, '截止当天累计目标阈值（万）': 222.465753424658, '片区下派客户经理总任务金额': 10000000, '客户经理已分配金额-工业健康': 1100000, '客户经理已分配金额-楼宇办公': 8800000, '楼宇办公-年度开单金额（万）': 136.28353, '片区父级已审批金额-工业健康': 9400000, '片区父级已审批金额-楼宇办公': 70000000, '客户经理父级已审批金额-食饮部': 100000, '行业线父级已审批金额-工业健康': 9400000, '行业线父级已审批金额-楼宇办公': 70000000, '年度开单金额转换（以万为单位）': 149.10638, '客户经理父级已审批金额-工业健康': 1100000, '客户经理父级已审批金额-楼宇办公': 8800000}",2026-08-21 17:04:35.666689,2026-08-21 17:04:35.666689,2026-08-21 17:04:35.666689
116,recvdJyRRBG7ll,"{'2601': 875000, '2602': 875000, '2603': 875000, '2604': 875000, '公式': 2.85714285714286e-07, '战区': '岚屿战区', '片区': '潇湘片区', '状态': '待确认', '编号': '130', '事业群': '商用事业群', '创建人': '谢亦舟', '当前年': 2026, '当前月': 8, '食饮部': '0', '客户经理': '殷既白', '层级级别': '客户经理', '工业健康': '1308350.4', '当前日期': 21, '楼宇办公': '2854583.2', '父级引用': [{'text': '42', 'type': 'text', 'table_id': 'tblcLapTvgTH3EDa', 'text_arr': ['42'], 'record_ids': ['recvdJ6iR2w1nC']}], '经营主体': '星澜集团总部', '1季度比例': '25%', '2季度比例': '25%', '3季度比例': '25%', '4季度比例': '25%', '任务维护人': '江南珩', '年度开单金额': 3206949.13, '总任务承接人': '殷既白', '总任务达成率': '1.576190308826', '本月开单金额': 813988, '食饮部（万）': 0, '链接字段(勿删)': [{'text': '商用事业群;岚屿战区;潇湘片区;殷既白', 'type': 'text'}], '剩余分配百分比': 0, '工业健康（万）': 110, '当前月最后一天': 31, '总任务（金额）': '2034620.51', '战区总任务金额': 600000000, '楼宇办公（万）': 240, '本月当前目标阈值': 188172.043010753, '本月总目标（万）': 29.1666666666667, '食饮部待分配任务': 0, '健康-年度开单金额': 1269101.33, '食饮-年度开单金额': 64045, '工业健康待分配任务': 1100000, '当前月份任务达成率': '4.800824503632', '本月开单金额（万）': 81.3988, '楼宇办公待分配任务': 2400000, '战区已分配金额-食饮': 115000000, '父级已审批金额-食饮': 115000000, '事业群剩余未分配金额': -590000000, '截止当天累计目标阈值': 2224657.53424658, '本月当前目标阈值 (万)': 18.8172043010753, '楼宇办公-年度开单金额': 1873802.8, '片区已分配金额-食饮部': 2600000, '行业线已分配金额-食饮': 105000000, '战区下派片区总任务金额': 16400000, '截止当前目标阈值达成率': '1.441547330603', '健康-年度开单金额（万）': 126.910133, '年度阈值/开单差额（万）': '98.22916', '战区已分配金额-工业健康': 40000000, '战区已分配金额-楼宇办公': 300000000, '月度阈值/开单差额（万）': '62.581596', '父级已审批金额-工业健康': 40000000, '父级已审批金额-楼宇办公': 300000000, '片区已分配金额-工业健康': 9400000, '片区已分配金额-楼宇办公': 70000000, '片区父级已审批金额-食饮': 2600000, '食饮-年度开单金额（万）': 6.4045, '事业群下派战区总任务金额': 600000000, '总金额转换（以万为单位）': 350, '总额的待分配任务（金额）': 3500000, '客户经理已分配金额-食饮部': 100000, '行业线已分配金额-工业健康': 10000000, '行业线已分配金额-楼宇办公': 30000000, '行业线父级已审批金额-食饮': 2600000, '截止当天累计目标阈值（万）': 222.465753424658, '片区下派客户经理总任务金额': 10000000, '客户经理已分配金额-工业健康': 1100000, '客户经理已分配金额-楼宇办公': 8800000, '楼宇办公-年度开单金额（万）': 187.38028, '片区父级已审批金额-工业健康': 9400000, '片区父级已审批金额-楼宇办公': 70000000, '客户经理父级已审批金额-食饮部': 100000, '行业线父级已审批金额-工业健康': 9400000, '行业线父级已审批金额-楼宇办公': 70000000, '年度开单金额转换（以万为单位）': 320.694913, '客户经理父级已审批金额-工业健康': 1100000, '客户经理父级已审批金额-楼宇办公': 8800000}",2026-08-21 17:04:35.666689,2026-08-21 17:04:35.666689,2026-08-21 17:04:35.666689
