id,record_id,fields,sync_time,created_time,updated_time
1,recvjXpDcKSEia,"{'2601': '438002000', '2602': '464736438', '2603': '454815846', '2604': '484666938', '公式': '0.000000000558749741578244', '地产': '40000000', '状态': '已审批', '线下': '1605371024', '编号': '4', 'SourceID': 'NzY0MTE0MDE0NjAzNzE0ODg2MjpyZWN2ZmtudU82VERDMTo5N2UxYjE4MTc1ZmYxMTc4ZmMxOTI5YmRiN2YzYTdjMTox', '事业群': '消费者事业群', '创建人': '廖望舒', '当前年': '2026', '当前月': '8', '新零售': '211881892', '层级级别': '事业群', '当前日期': '21', '燃气定制': '25287385', '经营主体': '星澜集团总部', '1季度比例': '25%', '2季度比例': '25%', '3季度比例': '25%', '4季度比例': '25%', '任务维护人': '郭闻笛', '地产（万）': '0', '线下（万）': '160537', '年度开单金额': '830278954.334877', '总任务承接人': '何自蹊', '总任务达成率': '46.522769', '新零售（万）': '21187', '本月开单金额': '1493728.683886', '链接字段(勿删)': '消费者事业群;;', '剩余分配百分比': '0', '当前月最后一天': '31', '总任务（金额）': '1784672252', '燃气定制（万）': '2529', '战区总任务金额': '118903187430', '截止当前目标阈值': '1137569095.89041', '本月当前目标阈值': '96220967.7419354', '本月总目标（万）': '15352.472167', '地产-年度开单金额': '0', '线下-年度开单金额': '830278954.232635', '当前月份任务达成率': '46.522769', '本月开单金额（万）': '146.515032', '新零售-年度开单金额': '0', '父级已审批金额-线下': '110556564958', '事业群剩余未分配金额': '-125991752688', '截止当天累计目标阈值': '1170946091.791778', '战区已分配金额-线下': '11033173812', '燃气定制-年度开单金额': '0', '父级已审批金额-新零售': '14750575140', '行业线已分配金额-线下': '0', '截止当前目标阈值达成率': '46.522769', '截止当前目标阈值（万）': '113756.909589041', '本月当前目标阈值（万）': '9622.09677419354', '战区已分配金额-新零售': '1469153825', '地产-年度开单金额（万）': '0', '城市站已分配金额-线下': '848393227', '年度阈值/开单差额（万）': '-34066.713819', '月度阈值/开单差额（万）': '-9755.042145', '父级已审批金额-燃气定制': '1716156989', '线下-年度开单金额（万）': '83027.895366', '行业线已分配金额-新零售': '0', '总金额转换（以万为单位）': '184219', '总额的待分配任务（金额）': '1720972070', '客户经理已分配金额-食饮部': '0', '战区已分配金额-燃气定制': '171337532', '城市站已分配金额-新零售': '172830158', '新零售-年度开单金额（万）': '0', '行业线已分配金额-燃气定制': '0', '行业线父级已审批金额-线下': '6977479077', '事业群下派战区总任务金额': '12274933487', '战区下派片区总任务金额': '10420908314', '截止当天累计目标阈值（万）': '117094.60918', '客户经理已分配金额-楼宇办公': '0', '客户经理已分配金额-工业健康': '0', '城市站已分配金额-燃气定制': '10272660', '城市站父级已审批金额-线下': '6977479077', '燃气定制-年度开单金额（万）': '0', '行业线父级已审批金额-新零售': '1040686155', '片区下派客户经理总任务金额': '0', '客户经理父级已审批金额-食饮部': '0', '城市站父级已审批金额-新零售': '1040686155', '行业线父级已审批金额-燃气定制': '91439013', '年度开单金额转换（以万为单位）': '83027.895366', '客户经理父级已审批金额-楼宇办公': '0', '客户经理父级已审批金额-工业健康': '0', '城市站父级已审批金额-燃气定制': '91439013', '父级引用': '78'}",2026-08-21 17:02:31.310654,2026-08-21 17:02:31.310654,2026-08-21 17:02:31.310654
2,recvjXpDcKY2X0,"{'2601': '33233893', '2602': '29210969', '2603': '32185960', '2604': '35449272', '公式': '0.00000000758725341426403', '状态': '已审批', '线下': '105317950', '编号': '5', 'SourceID': 'NzY0MTE0MDE0NjAzNzE0ODg2MjpyZWN2ZmtHZ1BiM0piNzo0NTliMzMzOWQ5Zjc2MTM0OTBiNzE1NTQ5OGQyYzIxZTox', '事业群': '消费者事业群', '战区': '岷澜战区', '创建人': '廖望舒', '当前年': '2026', '当前月': '8', '新零售': '23521901', '层级级别': '战区', '当前日期': '21', '燃气定制': '1251512', '父级引用': '30', '经营主体': '星澜集团总部', '1季度比例': '25%', '2季度比例': '25%', '3季度比例': '25%', '4季度比例': '25%', '任务维护人': '郭闻笛', '地产（万）': '0', '线下（万）': '10531', '年度开单金额': '50348389.608744', '总任务承接人': '孙疏影', '总任务达成率': '34.697236', '新零售（万）': '2352', '本月开单金额': '12522.870915', '链接字段(勿删)': '消费者事业群;岷澜战区;', '剩余分配百分比': '0', '当前月最后一天': '31', '总任务（金额）': '145107783', '燃气定制（万）': '126', '战区总任务金额': '10867544995', '截止当前目标阈值': '83774246.5753424', '本月当前目标阈值': '7086021.50537634', '本月总目标（万）': '1084.000783', '地产-年度开单金额': '0', '线下-年度开单金额': '50348389.608744', '当前月份任务达成率': '34.697236', '本月开单金额（万）': '1.252282', '新零售-年度开单金额': '0', '父级已审批金额-线下': '9283237846', '事业群剩余未分配金额': '-9880447364', '截止当天累计目标阈值': '82681046.049316', '战区已分配金额-线下': '9283237846', '燃气定制-年度开单金额': '0', '父级已审批金额-新零售': '1238579522', '行业线已分配金额-线下': '0', '截止当前目标阈值达成率': '34.697236', '截止当前目标阈值（万）': '8377.42465753424', '本月当前目标阈值（万）': '708.602150537634', '战区已分配金额-新零售': '1236136095', '地产-年度开单金额（万）': '0', '城市站已分配金额-线下': '634158914', '年度阈值/开单差额（万）': '-3233.265656', '月度阈值/开单差额（万）': '-698.103061', '父级已审批金额-燃气定制': '144102645', '线下-年度开单金额（万）': '5034.838949', '行业线已分配金额-新零售': '0', '总金额转换（以万为单位）': '13008', '总额的待分配任务（金额）': '125884136', '客户经理已分配金额-食饮部': '0', '战区已分配金额-燃气定制': '144162241', '城市站已分配金额-新零售': '143745070', '新零售-年度开单金额（万）': '0', '行业线已分配金额-燃气定制': '0', '行业线父级已审批金额-线下': '634099317', '事业群下派战区总任务金额': '10816282609', '战区下派片区总任务金额': '9056671809', '截止当天累计目标阈值（万）': '8268.104604', '客户经理已分配金额-楼宇办公': '0', '客户经理已分配金额-工业健康': '0', '城市站已分配金额-燃气定制': '7509071', '城市站父级已审批金额-线下': '634099317', '燃气定制-年度开单金额（万）': '0', '行业线父级已审批金额-新零售': '143923858', '片区下派客户经理总任务金额': '0', '客户经理父级已审批金额-食饮部': '0', '城市站父级已审批金额-新零售': '143923858', '行业线父级已审批金额-燃气定制': '7449475', '年度开单金额转换（以万为单位）': '5034.838949', '客户经理父级已审批金额-楼宇办公': '0', '客户经理父级已审批金额-工业健康': '0', '城市站父级已审批金额-燃气定制': '7449475'}",2026-08-21 17:02:31.310654,2026-08-21 17:02:31.310654,2026-08-21 17:02:31.310654
3,recvjXpDcKTmmN,"{'2601': '49141963', '2602': '58856619', '2603': '54559435', '2604': '57270268', '公式': '0.0000000045653761869978', '状态': '已审批', '线下': '190794450', '编号': '6', 'SourceID': 'NzY0MTE0MDE0NjAzNzE0ODg2MjpyZWN2ZmtJM3JiWmdkcDo1M2Y0MmJkMGM3ZTNmZjNiOTMxMDE2OTA5NTdlOTc5OTox', '事业群': '消费者事业群', '战区': '沄澜战区', '创建人': '廖望舒', '当前年': '2026', '当前月': '8', '新零售': '26467671', '层级级别': '战区', '当前日期': '21', '燃气定制': '2586092', '父级引用': '4', '经营主体': '星澜集团总部', '1季度比例': '25%', '2季度比例': '25%', '3季度比例': '25%', '4季度比例': '25%', '任务维护人': '郭闻笛', '地产（万）': '0', '线下（万）': '19079', '年度开单金额': '96326710.203408', '总任务承接人': '顾慕白', '总任务达成率': '48.774509', '新零售（万）': '2647', '本月开单金额': '229299.100425', '链接字段(勿删)': '消费者事业群;沄澜战区;', '剩余分配百分比': '0', '当前月最后一天': '31', '总任务（金额）': '197493963', '燃气定制（万）': '258', '战区总任务金额': '11150807936', '截止当前目标阈值': '139225424.657534', '本月当前目标阈值': '11776344.0860215', '本月总目标（万）': '1831.902375', '地产-年度开单金额': '0', '线下-年度开单金额': '96326710.203408', '当前月份任务达成率': '48.774509', '本月开单金额（万）': '22.929875', '新零售-年度开单金额': '0', '父级已审批金额-线下': '9495321622', '事业群剩余未分配金额': '-10663520632', '截止当天累计目标阈值': '139726471.561644', '战区已分配金额-线下': '1749935966', '燃气定制-年度开单金额': '0', '父级已审批金额-新零售': '1266875967', '行业线已分配金额-线下': '0', '截止当前目标阈值达成率': '48.774509', '截止当前目标阈值（万）': '13922.5424657534', '本月当前目标阈值（万）': '1177.63440860215', '战区已分配金额-新零售': '233017730', '地产-年度开单金额（万）': '0', '城市站已分配金额-线下': '214234313', '年度阈值/开单差额（万）': '-4339.976114', '月度阈值/开单差额（万）': '-1158.942625', '父级已审批金额-燃气定制': '147394798', '线下-年度开单金额（万）': '9632.671042', '行业线已分配金额-新零售': '0', '总金额转换（以万为单位）': '21983', '总额的待分配任务（金额）': '225647639', '客户经理已分配金额-食饮部': '0', '战区已分配金额-燃气定制': '27175291', '城市站已分配金额-新零售': '29085088', '新零售-年度开单金额（万）': '0', '行业线已分配金额-燃气定制': '0', '行业线父级已审批金额-线下': '1162456080', '事业群下派战区总任务金额': '1458650878', '战区下派片区总任务金额': '1364236505', '截止当天累计目标阈值（万）': '13972.647155', '客户经理已分配金额-楼宇办公': '0', '客户经理已分配金额-工业健康': '0', '城市站已分配金额-燃气定制': '2763589', '城市站父级已审批金额-线下': '1162456080', '燃气定制-年度开单金额（万）': '0', '行业线父级已审批金额-新零售': '157818499', '片区下派客户经理总任务金额': '0', '客户经理父级已审批金额-食饮部': '0', '城市站父级已审批金额-新零售': '157818499', '行业线父级已审批金额-燃气定制': '14934544', '年度开单金额转换（以万为单位）': '9632.671042', '客户经理父级已审批金额-楼宇办公': '0', '客户经理父级已审批金额-工业健康': '0', '城市站父级已审批金额-燃气定制': '14934544'}",2026-08-21 17:02:31.310654,2026-08-21 17:02:31.310654,2026-08-21 17:02:31.310654
4,recvjXpDcK9ibP,"{'2601': '38331797', '2602': '43270669', '2603': '30575510', '2604': '38323251', '公式': '0.00000000675766995539937', '状态': '已审批', '线下': '128800459', '编号': '7', 'SourceID': 'NzY0MTE0MDE0NjAzNzE0ODg2MjpyZWN2ZnBheGRBbm5SNDo5MTkxMDdlZWJmMTkyNzIwOTU3NzRkN2MwYWRhMDNlNjox', '事业群': '消费者事业群', '战区': '瓯澜战区', '创建人': '廖望舒', '当前年': '2026', '当前月': '8', '新零售': '19786712', '层级级别': '战区', '当前日期': '21', '燃气定制': '1914056', '父级引用': '4', '经营主体': '星澜集团总部', '1季度比例': '25%', '2季度比例': '25%', '3季度比例': '25%', '4季度比例': '25%', '任务维护人': '郭闻笛', '地产（万）': '0', '线下（万）': '12879', '年度开单金额': '67270043', '总任务承接人': '雷书瑶', '总任务达成率': '41.844349', '新零售（万）': '1978', '本月开单金额': '128870', '链接字段(勿删)': '消费者事业群;瓯澜战区;', '剩余分配百分比': '0', '当前月最后一天': '31', '总任务（金额）': '160762551', '燃气定制（万）': '190', '战区总任务金额': '10199985749', '截止当前目标阈值': '94058520.5479452', '本月当前目标阈值': '7955913.97849462', '本月总目标（万）': '1254.176892', '地产-年度开单金额': '0', '线下-年度开单金额': '67270043', '当前月份任务达成率': '41.844349', '本月开单金额（万）': '12.887042', '新零售-年度开单金额': '0', '父级已审批金额-线下': '9090816100', '事业群剩余未分配金额': '-10444838213', '截止当天累计目标阈值': '95661053.873971', '战区已分配金额-线下': '0', '燃气定制-年度开单金额': '0', '父级已审批金额-新零售': '1212906406', '行业线已分配金额-线下': '0', '截止当前目标阈值达成率': '41.844349', '截止当前目标阈值（万）': '9405.85205479452', '本月当前目标阈值（万）': '795.591397849462', '战区已分配金额-新零售': '0', '地产-年度开单金额（万）': '0', '城市站已分配金额-线下': '0', '年度阈值/开单差额（万）': '-2839.101012', '月度阈值/开单差额（万）': '-796.25934', '父级已审批金额-燃气定制': '141115705', '线下-年度开单金额（万）': '6727.004377', '行业线已分配金额-新零售': '0', '总金额转换（以万为单位）': '15050', '总额的待分配任务（金额）': '140289591', '客户经理已分配金额-食饮部': '0', '战区已分配金额-燃气定制': '0', '城市站已分配金额-新零售': '0', '新零售-年度开单金额（万）': '0', '行业线已分配金额-燃气定制': '0', '行业线父级已审批金额-线下': '735925988', '事业群下派战区总任务金额': '0', '战区下派片区总任务金额': '0', '截止当天累计目标阈值（万）': '9566.105389', '客户经理已分配金额-楼宇办公': '0', '客户经理已分配金额-工业健康': '0', '城市站已分配金额-燃气定制': '0', '城市站父级已审批金额-线下': '735925988', '燃气定制-年度开单金额（万）': '0', '行业线父级已审批金额-新零售': '116604292', '片区下派客户经理总任务金额': '0', '客户经理父级已审批金额-食饮部': '0', '城市站父级已审批金额-新零售': '116604292', '行业线父级已审批金额-燃气定制': '11088496', '年度开单金额转换（以万为单位）': '6727.004377', '客户经理父级已审批金额-楼宇办公': '0', '客户经理父级已审批金额-工业健康': '0', '城市站父级已审批金额-燃气定制': '11088496'}",2026-08-21 17:02:31.310654,2026-08-21 17:02:31.310654,2026-08-21 17:02:31.310654
5,recvjXpDcKruJe,"{'2601': '21966734', '2602': '27794334', '2603': '30747608', '2604': '30285298', '公式': '0.00000000900982070456798', '状态': '已审批', '线下': '101519632', '编号': '8', 'SourceID': 'NzY0MTE0MDE0NjAzNzE0ODg2MjpyZWN2ZnBheHZUS1FMcTowZTYzOTFiYWUxZWVkNWNmNmM4MzQ4NTc2ZGE4NTJmODox', '事业群': '消费者事业群', '战区': '漳澜战区', '创建人': '廖望舒', '当前年': '2026', '当前月': '8', '新零售': '8455675', '层级级别': '战区', '当前日期': '21', '燃气定制': '818668', '父级引用': '4', '经营主体': '星澜集团总部', '1季度比例': '25%', '2季度比例': '25%', '3季度比例': '25%', '4季度比例': '25%', '任务维护人': '郭闻笛', '地产（万）': '0', '线下（万）': '10152', '年度开单金额': '55707590.448051', '总任务承接人': '崔子衿', '总任务达成率': '53.778620', '新零售（万）': '845', '本月开单金额': '144719.220284', '链接字段(勿删)': '消费者事业群;漳澜战区;', '剩余分配百分比': '0', '当前月最后一天': '31', '总任务（金额）': '103586873', '燃气定制（万）': '82', '战区总任务金额': '7898654877', '截止当前目标阈值': '70547068.4931507', '本月当前目标阈值': '5967204.30107526', '本月总目标（万）': '923.283117', '地产-年度开单金额': '0', '线下-年度开单金额': '55707590.448051', '当前月份任务达成率': '53.778620', '本月开单金额（万）': '14.471943', '新零售-年度开单金额': '0', '父级已审批金额-线下': '6221329176', '事业群剩余未分配金额': '-7147958555', '截止当天累计目标阈值': '70422471.145204', '战区已分配金额-线下': '0', '燃气定制-年度开单金额': '0', '父级已审批金额-新零售': '830056392', '行业线已分配金额-线下': '0', '截止当前目标阈值达成率': '53.778620', '截止当前目标阈值（万）': '7054.70684931507', '本月当前目标阈值（万）': '596.720430107526', '战区已分配金额-新零售': '0', '地产-年度开单金额（万）': '0', '城市站已分配金额-线下': '0', '年度阈值/开单差额（万）': '-1471.488154', '月度阈值/开单差额（万）': '-581.194583', '父级已审批金额-燃气定制': '96572985', '线下-年度开单金额（万）': '5570.758962', '行业线已分配金额-新零售': '0', '总金额转换（以万为单位）': '11078', '总额的待分配任务（金额）': '111389467', '客户经理已分配金额-食饮部': '0', '战区已分配金额-燃气定制': '0', '城市站已分配金额-新零售': '0', '新零售-年度开单金额（万）': '0', '行业线已分配金额-燃气定制': '0', '行业线父级已审批金额-线下': '406181662', '事业群下派战区总任务金额': '0', '战区下派片区总任务金额': '0', '截止当天累计目标阈值（万）': '7042.247115', '客户经理已分配金额-楼宇办公': '0', '客户经理已分配金额-工业健康': '0', '城市站已分配金额-燃气定制': '0', '城市站父级已审批金额-线下': '406181662', '燃气定制-年度开单金额（万）': '0', '行业线父级已审批金额-新零售': '33828502', '片区下派客户经理总任务金额': '0', '客户经理父级已审批金额-食饮部': '0', '城市站父级已审批金额-新零售': '33828502', '行业线父级已审批金额-燃气定制': '3275014', '年度开单金额转换（以万为单位）': '5570.758962', '客户经理父级已审批金额-楼宇办公': '0', '客户经理父级已审批金额-工业健康': '0', '城市站父级已审批金额-燃气定制': '3275014'}",2026-08-21 17:02:31.310654,2026-08-21 17:02:31.310654,2026-08-21 17:02:31.310654
6,recvjXpDcKNr2E,"{'2601': '25132662', '2602': '21983209', '2603': '23131383', '2604': '24654037', '公式': '0.0000000120177863237591', '状态': '已审批', '线下': '85802146', '编号': '9', 'SourceID': 'NzY0MTE0MDE0NjAzNzE0ODg2MjpyZWN2ZnBheEw5WE9zVzoxNjhmMmRmODk4ZTE5NmUzNTRkMGFjN2Q2ZDk2MmYwNTox', '事业群': '消费者事业群', '战区': '朔澜战区', '创建人': '廖望舒', '当前年': '2026', '当前月': '8', '新零售': '8718304', '层级级别': '战区', '当前日期': '21', '燃气定制': '1133503', '父级引用': '4', '经营主体': '星澜集团总部', '1季度比例': '25%', '2季度比例': '25%', '3季度比例': '25%', '4季度比例': '25%', '任务维护人': '郭闻笛', '地产（万）': '0', '线下（万）': '8581', '年度开单金额': '43102049.462083', '总任务承接人': '胡星野', '总任务达成率': '57.317702', '新零售（万）': '872', '本月开单金额': '-9997.796301', '链接字段(勿删)': '消费者事业群;朔澜战区;', '剩余分配百分比': '0', '当前月最后一天': '31', '总任务（金额）': '75198495', '燃气定制（万）': '114', '战区总任务金额': '8340014705', '截止当前目标阈值': '52889643.8356164', '本月当前目标阈值': '4473655.91397849', '本月总目标（万）': '791.029076', '地产-年度开单金额': '0', '线下-年度开单金额': '43102049.462083', '当前月份任务达成率': '57.317702', '本月开单金额（万）': '-1.019874', '新零售-年度开单金额': '0', '父级已审批金额-线下': '8942096868', '事业群剩余未分配金额': '-10273968150', '截止当天累计目标阈值': '60320820.580821', '战区已分配金额-线下': '0', '燃气定制-年度开单金额': '0', '父级已审批金额-新零售': '1193064128', '行业线已分配金额-线下': '0', '截止当前目标阈值达成率': '57.317702', '截止当前目标阈值（万）': '5288.96438356164', '本月当前目标阈值（万）': '447.365591397849', '战区已分配金额-新零售': '0', '地产-年度开单金额（万）': '0', '城市站已分配金额-线下': '0', '年度阈值/开单差额（万）': '-1721.877111', '月度阈值/开单差额（万）': '-511.221774', '父级已审批金额-燃气定制': '138807153', '线下-年度开单金额（万）': '4310.204946', '行业线已分配金额-新零售': '0', '总金额转换（以万为单位）': '9490', '总额的待分配任务（金额）': '72400532', '客户经理已分配金额-食饮部': '0', '战区已分配金额-燃气定制': '0', '城市站已分配金额-新零售': '0', '新零售-年度开单金额（万）': '0', '行业线已分配金额-燃气定制': '0', '行业线父级已审批金额-线下': '432839509', '事业群下派战区总任务金额': '0', '战区下派片区总任务金额': '0', '截止当天累计目标阈值（万）': '6032.082059', '客户经理已分配金额-楼宇办公': '0', '客户经理已分配金额-工业健康': '0', '城市站已分配金额-燃气定制': '0', '城市站父级已审批金额-线下': '432839509', '燃气定制-年度开单金额（万）': '0', '行业线父级已审批金额-新零售': '42824705', '片区下派客户经理总任务金额': '0', '客户经理父级已审批金额-食饮部': '0', '城市站父级已审批金额-新零售': '42824705', '行业线父级已审批金额-燃气定制': '5510954', '年度开单金额转换（以万为单位）': '4310.204946', '客户经理父级已审批金额-楼宇办公': '0', '客户经理父级已审批金额-工业健康': '0', '城市站父级已审批金额-燃气定制': '5510954'}",2026-08-21 17:02:31.310654,2026-08-21 17:02:31.310654,2026-08-21 17:02:31.310654
7,recvjXpDcKwKpb,"{'2601': '34411946', '2602': '33268357', '2603': '32647931', '2604': '43204842', '公式': '0.00000000714949596053478', '状态': '待确认', '线下': '123760726', '编号': '10', 'SourceID': 'NzY0MTE0MDE0NjAzNzE0ODg2MjpyZWN2ZnBheFpTNzVyVzpjZGNjNzQ2MDIwNjIwZjViNTY4M2ZhYWYyZTQxMjUxOTox', '事业群': '消费者事业群', '战区': '潇澜战区', '创建人': '廖望舒', '当前年': '2026', '当前月': '8', '新零售': '18944381', '层级级别': '战区', '当前日期': '21', '燃气定制': '827968', '父级引用': '4', '经营主体': '星澜集团总部', '1季度比例': '25%', '2季度比例': '25%', '3季度比例': '25%', '4季度比例': '25%', '任务维护人': '郭闻笛', '地产（万）': '0', '线下（万）': '12376', '年度开单金额': '47901841.332344', '总任务承接人': '吴临舟', '总任务达成率': '30.611471', '新零售（万）': '1893', '本月开单金额': '143594.33973', '链接字段(勿删)': '消费者事业群;潇澜战区;', '剩余分配百分比': '0', '当前月最后一天': '31', '总任务（金额）': '156483304', '燃气定制（万）': '83', '战区总任务金额': '7139835987', '截止当前目标阈值': '88903671.2328767', '本月当前目标阈值': '7519892.47311828', '本月总目标（万）': '1196.108967', '地产-年度开单金额': '0', '线下-年度开单金额': '47901841.519799', '当前月份任务达成率': '30.611471', '本月开单金额（万）': '14.359475', '新零售-年度开单金额': '0', '父级已审批金额-线下': '6487886145', '事业群剩余未分配金额': '-7454217574', '截止当天累计目标阈值': '91231982.553424', '战区已分配金额-线下': '0', '燃气定制-年度开单金额': '0', '父级已审批金额-新零售': '865620708', '行业线已分配金额-线下': '0', '截止当前目标阈值达成率': '30.611471', '截止当前目标阈值（万）': '8890.36712328767', '本月当前目标阈值（万）': '751.989247311828', '战区已分配金额-新零售': '0', '地产-年度开单金额（万）': '0', '城市站已分配金额-线下': '0', '年度阈值/开单差额（万）': '-4333.014125', '月度阈值/开单差额（万）': '-757.32373', '父级已审批金额-燃气定制': '100710719', '线下-年度开单金额（万）': '4790.184131', '行业线已分配金额-新零售': '0', '总金额转换（以万为单位）': '14353', '总额的待分配任务（金额）': '137959536', '客户经理已分配金额-食饮部': '0', '战区已分配金额-燃气定制': '0', '城市站已分配金额-新零售': '0', '新零售-年度开单金额（万）': '0', '行业线已分配金额-燃气定制': '0', '行业线父级已审批金额-线下': '0', '事业群下派战区总任务金额': '0', '战区下派片区总任务金额': '0', '截止当天累计目标阈值（万）': '9123.198256', '客户经理已分配金额-楼宇办公': '0', '客户经理已分配金额-工业健康': '0', '城市站已分配金额-燃气定制': '0', '城市站父级已审批金额-线下': '0', '燃气定制-年度开单金额（万）': '0', '行业线父级已审批金额-新零售': '0', '片区下派客户经理总任务金额': '0', '客户经理父级已审批金额-食饮部': '0', '城市站父级已审批金额-新零售': '0', '行业线父级已审批金额-燃气定制': '0', '年度开单金额转换（以万为单位）': '4790.184131', '客户经理父级已审批金额-楼宇办公': '0', '客户经理父级已审批金额-工业健康': '0', '城市站父级已审批金额-燃气定制': '0'}",2026-08-21 17:02:31.310654,2026-08-21 17:02:31.310654,2026-08-21 17:02:31.310654
8,recvjXpDcKviiq,"{'2601': '32433442', '2602': '32994952', '2603': '36531372', '2604': '32995637', '公式': '0.00000000851788756388415', '状态': '待确认', '线下': '119165645', '编号': '11', 'SourceID': 'NzY0MTE0MDE0NjAzNzE0ODg2MjpyZWN2ZnBheWg2MFlINjpmOWYxMGU0Y2IwMjk5MTRhN2E4ZWQ3ZjNhOWZlY2QzMjox', '事业群': '消费者事业群', '战区': '浦澜战区', '创建人': '廖望舒', '当前年': '2026', '当前月': '8', '新零售': '9333524', '层级级别': '战区', '当前日期': '21', '燃气定制': '6456233', '父级引用': '4', '经营主体': '星澜集团总部', '1季度比例': '25%', '2季度比例': '25%', '3季度比例': '25%', '4季度比例': '25%', '任务维护人': '郭闻笛', '地产（万）': '0', '线下（万）': '11917', '年度开单金额': '44207058.596501', '总任务承接人': '邹维桢', '总任务达成率': '35.151962', '新零售（万）': '933', '本月开单金额': '95127.664543', '链接字段(勿删)': '消费者事业群;浦澜战区;', '剩余分配百分比': '0', '当前月最后一天': '31', '总任务（金额）': '125759862', '燃气定制（万）': '647', '战区总任务金额': '11081179643', '截止当前目标阈值': '74621369.8630137', '本月当前目标阈值': '6311827.95698924', '本月总目标（万）': '1124.628359', '地产-年度开单金额': '0', '线下-年度开单金额': '44207058.804219', '当前月份任务达成率': '35.151962', '本月开单金额（万）': '9.512827', '新零售-年度开单金额': '0', '父级已审批金额-线下': '10604115738', '事业群剩余未分配金额': '-12183534685', '截止当天累计目标阈值': '85779872.591781', '战区已分配金额-线下': '0', '燃气定制-年度开单金额': '0', '父级已审批金额-新零售': '1414812464', '行业线已分配金额-线下': '0', '截止当前目标阈值达成率': '35.151962', '截止当前目标阈值（万）': '7462.13698630137', '本月当前目标阈值（万）': '631.182795698924', '战区已分配金额-新零售': '0', '地产-年度开单金额（万）': '0', '城市站已分配金额-线下': '0', '年度阈值/开单差额（万）': '-4157.281363', '月度阈值/开单差额（万）': '-716.053857', '父级已审批金额-燃气定制': '164606484', '线下-年度开单金额（万）': '4420.705896', '行业线已分配金额-新零售': '0', '总金额转换（以万为单位）': '13495', '总额的待分配任务（金额）': '108026850', '客户经理已分配金额-食饮部': '0', '战区已分配金额-燃气定制': '0', '城市站已分配金额-新零售': '0', '新零售-年度开单金额（万）': '0', '行业线已分配金额-燃气定制': '0', '行业线父级已审批金额-线下': '0', '事业群下派战区总任务金额': '0', '战区下派片区总任务金额': '0', '截止当天累计目标阈值（万）': '8577.987259', '客户经理已分配金额-楼宇办公': '0', '客户经理已分配金额-工业健康': '0', '城市站已分配金额-燃气定制': '0', '城市站父级已审批金额-线下': '0', '燃气定制-年度开单金额（万）': '0', '行业线父级已审批金额-新零售': '0', '片区下派客户经理总任务金额': '0', '客户经理父级已审批金额-食饮部': '0', '城市站父级已审批金额-新零售': '0', '行业线父级已审批金额-燃气定制': '0', '年度开单金额转换（以万为单位）': '4420.705896', '客户经理父级已审批金额-楼宇办公': '0', '客户经理父级已审批金额-工业健康': '0', '城市站父级已审批金额-燃气定制': '0'}",2026-08-21 17:02:31.310654,2026-08-21 17:02:31.310654,2026-08-21 17:02:31.310654
9,recvjXpDcKP2J5,"{'2601': '25235900', '2602': '23068599', '2603': '16611228', '2604': '27849315', '公式': '0.0000000127032520325203', '状态': '待确认', '线下': '88624849', '编号': '12', 'SourceID': 'NzY0MTE0MDE0NjAzNzE0ODg2MjpyZWN2ZnBhS0tCY1paWTpmZDFlZGI1OGRkNTNiMjcxYWEzZGY1NTQzZmU5MjQ4OTox', '事业群': '消费者事业群', '战区': '碣澜战区', '创建人': '廖望舒', '当前年': '2026', '当前月': '8', '新零售': '2199187', '层级级别': '战区', '当前日期': '21', '燃气定制': '1941006', '父级引用': '4', '经营主体': '星澜集团总部', '1季度比例': '25%', '2季度比例': '25%', '3季度比例': '25%', '4季度比例': '25%', '任务维护人': '郭闻笛', '地产（万）': '0', '线下（万）': '8862', '年度开单金额': '44678956.590175', '总任务承接人': '黄维桢', '总任务达成率': '61.218086', '新零售（万）': '220', '本月开单金额': '-440059.003862', '链接字段(勿删)': '消费者事业群;碣澜战区;', '剩余分配百分比': '0', '当前月最后一天': '31', '总任务（金额）': '72983263', '燃气定制（万）': '194', '战区总任务金额': '2901812737', '截止当前目标阈值': '50035726.0273972', '本月当前目标阈值': '4232258.06451612', '本月总目标（万）': '773.042017', '地产-年度开单金额': '0', '线下-年度开单金额': '44678956.590175', '当前月份任务达成率': '61.218086', '本月开单金额（万）': '-44.0059', '新零售-年度开单金额': '0', '父级已审批金额-线下': '3545199443', '事业群剩余未分配金额': '-4073235473', '截止当天累计目标阈值': '58962985.6', '战区已分配金额-线下': '0', '燃气定制-年度开单金额': '0', '父级已审批金额-新零售': '473004301', '行业线已分配金额-线下': '0', '截止当前目标阈值达成率': '61.218086', '截止当前目标阈值（万）': '5003.57260273972', '本月当前目标阈值（万）': '423.225806451612', '战区已分配金额-新零售': '0', '地产-年度开单金额（万）': '0', '城市站已分配金额-线下': '0', '年度阈值/开单差额（万）': '-1428.402901', '月度阈值/开单差额（万）': '-542.742685', '父级已审批金额-燃气定制': '55031728', '线下-年度开单金额（万）': '4467.895659', '行业线已分配金额-新零售': '0', '总金额转换（以万为单位）': '9277', '总额的待分配任务（金额）': '64323202', '客户经理已分配金额-食饮部': '0', '战区已分配金额-燃气定制': '0', '城市站已分配金额-新零售': '0', '新零售-年度开单金额（万）': '0', '行业线已分配金额-燃气定制': '0', '行业线父级已审批金额-线下': '0', '事业群下派战区总任务金额': '0', '战区下派片区总任务金额': '0', '截止当天累计目标阈值（万）': '5896.29856', '客户经理已分配金额-楼宇办公': '0', '客户经理已分配金额-工业健康': '0', '城市站已分配金额-燃气定制': '0', '城市站父级已审批金额-线下': '0', '燃气定制-年度开单金额（万）': '0', '行业线父级已审批金额-新零售': '0', '片区下派客户经理总任务金额': '0', '客户经理父级已审批金额-食饮部': '0', '城市站父级已审批金额-新零售': '0', '行业线父级已审批金额-燃气定制': '0', '年度开单金额转换（以万为单位）': '4467.895659', '客户经理父级已审批金额-楼宇办公': '0', '客户经理父级已审批金额-工业健康': '0', '城市站父级已审批金额-燃气定制': '0'}",2026-08-21 17:02:31.310654,2026-08-21 17:02:31.310654,2026-08-21 17:02:31.310654
10,recvjXpDcKhe4S,"{'2601': '22537220', '2602': '24028186', '2603': '23718141', '2604': '24678088', '公式': '0.00000000995817566221868', '状态': '待确认', '线下': '87763246', '编号': '13', 'SourceID': 'NzY0MTE0MDE0NjAzNzE0ODg2MjpyZWN2ZnBhTHkxeFVPcTpmY2Q2ODk0YzBmZGU4NjZjMzU3YmQzOTUxZGVkNzRlMDox', '事业群': '消费者事业群', '战区': '岱澜战区', '创建人': '廖望舒', '当前年': '2026', '当前月': '8', '新零售': '6584120', '层级级别': '战区', '当前日期': '21', '燃气定制': '614269', '父级引用': '4', '经营主体': '星澜集团总部', '1季度比例': '25%', '2季度比例': '25%', '3季度比例': '25%', '4季度比例': '25%', '任务维护人': '郭闻笛', '地产（万）': '0', '线下（万）': '8777', '年度开单金额': '48145365.380365', '总任务承接人': '秦静姝', '总任务达成率': '45.402361', '新零售（万）': '658', '本月开单金额': '122860.270518', '链接字段(勿删)': '消费者事业群;岱澜战区;', '剩余分配百分比': '0', '当前月最后一天': '31', '总任务（金额）': '106041545', '燃气定制（万）': '61', '战区总任务金额': '8118772089', '截止当前目标阈值': '63828602.739726', '本月当前目标阈值': '5398924.73118279', '本月总目标（万）': '791.346958', '地产-年度开单金额': '0', '线下-年度开单金额': '48145365.380365', '当前月份任务达成率': '45.402361', '本月开单金额（万）': '9.448175', '新零售-年度开单金额': '0', '父级已审批金额-线下': '7719075675', '事业群剩余未分配金额': '-8868785342', '截止当天累计目标阈值': '60359176.219178', '战区已分配金额-线下': '0', '燃气定制-年度开单金额': '0', '父级已审批金额-新零售': '1029887332', '行业线已分配金额-线下': '0', '截止当前目标阈值达成率': '45.402361', '截止当前目标阈值（万）': '6382.8602739726', '本月当前目标阈值（万）': '539.892473118279', '战区已分配金额-新零售': '0', '地产-年度开单金额（万）': '0', '城市站已分配金额-线下': '0', '年度阈值/开单差额（万）': '-1221.381017', '月度阈值/开单差额（万）': '-498.260348', '父级已审批金额-燃气定制': '119822333', '线下-年度开单金额（万）': '4814.536605', '行业线已分配金额-新零售': '0', '总金额转换（以万为单位）': '9496', '总额的待分配任务（金额）': '93816050', '客户经理已分配金额-食饮部': '0', '战区已分配金额-燃气定制': '0', '城市站已分配金额-新零售': '0', '新零售-年度开单金额（万）': '0', '行业线已分配金额-燃气定制': '0', '行业线父级已审批金额-线下': '0', '事业群下派战区总任务金额': '0', '战区下派片区总任务金额': '0', '截止当天累计目标阈值（万）': '6035.917622', '客户经理已分配金额-楼宇办公': '0', '客户经理已分配金额-工业健康': '0', '城市站已分配金额-燃气定制': '0', '城市站父级已审批金额-线下': '0', '燃气定制-年度开单金额（万）': '0', '行业线父级已审批金额-新零售': '0', '片区下派客户经理总任务金额': '0', '客户经理父级已审批金额-食饮部': '0', '城市站父级已审批金额-新零售': '0', '行业线父级已审批金额-燃气定制': '0', '年度开单金额转换（以万为单位）': '4814.536605', '客户经理父级已审批金额-楼宇办公': '0', '客户经理父级已审批金额-工业健康': '0', '城市站父级已审批金额-燃气定制': '0'}",2026-08-21 17:02:31.310654,2026-08-21 17:02:31.310654,2026-08-21 17:02:31.310654
11,recvjXpDcKFVzS,"{'2601': '31843250', '2602': '35593417', '2603': '30417836', '2604': '33171757', '公式': '0.00000000748502994011976', '状态': '已审批', '线下': '112448615', '编号': '14', 'SourceID': 'NzY0MTE0MDE0NjAzNzE0ODg2MjpyZWN2ZnBhTTJ6eUowODpkZDYwMjEyN2QzODIzOTBmMWE2MGI3NTAzYzU4NzA2YTox', '事业群': '消费者事业群', '战区': '凉澜战区', '创建人': '廖望舒', '当前年': '2026', '当前月': '8', '新零售': '17669753', '层级级别': '战区', '当前日期': '21', '燃气定制': '907890', '父级引用': '4', '经营主体': '星澜集团总部', '1季度比例': '25%', '2季度比例': '25%', '3季度比例': '25%', '4季度比例': '25%', '任务维护人': '郭闻笛', '地产（万）': '0', '线下（万）': '11245', '年度开单金额': '63717896.455421', '总任务承接人': '黄慕白', '总任务达成率': '46.356039', '新零售（万）': '1767', '本月开单金额': '411639.481562', '链接字段(勿删)': '消费者事业群;凉澜战区;', '剩余分配百分比': '0', '当前月最后一天': '31', '总任务（金额）': '137453282', '燃气定制（万）': '91', '战区总任务金额': '8141336665', '截止当前目标阈值': '84918356.1643835', '本月当前目标阈值': '7182795.69892473', '本月总目标（万）': '1092.2066', '地产-年度开单金额': '0', '线下-年度开单金额': '63717896.151517', '当前月份任务达成率': '46.356039', '本月开单金额（万）': '41.163998', '新零售-年度开单金额': '0', '父级已审批金额-线下': '7634289328', '事业群剩余未分配金额': '-8771370582', '截止当天累计目标阈值': '83282444.712329', '战区已分配金额-线下': '0', '燃气定制-年度开单金额': '0', '父级已审批金额-新零售': '1018575047', '行业线已分配金额-线下': '0', '截止当前目标阈值达成率': '46.356039', '截止当前目标阈值（万）': '8491.83561643835', '本月当前目标阈值（万）': '718.279569892473', '战区已分配金额-新零售': '0', '地产-年度开单金额（万）': '0', '城市站已分配金额-线下': '0', '年度阈值/开单差额（万）': '-1956.454899', '月度阈值/开单差额（万）': '-663.278261', '父级已审批金额-燃气定制': '118506204', '线下-年度开单金额（万）': '6371.789573', '行业线已分配金额-新零售': '0', '总金额转换（以万为单位）': '13103', '总额的待分配任务（金额）': '126884501', '客户经理已分配金额-食饮部': '0', '战区已分配金额-燃气定制': '0', '城市站已分配金额-新零售': '0', '新零售-年度开单金额（万）': '0', '行业线已分配金额-燃气定制': '0', '行业线父级已审批金额-线下': '561654720', '事业群下派战区总任务金额': '0', '战区下派片区总任务金额': '0', '截止当天累计目标阈值（万）': '8328.244471', '客户经理已分配金额-楼宇办公': '0', '客户经理已分配金额-工业健康': '0', '城市站已分配金额-燃气定制': '0', '城市站父级已审批金额-线下': '561654720', '燃气定制-年度开单金额（万）': '0', '行业线父级已审批金额-新零售': '88610099', '片区下派客户经理总任务金额': '0', '客户经理父级已审批金额-食饮部': '0', '城市站父级已审批金额-新零售': '88610099', '行业线父级已审批金额-燃气定制': '4508921', '年度开单金额转换（以万为单位）': '6371.789573', '客户经理父级已审批金额-楼宇办公': '0', '客户经理父级已审批金额-工业健康': '0', '城市站父级已审批金额-燃气定制': '4508921'}",2026-08-21 17:02:31.310654,2026-08-21 17:02:31.310654,2026-08-21 17:02:31.310654
12,recvjXpDcK7VPw,"{'2601': '49524036', '2602': '55237010', '2603': '54541671', '2604': '57058830', '公式': '0.00000000495049504950495', '状态': '已审批', '线下': '186115317', '编号': '15', 'SourceID': 'NzY0MTE0MDE0NjAzNzE0ODg2MjpyZWN2ZnBhVnRYU0owUjo2MWUwMGE2MjQ2YmExNDQ0OGRkY2IyZTQxY2I0ODA1MTox', '事业群': '消费者事业群', '战区': '衡澜战区', '创建人': '廖望舒', '当前年': '2026', '当前月': '8', '新零售': '28036729', '层级级别': '战区', '当前日期': '21', '燃气定制': '1744725', '父级引用': '4', '经营主体': '星澜集团总部', '1季度比例': '25%', '2季度比例': '25%', '3季度比例': '25%', '4季度比例': '25%', '任务维护人': '郭闻笛', '地产（万）': '0', '线下（万）': '18612', '年度开单金额': '114569610.837281', '总任务承接人': '廖闻笛', '总任务达成率': '53.701385', '新零售（万）': '2805', '本月开单金额': '-42964.773317', '链接字段(勿删)': '消费者事业群;衡澜战区;', '剩余分配百分比': '0', '当前月最后一天': '31', '总任务（金额）': '213345727', '燃气定制（万）': '175', '战区总任务金额': '11633305290', '截止当前目标阈值': '128394520.547945', '本月当前目标阈值': '10860215.0537634', '本月总目标（万）': '1803.01289', '地产-年度开单金额': '0', '线下-年度开单金额': '114569610.837281', '当前月份任务达成率': '53.701385', '本月开单金额（万）': '-4.296535', '新零售-年度开单金额': '0', '父级已审批金额-线下': '11495828710', '事业群剩余未分配金额': '-13208062913', '截止当天累计目标阈值': '137522955.90137', '战区已分配金额-线下': '0', '燃气定制-年度开单金额': '0', '父级已审批金额-新零售': '1533785763', '行业线已分配金额-线下': '0', '截止当前目标阈值达成率': '53.701385', '截止当前目标阈值（万）': '12839.4520547945', '本月当前目标阈值（万）': '1086.02150537634', '战区已分配金额-新零售': '0', '地产-年度开单金额（万）': '0', '城市站已分配金额-线下': '0', '年度阈值/开单差额（万）': '-2295.334514', '月度阈值/开单差额（万）': '-1167.530659', '父级已审批金额-燃气定制': '178448443', '线下-年度开单金额（万）': '11456.961078', '行业线已分配金额-新零售': '0', '总金额转换（以万为单位）': '21635', '总额的待分配任务（金额）': '220677058', '客户经理已分配金额-食饮部': '0', '战区已分配金额-燃气定制': '0', '城市站已分配金额-新零售': '0', '新零售-年度开单金额（万）': '0', '行业线已分配金额-燃气定制': '0', '行业线父级已审批金额-线下': '1281168304', '事业群下派战区总任务金额': '0', '战区下派片区总任务金额': '0', '截止当天累计目标阈值（万）': '13752.29559', '客户经理已分配金额-楼宇办公': '0', '客户经理已分配金额-工业健康': '0', '城市站已分配金额-燃气定制': '0', '城市站父级已审批金额-线下': '1281168304', '燃气定制-年度开单金额（万）': '0', '行业线父级已审批金额-新零售': '193060846', '片区下派客户经理总任务金额': '0', '客户经理父级已审批金额-食饮部': '0', '城市站父级已审批金额-新零售': '193060846', '行业线父级已审批金额-燃气定制': '12029404', '年度开单金额转换（以万为单位）': '11456.961078', '客户经理父级已审批金额-楼宇办公': '0', '客户经理父级已审批金额-工业健康': '0', '城市站父级已审批金额-燃气定制': '12029404'}",2026-08-21 17:02:31.310654,2026-08-21 17:02:31.310654,2026-08-21 17:02:31.310654
13,recvjXpDcKf0u8,"{'2601': '39416717', '2602': '49026151', '2603': '55838110', '2604': '48693304', '公式': '0.00000000506713959969597', '状态': '已审批', '线下': '161207887', '编号': '16', 'SourceID': 'NzY0MTE0MDE0NjAzNzE0ODg2MjpyZWN2ZnBhVkxIMVBUdzozNmFkYTVmZDY3NDExNjc4NDJlOWU1MDdmNDYxYmUyYTox', '事业群': '消费者事业群', '战区': '浔澜战区', '创建人': '廖望舒', '当前年': '2026', '当前月': '8', '新零售': '27560989', '层级级别': '战区', '当前日期': '21', '燃气定制': '4205406', '父级引用': '4', '经营主体': '星澜集团总部', '1季度比例': '25%', '2季度比例': '25%', '3季度比例': '25%', '4季度比例': '25%', '任务维护人': '郭闻笛', '地产（万）': '0', '线下（万）': '16121', '年度开单金额': '91024007.193511', '总任务承接人': '何疏影', '总任务达成率': '51.969873', '新零售（万）': '2757', '本月开单金额': '718537', '链接字段(勿删)': '消费者事业群;浔澜战区;', '剩余分配百分比': '0', '当前月最后一天': '31', '总任务（金额）': '175147642', '燃气定制（万）': '420', '战区总任务金额': '9656400324', '截止当前目标阈值': '125438904.109589', '本月当前目标阈值': '10610215.0537634', '本月总目标（万）': '1608.241583', '地产-年度开单金额': '0', '线下-年度开单金额': '91024007', '当前月份任务达成率': '51.969873', '本月开单金额（万）': '71.853706', '新零售-年度开单金额': '0', '父级已审批金额-线下': '9386026579', '事业群剩余未分配金额': '-10784018506', '截止当天累计目标阈值': '122657625.819178', '战区已分配金额-线下': '0', '燃气定制-年度开单金额': '0', '父级已审批金额-新零售': '1252293704', '行业线已分配金额-线下': '0', '截止当前目标阈值达成率': '51.969873', '截止当前目标阈值（万）': '12543.8904109589', '本月当前目标阈值（万）': '1061.02150537634', '战区已分配金额-新零售': '0', '地产-年度开单金额（万）': '0', '城市站已分配金额-线下': '0', '年度阈值/开单差额（万）': '-3163.3619', '月度阈值/开单差额（万）': '-965.642434', '父级已审批金额-燃气定制': '145698224', '线下-年度开单金额（万）': '9102.400683', '行业线已分配金额-新零售': '0', '总金额转换（以万为单位）': '19298', '总额的待分配任务（金额）': '182675920', '客户经理已分配金额-食饮部': '0', '战区已分配金额-燃气定制': '0', '城市站已分配金额-新零售': '0', '新零售-年度开单金额（万）': '0', '行业线已分配金额-燃气定制': '0', '行业线父级已审批金额-线下': '996628873', '事业群下派战区总任务金额': '0', '战区下派片区总任务金额': '0', '截止当天累计目标阈值（万）': '12265.762582', '客户经理已分配金额-楼宇办公': '0', '客户经理已分配金额-工业健康': '0', '城市站已分配金额-燃气定制': '0', '城市站父级已审批金额-线下': '996628873', '燃气定制-年度开单金额（万）': '0', '行业线父级已审批金额-新零售': '165823619', '片区下派客户经理总任务金额': '0', '客户经理父级已审批金额-食饮部': '0', '城市站父级已审批金额-新零售': '165823619', '行业线父级已审批金额-燃气定制': '26693263', '年度开单金额转换（以万为单位）': '9102.400683', '客户经理父级已审批金额-楼宇办公': '0', '客户经理父级已审批金额-工业健康': '0', '城市站父级已审批金额-燃气定制': '26693263'}",2026-08-21 17:02:31.310654,2026-08-21 17:02:31.310654,2026-08-21 17:02:31.310654
14,recvjXpDcKXOQa,"{'2601': '34792440', '2602': '30403966', '2603': '33309661', '2604': '31033039', '公式': '0.00000000785360873321291', '状态': '已审批', '线下': '114050102', '编号': '17', 'SourceID': 'NzY0MTE0MDE0NjAzNzE0ODg2MjpyZWN2ZnBhVlhsRUtZOTozNTE5NTM4MGUyZDdkNzgwODgxMTcyMGM5YmQ4NjFhYTox', '事业群': '消费者事业群', '战区': '苍澜战区', '创建人': '廖望舒', '当前年': '2026', '当前月': '8', '新零售': '14602946', '层级级别': '战区', '当前日期': '21', '燃气定制': '886057', '父级引用': '4', '经营主体': '星澜集团总部', '1季度比例': '25%', '2季度比例': '25%', '3季度比例': '25%', '4季度比例': '25%', '任务维护人': '郭闻笛', '地产（万）': '0', '线下（万）': '11405', '年度开单金额': '63279435.226993', '总任务承接人': '李怀瑾', '总任务达成率': '54.878635', '新零售（万）': '1460', '本月开单金额': '-20419.690611', '链接字段(勿删)': '消费者事业群;苍澜战区;', '剩余分配百分比': '0', '当前月最后一天': '31', '总任务（金额）': '115307962', '燃气定制（万）': '88', '战区总任务金额': '11773536433', '截止当前目标阈值': '80933041.0958904', '本月当前目标阈值': '6845698.92473118', '本月总目标（万）': '1079.49255', '地产-年度开单金额': '0', '线下-年度开单金额': '63279435.226993', '当前月份任务达成率': '54.878635', '本月开单金额（万）': '-2.041982', '新零售-年度开单金额': '0', '父级已审批金额-线下': '10651341728', '事业群剩余未分配金额': '-12237794699', '截止当天累计目标阈值': '82337185.183562', '战区已分配金额-线下': '0', '燃气定制-年度开单金额': '0', '父级已审批金额-新零售': '1421113406', '行业线已分配金额-线下': '0', '截止当前目标阈值达成率': '54.878635', '截止当前目标阈值（万）': '8093.30410958904', '本月当前目标阈值（万）': '684.569892473118', '战区已分配金额-新零售': '0', '地产-年度开单金额（万）': '0', '城市站已分配金额-线下': '0', '年度阈值/开单差额（万）': '-1905.775053', '月度阈值/开单差额（万）': '-698.488788', '父级已审批金额-燃气定制': '165339568', '线下-年度开单金额（万）': '6327.943465', '行业线已分配金额-新零售': '0', '总金额转换（以万为单位）': '12953', '总额的待分配任务（金额）': '110997588', '客户经理已分配金额-食饮部': '0', '战区已分配金额-燃气定制': '0', '城市站已分配金额-新零售': '0', '新零售-年度开单金额（万）': '0', '行业线已分配金额-燃气定制': '0', '行业线父级已审批金额-线下': '766524624', '事业群下派战区总任务金额': '0', '战区下派片区总任务金额': '0', '截止当天累计目标阈值（万）': '8233.718518', '客户经理已分配金额-楼宇办公': '0', '客户经理已分配金额-工业健康': '0', '城市站已分配金额-燃气定制': '0', '城市站父级已审批金额-线下': '766524624', '燃气定制-年度开单金额（万）': '0', '行业线父级已审批金额-新零售': '98191735', '片区下派客户经理总任务金额': '0', '客户经理父级已审批金额-食饮部': '0', '城市站父级已审批金额-新零售': '98191735', '行业线父级已审批金额-燃气定制': '5948942', '年度开单金额转换（以万为单位）': '6327.943465', '客户经理父级已审批金额-楼宇办公': '0', '客户经理父级已审批金额-工业健康': '0', '城市站父级已审批金额-燃气定制': '5948942'}",2026-08-21 17:02:31.310654,2026-08-21 17:02:31.310654,2026-08-21 17:02:31.310654
15,recvjXpDcKZ15r,"{'2601': '9357376', '2602': '8428937', '2603': '8998263', '2604': '9728069', '公式': '0.0000000281928390188892', '状态': '草稿', '线下': '28390717', '编号': '21', 'SourceID': 'NzY0MTE0MDE0NjAzNzE0ODg2MjpyZWN2Z1VNYzZtUWpWTjplYjk5NDcyYmUwZmZmMDgyZmJhYjg0YjEzMTVlNDFhODox', '事业群': '消费者事业群', '战区': '岷澜战区', '创建人': '廖望舒', '当前年': '2026', '当前月': '8', '新零售': '7905755', '层级级别': '城市站', '当前日期': '21', '燃气定制': '216173', '父级引用': '5', '经营主体': '星澜集团总部', '1季度比例': '25%', '2季度比例': '25%', '3季度比例': '25%', '4季度比例': '25%', '任务维护人': '郭闻笛', '地产（万）': '0', '城市战区': '成都城市站', '线下（万）': '2839', '年度开单金额': '15703559.299528', '总任务承接人': '孙疏影', '总任务达成率': '35.477479', '新零售（万）': '791', '本月开单金额': '-9074.323885', '链接字段(勿删)': '消费者事业群;岷澜战区;成都城市站', '剩余分配百分比': '0', '当前月最后一天': '31', '总任务（金额）': '44263459', '燃气定制（万）': '22', '战区总任务金额': '1862726075', '截止当前目标阈值': '22545315.0684931', '本月当前目标阈值': '1906989.24731182', '本月总目标（万）': '304.272042', '地产-年度开单金额': '0', '线下-年度开单金额': '15703559.299528', '当前月份任务达成率': '35.477479', '本月开单金额（万）': '-0.907432', '新零售-年度开单金额': '0', '父级已审批金额-线下': '1603488783', '事业群剩余未分配金额': '-1706644468', '截止当天累计目标阈值': '23208037.369863', '战区已分配金额-线下': '1603488783', '燃气定制-年度开单金额': '0', '父级已审批金额-新零售': '213939188', '行业线已分配金额-线下': '0', '截止当前目标阈值达成率': '35.477479', '截止当前目标阈值（万）': '2254.53150684931', '本月当前目标阈值（万）': '190.698924731182', '战区已分配金额-新零售': '213517136', '地产-年度开单金额（万）': '0', '城市站已分配金额-线下': '109537935', '年度阈值/开单差额（万）': '-750.447807', '月度阈值/开单差额（万）': '-197.211975', '父级已审批金额-燃气定制': '24890774', '线下-年度开单金额（万）': '1570.35593', '行业线已分配金额-新零售': '0', '总金额转换（以万为单位）': '3651', '总额的待分配任务（金额）': '34530221', '客户经理已分配金额-食饮部': '0', '战区已分配金额-燃气定制': '24901068', '城市站已分配金额-新零售': '24829010', '新零售-年度开单金额（万）': '0', '行业线已分配金额-燃气定制': '0', '行业线父级已审批金额-线下': '109527641', '事业群下派战区总任务金额': '1525862932', '战区下派片区总任务金额': '1334450811', '截止当天累计目标阈值（万）': '2320.803737', '客户经理已分配金额-楼宇办公': '0', '客户经理已分配金额-工业健康': '0', '城市站已分配金额-燃气定制': '1297038', '城市站父级已审批金额-线下': '109527641', '燃气定制-年度开单金额（万）': '0', '行业线父级已审批金额-新零售': '24859892', '片区下派客户经理总任务金额': '0', '客户经理父级已审批金额-食饮部': '0', '城市站父级已审批金额-新零售': '24859892', '行业线父级已审批金额-燃气定制': '1286744', '年度开单金额转换（以万为单位）': '1570.35593', '客户经理父级已审批金额-楼宇办公': '0', '客户经理父级已审批金额-工业健康': '0', '城市站父级已审批金额-燃气定制': '1286744'}",2026-08-21 17:02:31.310654,2026-08-21 17:02:31.310654,2026-08-21 17:02:31.310654
16,recvjXpDcKcg3S,"{'2601': '4260240', '2602': '2103906', '2603': '1916184', '2604': '1990767', '公式': '0.0000000725163161711385', '状态': '草稿', '线下': '8401593', '编号': '22', 'SourceID': 'NzY0MTE0MDE0NjAzNzE0ODg2MjpyZWN2Z1VNdkxmTTVTRzpiMmVhNzJhM2E3Y2U5OTUzYjMwNmYyODM4YzdmMzBiNjox', '事业群': '消费者事业群', '战区': '岷澜战区', '创建人': '廖望舒', '当前年': '2026', '当前月': '8', '新零售': '1713091', '层级级别': '城市站', '当前日期': '21', '燃气定制': '156413', '父级引用': '4', '经营主体': '星澜集团总部', '1季度比例': '25%', '2季度比例': '25%', '3季度比例': '25%', '4季度比例': '25%', '任务维护人': '郭闻笛', '地产（万）': '0', '城市战区': '绵阳城市站', '线下（万）': '840', '年度开单金额': '4696283.980674', '总任务承接人': '雷沐阳', '总任务达成率': '38.258746', '新零售（万）': '171', '本月开单金额': '10171.573869', '链接字段(勿删)': '消费者事业群;岷澜战区;绵阳城市站', '剩余分配百分比': '0', '当前月最后一天': '31', '总任务（金额）': '12275060', '燃气定制（万）': '16', '战区总任务金额': '2032047929', '截止当前目标阈值': '8765150.6849315', '本月当前目标阈值': '741397.849462365', '本月总目标（万）': '85.592475', '地产-年度开单金额': '0', '线下-年度开单金额': '4696283.980674', '当前月份任务达成率': '38.258746', '本月开单金额（万）': '1.017157', '新零售-年度开单金额': '0', '父级已审批金额-线下': '1160209412', '事业群剩余未分配金额': '-1234848037', '截止当天累计目标阈值': '6528478.093151', '战区已分配金额-线下': '1160209412', '燃气定制-年度开单金额': '0', '父级已审批金额-新零售': '154796381', '行业线已分配金额-线下': '0', '截止当前目标阈值达成率': '38.258746', '截止当前目标阈值（万）': '876.51506849315', '本月当前目标阈值（万）': '74.1397849462365', '战区已分配金额-新零售': '154491004', '地产-年度开单金额（万）': '0', '城市站已分配金额-线下': '79256522', '年度阈值/开单差额（万）': '-183.219411', '月度阈值/开单差额（万）': '-54.203794', '父级已审批金额-燃气定制': '18009799', '线下-年度开单金额（万）': '469.628398', '行业线已分配金额-新零售': '0', '总金额转换（以万为单位）': '1027', '总额的待分配任务（金额）': '11248947', '客户经理已分配金额-食饮部': '0', '战区已分配金额-燃气定制': '18017247', '城市站已分配金额-新零售': '17965109', '新零售-年度开单金额（万）': '0', '行业线已分配金额-燃气定制': '0', '行业线父级已审批金额-线下': '79249073', '事业群下派战区总任务金额': '1616700660', '战区下派片区总任务金额': '1908000977', '截止当天累计目标阈值（万）': '652.847809', '客户经理已分配金额-楼宇办公': '0', '客户经理已分配金额-工业健康': '0', '城市站已分配金额-燃气定制': '938476', '城市站父级已审批金额-线下': '79249073', '燃气定制-年度开单金额（万）': '0', '行业线父级已审批金额-新零售': '17987454', '片区下派客户经理总任务金额': '0', '客户经理父级已审批金额-食饮部': '0', '城市站父级已审批金额-新零售': '17987454', '行业线父级已审批金额-燃气定制': '931028', '年度开单金额转换（以万为单位）': '469.628398', '客户经理父级已审批金额-楼宇办公': '0', '客户经理父级已审批金额-工业健康': '0', '城市站父级已审批金额-燃气定制': '931028'}",2026-08-21 17:02:31.310654,2026-08-21 17:02:31.310654,2026-08-21 17:02:31.310654
17,recvjXpDcK6KrG,"{'2601': '5124877', '2602': '3643347', '2603': '5039197', '2604': '4209914', '公式': '0.0000000420698359276398', '状态': '草稿', '线下': '13893889', '编号': '23', 'SourceID': 'NzY0MTE0MDE0NjAzNzE0ODg2MjpyZWN2Z1ZBbWpwSHRIRDpmM2E5ZWVkYjJhZDgxOGM3NzlmZjg2NmM0NTg3ZmNmNTox', '事业群': '消费者事业群', '战区': '岷澜战区', '创建人': '廖望舒', '当前年': '2026', '当前月': '8', '新零售': '3964268', '层级级别': '城市站', '当前日期': '21', '燃气定制': '159177', '父级引用': '4', '经营主体': '星澜集团总部', '1季度比例': '25%', '2季度比例': '25%', '3季度比例': '25%', '4季度比例': '25%', '任务维护人': '郭闻笛', '地产（万）': '0', '城市战区': '川北城市站', '线下（万）': '1389', '年度开单金额': '3937869', '总任务承接人': '雷沐阳', '总任务达成率': '14.438831', '新零售（万）': '396', '本月开单金额': '-1364', '链接字段(勿删)': '消费者事业群;岷澜战区;川北城市站', '剩余分配百分比': '0', '当前月最后一天': '31', '总任务（金额）': '27272769', '燃气定制（万）': '16', '战区总任务金额': '1439658839', '截止当前目标阈值': '15108602.739726', '本月当前目标阈值': '1277956.98924731', '本月总目标（万）': '150.144458', '地产-年度开单金额': '0', '线下-年度开单金额': '3937869', '当前月份任务达成率': '14.438831', '本月开单金额（万）': '-0.136438', '新零售-年度开单金额': '0', '父级已审批金额-线下': '1180715302', '事业群剩余未分配金额': '-1256673112', '截止当天累计目标阈值': '11452114.30137', '战区已分配金额-线下': '1180715302', '燃气定制-年度开单金额': '0', '父级已审批金额-新零售': '157532298', '行业线已分配金额-线下': '0', '截止当前目标阈值达成率': '14.438831', '截止当前目标阈值（万）': '1510.8602739726', '本月当前目标阈值（万）': '127.795698924731', '战区已分配金额-新零售': '157221524', '地产-年度开单金额（万）': '0', '城市站已分配金额-线下': '80657325', '年度阈值/开单差额（万）': '-751.424572', '月度阈值/开单差额（万）': '-97.00383', '父级已审批金额-燃气定制': '18328109', '线下-年度开单金额（万）': '393.786859', '行业线已分配金额-新零售': '0', '总金额转换（以万为单位）': '1802', '总额的待分配任务（金额）': '29243472', '客户经理已分配金额-食饮部': '0', '战区已分配金额-燃气定制': '18335689', '城市站已分配金额-新零售': '18282630', '新零售-年度开单金额（万）': '0', '行业线已分配金额-燃气定制': '0', '行业线父级已审批金额-线下': '80649745', '事业群下派战区总任务金额': '1958339792', '战区下派片区总任务金额': '1124346787', '截止当天累计目标阈值（万）': '1145.21143', '客户经理已分配金额-楼宇办公': '0', '客户经理已分配金额-工业健康': '0', '城市站已分配金额-燃气定制': '955063', '城市站父级已审批金额-线下': '80649745', '燃气定制-年度开单金额（万）': '0', '行业线父级已审批金额-新零售': '18305370', '片区下派客户经理总任务金额': '0', '客户经理父级已审批金额-食饮部': '0', '城市站父级已审批金额-新零售': '18305370', '行业线父级已审批金额-燃气定制': '947483', '年度开单金额转换（以万为单位）': '393.786859', '客户经理父级已审批金额-楼宇办公': '0', '客户经理父级已审批金额-工业健康': '0', '城市站父级已审批金额-燃气定制': '947483'}",2026-08-21 17:02:31.310654,2026-08-21 17:02:31.310654,2026-08-21 17:02:31.310654
18,recvjXpDcK4Dgw,"{'2601': '6083846', '2602': '8660411', '2603': '10184487', '2604': '12424188', '公式': '0.000000028328611898017', '状态': '草稿', '线下': '31850517', '编号': '24', 'SourceID': 'NzY0MTE0MDE0NjAzNzE0ODg2MjpyZWN2Z1ZBbUdTZjJrMzozNDFkY2Q1Mjk4NTZkNWRlYzE2NTMxMGEzZGM5ODMyZjox', '事业群': '消费者事业群', '战区': '岷澜战区', '创建人': '廖望舒', '当前年': '2026', '当前月': '8', '新零售': '5290784', '层级级别': '城市站', '当前日期': '21', '燃气定制': '222213', '父级引用': '5', '经营主体': '星澜集团总部', '1季度比例': '25%', '2季度比例': '25%', '3季度比例': '25%', '4季度比例': '25%', '任务维护人': '郭闻笛', '地产（万）': '0', '城市战区': '川南城市站', '线下（万）': '3185', '年度开单金额': '14848824', '总任务承接人': '谢见山', '总任务达成率': '38.434480', '新零售（万）': '529', '本月开单金额': '19074', '链接字段(勿删)': '消费者事业群;岷澜战区;川南城市站', '剩余分配百分比': '0', '当前月最后一天': '31', '总任务（金额）': '38634122', '燃气定制（万）': '22', '战区总任务金额': '2030889522', '截止当前目标阈值': '22437260.2739726', '本月当前目标阈值': '1897849.46236559', '本月总目标（万）': '311.274433', '地产-年度开单金额': '0', '线下-年度开单金额': '14848824', '当前月份任务达成率': '38.434480', '本月开单金额（万）': '1.907433', '新零售-年度开单金额': '0', '父级已审批金额-线下': '1648290713', '事业群剩余未分配金额': '-1754328598', '截止当天累计目标阈值': '23742137.6', '战区已分配金额-线下': '1648290713', '燃气定制-年度开单金额': '0', '父级已审批金额-新零售': '219916710', '行业线已分配金额-线下': '0', '截止当前目标阈值达成率': '38.434480', '截止当前目标阈值（万）': '2243.72602739726', '本月当前目标阈值（万）': '189.784946236559', '战区已分配金额-新零售': '219482866', '地产-年度开单金额（万）': '0', '城市站已分配金额-线下': '112598456', '年度阈值/开单差额（万）': '-889.331331', '月度阈值/开单差额（万）': '-198.914782', '父级已审批金额-燃气定制': '25586229', '线下-年度开单金额（万）': '1484.882429', '行业线已分配金额-新零售': '0', '总金额转换（以万为单位）': '3735', '总额的待分配任务（金额）': '27609527', '客户经理已分配金额-食饮部': '0', '战区已分配金额-燃气定制': '25596811', '城市站已分配金额-新零售': '25522740', '新零售-年度开单金额（万）': '0', '行业线已分配金额-燃气定制': '0', '行业线父级已审批金额-线下': '112587874', '事业群下派战区总任务金额': '1550783758', '战区下派片区总任务金额': '1512887503', '截止当天累计目标阈值（万）': '2374.21376', '客户经理已分配金额-楼宇办公': '0', '客户经理已分配金额-工业健康': '0', '城市站已分配金额-燃气定制': '1333277', '城市站父级已审批金额-线下': '112587874', '燃气定制-年度开单金额（万）': '0', '行业线父级已审批金额-新零售': '25554485', '片区下派客户经理总任务金额': '0', '客户经理父级已审批金额-食饮部': '0', '城市站父级已审批金额-新零售': '25554485', '行业线父级已审批金额-燃气定制': '1322696', '年度开单金额转换（以万为单位）': '1484.882429', '客户经理父级已审批金额-楼宇办公': '0', '客户经理父级已审批金额-工业健康': '0', '城市站父级已审批金额-燃气定制': '1322696'}",2026-08-21 17:02:31.310654,2026-08-21 17:02:31.310654,2026-08-21 17:02:31.310654
19,recvjXpDcK4sWc,"{'2601': '3467942', '2602': '2969584', '2603': '2412578', '2604': '2180195', '公式': '0.000000104275286757038', '状态': '草稿', '线下': '8798935', '编号': '25', 'SourceID': 'NzY0MTE0MDE0NjAzNzE0ODg2MjpyZWN2Z1ZBbVpJek9JdzowMzRhMTEyOWJiN2YxNGU0MGUxMTBiNWVmOTY1ZjdjMDox', '事业群': '消费者事业群', '战区': '岷澜战区', '创建人': '廖望舒', '当前年': '2026', '当前月': '8', '新零售': '1978323', '层级级别': '城市站', '当前日期': '21', '燃气定制': '241539', '父级引用': '6', '经营主体': '星澜集团总部', '1季度比例': '25%', '2季度比例': '25%', '3季度比例': '25%', '4季度比例': '25%', '任务维护人': '郭闻笛', '地产（万）': '0', '城市战区': '乐山城市站', '线下（万）': '880', '年度开单金额': '0', '总任务承接人': '林允文', '总任务达成率': '0.000000', '新零售（万）': '198', '本月开单金额': '0', '链接字段(勿删)': '消费者事业群;岷澜战区;乐山城市站', '剩余分配百分比': '0', '当前月最后一天': '31', '总任务（金额）': '11109369', '燃气定制（万）': '24', '战区总任务金额': '1919214158', '截止当前目标阈值': '6095561.64383561', '本月当前目标阈值': '515591.397849462', '本月总目标（万）': '91.919158', '地产-年度开单金额': '0', '线下-年度开单金额': '0', '当前月份任务达成率': '0.000000', '本月开单金额（万）': '0', '新零售-年度开单金额': '0', '父级已审批金额-线下': '1791647211', '事业群剩余未分配金额': '-1906907509', '截止当天累计目标阈值': '7011039.364384', '战区已分配金额-线下': '1791647211', '燃气定制-年度开单金额': '0', '父级已审批金额-新零售': '239043487', '行业线已分配金额-线下': '0', '截止当前目标阈值达成率': '0.000000', '截止当前目标阈值（万）': '609.556164383561', '本月当前目标阈值（万）': '51.5591397849462', '战区已分配金额-新零售': '238571910', '地产-年度开单金额（万）': '0', '城市站已分配金额-线下': '122391462', '年度阈值/开单差额（万）': '-701.103936', '月度阈值/开单差额（万）': '-59.302683', '父级已审批金额-燃气定制': '27811536', '线下-年度开单金额（万）': '0', '行业线已分配金额-新零售': '0', '总金额转换（以万为单位）': '1103', '总额的待分配任务（金额）': '8954592', '客户经理已分配金额-食饮部': '0', '战区已分配金额-燃气定制': '27823038', '城市站已分配金额-新零售': '27742525', '新零售-年度开单金额（万）': '0', '行业线已分配金额-燃气定制': '0', '行业线父级已审批金额-线下': '122379960', '事业群下派战区总任务金额': '1947098307', '战区下派片区总任务金额': '1723596964', '截止当天累计目标阈值（万）': '701.103936', '客户经理已分配金额-楼宇办公': '0', '客户经理已分配金额-工业健康': '0', '城市站已分配金额-燃气定制': '1449236', '城市站父级已审批金额-线下': '122379960', '燃气定制-年度开单金额（万）': '0', '行业线父级已审批金额-新零售': '27777030', '片区下派客户经理总任务金额': '0', '客户经理父级已审批金额-食饮部': '0', '城市站父级已审批金额-新零售': '27777030', '行业线父级已审批金额-燃气定制': '1437734', '年度开单金额转换（以万为单位）': '0', '客户经理父级已审批金额-楼宇办公': '0', '客户经理父级已审批金额-工业健康': '0', '城市站父级已审批金额-燃气定制': '1437734'}",2026-08-21 17:02:31.310654,2026-08-21 17:02:31.310654,2026-08-21 17:02:31.310654
20,recvjXpDcK3HFc,"{'2601': '4939612', '2602': '3404784', '2603': '3635251', '2604': '4916139', '公式': '0.0000000721500721500721', '状态': '草稿', '线下': '13982299', '编号': '26', 'SourceID': 'NzY0MTE0MDE0NjAzNzE0ODg2MjpyZWN2Z1ZBbmt1d0U2MDpkNGU5ZDI3ZTQ1OWQ3Mzg3OGYxMTMxNTEwYTJhYjZlZTox', '事业群': '消费者事业群', '战区': '岷澜战区', '创建人': '廖望舒', '当前年': '2026', '当前月': '8', '新零售': '2669680', '层级级别': '城市站', '当前日期': '21', '燃气定制': '255997', '父级引用': '6', '经营主体': '星澜集团总部', '1季度比例': '25%', '2季度比例': '25%', '3季度比例': '25%', '4季度比例': '25%', '任务维护人': '郭闻笛', '地产（万）': '0', '城市战区': '川西城市站', '线下（万）': '1398', '年度开单金额': '11161853.328542', '总任务承接人': '林允文', '总任务达成率': '96.614295', '新零售（万）': '267', '本月开单金额': '-6284.379069', '链接字段(勿删)': '消费者事业群;岷澜战区;川西城市站', '剩余分配百分比': '0', '当前月最后一天': '31', '总任务（金额）': '11553004', '燃气定制（万）': '26', '战区总任务金额': '1583008472', '截止当前目标阈值': '8809643.83561644', '本月当前目标阈值': '745161.29032258', '本月总目标（万）': '140.798217', '地产-年度开单金额': '0', '线下-年度开单金额': '11161853.328542', '当前月份任务达成率': '96.614295', '本月开单金额（万）': '-0.628438', '新零售-年度开单金额': '0', '父级已审批金额-线下': '1898886425', '事业群剩余未分配金额': '-2021045640', '截止当天累计目标阈值': '10739239.320548', '战区已分配金额-线下': '1898886425', '燃气定制-年度开单金额': '0', '父级已审批金额-新零售': '253351458', '行业线已分配金额-线下': '0', '截止当前目标阈值达成率': '96.614295', '截止当前目标阈值（万）': '880.964383561644', '本月当前目标阈值（万）': '74.516129032258', '战区已分配金额-新零售': '252851655', '地产-年度开单金额（万）': '0', '城市站已分配金额-线下': '129717214', '年度阈值/开单差额（万）': '42.261401', '月度阈值/开单差额（万）': '-91.465997', '父级已审批金额-燃气定制': '29476198', '线下-年度开单金额（万）': '1116.185333', '行业线已分配金额-新零售': '0', '总金额转换（以万为单位）': '1690', '总额的待分配任务（金额）': '14297377', '客户经理已分配金额-食饮部': '0', '战区已分配金额-燃气定制': '29488388', '城市站已分配金额-新零售': '29403056', '新零售-年度开单金额（万）': '0', '行业线已分配金额-燃气定制': '0', '行业线父级已审批金额-线下': '129705024', '事业群下派战区总任务金额': '2217497160', '战区下派片区总任务金额': '1453388767', '截止当天累计目标阈值（万）': '1073.923932', '客户经理已分配金额-楼宇办公': '0', '客户经理已分配金额-工业健康': '0', '城市站已分配金额-燃气定制': '1535981', '城市站父级已审批金额-线下': '129705024', '燃气定制-年度开单金额（万）': '0', '行业线父级已审批金额-新零售': '29439627', '片区下派客户经理总任务金额': '0', '客户经理父级已审批金额-食饮部': '0', '城市站父级已审批金额-新零售': '29439627', '行业线父级已审批金额-燃气定制': '1523790', '年度开单金额转换（以万为单位）': '1116.185333', '客户经理父级已审批金额-楼宇办公': '0', '客户经理父级已审批金额-工业健康': '0', '城市站父级已审批金额-燃气定制': '1523790'}",2026-08-21 17:02:31.310654,2026-08-21 17:02:31.310654,2026-08-21 17:02:31.310654
21,recvjXpDcKZgif,"{'2601': '4869602', '2602': '8385047', '2603': '8139718', '2604': '9645455', '公式': '0.0000000361925443358668', '状态': '草稿', '线下': '23782593', '编号': '27', 'SourceID': 'NzY0MTE0MDE0NjAzNzE0ODg2MjpyZWN2Z1ZBbkZ4bVh6MjpkYjg5OWNlMGU2MTNlMjliNzM3NzZiYWM0MGY1YTZhNTox', '事业群': '消费者事业群', '战区': '沄澜战区', '创建人': '廖望舒', '当前年': '2026', '当前月': '8', '新零售': '7223527', '层级级别': '城市站', '当前日期': '21', '燃气定制': '44936', '父级引用': '7', '经营主体': '星澜集团总部', '1季度比例': '25%', '2季度比例': '25%', '3季度比例': '25%', '4季度比例': '25%', '任务维护人': '郭闻笛', '地产（万）': '0', '城市战区': '黄石城市站', '线下（万）': '2378', '年度开单金额': '11980520.308824', '总任务承接人': '王观澜', '总任务达成率': '57.909846', '新零售（万）': '722', '本月开单金额': '231689.297493', '链接字段(勿删)': '消费者事业群;沄澜战区;黄石城市站', '剩余分配百分比': '0', '当前月最后一天': '31', '总任务（金额）': '20688227', '燃气定制（万）': '4', '战区总任务金额': '1415168555', '截止当前目标阈值': '17562082.1917808', '本月当前目标阈值': '1485483.87096774', '本月总目标（万）': '258.665183', '地产-年度开单金额': '0', '线下-年度开单金额': '11980520.308824', '当前月份任务达成率': '57.909846', '本月开单金额（万）': '23.16893', '新零售-年度开单金额': '0', '父级已审批金额-线下': '1749935966', '事业群剩余未分配金额': '-1764506595', '截止当天累计目标阈值': '19729421.106849', '战区已分配金额-线下': '1749935966', '燃气定制-年度开单金额': '0', '父级已审批金额-新零售': '233478328', '行业线已分配金额-线下': '0', '截止当前目标阈值达成率': '57.909846', '截止当前目标阈值（万）': '1756.20821917808', '本月当前目标阈值（万）': '148.548387096774', '战区已分配金额-新零售': '233017730', '地产-年度开单金额（万）': '0', '城市站已分配金额-线下': '214234313', '年度阈值/开单差额（万）': '-774.89008', '月度阈值/开单差额（万）': '-143.711834', '父级已审批金额-燃气定制': '27164057', '线下-年度开单金额（万）': '1198.052031', '行业线已分配金额-新零售': '0', '总金额转换（以万为单位）': '3104', '总额的待分配任务（金额）': '32630371', '客户经理已分配金额-食饮部': '0', '战区已分配金额-燃气定制': '27175291', '城市站已分配金额-新零售': '29085088', '新零售-年度开单金额（万）': '0', '行业线已分配金额-燃气定制': '0', '行业线父级已审批金额-线下': '214234313', '事业群下派战区总任务金额': '1458650878', '战区下派片区总任务金额': '1364236505', '截止当天累计目标阈值（万）': '1972.942111', '客户经理已分配金额-楼宇办公': '0', '客户经理已分配金额-工业健康': '0', '城市站已分配金额-燃气定制': '2763589', '城市站父级已审批金额-线下': '214234313', '燃气定制-年度开单金额（万）': '0', '行业线父级已审批金额-新零售': '29085088', '片区下派客户经理总任务金额': '0', '客户经理父级已审批金额-食饮部': '0', '城市站父级已审批金额-新零售': '29085088', '行业线父级已审批金额-燃气定制': '2752355', '年度开单金额转换（以万为单位）': '1198.052031', '客户经理父级已审批金额-楼宇办公': '0', '客户经理父级已审批金额-工业健康': '0', '城市站父级已审批金额-燃气定制': '2752355'}",2026-08-21 17:02:31.310654,2026-08-21 17:02:31.310654,2026-08-21 17:02:31.310654
22,recvjXpDcKT0CS,"{'2601': '17383985', '2602': '16178013', '2603': '9726343', '2604': '17864789', '公式': '0.0000000183016105417276', '状态': '草稿', '线下': '57918640', '编号': '28', 'SourceID': 'NzY0MTE0MDE0NjAzNzE0ODg2MjpyZWN2Z1ZBb2FBS3ZtSDpkZWQ1NTJiYzU0NjQzOGZmZjBlN2UyZGNiNzg5NzAxNzox', '事业群': '消费者事业群', '战区': '沄澜战区', '创建人': '廖望舒', '当前年': '2026', '当前月': '8', '新零售': '3055418', '当前日期': '21', '燃气定制': '179072', '经营主体': '星澜集团总部', '1季度比例': '25%', '2季度比例': '25%', '3季度比例': '25%', '4季度比例': '25%', '任务维护人': '郭闻笛', '地产（万）': '0', '城市战区': '武汉城市站', '线下（万）': '5792', '年度开单金额': '33972938.054663', '总任务承接人': '黄知远', '总任务达成率': '74.474115', '新零售（万）': '306', '本月开单金额': '-7695.109653', '链接字段(勿删)': '消费者事业群;沄澜战区;武汉城市站', '剩余分配百分比': '0', '当前月最后一天': '31', '总任务（金额）': '45617109', '燃气定制（万）': '18', '战区总任务金额': '2206374458', '截止当前目标阈值': '34730082.1917808', '本月当前目标阈值': '2937634.40860215', '本月总目标（万）': '509.609417', '地产-年度开单金额': '0', '线下-年度开单金额': '33972938.054663', '当前月份任务达成率': '74.474115', '本月开单金额（万）': '-0.769511', '新零售-年度开单金额': '0', '父级已审批金额-线下': '1743379037', '事业群剩余未分配金额': '-2003044808', '截止当天累计目标阈值': '38869934.684931', '战区已分配金额-线下': '0', '燃气定制-年度开单金额': '0', '父级已审批金额-新零售': '232603496', '行业线已分配金额-线下': '0', '截止当前目标阈值达成率': '74.474115', '截止当前目标阈值（万）': '3473.00821917808', '本月当前目标阈值（万）': '293.763440860215', '战区已分配金额-新零售': '0', '地产-年度开单金额（万）': '0', '城市站已分配金额-线下': '0', '年度阈值/开单差额（万）': '-489.699663', '月度阈值/开单差额（万）': '-329.54978', '父级已审批金额-燃气定制': '27062275', '线下-年度开单金额（万）': '3397.293805', '行业线已分配金额-新零售': '0', '总金额转换（以万为单位）': '6115', '总额的待分配任务（金额）': '45676089', '客户经理已分配金额-食饮部': '0', '战区已分配金额-燃气定制': '0', '城市站已分配金额-新零售': '0', '新零售-年度开单金额（万）': '0', '行业线已分配金额-燃气定制': '0', '行业线父级已审批金额-线下': '213431587', '事业群下派战区总任务金额': '0', '战区下派片区总任务金额': '0', '截止当天累计目标阈值（万）': '3886.993468', '客户经理已分配金额-楼宇办公': '0', '客户经理已分配金额-工业健康': '0', '城市站已分配金额-燃气定制': '0', '城市站父级已审批金额-线下': '213431587', '燃气定制-年度开单金额（万）': '0', '行业线父级已审批金额-新零售': '28976108', '片区下派客户经理总任务金额': '0', '客户经理父级已审批金额-食饮部': '0', '城市站父级已审批金额-新零售': '28976108', '行业线父级已审批金额-燃气定制': '2742042', '年度开单金额转换（以万为单位）': '3397.293805', '客户经理父级已审批金额-楼宇办公': '0', '客户经理父级已审批金额-工业健康': '0', '城市站父级已审批金额-燃气定制': '2742042'}",2026-08-21 17:02:31.310654,2026-08-21 17:02:31.310654,2026-08-21 17:02:31.310654
23,recvjXpDcK3Tof,"{'2601': '7840377', '2602': '10269660', '2603': '12674628', '2604': '6036005', '公式': '0.0000000236127508854781', '状态': '草稿', '线下': '32073542', '编号': '43', 'SourceID': 'NzY0MTE0MDE0NjAzNzE0ODg2MjpyZWN2Z1ZBVFJxR3VkVjo2MmM4OTEyMzA4YjE0OWNlYTI2ZWE1NTE3MTUwNTBmMDox', '事业群': '消费者事业群', '战区': '沄澜战区', '创建人': '廖望舒', '当前年': '2026', '当前月': '8', '新零售': '4703656', '当前日期': '21', '燃气定制': '52166', '经营主体': '星澜集团总部', '1季度比例': '25%', '2季度比例': '25%', '3季度比例': '25%', '4季度比例': '25%', '任务维护人': '郭闻笛', '地产（万）': '0', '城市战区': '宜昌城市站', '线下（万）': '3207', '年度开单金额': '14640472', '总任务承接人': '黄知远', '总任务达成率': '42.656035', '新零售（万）': '470', '本月开单金额': '-1782', '链接字段(勿删)': '消费者事业群;沄澜战区;宜昌城市站', '剩余分配百分比': '0', '当前月最后一天': '31', '总任务（金额）': '34322159', '燃气定制（万）': '5', '战区总任务金额': '1806537787', '截止当前目标阈值': '26918356.1643835', '本月当前目标阈值': '2276881.7204301', '本月总目标（万）': '306.838917', '地产-年度开单金额': '0', '线下-年度开单金额': '14640472', '当前月份任务达成率': '42.656035', '本月开单金额（万）': '-0.178235', '新零售-年度开单金额': '0', '父级已审批金额-线下': '1354322495', '事业群剩余未分配金额': '-1556040645', '截止当天累计目标阈值': '23403823.123288', '战区已分配金额-线下': '0', '燃气定制-年度开单金额': '0', '父级已审批金额-新零售': '180695156', '行业线已分配金额-线下': '0', '截止当前目标阈值达成率': '42.656035', '截止当前目标阈值（万）': '2691.83561643835', '本月当前目标阈值（万）': '227.68817204301', '战区已分配金额-新零售': '0', '地产-年度开单金额（万）': '0', '城市站已分配金额-线下': '0', '年度阈值/开单差额（万）': '-876.33509', '月度阈值/开单差额（万）': '-198.138826', '父级已审批金额-燃气定制': '21022994', '线下-年度开单金额（万）': '1464.047222', '行业线已分配金额-新零售': '0', '总金额转换（以万为单位）': '3682', '总额的待分配任务（金额）': '52074839', '客户经理已分配金额-食饮部': '0', '战区已分配金额-燃气定制': '0', '城市站已分配金额-新零售': '0', '新零售-年度开单金额（万）': '0', '行业线已分配金额-燃气定制': '0', '行业线父级已审批金额-线下': '165801695', '事业群下派战区总任务金额': '0', '战区下派片区总任务金额': '0', '截止当天累计目标阈值（万）': '2340.382312', '客户经理已分配金额-楼宇办公': '0', '客户经理已分配金额-工业健康': '0', '城市站已分配金额-燃气定制': '0', '城市站父级已审批金额-线下': '165801695', '燃气定制-年度开单金额（万）': '0', '行业线父级已审批金额-新零售': '22509732', '片区下派客户经理总任务金额': '0', '客户经理父级已审批金额-食饮部': '0', '城市站父级已审批金额-新零售': '22509732', '行业线父级已审批金额-燃气定制': '2130121', '年度开单金额转换（以万为单位）': '1464.047222', '客户经理父级已审批金额-楼宇办公': '0', '客户经理父级已审批金额-工业健康': '0', '城市站父级已审批金额-燃气定制': '2130121'}",2026-08-21 17:02:31.310654,2026-08-21 17:02:31.310654,2026-08-21 17:02:31.310654
24,recvjXpDcKktfi,"{'2601': '7031671', '2602': '10275273', '2603': '9295836', '2604': '8538080', '公式': '0.000000023142791020597', '状态': '草稿', '线下': '32684822', '编号': '44', 'SourceID': 'NzY0MTE0MDE0NjAzNzE0ODg2MjpyZWN2Z1ZBVTgwYjV1UzphMWQ5ZDJkZTRlYmJhMTliN2I5YWM4ZjAxY2IyNGQ4Mzox', '事业群': '消费者事业群', '战区': '沄澜战区', '创建人': '廖望舒', '当前年': '2026', '当前月': '8', '新零售': '2423508', '当前日期': '21', '燃气定制': '32530', '经营主体': '星澜集团总部', '1季度比例': '25%', '2季度比例': '25%', '3季度比例': '25%', '4季度比例': '25%', '任务维护人': '郭闻笛', '地产（万）': '0', '城市战区': '襄阳城市站', '线下（万）': '3268', '年度开单金额': '16302154.154532', '总任务承接人': '袁景行', '总任务达成率': '30.252862', '新零售（万）': '242', '本月开单金额': '-4589.049868', '链接字段(勿删)': '消费者事业群;沄澜战区;襄阳城市站', '剩余分配百分比': '0', '当前月最后一天': '31', '总任务（金额）': '53886320', '燃气定制（万）': '3', '战区总任务金额': '1539666506', '截止当前目标阈值': '27464986.3013698', '本月当前目标阈值': '2323118.27956989', '本月总目标（万）': '292.8405', '地产-年度开单金额': '0', '线下-年度开单金额': '16302154.154532', '当前月份任务达成率': '30.252862', '本月开单金额（万）': '-0.458905', '新零售-年度开单金额': '0', '父级已审批金额-线下': '1266811331', '事业群剩余未分配金额': '-1455495222', '截止当天累计目标阈值': '22336108.273973', '战区已分配金额-线下': '0', '燃气定制-年度开单金额': '0', '父级已审批金额-新零售': '169019323', '行业线已分配金额-线下': '0', '截止当前目标阈值达成率': '30.252862', '截止当前目标阈值（万）': '2746.49863013698', '本月当前目标阈值（万）': '232.311827956989', '战区已分配金额-新零售': '0', '地产-年度开单金额（万）': '0', '城市站已分配金额-线下': '0', '年度阈值/开单差额（万）': '-603.395412', '月度阈值/开单差额（万）': '-189.38826', '父级已审批金额-燃气定制': '19664568', '线下-年度开单金额（万）': '1630.215415', '行业线已分配金额-新零售': '0', '总金额转换（以万为单位）': '3514', '总额的待分配任务（金额）': '35424182', '客户经理已分配金额-食饮部': '0', '战区已分配金额-燃气定制': '0', '城市站已分配金额-新零售': '0', '新零售-年度开单金额（万）': '0', '行业线已分配金额-燃气定制': '0', '行业线父级已审批金额-线下': '155088220', '事业群下派战区总任务金额': '0', '战区下派片区总任务金额': '0', '截止当天累计目标阈值（万）': '2233.610827', '客户经理已分配金额-楼宇办公': '0', '客户经理已分配金额-工业健康': '0', '城市站已分配金额-燃气定制': '0', '城市站父级已审批金额-线下': '155088220', '燃气定制-年度开单金额（万）': '0', '行业线父级已审批金额-新零售': '21055239', '片区下派客户经理总任务金额': '0', '客户经理父级已审批金额-食饮部': '0', '城市站父级已审批金额-新零售': '21055239', '行业线父级已审批金额-燃气定制': '1992481', '年度开单金额转换（以万为单位）': '1630.215415', '客户经理父级已审批金额-楼宇办公': '0', '客户经理父级已审批金额-工业健康': '0', '城市站父级已审批金额-燃气定制': '1992481'}",2026-08-21 17:02:31.310654,2026-08-21 17:02:31.310654,2026-08-21 17:02:31.310654
25,recvjXpDcKcPij,"{'2601': '4195951', '2602': '7642241', '2603': '6684865', '2604': '6674124', '公式': '0.0000000417188151856487', '状态': '草稿', '线下': '18816418', '编号': '45', 'SourceID': 'NzY0MTE0MDE0NjAzNzE0ODg2MjpyZWN2Z1ZBVXFoeHpRbzplNGMxMGE0OTUxNDQ1YTNmYTkzYzk4MzVmMjkxODlmODox', '事业群': '消费者事业群', '战区': '沄澜战区', '创建人': '廖望舒', '当前年': '2026', '当前月': '8', '新零售': '4215298', '当前日期': '21', '燃气定制': '2165465', '经营主体': '星澜集团总部', '1季度比例': '25%', '2季度比例': '25%', '3季度比例': '25%', '4季度比例': '25%', '任务维护人': '郭闻笛', '地产（万）': '0', '城市战区': '皖南城市站', '线下（万）': '1882', '年度开单金额': '8573688.728744', '总任务承接人': '温子衿', '总任务达成率': '35.944625', '新零售（万）': '422', '本月开单金额': '14031.739299', '链接字段(勿删)': '消费者事业群;沄澜战区;皖南城市站', '剩余分配百分比': '0', '当前月最后一天': '31', '总任务（金额）': '23852492', '燃气定制（万）': '217', '战区总任务金额': '2138286496', '截止当前目标阈值': '15235726.0273972', '本月当前目标阈值': '1288709.67741935', '本月总目标（万）': '209.976508', '地产-年度开单金额': '0', '线下-年度开单金额': '8573688.728744', '当前月份任务达成率': '35.944625', '本月开单金额（万）': '1.403174', '新零售-年度开单金额': '0', '父级已审批金额-线下': '1637448846', '事业群剩余未分配金额': '-1881336955', '截止当天累计目标阈值': '16015742.443836', '战区已分配金额-线下': '0', '燃气定制-年度开单金额': '0', '父级已审批金额-新零售': '218470176', '行业线已分配金额-线下': '0', '截止当前目标阈值达成率': '35.944625', '截止当前目标阈值（万）': '1523.57260273972', '本月当前目标阈值（万）': '128.870967741935', '战区已分配金额-新零售': '0', '地产-年度开单金额（万）': '0', '城市站已分配金额-线下': '0', '年度阈值/开单差额（万）': '-744.205372', '月度阈值/开单差额（万）': '-134.065541', '父级已审批金额-燃气定制': '25417932', '线下-年度开单金额（万）': '857.368873', '行业线已分配金额-新零售': '0', '总金额转换（以万为单位）': '2520', '总额的待分配任务（金额）': '26497408', '客户经理已分配金额-食饮部': '0', '战区已分配金额-燃气定制': '0', '城市站已分配金额-新零售': '0', '新零售-年度开单金额（万）': '0', '行业线已分配金额-燃气定制': '0', '行业线父级已审批金额-线下': '200463180', '事业群下派战区总任务金额': '0', '战区下派片区总任务金额': '0', '截止当天累计目标阈值（万）': '1601.574244', '客户经理已分配金额-楼宇办公': '0', '客户经理已分配金额-工业健康': '0', '城市站已分配金额-燃气定制': '0', '城市站父级已审批金额-线下': '200463180', '燃气定制-年度开单金额（万）': '0', '行业线父级已审批金额-新零售': '27215478', '片区下派客户经理总任务金额': '0', '客户经理父级已审批金额-食饮部': '0', '城市站父级已审批金额-新零售': '27215478', '行业线父级已审批金额-燃气定制': '2575432', '年度开单金额转换（以万为单位）': '857.368873', '客户经理父级已审批金额-楼宇办公': '0', '客户经理父级已审批金额-工业健康': '0', '城市站父级已审批金额-燃气定制': '2575432'}",2026-08-21 17:02:31.310654,2026-08-21 17:02:31.310654,2026-08-21 17:02:31.310654
26,recvjXpDcKTq2B,"{'2601': '7820377', '2602': '6106385', '2603': '8038045', '2604': '8511815', '公式': '0.0000000367242012486228', '状态': '草稿', '线下': '25518435', '编号': '46', 'SourceID': 'NzY0MTE0MDE0NjAzNzE0ODg2MjpyZWN2Z1ZBVUtncVQwSDo0ZDExYzkyZmNmZjE3NmNjM2U4ZGI1N2E0OWYxNDNhMjox', '事业群': '消费者事业群', '战区': '沄澜战区', '创建人': '廖望舒', '当前年': '2026', '当前月': '8', '新零售': '4846264', '当前日期': '21', '燃气定制': '111923', '经营主体': '星澜集团总部', '1季度比例': '25%', '2季度比例': '25%', '3季度比例': '25%', '4季度比例': '25%', '任务维护人': '郭闻笛', '地产（万）': '0', '城市战区': '皖北城市站', '线下（万）': '2552', '年度开单金额': '10856936.956645', '总任务承接人': '温子衿', '总任务达成率': '56.760415', '新零售（万）': '485', '本月开单金额': '-2355.776846', '链接字段(勿删)': '消费者事业群;沄澜战区;皖北城市站', '剩余分配百分比': '0', '当前月最后一天': '31', '总任务（金额）': '19127656', '燃气定制（万）': '11', '战区总任务金额': '2044774134', '截止当前目标阈值': '17307835.6164383', '本月当前目标阈值': '1463978.49462365', '本月总目标（万）': '253.97185', '地产-年度开单金额': '0', '线下-年度开单金额': '10856936.956645', '当前月份任务达成率': '56.760415', '本月开单金额（万）': '-0.235578', '新零售-年度开单金额': '0', '父级已审批金额-线下': '1743423947', '事业群剩余未分配金额': '-2003096407', '截止当天累计目标阈值': '19371441.928767', '战区已分配金额-线下': '0', '燃气定制-年度开单金额': '0', '父级已审批金额-新零售': '232609488', '行业线已分配金额-线下': '0', '截止当前目标阈值达成率': '56.760415', '截止当前目标阈值（万）': '1730.78356164383', '本月当前目标阈值（万）': '146.397849462365', '战区已分配金额-新零售': '0', '地产-年度开单金额（万）': '0', '城市站已分配金额-线下': '0', '年度阈值/开单差额（万）': '-851.450497', '月度阈值/开单差额（万）': '-164.088384', '父级已审批金额-燃气定制': '27062972', '线下-年度开单金额（万）': '1085.693696', '行业线已分配金额-新零售': '0', '总金额转换（以万为单位）': '3048', '总额的待分配任务（金额）': '33344750', '客户经理已分配金额-食饮部': '0', '战区已分配金额-燃气定制': '0', '城市站已分配金额-新零售': '0', '新零售-年度开单金额（万）': '0', '行业线已分配金额-燃气定制': '0', '行业线父级已审批金额-线下': '213437085', '事业群下派战区总任务金额': '0', '战区下派片区总任务金额': '0', '截止当天累计目标阈值（万）': '1937.144193', '客户经理已分配金额-楼宇办公': '0', '客户经理已分配金额-工业健康': '0', '城市站已分配金额-燃气定制': '0', '城市站父级已审批金额-线下': '213437085', '燃气定制-年度开单金额（万）': '0', '行业线父级已审批金额-新零售': '28976854', '片区下派客户经理总任务金额': '0', '客户经理父级已审批金额-食饮部': '0', '城市站父级已审批金额-新零售': '28976854', '行业线父级已审批金额-燃气定制': '2742113', '年度开单金额转换（以万为单位）': '1085.693696', '客户经理父级已审批金额-楼宇办公': '0', '客户经理父级已审批金额-工业健康': '0', '城市站父级已审批金额-燃气定制': '2742113'}",2026-08-21 17:02:31.310654,2026-08-21 17:02:31.310654,2026-08-21 17:02:31.310654
27,recvjXpDcKp6vQ,"{'2601': '14008753', '2602': '12764579', '2603': '9476606', '2604': '10708807', '公式': '0.0000000256607646907877', '状态': '草稿', '线下': '42319505', '编号': '47', 'SourceID': 'NzY0MTE0MDE0NjAzNzE0ODg2MjpyZWN2Z1ZBVmFoeG1hbDo2YmM0MThmYjg2NmZiZDkzNmJmY2E4YTRkOGMzZTlmMDox', '事业群': '消费者事业群', '战区': '瓯澜战区', '创建人': '廖望舒', '当前年': '2026', '当前月': '8', '新零售': '4024691', '当前日期': '21', '燃气定制': '614549', '经营主体': '星澜集团总部', '1季度比例': '25%', '2季度比例': '25%', '3季度比例': '25%', '4季度比例': '25%', '任务维护人': '郭闻笛', '地产（万）': '0', '城市战区': '南昌城市站', '线下（万）': '4232', '年度开单金额': '20881345', '总任务承接人': '韦听雨', '总任务达成率': '43.548640', '新零售（万）': '402', '本月开单金额': '123789', '链接字段(勿删)': '消费者事业群;瓯澜战区;南昌城市站', '剩余分配百分比': '0', '当前月最后一天': '31', '总任务（金额）': '47949477', '燃气定制（万）': '61', '战区总任务金额': '1424928072', '截止当前目标阈值': '24769972.6027397', '本月当前目标阈值': '2095161.29032258', '本月总目标（万）': '391.322875', '地产-年度开单金额': '0', '线下-年度开单金额': '20881345', '当前月份任务达成率': '43.548640', '本月开单金额（万）': '12.378937', '新零售-年度开单金额': '0', '父级已审批金额-线下': '1877024303', '事业群剩余未分配金额': '-2156595728', '截止当天累计目标阈值': '29847750.246575', '战区已分配金额-线下': '0', '燃气定制-年度开单金额': '0', '父级已审批金额-新零售': '250434590', '行业线已分配金额-线下': '0', '截止当前目标阈值达成率': '43.548640', '截止当前目标阈值（万）': '2476.99726027397', '本月当前目标阈值（万）': '209.516129032258', '战区已分配金额-新零售': '0', '地产-年度开单金额（万）': '0', '城市站已分配金额-线下': '0', '年度阈值/开单差额（万）': '-896.640496', '月度阈值/开单差额（万）': '-240.087434', '父级已审批金额-燃气定制': '29136835', '线下-年度开单金额（万）': '2088.134529', '行业线已分配金额-新零售': '0', '总金额转换（以万为单位）': '4696', '总额的待分配任务（金额）': '34458279', '客户经理已分配金额-食饮部': '0', '战区已分配金额-燃气定制': '0', '城市站已分配金额-新零售': '0', '新零售-年度开单金额（万）': '0', '行业线已分配金额-燃气定制': '0', '行业线父级已审批金额-线下': '151950160', '事业群下派战区总任务金额': '0', '战区下派片区总任务金额': '0', '截止当天累计目标阈值（万）': '2984.775025', '客户经理已分配金额-楼宇办公': '0', '客户经理已分配金额-工业健康': '0', '城市站已分配金额-燃气定制': '0', '城市站父级已审批金额-线下': '151950160', '燃气定制-年度开单金额（万）': '0', '行业线父级已审批金额-新零售': '24075846', '片区下派客户经理总任务金额': '0', '客户经理父级已审批金额-食饮部': '0', '城市站父级已审批金额-新零售': '24075846', '行业线父级已审批金额-燃气定制': '2289495', '年度开单金额转换（以万为单位）': '2088.134529', '客户经理父级已审批金额-楼宇办公': '0', '客户经理父级已审批金额-工业健康': '0', '城市站父级已审批金额-燃气定制': '2289495'}",2026-08-21 17:02:31.310654,2026-08-21 17:02:31.310654,2026-08-21 17:02:31.310654
28,recvjXpDcKHPNQ,"{'2601': '4750072', '2602': '5686263', '2603': '4727479', '2604': '6869634', '公式': '0.000000042753313381787', '状态': '草稿', '线下': '19292220', '编号': '48', 'SourceID': 'NzY0MTE0MDE0NjAzNzE0ODg2MjpyZWN2Z1ZCYmwwa3g3SDoyN2QxM2MxMDAxNmJmOTk2ZGNiNWQ1MTQ4MThmZWQzMDox', '事业群': '消费者事业群', '战区': '瓯澜战区', '创建人': '廖望舒', '当前年': '2026', '当前月': '8', '新零售': '2741228', '当前日期': '21', '燃气定制': '0', '经营主体': '星澜集团总部', '1季度比例': '25%', '2季度比例': '25%', '3季度比例': '25%', '4季度比例': '25%', '任务维护人': '郭闻笛', '地产（万）': '0', '城市战区': '宜春城市站', '线下（万）': '1929', '年度开单金额': '8388814', '总任务承接人': '韦听雨', '总任务达成率': '31.380516', '新零售（万）': '274', '本月开单金额': '0', '链接字段(勿删)': '消费者事业群;瓯澜战区;宜春城市站', '剩余分配百分比': '0', '当前月最后一天': '31', '总任务（金额）': '26732556', '燃气定制（万）': '0', '战区总任务金额': '1597516027', '截止当前目标阈值': '14867068.4931506', '本月当前目标阈值': '1257526.88172043', '本月总目标（万）': '183.612067', '地产-年度开单金额': '0', '线下-年度开单金额': '8388814', '当前月份任务达成率': '31.380516', '本月开单金额（万）': '0', '新零售-年度开单金额': '0', '父级已审批金额-线下': '1467357929', '事业群剩余未分配金额': '-1685912023', '截止当天累计目标阈值': '14004821.742466', '战区已分配金额-线下': '0', '燃气定制-年度开单金额': '0', '父级已审批金额-新零售': '195776464', '行业线已分配金额-线下': '0', '截止当前目标阈值达成率': '31.380516', '截止当前目标阈值（万）': '1486.70684931506', '本月当前目标阈值（万）': '125.752688172043', '战区已分配金额-新零售': '0', '地产-年度开单金额（万）': '0', '城市站已分配金额-线下': '0', '年度阈值/开单差额（万）': '-561.600796', '月度阈值/开单差额（万）': '-118.459398', '父级已审批金额-燃气定制': '22777630', '线下-年度开单金额（万）': '838.881378', '行业线已分配金额-新零售': '0', '总金额转换（以万为单位）': '2203', '总额的待分配任务（金额）': '20001134', '客户经理已分配金额-食饮部': '0', '战区已分配金额-燃气定制': '0', '城市站已分配金额-新零售': '0', '新零售-年度开单金额（万）': '0', '行业线已分配金额-燃气定制': '0', '行业线父级已审批金额-线下': '118786567', '事业群下派战区总任务金额': '0', '战区下派片区总任务金额': '0', '截止当天累计目标阈值（万）': '1400.482174', '客户经理已分配金额-楼宇办公': '0', '客户经理已分配金额-工业健康': '0', '城市站已分配金额-燃气定制': '0', '城市站父级已审批金额-线下': '118786567', '燃气定制-年度开单金额（万）': '0', '行业线父级已审批金额-新零售': '18821218', '片区下派客户经理总任务金额': '0', '客户经理父级已审批金额-食饮部': '0', '城市站父级已审批金额-新零售': '18821218', '行业线父级已审批金额-燃气定制': '1789806', '年度开单金额转换（以万为单位）': '838.881378', '客户经理父级已审批金额-楼宇办公': '0', '客户经理父级已审批金额-工业健康': '0', '城市站父级已审批金额-燃气定制': '1789806'}",2026-08-21 17:02:31.310654,2026-08-21 17:02:31.310654,2026-08-21 17:02:31.310654
29,recvjXpDcK2XcK,"{'2601': '6811813', '2602': '9714057', '2603': '6336708', '2604': '10449896', '公式': '0.00000003125', '状态': '草稿', '线下': '28513396', '编号': '49', 'SourceID': 'NzY0MTE0MDE0NjAzNzE0ODg2MjpyZWN2Z1ZCYnpMcnlPSTo0YTQ2MTZhODUxZjI2MWNjOWQ2ZmQ3ZjAxY2RhOWRhZDox', '事业群': '消费者事业群', '战区': '瓯澜战区', '创建人': '廖望舒', '当前年': '2026', '当前月': '8', '新零售': '4518004', '当前日期': '21', '燃气定制': '281074', '经营主体': '星澜集团总部', '1季度比例': '25%', '2季度比例': '25%', '3季度比例': '25%', '4季度比例': '25%', '任务维护人': '郭闻笛', '地产（万）': '0', '城市战区': '赣州城市站', '线下（万）': '2851', '年度开单金额': '18461573', '总任务承接人': '王望舒', '总任务达成率': '53.585272', '新零售（万）': '452', '本月开单金额': '4972', '链接字段(勿删)': '消费者事业群;瓯澜战区;赣州城市站', '剩余分配百分比': '0', '当前月最后一天': '31', '总任务（金额）': '34452700', '燃气定制（万）': '28', '战区总任务金额': '1608414491', '截止当前目标阈值': '20339726.0273972', '本月当前目标阈值': '1720430.10752688', '本月总目标（万）': '277.60395', '地产-年度开单金额': '0', '线下-年度开单金额': '18461573', '当前月份任务达成率': '53.585272', '本月开单金额（万）': '0.497189', '新零售-年度开单金额': '0', '父级已审批金额-线下': '1621588773', '事业群剩余未分配金额': '-1863114620', '截止当天累计目标阈值': '21173956.076712', '战区已分配金额-线下': '0', '燃气定制-年度开单金额': '0', '父级已审批金额-新零售': '216354108', '行业线已分配金额-线下': '0', '截止当前目标阈值达成率': '53.585272', '截止当前目标阈值（万）': '2033.97260273972', '本月当前目标阈值（万）': '172.043010752688', '战区已分配金额-新零售': '0', '地产-年度开单金额（万）': '0', '城市站已分配金额-线下': '0', '年度阈值/开单差额（万）': '-271.238286', '月度阈值/开单差额（万）': '-178.602134', '父级已审批金额-燃气定制': '25171738', '线下-年度开单金额（万）': '1846.157322', '行业线已分配金额-新零售': '0', '总金额转换（以万为单位）': '3331', '总额的待分配任务（金额）': '39419464', '客户经理已分配金额-食饮部': '0', '战区已分配金额-燃气定制': '0', '城市站已分配金额-新零售': '0', '新零售-年度开单金额（万）': '0', '行业线已分配金额-燃气定制': '0', '行业线父级已审批金额-线下': '131271968', '事业群下派战区总任务金额': '0', '战区下派片区总任务金额': '0', '截止当天累计目标阈值（万）': '2117.395608', '客户经理已分配金额-楼宇办公': '0', '客户经理已分配金额-工业健康': '0', '城市站已分配金额-燃气定制': '0', '城市站父级已审批金额-线下': '131271968', '燃气定制-年度开单金额（万）': '0', '行业线父级已审批金额-新零售': '20799476', '片区下派客户经理总任务金额': '0', '客户经理父级已审批金额-食饮部': '0', '城市站父级已审批金额-新零售': '20799476', '行业线父级已审批金额-燃气定制': '1977928', '年度开单金额转换（以万为单位）': '1846.157322', '客户经理父级已审批金额-楼宇办公': '0', '客户经理父级已审批金额-工业健康': '0', '城市站父级已审批金额-燃气定制': '1977928'}",2026-08-21 17:02:31.310654,2026-08-21 17:02:31.310654,2026-08-21 17:02:31.310654
30,recvjXpDcKlszg,"{'2601': '5723625', '2602': '9467854', '2603': '3788163', '2604': '6199325', '公式': '0.0000000373552484124019', '状态': '草稿', '线下': '19723681', '编号': '50', 'SourceID': 'NzY0MTE0MDE0NjAzNzE0ODg2MjpyZWN2Z1ZCYlVVNGVBTTpkMjdjZmZiZmRiYzY1MjNkODU5YmQ5ODc0NTBkNWI1MDox', '事业群': '消费者事业群', '战区': '瓯澜战区', '创建人': '廖望舒', '当前年': '2026', '当前月': '8', '新零售': '4890946', '当前日期': '21', '燃气定制': '564340', '经营主体': '星澜集团总部', '1季度比例': '25%', '2季度比例': '25%', '3季度比例': '25%', '4季度比例': '25%', '任务维护人': '郭闻笛', '地产（万）': '0', '城市战区': '厦门城市站', '线下（万）': '1972', '年度开单金额': '10814369', '总任务承接人': '韩疏影', '总任务达成率': '45.564895', '新零售（万）': '489', '本月开单金额': '0', '链接字段(勿删)': '消费者事业群;瓯澜战区;厦门城市站', '剩余分配百分比': '0', '当前月最后一天': '31', '总任务（金额）': '23733993', '燃气定制（万）': '56', '战区总任务金额': '1713296077', '截止当前目标阈值': '17015452.0547945', '本月当前目标阈值': '1439247.31182795', '本月总目标（万）': '209.824725', '地产-年度开单金额': '0', '线下-年度开单金额': '10814369', '当前月份任务达成率': '45.564895', '本月开单金额（万）': '0', '新零售-年度开单金额': '0', '父级已审批金额-线下': '1465120541', '事业群剩余未分配金额': '-1683341391', '截止当天累计目标阈值': '16004165.326027', '战区已分配金额-线下': '0', '燃气定制-年度开单金额': '0', '父级已审批金额-新零售': '195477950', '行业线已分配金额-线下': '0', '截止当前目标阈值达成率': '45.564895', '截止当前目标阈值（万）': '1701.54520547945', '本月当前目标阈值（万）': '143.924731182795', '战区已分配金额-新零售': '0', '地产-年度开单金额（万）': '0', '城市站已分配金额-线下': '0', '年度阈值/开单差额（万）': '-518.979618', '月度阈值/开单差额（万）': '-135.37079', '父级已审批金额-燃气定制': '22742900', '线下-年度开单金额（万）': '1081.436915', '行业线已分配金额-新零售': '0', '总金额转换（以万为单位）': '2518', '总额的待分配任务（金额）': '23061510', '客户经理已分配金额-食饮部': '0', '战区已分配金额-燃气定制': '0', '城市站已分配金额-新零售': '0', '新零售-年度开单金额（万）': '0', '行业线已分配金额-燃气定制': '0', '行业线父级已审批金额-线下': '118605444', '事业群下派战区总任务金额': '0', '战区下派片区总任务金额': '0', '截止当天累计目标阈值（万）': '1600.416533', '客户经理已分配金额-楼宇办公': '0', '客户经理已分配金额-工业健康': '0', '城市站已分配金额-燃气定制': '0', '城市站父级已审批金额-线下': '118605444', '燃气定制-年度开单金额（万）': '0', '行业线父级已审批金额-新零售': '18792520', '片区下派客户经理总任务金额': '0', '客户经理父级已审批金额-食饮部': '0', '城市站父级已审批金额-新零售': '18792520', '行业线父级已审批金额-燃气定制': '1787076', '年度开单金额转换（以万为单位）': '1081.436915', '客户经理父级已审批金额-楼宇办公': '0', '客户经理父级已审批金额-工业健康': '0', '城市站父级已审批金额-燃气定制': '1787076'}",2026-08-21 17:02:31.310654,2026-08-21 17:02:31.310654,2026-08-21 17:02:31.310654
31,recvjXpDcKnM9Y,"{'2601': '4213489', '2602': '3876349', '2603': '3408779', '2604': '2159102', '公式': '0.0000000639386189258312', '状态': '草稿', '线下': '10784708', '编号': '51', 'SourceID': 'NzY0MTE0MDE0NjAzNzE0ODg2MjpyZWN2Z1ZCY2F5WnkydTpkMjFlZmVhNDI5MmY1YzNiMWMyOWIxNjQyMTU2ODg0Mzox', '事业群': '消费者事业群', '战区': '瓯澜战区', '创建人': '廖望舒', '当前年': '2026', '当前月': '8', '新零售': '2418918', '当前日期': '21', '燃气定制': '454093', '经营主体': '星澜集团总部', '1季度比例': '25%', '2季度比例': '25%', '3季度比例': '25%', '4季度比例': '25%', '任务维护人': '郭闻笛', '地产（万）': '0', '城市战区': '福州城市站', '线下（万）': '1078', '年度开单金额': '4707383', '总任务承接人': '谢天翊', '总任务达成率': '27.159114', '新零售（万）': '242', '本月开单金额': '109', '链接字段(勿删)': '消费者事业群;瓯澜战区;福州城市站', '剩余分配百分比': '0', '当前月最后一天': '31', '总任务（金额）': '17332609', '燃气定制（万）': '45', '战区总任务金额': '1782844649', '截止当前目标阈值': '9941041.09589041', '本月当前目标阈值': '840860.215053763', '本月总目标（万）': '113.814325', '地产-年度开单金额': '0', '线下-年度开单金额': '4707383', '当前月份任务达成率': '27.159114', '本月开单金额（万）': '0.010916', '新零售-年度开单金额': '0', '父级已审批金额-线下': '1360270389', '事业群剩余未分配金额': '-1562874442', '截止当天累计目标阈值': '8681070.706849', '战区已分配金额-线下': '0', '燃气定制-年度开单金额': '0', '父级已审批金额-新零售': '181488730', '行业线已分配金额-线下': '0', '截止当前目标阈值达成率': '27.159114', '截止当前目标阈值（万）': '994.104109589041', '本月当前目标阈值（万）': '84.0860215053763', '战区已分配金额-新零售': '0', '地产-年度开单金额（万）': '0', '城市站已分配金额-线下': '0', '年度阈值/开单差额（万）': '-397.368723', '月度阈值/开单差额（万）': '-73.417681', '父级已审批金额-燃气定制': '21115323', '线下-年度开单金额（万）': '470.738348', '行业线已分配金额-新零售': '0', '总金额转换（以万为单位）': '1366', '总额的待分配任务（金额）': '13537005', '客户经理已分配金额-食饮部': '0', '战区已分配金额-燃气定制': '0', '城市站已分配金额-新零售': '0', '新零售-年度开单金额（万）': '0', '行业线已分配金额-燃气定制': '0', '行业线父级已审批金额-线下': '110117543', '事业群下派战区总任务金额': '0', '战区下派片区总任务金额': '0', '截止当天累计目标阈值（万）': '868.107071', '客户经理已分配金额-楼宇办公': '0', '客户经理已分配金额-工业健康': '0', '城市站已分配金额-燃气定制': '0', '城市站父级已审批金额-线下': '110117543', '燃气定制-年度开单金额（万）': '0', '行业线父级已审批金额-新零售': '17447649', '片区下派客户经理总任务金额': '0', '客户经理父级已审批金额-食饮部': '0', '城市站父级已审批金额-新零售': '17447649', '行业线父级已审批金额-燃气定制': '1659186', '年度开单金额转换（以万为单位）': '470.738348', '客户经理父级已审批金额-楼宇办公': '0', '客户经理父级已审批金额-工业健康': '0', '城市站父级已审批金额-燃气定制': '1659186'}",2026-08-21 17:02:31.310654,2026-08-21 17:02:31.310654,2026-08-21 17:02:31.310654
32,recvjXpDcKF5Jm,"{'2601': '2824045', '2602': '1761567', '2603': '2837775', '2604': '1936487', '公式': '0.000000089126559714795', '状态': '草稿', '线下': '8166949', '编号': '52', 'SourceID': 'NzY0MTE0MDE0NjAzNzE0ODg2MjpyZWN2Z1ZCY3B5RzdiSjowMWRhMjQ3NWFjNzZiMzhlZmM2YzhhMjU1NmI1MjczNjox', '事业群': '消费者事业群', '战区': '瓯澜战区', '创建人': '廖望舒', '当前年': '2026', '当前月': '8', '新零售': '1192925', '当前日期': '21', '燃气定制': '0', '经营主体': '星澜集团总部', '1季度比例': '25%', '2季度比例': '25%', '3季度比例': '25%', '4季度比例': '25%', '任务维护人': '郭闻笛', '地产（万）': '0', '城市战区': '三明城市站', '线下（万）': '817', '年度开单金额': '4016559', '总任务承接人': '谢天翊', '总任务达成率': '38.031217', '新零售（万）': '119', '本月开单金额': '0', '链接字段(勿删)': '消费者事业群;瓯澜战区;三明城市站', '剩余分配百分比': '0', '当前月最后一天': '31', '总任务（金额）': '10561216', '燃气定制（万）': '0', '战区总任务金额': '2072986433', '截止当前目标阈值': '7131616.43835616', '本月当前目标阈值': '603225.806451612', '本月总目标（万）': '77.99895', '地产-年度开单金额': '0', '线下-年度开单金额': '4016559', '当前月份任务达成率': '38.031217', '本月开单金额（万）': '0', '新零售-年度开单金额': '0', '父级已审批金额-线下': '1299454165', '事业群剩余未分配金额': '-1493000009', '截止当天累计目标阈值': '5949289.775342', '战区已分配金额-线下': '0', '燃气定制-年度开单金额': '0', '父级已审批金额-新零售': '173374564', '行业线已分配金额-线下': '0', '截止当前目标阈值达成率': '38.031217', '截止当前目标阈值（万）': '713.161643835616', '本月当前目标阈值（万）': '60.3225806451612', '战区已分配金额-新零售': '0', '地产-年度开单金额（万）': '0', '城市站已分配金额-线下': '0', '年度阈值/开单差额（万）': '-193.273093', '月度阈值/开单差额（万）': '-50.321903', '父级已审批金额-燃气定制': '20171279', '线下-年度开单金额（万）': '401.655885', '行业线已分配金额-新零售': '0', '总金额转换（以万为单位）': '936', '总额的待分配任务（金额）': '9812199', '客户经理已分配金额-食饮部': '0', '战区已分配金额-燃气定制': '0', '城市站已分配金额-新零售': '0', '新零售-年度开单金额（万）': '0', '行业线已分配金额-燃气定制': '0', '行业线父级已审批金额-线下': '105194306', '事业群下派战区总任务金额': '0', '战区下派片区总任务金额': '0', '截止当天累计目标阈值（万）': '594.928978', '客户经理已分配金额-楼宇办公': '0', '客户经理已分配金额-工业健康': '0', '城市站已分配金额-燃气定制': '0', '城市站父级已审批金额-线下': '105194306', '燃气定制-年度开单金额（万）': '0', '行业线父级已审批金额-新零售': '16667583', '片区下派客户经理总任务金额': '0', '客户经理父级已审批金额-食饮部': '0', '城市站父级已审批金额-新零售': '16667583', '行业线父级已审批金额-燃气定制': '1585005', '年度开单金额转换（以万为单位）': '401.655885', '客户经理父级已审批金额-楼宇办公': '0', '客户经理父级已审批金额-工业健康': '0', '城市站父级已审批金额-燃气定制': '1585005'}",2026-08-21 17:02:31.310654,2026-08-21 17:02:31.310654,2026-08-21 17:02:31.310654
33,recvjXpDcKz9CE,"{'2601': '4609432', '2602': '7821960', '2603': '9240387', '2604': '6541472', '公式': '0.0000000365764447695683', '状态': '草稿', '线下': '25571484', '编号': '53', 'SourceID': 'NzY0MTE0MDE0NjAzNzE0ODg2MjpyZWN2Z1ZCcHhPN29SbTpjZDdkZjhkYzAyZGMwZjhmYTZlZGQxYjQ3YmFmOWFiOTox', '事业群': '消费者事业群', '战区': '漳澜战区', '创建人': '廖望舒', '当前年': '2026', '当前月': '8', '新零售': '2414741', '当前日期': '21', '燃气定制': '227027', '经营主体': '星澜集团总部', '1季度比例': '25%', '2季度比例': '25%', '3季度比例': '25%', '4季度比例': '25%', '任务维护人': '郭闻笛', '地产（万）': '0', '城市战区': '保定城市站', '线下（万）': '2557', '年度开单金额': '13977887', '总任务承接人': '吴子衿', '总任务达成率': '49.208174', '新零售（万）': '241', '本月开单金额': '0', '链接字段(勿删)': '消费者事业群;漳澜战区;保定城市站', '剩余分配百分比': '0', '当前月最后一天': '31', '总任务（金额）': '28405620', '燃气定制（万）': '23', '战区总任务金额': '2115081873', '截止当前目标阈值': '17377753.4246575', '本月当前目标阈值': '1469892.47311827', '本月总目标（万）': '235.110425', '地产-年度开单金额': '0', '线下-年度开单金额': '13977887', '当前月份任务达成率': '49.208174', '本月开单金额（万）': '0', '新零售-年度开单金额': '0', '父级已审批金额-线下': '1607453588', '事业群剩余未分配金额': '-1846874084', '截止当天累计目标阈值': '17932806.115068', '战区已分配金额-线下': '0', '燃气定制-年度开单金额': '0', '父级已审批金额-新零售': '214468177', '行业线已分配金额-线下': '0', '截止当前目标阈值达成率': '49.208174', '截止当前目标阈值（万）': '1737.77534246575', '本月当前目标阈值（万）': '146.989247311827', '战区已分配金额-新零售': '0', '地产-年度开单金额（万）': '0', '城市站已分配金额-线下': '0', '年度阈值/开单差额（万）': '-395.491931', '月度阈值/开单差额（万）': '-151.684145', '父级已审批金额-燃气定制': '24952319', '线下-年度开单金额（万）': '1397.788681', '行业线已分配金额-新零售': '0', '总金额转换（以万为单位）': '2821', '总额的待分配任务（金额）': '24745875', '客户经理已分配金额-食饮部': '0', '战区已分配金额-燃气定制': '0', '城市站已分配金额-新零售': '0', '新零售-年度开单金额（万）': '0', '行业线已分配金额-燃气定制': '0', '行业线父级已审批金额-线下': '104948340', '事业群下派战区总任务金额': '0', '战区下派片区总任务金额': '0', '截止当天累计目标阈值（万）': '1793.280612', '客户经理已分配金额-楼宇办公': '0', '客户经理已分配金额-工业健康': '0', '城市站已分配金额-燃气定制': '0', '城市站父级已审批金额-线下': '104948340', '燃气定制-年度开单金额（万）': '0', '行业线父级已审批金额-新零售': '8740535', '片区下派客户经理总任务金额': '0', '客户经理父级已审批金额-食饮部': '0', '城市站父级已审批金额-新零售': '8740535', '行业线父级已审批金额-燃气定制': '846191', '年度开单金额转换（以万为单位）': '1397.788681', '客户经理父级已审批金额-楼宇办公': '0', '客户经理父级已审批金额-工业健康': '0', '城市站父级已审批金额-燃气定制': '846191'}",2026-08-21 17:02:31.310654,2026-08-21 17:02:31.310654,2026-08-21 17:02:31.310654
34,recvjXpDcKgVOZ,"{'2601': '3895023', '2602': '5514993', '2603': '9561630', '2604': '9521300', '公式': '0.000000037821482602118', '状态': '草稿', '线下': '25809609', '编号': '54', 'SourceID': 'NzY0MTE0MDE0NjAzNzE0ODg2MjpyZWN2Z1ZCcE5MT2F2dTo0YTNjZTgxZDNhMjA3ZDI3ZTA0YWUxYzJiNDM1MTU2Njox', '事业群': '消费者事业群', '战区': '漳澜战区', '创建人': '廖望舒', '当前年': '2026', '当前月': '8', '新零售': '2478585', '当前日期': '21', '燃气定制': '204753', '经营主体': '星澜集团总部', '1季度比例': '25%', '2季度比例': '25%', '3季度比例': '25%', '4季度比例': '25%', '任务维护人': '郭闻笛', '地产（万）': '0', '城市战区': '廊坊城市站', '线下（万）': '2581', '年度开单金额': '14783906', '总任务承接人': '彭维桢', '总任务达成率': '70.390492', '新零售（万）': '248', '本月开单金额': '145358', '链接字段(勿删)': '消费者事业群;漳澜战区;廊坊城市站', '剩余分配百分比': '0', '当前月最后一天': '31', '总任务（金额）': '21002703', '燃气定制（万）': '20', '战区总任务金额': '1506601694', '截止当前目标阈值': '16805698.6301369', '本月当前目标阈值': '1421505.37634408', '本月总目标（万）': '237.441217', '地产-年度开单金额': '0', '线下-年度开单金额': '14783906', '当前月份任务达成率': '70.390492', '本月开单金额（万）': '14.535821', '新零售-年度开单金额': '0', '父级已审批金额-线下': '1678648335', '事业群剩余未分配金额': '-1928672859', '截止当天累计目标阈值': '18110584.854794', '战区已分配金额-线下': '0', '燃气定制-年度开单金额': '0', '父级已审批金额-新零售': '223967056', '行业线已分配金额-线下': '0', '截止当前目标阈值达成率': '70.390492', '截止当前目标阈值（万）': '1680.56986301369', '本月当前目标阈值（万）': '142.150537634408', '战区已分配金额-新零售': '0', '地产-年度开单金额（万）': '0', '城市站已分配金额-线下': '0', '年度阈值/开单差额（万）': '-332.667929', '月度阈值/开单差额（万）': '-138.652061', '父级已审批金额-燃气定制': '26057467', '线下-年度开单金额（万）': '1478.390557', '行业线已分配金额-新零售': '0', '总金额转换（以万为单位）': '2849', '总额的待分配任务（金额）': '22904529', '客户经理已分配金额-食饮部': '0', '战区已分配金额-燃气定制': '0', '城市站已分配金额-新零售': '0', '新零售-年度开单金额（万）': '0', '行业线已分配金额-燃气定制': '0', '行业线父级已审批金额-线下': '109596543', '事业群下派战区总任务金额': '0', '战区下派片区总任务金额': '0', '截止当天累计目标阈值（万）': '1811.058485', '客户经理已分配金额-楼宇办公': '0', '客户经理已分配金额-工业健康': '0', '城市站已分配金额-燃气定制': '0', '城市站父级已审批金额-线下': '109596543', '燃气定制-年度开单金额（万）': '0', '行业线父级已审批金额-新零售': '9127657', '片区下派客户经理总任务金额': '0', '客户经理父级已审批金额-食饮部': '0', '城市站父级已审批金额-新零售': '9127657', '行业线父级已审批金额-燃气定制': '883669', '年度开单金额转换（以万为单位）': '1478.390557', '客户经理父级已审批金额-楼宇办公': '0', '客户经理父级已审批金额-工业健康': '0', '城市站父级已审批金额-燃气定制': '883669'}",2026-08-21 17:02:31.310654,2026-08-21 17:02:31.310654,2026-08-21 17:02:31.310654
35,recvjXpDcKGEJF,"{'2601': '7000268', '2602': '10496993', '2603': '4609183', '2604': '8116971', '公式': '0.00000003315649867374', '状态': '草稿', '线下': '28479756', '编号': '55', 'SourceID': 'NzY0MTE0MDE0NjAzNzE0ODg2MjpyZWN2Z1ZCcTFLQlV3ZTphN2ZiZDNmMjQzNTM2ZWVhZTE4NjFmMjFkNDZhYjI3OTox', '事业群': '消费者事业群', '战区': '漳澜战区', '创建人': '廖望舒', '当前年': '2026', '当前月': '8', '新零售': '1533217', '当前日期': '21', '燃气定制': '210442', '经营主体': '星澜集团总部', '1季度比例': '25%', '2季度比例': '25%', '3季度比例': '25%', '4季度比例': '25%', '任务维护人': '郭闻笛', '地产（万）': '0', '城市战区': '石家庄城市站', '线下（万）': '2848', '年度开单金额': '15345377', '总任务承接人': '叶临舟', '总任务达成率': '59.072146', '新零售（万）': '153', '本月开单金额': '0', '链接字段(勿删)': '消费者事业群;漳澜战区;石家庄城市站', '剩余分配百分比': '0', '当前月最后一天': '31', '总任务（金额）': '25977348', '燃气定制（万）': '21', '战区总任务金额': '2199372320', '截止当前目标阈值': '19170191.7808219', '本月当前目标阈值': '1621505.37634408', '本月总目标（万）': '251.861792', '地产-年度开单金额': '0', '线下-年度开单金额': '15345377', '当前月份任务达成率': '59.072146', '本月开单金额（万）': '0', '新零售-年度开单金额': '0', '父级已审批金额-线下': '1560975250', '事业群剩余未分配金额': '-1793473079', '截止当天累计目标阈值': '19210499.39726', '战区已分配金额-线下': '0', '燃气定制-年度开单金额': '0', '父级已审批金额-新零售': '208266987', '行业线已分配金额-线下': '0', '截止当前目标阈值达成率': '59.072146', '截止当前目标阈值（万）': '1917.01917808219', '本月当前目标阈值（万）': '162.150537634408', '战区已分配金额-新零售': '0', '地产-年度开单金额（万）': '0', '城市站已分配金额-线下': '0', '年度阈值/开单差额（万）': '-386.512261', '月度阈值/开单差额（万）': '-162.491478', '父级已审批金额-燃气定制': '24230841', '线下-年度开单金额（万）': '1534.537679', '行业线已分配金额-新零售': '0', '总金额转换（以万为单位）': '3022', '总额的待分配任务（金额）': '31724911', '客户经理已分配金额-食饮部': '0', '战区已分配金额-燃气定制': '0', '城市站已分配金额-新零售': '0', '新零售-年度开单金额（万）': '0', '行业线已分配金额-燃气定制': '0', '行业线父级已审批金额-线下': '101913836', '事业群下派战区总任务金额': '0', '战区下派片区总任务金额': '0', '截止当天累计目标阈值（万）': '1921.04994', '客户经理已分配金额-楼宇办公': '0', '客户经理已分配金额-工业健康': '0', '城市站已分配金额-燃气定制': '0', '城市站父级已审批金额-线下': '101913836', '燃气定制-年度开单金额（万）': '0', '行业线父级已审批金额-新零售': '8487809', '片区下派客户经理总任务金额': '0', '客户经理父级已审批金额-食饮部': '0', '城市站父级已审批金额-新零售': '8487809', '行业线父级已审批金额-燃气定制': '821724', '年度开单金额转换（以万为单位）': '1534.537679', '客户经理父级已审批金额-楼宇办公': '0', '客户经理父级已审批金额-工业健康': '0', '城市站父级已审批金额-燃气定制': '821724'}",2026-08-21 17:02:31.310654,2026-08-21 17:02:31.310654,2026-08-21 17:02:31.310654
36,recvjXpDcKR0dR,"{'2601': '6462011', '2602': '3960388', '2603': '7336408', '2604': '6105555', '公式': '0.0000000369685767097966', '状态': '草稿', '线下': '21658783', '编号': '56', 'SourceID': 'NzY0MTE0MDE0NjAzNzE0ODg2MjpyZWN2Z1ZCdkFQQ0tyejpkYjQxYjgyYmIzODkwNjA1ZjRkNmMyMGI3NDVlNzRkMzox', '事业群': '消费者事业群', '战区': '漳澜战区', '创建人': '廖望舒', '当前年': '2026', '当前月': '8', '新零售': '2029132', '当前日期': '21', '燃气定制': '176446', '经营主体': '星澜集团总部', '1季度比例': '25%', '2季度比例': '25%', '3季度比例': '25%', '4季度比例': '25%', '任务维护人': '郭闻笛', '地产（万）': '0', '城市战区': '唐山城市站', '线下（万）': '2166', '年度开单金额': '11600420.448051', '总任务承接人': '陆子衿', '总任务达成率': '41.134489', '新零售（万）': '203', '本月开单金额': '-638.779716', '链接字段(勿删)': '消费者事业群;漳澜战区;唐山城市站', '剩余分配百分比': '0', '当前月最后一天': '31', '总任务（金额）': '28201202', '燃气定制（万）': '18', '战区总任务金额': '2077598990', '截止当前目标阈值': '17193424.6575342', '本月当前目标阈值': '1454301.07526881', '本月总目标（万）': '198.869683', '地产-年度开单金额': '0', '线下-年度开单金额': '11600420.448051', '当前月份任务达成率': '41.134489', '本月开单金额（万）': '-0.063878', '新零售-年度开单金额': '0', '父级已审批金额-线下': '1374252003', '事业群剩余未分配金额': '-1578938533', '截止当天累计目标阈值': '15168580.778082', '战区已分配金额-线下': '0', '燃气定制-年度开单金额': '0', '父级已审批金额-新零售': '183354172', '行业线已分配金额-线下': '0', '截止当前目标阈值达成率': '41.134489', '截止当前目标阈值（万）': '1719.34246575342', '本月当前目标阈值（万）': '145.430107526881', '战区已分配金额-新零售': '0', '地产-年度开单金额（万）': '0', '城市站已分配金额-线下': '0', '年度阈值/开单差额（万）': '-356.816033', '月度阈值/开单差额（万）': '-128.366899', '父级已审批金额-燃气定制': '21332358', '线下-年度开单金额（万）': '1160.042045', '行业线已分配金额-新零售': '0', '总金额转换（以万为单位）': '2386', '总额的待分配任务（金额）': '32014152', '客户经理已分配金额-食饮部': '0', '战区已分配金额-燃气定制': '0', '城市站已分配金额-新零售': '0', '新零售-年度开单金额（万）': '0', '行业线已分配金额-燃气定制': '0', '行业线父级已审批金额-线下': '89722943', '事业群下派战区总任务金额': '0', '战区下派片区总任务金额': '0', '截止当天累计目标阈值（万）': '1516.858078', '客户经理已分配金额-楼宇办公': '0', '客户经理已分配金额-工业健康': '0', '城市站已分配金额-燃气定制': '0', '城市站父级已审批金额-线下': '89722943', '燃气定制-年度开单金额（万）': '0', '行业线父级已审批金额-新零售': '7472501', '片区下派客户经理总任务金额': '0', '客户经理父级已审批金额-食饮部': '0', '城市站父级已审批金额-新零售': '7472501', '行业线父级已审批金额-燃气定制': '723430', '年度开单金额转换（以万为单位）': '1160.042045', '客户经理父级已审批金额-楼宇办公': '0', '客户经理父级已审批金额-工业健康': '0', '城市站父级已审批金额-燃气定制': '723430'}",2026-08-21 17:02:31.310654,2026-08-21 17:02:31.310654,2026-08-21 17:02:31.310654
37,recvjXpDcKoq9H,"{'2601': '6454546', '2602': '3651873', '2603': '4664397', '2604': '4859275', '公式': '0.0000000556483027267668', '状态': '草稿', '线下': '18570481', '编号': '57', 'SourceID': 'NzY0MTE0MDE0NjAzNzE0ODg2MjpyZWN2Z1ZCQUVhNElLejo1OTNlNWZkYzI4Y2RjYjU4ZGE3NTYyMDk3NzA4NzQ0Njox', '事业群': '消费者事业群', '战区': '朔澜战区', '创建人': '廖望舒', '当前年': '2026', '当前月': '8', '新零售': '972219', '当前日期': '21', '燃气定制': '87390', '经营主体': '星澜集团总部', '1季度比例': '25%', '2季度比例': '25%', '3季度比例': '25%', '4季度比例': '25%', '任务维护人': '郭闻笛', '地产（万）': '0', '城市战区': '长春城市站', '线下（万）': '1857', '年度开单金额': '9897034.502172', '总任务承接人': '谢景行', '总任务达成率': '67.265961', '新零售（万）': '97', '本月开单金额': '-587.373396', '链接字段(勿删)': '消费者事业群;朔澜战区;长春城市站', '剩余分配百分比': '0', '当前月最后一天': '31', '总任务（金额）': '14713288', '燃气定制（万）': '9', '战区总任务金额': '1382405061', '截止当前目标阈值': '11422027.3972602', '本月当前目标阈值': '966129.032258064', '本月总目标（万）': '163.584092', '地产-年度开单金额': '0', '线下-年度开单金额': '9897034.502172', '当前月份任务达成率': '67.265961', '本月开单金额（万）': '-0.058737', '新零售-年度开单金额': '0', '父级已审批金额-线下': '1701602268', '事业群剩余未分配金额': '-1955045641', '截止当天累计目标阈值': '12477208.526027', '战区已分配金额-线下': '0', '燃气定制-年度开单金额': '0', '父级已审批金额-新零售': '227029594', '行业线已分配金额-线下': '0', '截止当前目标阈值达成率': '67.265961', '截止当前目标阈值（万）': '1142.20273972602', '本月当前目标阈值（万）': '96.6129032258064', '战区已分配金额-新零售': '0', '地产-年度开单金额（万）': '0', '城市站已分配金额-线下': '0', '年度阈值/开单差额（万）': '-258.017402', '月度阈值/开单差额（万）': '-105.596861', '父级已审批金额-燃气定制': '26413779', '线下-年度开单金额（万）': '989.70345', '行业线已分配金额-新零售': '0', '总金额转换（以万为单位）': '1963', '总额的待分配任务（金额）': '12814695', '客户经理已分配金额-食饮部': '0', '战区已分配金额-燃气定制': '0', '城市站已分配金额-新零售': '0', '新零售-年度开单金额（万）': '0', '行业线已分配金额-燃气定制': '0', '行业线父级已审批金额-线下': '82365546', '事业群下派战区总任务金额': '0', '战区下派片区总任务金额': '0', '截止当天累计目标阈值（万）': '1247.720853', '客户经理已分配金额-楼宇办公': '0', '客户经理已分配金额-工业健康': '0', '城市站已分配金额-燃气定制': '0', '城市站父级已审批金额-线下': '82365546', '燃气定制-年度开单金额（万）': '0', '行业线父级已审批金额-新零售': '8149164', '片区下派客户经理总任务金额': '0', '客户经理父级已审批金额-食饮部': '0', '城市站父级已审批金额-新零售': '8149164', '行业线父级已审批金额-燃气定制': '1048686', '年度开单金额转换（以万为单位）': '989.70345', '客户经理父级已审批金额-楼宇办公': '0', '客户经理父级已审批金额-工业健康': '0', '城市站父级已审批金额-燃气定制': '1048686'}",2026-08-21 17:02:31.310654,2026-08-21 17:02:31.310654,2026-08-21 17:02:31.310654
38,recvjXpDcKbRUb,"{'2601': '4698796', '2602': '4711004', '2603': '3821470', '2604': '3492692', '公式': '0.0000000735835172921265', '状态': '草稿', '线下': '14767295', '编号': '58', 'SourceID': 'NzY0MTE0MDE0NjAzNzE0ODg2MjpyZWN2Z1ZCQ1VRcmR4VjoxMjY1OWM2MmYyY2IwY2ZmMzA2YWE4YTY1MWU2OGYyODox', '事业群': '消费者事业群', '战区': '朔澜战区', '创建人': '廖望舒', '当前年': '2026', '当前月': '8', '新零售': '1329057', '当前日期': '21', '燃气定制': '627610', '经营主体': '星澜集团总部', '1季度比例': '25%', '2季度比例': '25%', '3季度比例': '25%', '4季度比例': '25%', '任务维护人': '郭闻笛', '地产（万）': '0', '城市战区': '沈阳城市站', '线下（万）': '1477', '年度开单金额': '7535044.430797', '总任务承接人': '胡星野', '总任务达成率': '74.148359', '新零售（万）': '133', '本月开单金额': '-0.024612', '链接字段(勿删)': '消费者事业群;朔澜战区;沈阳城市站', '剩余分配百分比': '0', '当前月最后一天': '31', '总任务（金额）': '10162119', '燃气定制（万）': '63', '战区总任务金额': '1837403557', '截止当前目标阈值': '8638027.39726027', '本月当前目标阈值': '730645.161290322', '本月总目标（万）': '139.36635', '地产-年度开单金额': '0', '线下-年度开单金额': '7535044.430797', '当前月份任务达成率': '74.148359', '本月开单金额（万）': '-2e-06', '新零售-年度开单金额': '0', '父级已审批金额-线下': '1916917999', '事业群剩余未分配金额': '-2202431349', '截止当天累计目标阈值': '10630025.161644', '战区已分配金额-线下': '0', '燃气定制-年度开单金额': '0', '父级已审批金额-新零售': '255757250', '行业线已分配金额-线下': '0', '截止当前目标阈值达成率': '74.148359', '截止当前目标阈值（万）': '863.802739726027', '本月当前目标阈值（万）': '73.0645161290322', '战区已分配金额-新零售': '0', '地产-年度开单金额（万）': '0', '城市站已分配金额-线下': '0', '年度阈值/开单差额（万）': '-309.498073', '月度阈值/开单差额（万）': '-89.913777', '父级已审批金额-燃气定制': '29756100', '线下-年度开单金额（万）': '753.504443', '行业线已分配金额-新零售': '0', '总金额转换（以万为单位）': '1672', '总额的待分配任务（金额）': '10503316', '客户经理已分配金额-食饮部': '0', '战区已分配金额-燃气定制': '0', '城市站已分配金额-新零售': '0', '新零售-年度开单金额（万）': '0', '行业线已分配金额-燃气定制': '0', '行业线父级已审批金额-线下': '92787839', '事业群下派战区总任务金额': '0', '战区下派片区总任务金额': '0', '截止当天累计目标阈值（万）': '1063.002516', '客户经理已分配金额-楼宇办公': '0', '客户经理已分配金额-工业健康': '0', '城市站已分配金额-燃气定制': '0', '城市站父级已审批金额-线下': '92787839', '燃气定制-年度开单金额（万）': '0', '行业线父级已审批金额-新零售': '9180335', '片区下派客户经理总任务金额': '0', '客户经理父级已审批金额-食饮部': '0', '城市站父级已审批金额-新零售': '9180335', '行业线父级已审批金额-燃气定制': '1181384', '年度开单金额转换（以万为单位）': '753.504443', '客户经理父级已审批金额-楼宇办公': '0', '客户经理父级已审批金额-工业健康': '0', '城市站父级已审批金额-燃气定制': '1181384'}",2026-08-21 17:02:31.310654,2026-08-21 17:02:31.310654,2026-08-21 17:02:31.310654
39,recvjXpDcKSmiq,"{'2601': '3909183', '2602': '5000462', '2603': '4942472', '2604': '5388505', '公式': '0.0000000536480686695278', '状态': '草稿', '线下': '17547778', '编号': '59', 'SourceID': 'NzY0MTE0MDE0NjAzNzE0ODg2MjpyZWN2Z1ZCRTBwTFo3RjoxZDE4ODM2ZDI4ZGY0ODAxNTM1NTc0MjBkMjVkMGE2MDox', '事业群': '消费者事业群', '战区': '朔澜战区', '创建人': '廖望舒', '当前年': '2026', '当前月': '8', '新零售': '1527689', '当前日期': '21', '燃气定制': '165156', '经营主体': '星澜集团总部', '1季度比例': '25%', '2季度比例': '25%', '3季度比例': '25%', '4季度比例': '25%', '任务维护人': '郭闻笛', '地产（万）': '0', '城市战区': '大连城市站', '线下（万）': '1755', '年度开单金额': '8693265.616385', '总任务承接人': '袁临舟', '总任务达成率': '57.578239', '新零售（万）': '153', '本月开单金额': '-18603.131885', '链接字段(勿删)': '消费者事业群;朔澜战区;大连城市站', '剩余分配百分比': '0', '当前月最后一天': '31', '总任务（金额）': '15098179', '燃气定制（万）': '17', '战区总任务金额': '1817103970', '截止当前目标阈值': '11847890.4109589', '本月当前目标阈值': '1002150.5376344', '本月总目标（万）': '160.338517', '地产-年度开单金额': '0', '线下-年度开单金额': '8693265.616385', '当前月份任务达成率': '57.578239', '本月开单金额（万）': '-1.860313', '新零售-年度开单金额': '0', '父级已审批金额-线下': '1607892537', '事业群剩余未分配金额': '-1847378412', '截止当天累计目标阈值': '12229655.627397', '战区已分配金额-线下': '0', '燃气定制-年度开单金额': '0', '父级已审批金额-新零售': '214526742', '行业线已分配金额-线下': '0', '截止当前目标阈值达成率': '57.578239', '截止当前目标阈值（万）': '1184.78904109589', '本月当前目标阈值（万）': '100.21505376344', '战区已分配金额-新零售': '0', '地产-年度开单金额（万）': '0', '城市站已分配金额-线下': '0', '年度阈值/开单差额（万）': '-353.639001', '月度阈值/开单差额（万）': '-105.304517', '父级已审批金额-燃气定制': '24959133', '线下-年度开单金额（万）': '869.326562', '行业线已分配金额-新零售': '0', '总金额转换（以万为单位）': '1924', '总额的待分配任务（金额）': '16440300', '客户经理已分配金额-食饮部': '0', '战区已分配金额-燃气定制': '0', '城市站已分配金额-新零售': '0', '新零售-年度开单金额（万）': '0', '行业线已分配金额-燃气定制': '0', '行业线父级已审批金额-线下': '77829555', '事业群下派战区总任务金额': '0', '战区下派片区总任务金额': '0', '截止当天累计目标阈值（万）': '1222.965563', '客户经理已分配金额-楼宇办公': '0', '客户经理已分配金额-工业健康': '0', '城市站已分配金额-燃气定制': '0', '城市站父级已审批金额-线下': '77829555', '燃气定制-年度开单金额（万）': '0', '行业线父级已审批金额-新零售': '7700378', '片区下派客户经理总任务金额': '0', '客户经理父级已审批金额-食饮部': '0', '城市站父级已审批金额-新零售': '7700378', '行业线父级已审批金额-燃气定制': '990933', '年度开单金额转换（以万为单位）': '869.326562', '客户经理父级已审批金额-楼宇办公': '0', '客户经理父级已审批金额-工业健康': '0', '城市站父级已审批金额-燃气定制': '990933'}",2026-08-21 17:02:31.310654,2026-08-21 17:02:31.310654,2026-08-21 17:02:31.310654
40,recvjXpDcKQUiN,"{'2601': '6207740', '2602': '3247833', '2603': '5163171', '2604': '5279058', '公式': '0.0000000578703703703703', '状态': '草稿', '线下': '18999637', '编号': '60', 'SourceID': 'NzY0MTE0MDE0NjAzNzE0ODg2MjpyZWN2Z1ZCRWZRNGx4UDozMzViMjg3MDg4OGIyNjk5NzgxMzQyMThjYTI2ZGM2ODox', '事业群': '消费者事业群', '战区': '朔澜战区', '创建人': '廖望舒', '当前年': '2026', '当前月': '8', '新零售': '817560', '当前日期': '21', '燃气定制': '80605', '经营主体': '星澜集团总部', '1季度比例': '25%', '2季度比例': '25%', '3季度比例': '25%', '4季度比例': '25%', '任务维护人': '郭闻笛', '地产（万）': '0', '城市战区': '哈尔滨城市站', '线下（万）': '1900', '年度开单金额': '9679465.519469', '总任务承接人': '李天翊', '总任务达成率': '52.300337', '新零售（万）': '82', '本月开单金额': '15713.37945', '链接字段(勿删)': '消费者事业群;朔澜战区;哈尔滨城市站', '剩余分配百分比': '0', '当前月最后一天': '31', '总任务（金额）': '18507463', '燃气定制（万）': '8', '战区总任务金额': '1297674110', '截止当前目标阈值': '10983452.0547945', '本月当前目标阈值': '929032.258064516', '本月总目标（万）': '166', '地产-年度开单金额': '0', '线下-年度开单金额': '9679465.519469', '当前月份任务达成率': '52.300337', '本月开单金额（万）': '1.571338', '新零售-年度开单金额': '0', '父级已审批金额-线下': '1793680913', '事业群剩余未分配金额': '-2060838844', '截止当天累计目标阈值': '12647370.038356', '战区已分配金额-线下': '0', '燃气定制-年度开单金额': '0', '父级已审批金额-新零售': '239314826', '行业线已分配金额-线下': '0', '截止当前目标阈值达成率': '52.300337', '截止当前目标阈值（万）': '1098.34520547945', '本月当前目标阈值（万）': '92.9032258064516', '战区已分配金额-新零售': '0', '地产-年度开单金额（万）': '0', '城市站已分配金额-线下': '0', '年度阈值/开单差额（万）': '-296.790452', '月度阈值/开单差额（万）': '-105.406092', '父级已审批金额-燃气定制': '27843105', '线下-年度开单金额（万）': '967.946552', '行业线已分配金额-新零售': '0', '总金额转换（以万为单位）': '1990', '总额的待分配任务（金额）': '19459998', '客户经理已分配金额-食饮部': '0', '战区已分配金额-燃气定制': '0', '城市站已分配金额-新零售': '0', '新零售-年度开单金额（万）': '0', '行业线已分配金额-燃气定制': '0', '行业线父级已审批金额-线下': '86822585', '事业群下派战区总任务金额': '0', '战区下派片区总任务金额': '0', '截止当天累计目标阈值（万）': '1264.737004', '客户经理已分配金额-楼宇办公': '0', '客户经理已分配金额-工业健康': '0', '城市站已分配金额-燃气定制': '0', '城市站父级已审批金额-线下': '86822585', '燃气定制-年度开单金额（万）': '0', '行业线父级已审批金额-新零售': '8590139', '片区下派客户经理总任务金额': '0', '客户经理父级已审批金额-食饮部': '0', '城市站父级已审批金额-新零售': '8590139', '行业线父级已审批金额-燃气定制': '1105433', '年度开单金额转换（以万为单位）': '967.946552', '客户经理父级已审批金额-楼宇办公': '0', '客户经理父级已审批金额-工业健康': '0', '城市站父级已审批金额-燃气定制': '1105433'}",2026-08-21 17:02:31.310654,2026-08-21 17:02:31.310654,2026-08-21 17:02:31.310654
41,recvjXpDcKLJ0B,"{'2601': '3862397', '2602': '5372037', '2603': '4539873', '2604': '5634507', '公式': '0.0000000635727908455181', '状态': '草稿', '线下': '15916955', '编号': '61', 'SourceID': 'NzY0MTE0MDE0NjAzNzE0ODg2MjpyZWN2Z1ZCSTJlNFczWjowOTAyYzAxYmVkNGEyYjBjZDBjY2RhMjM1MTA3Mjc4MTox', '事业群': '消费者事业群', '战区': '朔澜战区', '创建人': '廖望舒', '当前年': '2026', '当前月': '8', '新零售': '4071779', '当前日期': '21', '燃气定制': '172742', '经营主体': '星澜集团总部', '1季度比例': '25%', '2季度比例': '25%', '3季度比例': '25%', '4季度比例': '25%', '任务维护人': '郭闻笛', '地产（万）': '0', '城市战区': '鄂尔多斯城市站', '线下（万）': '1592', '年度开单金额': '7297239.39326', '总任务承接人': '胡临舟', '总任务达成率': '43.650444', '新零售（万）': '407', '本月开单金额': '-6520.645858', '链接字段(勿删)': '消费者事业群;朔澜战区;鄂尔多斯城市站', '剩余分配百分比': '0', '当前月最后一天': '31', '总任务（金额）': '16717446', '燃气定制（万）': '17', '战区总任务金额': '2005428007', '截止当前目标阈值': '9998246.57534246', '本月当前目标阈值': '845698.924731182', '本月总目标（万）': '161.740117', '地产-年度开单金额': '0', '线下-年度开单金额': '7297239.39326', '当前月份任务达成率': '43.650444', '本月开单金额（万）': '-0.652065', '新零售-年度开单金额': '0', '父级已审批金额-线下': '1922003151', '事业群剩余未分配金额': '-2208273904', '截止当天累计目标阈值': '12336561.227397', '战区已分配金额-线下': '0', '燃气定制-年度开单金额': '0', '父级已审批金额-新零售': '256435716', '行业线已分配金额-线下': '0', '截止当前目标阈值达成率': '43.650444', '截止当前目标阈值（万）': '999.824657534246', '本月当前目标阈值（万）': '84.5698924731182', '战区已分配金额-新零售': '0', '地产-年度开单金额（万）': '0', '城市站已分配金额-线下': '0', '年度阈值/开单差额（万）': '-503.932183', '月度阈值/开单差额（万）': '-105.000527', '父级已审批金额-燃气定制': '29835036', '线下-年度开单金额（万）': '729.723939', '行业线已分配金额-新零售': '0', '总金额转换（以万为单位）': '1941', '总额的待分配任务（金额）': '13182223', '客户经理已分配金额-食饮部': '0', '战区已分配金额-燃气定制': '0', '城市站已分配金额-新零售': '0', '新零售-年度开单金额（万）': '0', '行业线已分配金额-燃气定制': '0', '行业线父级已审批金额-线下': '93033984', '事业群下派战区总任务金额': '0', '战区下派片区总任务金额': '0', '截止当天累计目标阈值（万）': '1233.656123', '客户经理已分配金额-楼宇办公': '0', '客户经理已分配金额-工业健康': '0', '城市站已分配金额-燃气定制': '0', '城市站父级已审批金额-线下': '93033984', '燃气定制-年度开单金额（万）': '0', '行业线父级已审批金额-新零售': '9204689', '片区下派客户经理总任务金额': '0', '客户经理父级已审批金额-食饮部': '0', '城市站父级已审批金额-新零售': '9204689', '行业线父级已审批金额-燃气定制': '1184518', '年度开单金额转换（以万为单位）': '729.723939', '客户经理父级已审批金额-楼宇办公': '0', '客户经理父级已审批金额-工业健康': '0', '城市站父级已审批金额-燃气定制': '1184518'}",2026-08-21 17:02:31.310654,2026-08-21 17:02:31.310654,2026-08-21 17:02:31.310654
42,recvjXpDcKv2gk,"{'2601': '8821464', '2602': '10458794', '2603': '7296609', '2604': '16300822', '公式': '0.0000000215424386040499', '状态': '草稿', '线下': '37871289', '编号': '62', 'SourceID': 'NzY0MTE0MDE0NjAzNzE0ODg2MjpyZWN2Z1ZDME5tQWo4cjphZDJlNmY3YTJkMmE4MjM2ZTM5ZTE3MDEyNmQ5YTU2ODox', '事业群': '消费者事业群', '战区': '潇澜战区', '创建人': '廖望舒', '当前年': '2026', '当前月': '8', '新零售': '4664634', '当前日期': '21', '燃气定制': '341765', '经营主体': '星澜集团总部', '1季度比例': '25%', '2季度比例': '25%', '3季度比例': '25%', '4季度比例': '25%', '任务维护人': '郭闻笛', '地产（万）': '0', '城市战区': '长沙城市站', '线下（万）': '3787', '年度开单金额': '21164179.519799', '总任务承接人': '李其琛', '总任务达成率': '42.283642', '新零售（万）': '466', '本月开单金额': '147110.33973', '链接字段(勿删)': '消费者事业群;潇澜战区;长沙城市站', '剩余分配百分比': '0', '当前月最后一天': '31', '总任务（金额）': '50052877', '燃气定制（万）': '34', '战区总任务金额': '1874261446', '截止当前目标阈值': '29505315.0684931', '本月当前目标阈值': '2495698.92473118', '本月总目标（万）': '357.314075', '地产-年度开单金额': '0', '线下-年度开单金额': '21164179.519799', '当前月份任务达成率': '42.283642', '本月开单金额（万）': '14.711034', '新零售-年度开单金额': '0', '父级已审批金额-线下': '1438831886', '事业群剩余未分配金额': '-1653137199', '截止当天累计目标阈值': '27253763.967123', '战区已分配金额-线下': '0', '燃气定制-年度开单金额': '0', '父级已审批金额-新零售': '191970489', '行业线已分配金额-线下': '0', '截止当前目标阈值达成率': '42.283642', '截止当前目标阈值（万）': '2950.53150684931', '本月当前目标阈值（万）': '249.569892473118', '战区已分配金额-新零售': '0', '地产-年度开单金额（万）': '0', '城市站已分配金额-线下': '0', '年度阈值/开单差额（万）': '-608.958445', '月度阈值/开单差额（万）': '-215.814176', '父级已审批金额-燃气定制': '22334824', '线下-年度开单金额（万）': '2116.417952', '行业线已分配金额-新零售': '0', '总金额转换（以万为单位）': '4288', '总额的待分配任务（金额）': '54340310', '客户经理已分配金额-食饮部': '0', '战区已分配金额-燃气定制': '0', '城市站已分配金额-新零售': '0', '新零售-年度开单金额（万）': '0', '行业线已分配金额-燃气定制': '0', '行业线父级已审批金额-线下': '0', '事业群下派战区总任务金额': '0', '战区下派片区总任务金额': '0', '截止当天累计目标阈值（万）': '2725.376397', '客户经理已分配金额-楼宇办公': '0', '客户经理已分配金额-工业健康': '0', '城市站已分配金额-燃气定制': '0', '城市站父级已审批金额-线下': '0', '燃气定制-年度开单金额（万）': '0', '行业线父级已审批金额-新零售': '0', '片区下派客户经理总任务金额': '0', '客户经理父级已审批金额-食饮部': '0', '城市站父级已审批金额-新零售': '0', '行业线父级已审批金额-燃气定制': '0', '年度开单金额转换（以万为单位）': '2116.417952', '客户经理父级已审批金额-楼宇办公': '0', '客户经理父级已审批金额-工业健康': '0', '城市站父级已审批金额-燃气定制': '0'}",2026-08-21 17:02:31.310654,2026-08-21 17:02:31.310654,2026-08-21 17:02:31.310654
43,recvjXpDcK6BQP,"{'2601': '8045608', '2602': '8671283', '2603': '6934352', '2604': '9307452', '公式': '0.0000000296296296296296', '状态': '草稿', '线下': '27538821', '编号': '63', 'SourceID': 'NzY0MTE0MDE0NjAzNzE0ODg2MjpyZWN2Z1ZDMTNZNmRVcDplZGU3NWJjZDhkMGY0MTFkZTdkMGU4YzZjZDJlZDY4ZTox', '事业群': '消费者事业群', '战区': '潇澜战区', '创建人': '廖望舒', '当前年': '2026', '当前月': '8', '新零售': '5273391', '当前日期': '21', '燃气定制': '146483', '经营主体': '星澜集团总部', '1季度比例': '25%', '2季度比例': '25%', '3季度比例': '25%', '4季度比例': '25%', '任务维护人': '郭闻笛', '地产（万）': '0', '城市战区': '衡阳城市站', '线下（万）': '2754', '年度开单金额': '6286527.812545', '总任务承接人': '崔维桢', '总任务达成率': '15.515591', '新零售（万）': '527', '本月开单金额': '-3516', '链接字段(勿删)': '消费者事业群;潇澜战区;衡阳城市站', '剩余分配百分比': '0', '当前月最后一天': '31', '总任务（金额）': '40517489', '燃气定制（万）': '15', '战区总任务金额': '2054304736', '截止当前目标阈值': '21452054.7945205', '本月当前目标阈值': '1814516.12903225', '本月总目标（万）': '274.655792', '地产-年度开单金额': '0', '线下-年度开单金额': '6286528', '当前月份任务达成率': '15.515591', '本月开单金额（万）': '-0.351559', '新零售-年度开单金额': '0', '父级已审批金额-线下': '1521178050', '事业群剩余未分配金额': '-1747748327', '截止当天累计目标阈值': '20949088.328767', '战区已分配金额-线下': '0', '燃气定制-年度开单金额': '0', '父级已审批金额-新零售': '202957202', '行业线已分配金额-线下': '0', '截止当前目标阈值达成率': '15.515591', '截止当前目标阈值（万）': '2145.20547945205', '本月当前目标阈值（万）': '181.451612903225', '战区已分配金额-新零售': '0', '地产-年度开单金额（万）': '0', '城市站已分配金额-线下': '0', '年度阈值/开单差额（万）': '-1466.256052', '月度阈值/开单差额（万）': '-177.548844', '父级已审批金额-燃气定制': '23613074', '线下-年度开单金额（万）': '628.652781', '行业线已分配金额-新零售': '0', '总金额转换（以万为单位）': '3296', '总额的待分配任务（金额）': '29408076', '客户经理已分配金额-食饮部': '0', '战区已分配金额-燃气定制': '0', '城市站已分配金额-新零售': '0', '新零售-年度开单金额（万）': '0', '行业线已分配金额-燃气定制': '0', '行业线父级已审批金额-线下': '0', '事业群下派战区总任务金额': '0', '战区下派片区总任务金额': '0', '截止当天累计目标阈值（万）': '2094.908833', '客户经理已分配金额-楼宇办公': '0', '客户经理已分配金额-工业健康': '0', '城市站已分配金额-燃气定制': '0', '城市站父级已审批金额-线下': '0', '燃气定制-年度开单金额（万）': '0', '行业线父级已审批金额-新零售': '0', '片区下派客户经理总任务金额': '0', '客户经理父级已审批金额-食饮部': '0', '城市站父级已审批金额-新零售': '0', '行业线父级已审批金额-燃气定制': '0', '年度开单金额转换（以万为单位）': '628.652781', '客户经理父级已审批金额-楼宇办公': '0', '客户经理父级已审批金额-工业健康': '0', '城市站父级已审批金额-燃气定制': '0'}",2026-08-21 17:02:31.310654,2026-08-21 17:02:31.310654,2026-08-21 17:02:31.310654
44,recvjXpDcKIGKF,"{'2601': '6686364', '2602': '8329100', '2603': '7635549', '2604': '8433174', '公式': '0.0000000343053173241852', '状态': '草稿', '线下': '26232281', '编号': '64', 'SourceID': 'NzY0MTE0MDE0NjAzNzE0ODg2MjpyZWN2Z1ZJYkhBR1FuNDo0NzZkYzE0NGI2ODAyZjgzOGVlYTUwZDMzODhlZGEyNzox', '事业群': '消费者事业群', '战区': '潇澜战区', '创建人': '廖望舒', '当前年': '2026', '当前月': '8', '新零售': '4691953', '当前日期': '21', '燃气定制': '159953', '经营主体': '星澜集团总部', '1季度比例': '25%', '2季度比例': '25%', '3季度比例': '25%', '4季度比例': '25%', '任务维护人': '郭闻笛', '地产（万）': '0', '城市战区': '邵阳城市站', '线下（万）': '2623', '年度开单金额': '11256495', '总任务承接人': '钟清晏', '总任务达成率': '39.102772', '新零售（万）': '469', '本月开单金额': '0', '链接字段(勿删)': '消费者事业群;潇澜战区;邵阳城市站', '剩余分配百分比': '0', '当前月最后一天': '31', '总任务（金额）': '28786949', '燃气定制（万）': '16', '战区总任务金额': '1853075843', '截止当前目标阈值': '18528219.1780821', '本月当前目标阈值': '1567204.30107526', '本月总目标（万）': '259.034892', '地产-年度开单金额': '0', '线下-年度开单金额': '11256495', '当前月份任务达成率': '39.102772', '本月开单金额（万）': '0', '新零售-年度开单金额': '0', '父级已审批金额-线下': '1661057910', '事业群剩余未分配金额': '-1908462447', '截止当天累计目标阈值': '19757620.230137', '战区已分配金额-线下': '0', '燃气定制-年度开单金额': '0', '父级已审批金额-新零售': '221620123', '行业线已分配金额-线下': '0', '截止当前目标阈值达成率': '39.102772', '截止当前目标阈值（万）': '1852.82191780821', '本月当前目标阈值（万）': '156.720430107526', '战区已分配金额-新零售': '0', '地产-年度开单金额（万）': '0', '城市站已分配金额-线下': '0', '年度阈值/开单差额（万）': '-850.112545', '月度阈值/开单差额（万）': '-167.119285', '父级已审批金额-燃气定制': '25784413', '线下-年度开单金额（万）': '1125.649478', '行业线已分配金额-新零售': '0', '总金额转换（以万为单位）': '3108', '总额的待分配任务（金额）': '28224818', '客户经理已分配金额-食饮部': '0', '战区已分配金额-燃气定制': '0', '城市站已分配金额-新零售': '0', '新零售-年度开单金额（万）': '0', '行业线已分配金额-燃气定制': '0', '行业线父级已审批金额-线下': '0', '事业群下派战区总任务金额': '0', '战区下派片区总任务金额': '0', '截止当天累计目标阈值（万）': '1975.762023', '客户经理已分配金额-楼宇办公': '0', '客户经理已分配金额-工业健康': '0', '城市站已分配金额-燃气定制': '0', '城市站父级已审批金额-线下': '0', '燃气定制-年度开单金额（万）': '0', '行业线父级已审批金额-新零售': '0', '片区下派客户经理总任务金额': '0', '客户经理父级已审批金额-食饮部': '0', '城市站父级已审批金额-新零售': '0', '行业线父级已审批金额-燃气定制': '0', '年度开单金额转换（以万为单位）': '1125.649478', '客户经理父级已审批金额-楼宇办公': '0', '客户经理父级已审批金额-工业健康': '0', '城市站父级已审批金额-燃气定制': '0'}",2026-08-21 17:02:31.310654,2026-08-21 17:02:31.310654,2026-08-21 17:02:31.310654
45,recvjXpDcKvp7L,"{'2601': '10858510', '2602': '5809180', '2603': '10781421', '2604': '9163394', '公式': '0.0000000327332242225859', '状态': '草稿', '线下': '32118335', '编号': '65', 'SourceID': 'NzY0MTE0MDE0NjAzNzE0ODg2MjpyZWN2Z1ZJY29sOXg1VzowMDY1MjU5M2MzNjU0N2Q4ODhiNGYxYjM0ZWEyNTZlZjox', '事业群': '消费者事业群', '战区': '潇澜战区', '创建人': '廖望舒', '当前年': '2026', '当前月': '8', '新零售': '4314403', '当前日期': '21', '燃气定制': '179767', '经营主体': '星澜集团总部', '1季度比例': '25%', '2季度比例': '25%', '3季度比例': '25%', '4季度比例': '25%', '任务维护人': '郭闻笛', '地产（万）': '0', '城市战区': '常德城市站', '线下（万）': '3212', '年度开单金额': '9194639', '总任务承接人': '林其琛', '总任务达成率': '24.766045', '新零售（万）': '431', '本月开单金额': '0', '链接字段(勿删)': '消费者事业群;潇澜战区;常德城市站', '剩余分配百分比': '0', '当前月最后一天': '31', '总任务（金额）': '37125989', '燃气定制（万）': '18', '战区总任务金额': '1358193962', '截止当前目标阈值': '19418082.1917808', '本月当前目标阈值': '1642473.11827957', '本月总目标（万）': '305.104208', '地产-年度开单金额': '0', '线下-年度开单金额': '9194639', '当前月份任务达成率': '24.766045', '本月开单金额（万）': '0', '新零售-年度开单金额': '0', '父级已审批金额-线下': '1866818299', '事业群剩余未分配金额': '-2144869601', '截止当天累计目标阈值': '23271510.027397', '战区已分配金额-线下': '0', '燃气定制-年度开单金额': '0', '父级已审批金额-新零售': '249072894', '行业线已分配金额-线下': '0', '截止当前目标阈值达成率': '24.766045', '截止当前目标阈值（万）': '1941.80821917808', '本月当前目标阈值（万）': '164.247311827957', '战区已分配金额-新零售': '0', '地产-年度开单金额（万）': '0', '城市站已分配金额-线下': '0', '年度阈值/开单差额（万）': '-1407.687083', '月度阈值/开单差额（万）': '-196.841425', '父级已审批金额-燃气定制': '28978408', '线下-年度开单金额（万）': '919.46392', '行业线已分配金额-新零售': '0', '总金额转换（以万为单位）': '3661', '总额的待分配任务（金额）': '25986332', '客户经理已分配金额-食饮部': '0', '战区已分配金额-燃气定制': '0', '城市站已分配金额-新零售': '0', '新零售-年度开单金额（万）': '0', '行业线已分配金额-燃气定制': '0', '行业线父级已审批金额-线下': '0', '事业群下派战区总任务金额': '0', '战区下派片区总任务金额': '0', '截止当天累计目标阈值（万）': '2327.151003', '客户经理已分配金额-楼宇办公': '0', '客户经理已分配金额-工业健康': '0', '城市站已分配金额-燃气定制': '0', '城市站父级已审批金额-线下': '0', '燃气定制-年度开单金额（万）': '0', '行业线父级已审批金额-新零售': '0', '片区下派客户经理总任务金额': '0', '客户经理父级已审批金额-食饮部': '0', '城市站父级已审批金额-新零售': '0', '行业线父级已审批金额-燃气定制': '0', '年度开单金额转换（以万为单位）': '919.46392', '客户经理父级已审批金额-楼宇办公': '0', '客户经理父级已审批金额-工业健康': '0', '城市站父级已审批金额-燃气定制': '0'}",2026-08-21 17:02:31.310654,2026-08-21 17:02:31.310654,2026-08-21 17:02:31.310654
46,recvjXpDcKEzqd,"{'2601': '2860077', '2602': '5904302', '2603': '6384354', '2604': '4435627', '公式': '0.0000000532197977647684', '状态': '草稿', '线下': '15415257', '编号': '66', 'SourceID': 'NzY0MTE0MDE0NjAzNzE0ODg2MjpyZWN2Z1ZJcUQ1cnoxSjo4ZGRhMmE2Nzc3MzYwNDA4MjIwNjBlYTNiMmY1ZDNmYTox', '事业群': '消费者事业群', '战区': '浦澜战区', '创建人': '廖望舒', '当前年': '2026', '当前月': '8', '新零售': '1823982', '当前日期': '21', '燃气定制': '2345120', '经营主体': '星澜集团总部', '1季度比例': '25%', '2季度比例': '25%', '3季度比例': '25%', '4季度比例': '25%', '任务维护人': '郭闻笛', '地产（万）': '0', '城市战区': '临洲城市站', '线下（万）': '1542', '年度开单金额': '3076233', '总任务承接人': '王怀瑾', '总任务达成率': '15.439574', '新零售（万）': '182', '本月开单金额': '1688', '链接字段(勿删)': '消费者事业群;浦澜战区;临洲城市站', '剩余分配百分比': '0', '当前月最后一天': '31', '总任务（金额）': '19924339', '燃气定制（万）': '235', '战区总任务金额': '1669070418', '截止当前目标阈值': '11943232.8767123', '本月当前目标阈值': '1010215.05376344', '本月总目标（万）': '163.203', '地产-年度开单金额': '0', '线下-年度开单金额': '3076233', '当前月份任务达成率': '15.439574', '本月开单金额（万）': '0.168849', '新零售-年度开单金额': '0', '父级已审批金额-线下': '1623552824', '事业群剩余未分配金额': '-1865371205', '截止当天累计目标阈值': '12448141.150685', '战区已分配金额-线下': '0', '燃气定制-年度开单金额': '0', '父级已审批金额-新零售': '216616154', '行业线已分配金额-线下': '0', '截止当前目标阈值达成率': '15.439574', '截止当前目标阈值（万）': '1194.32328767123', '本月当前目标阈值（万）': '101.021505376344', '战区已分配金额-新零售': '0', '地产-年度开单金额（万）': '0', '城市站已分配金额-线下': '0', '年度阈值/开单差额（万）': '-937.190826', '月度阈值/开单差额（万）': '-105.123409', '父级已审批金额-燃气定制': '25202226', '线下-年度开单金额（万）': '307.623289', '行业线已分配金额-新零售': '0', '总金额转换（以万为单位）': '1958', '总额的待分配任务（金额）': '14985885', '客户经理已分配金额-食饮部': '0', '战区已分配金额-燃气定制': '0', '城市站已分配金额-新零售': '0', '新零售-年度开单金额（万）': '0', '行业线已分配金额-燃气定制': '0', '行业线父级已审批金额-线下': '0', '事业群下派战区总任务金额': '0', '战区下派片区总任务金额': '0', '截止当天累计目标阈值（万）': '1244.814115', '客户经理已分配金额-楼宇办公': '0', '客户经理已分配金额-工业健康': '0', '城市站已分配金额-燃气定制': '0', '城市站父级已审批金额-线下': '0', '燃气定制-年度开单金额（万）': '0', '行业线父级已审批金额-新零售': '0', '片区下派客户经理总任务金额': '0', '客户经理父级已审批金额-食饮部': '0', '城市站父级已审批金额-新零售': '0', '行业线父级已审批金额-燃气定制': '0', '年度开单金额转换（以万为单位）': '307.623289', '客户经理父级已审批金额-楼宇办公': '0', '客户经理父级已审批金额-工业健康': '0', '城市站父级已审批金额-燃气定制': '0'}",2026-08-21 17:02:31.310654,2026-08-21 17:02:31.310654,2026-08-21 17:02:31.310654
47,recvjXpDcKWkUo,"{'2601': '10912675', '2602': '8701178', '2603': '9855038', '2604': '11490373', '公式': '0.0000000307881773399014', '状态': '草稿', '线下': '38815460', '编号': '67', 'SourceID': 'NzY0MTE0MDE0NjAzNzE0ODg2MjpyZWN2Z1ZJc3U1WVplNTpjOTk5OTJiMDMwYTgwYjljNDEyZDhhNjQ3YmYzYzg4Mzox', '事业群': '消费者事业群', '战区': '浦澜战区', '创建人': '廖望舒', '当前年': '2026', '当前月': '8', '新零售': '1513273', '当前日期': '21', '燃气定制': '630531', '经营主体': '星澜集团总部', '1季度比例': '25%', '2季度比例': '25%', '3季度比例': '25%', '4季度比例': '25%', '任务维护人': '郭闻笛', '地产（万）': '0', '城市战区': '浙东城市站', '线下（万）': '3882', '年度开单金额': '16477727.792282', '总任务承接人': '何子衿', '总任务达成率': '42.990036', '新零售（万）': '151', '本月开单金额': '30795', '链接字段(勿删)': '消费者事业群;浦澜战区;浙东城市站', '剩余分配百分比': '0', '当前月最后一天': '31', '总任务（金额）': '38329179', '燃气定制（万）': '63', '战区总任务金额': '2024623959', '截止当前目标阈值': '20644821.9178082', '本月当前目标阈值': '1746236.55913978', '本月总目标（万）': '341.3272', '地产-年度开单金额': '0', '线下-年度开单金额': '16477728', '当前月份任务达成率': '42.990036', '本月开单金额（万）': '3.079511', '新零售-年度开单金额': '0', '父级已审批金额-线下': '1964354850', '事业群剩余未分配金额': '-2256933632', '截止当天累计目标阈值': '26034381.50137', '战区已分配金额-线下': '0', '燃气定制-年度开单金额': '0', '父级已审批金额-新零售': '262086325', '行业线已分配金额-线下': '0', '截止当前目标阈值达成率': '42.990036', '截止当前目标阈值（万）': '2064.48219178082', '本月当前目标阈值（万）': '174.623655913978', '战区已分配金额-新零售': '0', '地产-年度开单金额（万）': '0', '城市站已分配金额-线下': '0', '年度阈值/开单差额（万）': '-955.665371', '月度阈值/开单差额（万）': '-217.131586', '父级已审批金额-燃气定制': '30492457', '线下-年度开单金额（万）': '1647.772779', '行业线已分配金额-新零售': '0', '总金额转换（以万为单位）': '4096', '总额的待分配任务（金额）': '34196726', '客户经理已分配金额-食饮部': '0', '战区已分配金额-燃气定制': '0', '城市站已分配金额-新零售': '0', '新零售-年度开单金额（万）': '0', '行业线已分配金额-燃气定制': '0', '行业线父级已审批金额-线下': '0', '事业群下派战区总任务金额': '0', '战区下派片区总任务金额': '0', '截止当天累计目标阈值（万）': '2603.43815', '客户经理已分配金额-楼宇办公': '0', '客户经理已分配金额-工业健康': '0', '城市站已分配金额-燃气定制': '0', '城市站父级已审批金额-线下': '0', '燃气定制-年度开单金额（万）': '0', '行业线父级已审批金额-新零售': '0', '片区下派客户经理总任务金额': '0', '客户经理父级已审批金额-食饮部': '0', '城市站父级已审批金额-新零售': '0', '行业线父级已审批金额-燃气定制': '0', '年度开单金额转换（以万为单位）': '1647.772779', '客户经理父级已审批金额-楼宇办公': '0', '客户经理父级已审批金额-工业健康': '0', '城市站父级已审批金额-燃气定制': '0'}",2026-08-21 17:02:31.310654,2026-08-21 17:02:31.310654,2026-08-21 17:02:31.310654
48,recvjXpDcKX3pf,"{'2601': '5321014', '2602': '4773557', '2603': '4706393', '2604': '3230239', '公式': '0.0000000623052959501557', '状态': '草稿', '线下': '15671980', '编号': '68', 'SourceID': 'NzY0MTE0MDE0NjAzNzE0ODg2MjpyZWN2Z1ZJc0tlemJ2MjpiNTc0ZGQwNDJkZTZmZTE3MWFiMDE5ZTc2NmI5NzdiZTox', '事业群': '消费者事业群', '战区': '浦澜战区', '创建人': '廖望舒', '当前年': '2026', '当前月': '8', '新零售': '1460471', '当前日期': '21', '燃气定制': '898752', '经营主体': '星澜集团总部', '1季度比例': '25%', '2季度比例': '25%', '3季度比例': '25%', '4季度比例': '25%', '任务维护人': '郭闻笛', '地产（万）': '0', '城市战区': '浙西城市站', '线下（万）': '1567', '年度开单金额': '5369266', '总任务承接人': '何子衿', '总任务达成率': '38.367845', '新零售（万）': '146', '本月开单金额': '0', '链接字段(勿删)': '消费者事业群;浦澜战区;浙西城市站', '剩余分配百分比': '0', '当前月最后一天': '31', '总任务（金额）': '13994182', '燃气定制（万）': '90', '战区总任务金额': '1413799868', '截止当前目标阈值': '10201643.8356164', '本月当前目标阈值': '862903.225806451', '本月总目标（万）': '150.260025', '地产-年度开单金额': '0', '线下-年度开单金额': '5369266', '当前月份任务达成率': '38.367845', '本月开单金额（万）': '0', '新零售-年度开单金额': '0', '父级已审批金额-线下': '1749981615', '事业群剩余未分配金额': '-2010630799', '截止当天累计目标阈值': '11460929.030137', '战区已分配金额-线下': '0', '燃气定制-年度开单金额': '0', '父级已审批金额-新零售': '233484419', '行业线已分配金额-线下': '0', '截止当前目标阈值达成率': '38.367845', '截止当前目标阈值（万）': '1020.16438356164', '本月当前目标阈值（万）': '86.2903225806451', '战区已分配金额-新零售': '0', '地产-年度开单金额（万）': '0', '城市站已分配金额-线下': '0', '年度阈值/开单差额（万）': '-609.166256', '月度阈值/开单差额（万）': '-96.941952', '父级已审批金额-燃气定制': '27164766', '线下-年度开单金额（万）': '536.926647', '行业线已分配金额-新零售': '0', '总金额转换（以万为单位）': '1803', '总额的待分配任务（金额）': '11640964', '客户经理已分配金额-食饮部': '0', '战区已分配金额-燃气定制': '0', '城市站已分配金额-新零售': '0', '新零售-年度开单金额（万）': '0', '行业线已分配金额-燃气定制': '0', '行业线父级已审批金额-线下': '0', '事业群下派战区总任务金额': '0', '战区下派片区总任务金额': '0', '截止当天累计目标阈值（万）': '1146.092903', '客户经理已分配金额-楼宇办公': '0', '客户经理已分配金额-工业健康': '0', '城市站已分配金额-燃气定制': '0', '城市站父级已审批金额-线下': '0', '燃气定制-年度开单金额（万）': '0', '行业线父级已审批金额-新零售': '0', '片区下派客户经理总任务金额': '0', '客户经理父级已审批金额-食饮部': '0', '城市站父级已审批金额-新零售': '0', '行业线父级已审批金额-燃气定制': '0', '年度开单金额转换（以万为单位）': '536.926647', '客户经理父级已审批金额-楼宇办公': '0', '客户经理父级已审批金额-工业健康': '0', '城市站父级已审批金额-燃气定制': '0'}",2026-08-21 17:02:31.310654,2026-08-21 17:02:31.310654,2026-08-21 17:02:31.310654
49,recvjXpDcKRIgT,"{'2601': '2609516', '2602': '4893616', '2603': '4684915', '2604': '3750491', '公式': '0.0000000664451827242524', '状态': '草稿', '线下': '12973229', '编号': '69', 'SourceID': 'NzY0MTE0MDE0NjAzNzE0ODg2MjpyZWN2Z1ZJdDFtd0pMSTo3ZTA5ZTg0MDU5ODBhYWEzYjQ0MzgyNTc0MTdiZjlmZTox', '事业群': '消费者事业群', '战区': '浦澜战区', '创建人': '廖望舒', '当前年': '2026', '当前月': '8', '新零售': '2118078', '当前日期': '21', '燃气定制': '847231', '经营主体': '星澜集团总部', '1季度比例': '25%', '2季度比例': '25%', '3季度比例': '25%', '4季度比例': '25%', '任务维护人': '郭闻笛', '地产（万）': '0', '城市战区': '苏北城市站', '线下（万）': '1297', '年度开单金额': '5478367.667708', '总任务承接人': '赵云舟', '总任务达成率': '33.911486', '新零售（万）': '212', '本月开单金额': '6993.756342', '链接字段(勿删)': '消费者事业群;浦澜战区;苏北城市站', '剩余分配百分比': '0', '当前月最后一天': '31', '总任务（金额）': '16154903', '燃气定制（万）': '85', '战区总任务金额': '2137663558', '截止当前目标阈值': '9566027.39726027', '本月当前目标阈值': '809139.784946236', '本月总目标（万）': '132.82115', '地产-年度开单金额': '0', '线下-年度开单金额': '5478367.667708', '当前月份任务达成率': '33.911486', '本月开单金额（万）': '0.699376', '新零售-年度开单金额': '0', '父级已审批金额-线下': '1649665159', '事业群剩余未分配金额': '-1895372814', '截止当天累计目标阈值': '10130796.756164', '战区已分配金额-线下': '0', '燃气定制-年度开单金额': '0', '父级已审批金额-新零售': '220100090', '行业线已分配金额-线下': '0', '截止当前目标阈值达成率': '33.911486', '截止当前目标阈值（万）': '956.602739726027', '本月当前目标阈值（万）': '80.9139784946236', '战区已分配金额-新零售': '0', '地产-年度开单金额（万）': '0', '城市站已分配金额-线下': '0', '年度阈值/开单差额（万）': '-465.242909', '月度阈值/开单差额（万）': '-84.991689', '父级已审批金额-燃气定制': '25607565', '线下-年度开单金额（万）': '547.836767', '行业线已分配金额-新零售': '0', '总金额转换（以万为单位）': '1594', '总额的待分配任务（金额）': '15095466', '客户经理已分配金额-食饮部': '0', '战区已分配金额-燃气定制': '0', '城市站已分配金额-新零售': '0', '新零售-年度开单金额（万）': '0', '行业线已分配金额-燃气定制': '0', '行业线父级已审批金额-线下': '0', '事业群下派战区总任务金额': '0', '战区下派片区总任务金额': '0', '截止当天累计目标阈值（万）': '1013.079676', '客户经理已分配金额-楼宇办公': '0', '客户经理已分配金额-工业健康': '0', '城市站已分配金额-燃气定制': '0', '城市站父级已审批金额-线下': '0', '燃气定制-年度开单金额（万）': '0', '行业线父级已审批金额-新零售': '0', '片区下派客户经理总任务金额': '0', '客户经理父级已审批金额-食饮部': '0', '城市站父级已审批金额-新零售': '0', '行业线父级已审批金额-燃气定制': '0', '年度开单金额转换（以万为单位）': '547.836767', '客户经理父级已审批金额-楼宇办公': '0', '客户经理父级已审批金额-工业健康': '0', '城市站父级已审批金额-燃气定制': '0'}",2026-08-21 17:02:31.310654,2026-08-21 17:02:31.310654,2026-08-21 17:02:31.310654
50,recvjXpDcKQTKL,"{'2601': '5756164', '2602': '3489188', '2603': '5366363', '2604': '6368742', '公式': '0.0000000521376433785192', '状态': '草稿', '线下': '18792714', '编号': '70', 'SourceID': 'NzY0MTE0MDE0NjAzNzE0ODg2MjpyZWN2Z1ZJdGliUDBEazoxYTk3YjcyZDVlZjA2NTUwYjVlZjNlYWVmYTIxZjljOTox', '事业群': '消费者事业群', '战区': '浦澜战区', '创建人': '廖望舒', '当前年': '2026', '当前月': '8', '新零售': '1312646', '当前日期': '21', '燃气定制': '875097', '经营主体': '星澜集团总部', '1季度比例': '25%', '2季度比例': '25%', '3季度比例': '25%', '4季度比例': '25%', '任务维护人': '郭闻笛', '地产（万）': '0', '城市战区': '苏中城市站', '线下（万）': '1879', '年度开单金额': '7706805.70086', '总任务承接人': '彭观澜', '总任务达成率': '37.488475', '新零售（万）': '131', '本月开单金额': '-17991.82481', '链接字段(勿删)': '消费者事业群;浦澜战区;苏中城市站', '剩余分配百分比': '0', '当前月最后一天': '31', '总任务（金额）': '20557800', '燃气定制（万）': '88', '战区总任务金额': '2111127457', '截止当前目标阈值': '12191123.2876712', '本月当前目标阈值': '1031182.79569892', '本月总目标（万）': '174.837142', '地产-年度开单金额': '0', '线下-年度开单金额': '7706805.70086', '当前月份任务达成率': '37.488475', '本月开单金额（万）': '-1.799182', '新零售-年度开单金额': '0', '父级已审批金额-线下': '1703923768', '事业群剩余未分配金额': '-1957712914', '截止当天累计目标阈值': '13335523.353425', '战区已分配金额-线下': '0', '燃气定制-年度开单金额': '0', '父级已审批金额-新零售': '227339332', '行业线已分配金额-线下': '0', '截止当前目标阈值达成率': '37.488475', '截止当前目标阈值（万）': '1219.11232876712', '本月当前目标阈值（万）': '103.118279569892', '战区已分配金额-新零售': '0', '地产-年度开单金额（万）': '0', '城市站已分配金额-线下': '0', '年度阈值/开单差额（万）': '-562.871765', '月度阈值/开单差额（万）': '-114.597338', '父级已审批金额-燃气定制': '26449815', '线下-年度开单金额（万）': '770.68057', '行业线已分配金额-新零售': '0', '总金额转换（以万为单位）': '2098', '总额的待分配任务（金额）': '16938756', '客户经理已分配金额-食饮部': '0', '战区已分配金额-燃气定制': '0', '城市站已分配金额-新零售': '0', '新零售-年度开单金额（万）': '0', '行业线已分配金额-燃气定制': '0', '行业线父级已审批金额-线下': '0', '事业群下派战区总任务金额': '0', '战区下派片区总任务金额': '0', '截止当天累计目标阈值（万）': '1333.552335', '客户经理已分配金额-楼宇办公': '0', '客户经理已分配金额-工业健康': '0', '城市站已分配金额-燃气定制': '0', '城市站父级已审批金额-线下': '0', '燃气定制-年度开单金额（万）': '0', '行业线父级已审批金额-新零售': '0', '片区下派客户经理总任务金额': '0', '客户经理父级已审批金额-食饮部': '0', '城市站父级已审批金额-新零售': '0', '行业线父级已审批金额-燃气定制': '0', '年度开单金额转换（以万为单位）': '770.68057', '客户经理父级已审批金额-楼宇办公': '0', '客户经理父级已审批金额-工业健康': '0', '城市站父级已审批金额-燃气定制': '0'}",2026-08-21 17:02:31.310654,2026-08-21 17:02:31.310654,2026-08-21 17:02:31.310654
51,recvjXpDcK875W,"{'2601': '4973996', '2602': '5233111', '2603': '5534309', '2604': '3720165', '公式': '0.0000000630914826498422', '状态': '草稿', '线下': '17497005', '编号': '71', 'SourceID': 'NzY0MTE0MDE0NjAzNzE0ODg2MjpyZWN2Z1ZJdHlWSnFIMDozNWY5YzgyMjIwZDFjMWRiZDllNzk3ZGQxM2I4NGRjMTox', '事业群': '消费者事业群', '战区': '浦澜战区', '创建人': '廖望舒', '当前年': '2026', '当前月': '8', '新零售': '1105074', '当前日期': '21', '燃气定制': '859502', '经营主体': '星澜集团总部', '1季度比例': '25%', '2季度比例': '25%', '3季度比例': '25%', '4季度比例': '25%', '任务维护人': '郭闻笛', '地产（万）': '0', '城市战区': '苏南城市站', '线下（万）': '1750', '年度开单金额': '6098658.435651', '总任务承接人': '陈天翊', '总任务达成率': '36.302707', '新零售（万）': '111', '本月开单金额': '73642.733011', '链接字段(勿删)': '消费者事业群;浦澜战区;苏南城市站', '剩余分配百分比': '0', '当前月最后一天': '31', '总任务（金额）': '16799459', '燃气定制（万）': '86', '战区总任务金额': '1724894383', '截止当前目标阈值': '10074520.5479452', '本月当前目标阈值': '852150.537634408', '本月总目标（万）': '162.179842', '地产-年度开单金额': '0', '线下-年度开单金额': '6098658.435651', '当前月份任务达成率': '36.302707', '本月开单金额（万）': '7.364273', '新零售-年度开单金额': '0', '父级已审批金额-线下': '1912637522', '事业群剩余未分配金额': '-2197513321', '截止当天累计目标阈值': '12370100.8', '战区已分配金额-线下': '0', '燃气定制-年度开单金额': '0', '父级已审批金额-新零售': '255186144', '行业线已分配金额-线下': '0', '截止当前目标阈值达成率': '36.302707', '截止当前目标阈值（万）': '1007.45205479452', '本月当前目标阈值（万）': '85.2150537634408', '战区已分配金额-新零售': '0', '地产-年度开单金额（万）': '0', '城市站已分配金额-线下': '0', '年度阈值/开单差额（万）': '-627.144236', '月度阈值/开单差额（万）': '-97.267883', '父级已审批金额-燃气定制': '29689655', '线下-年度开单金额（万）': '609.865844', '行业线已分配金额-新零售': '0', '总金额转换（以万为单位）': '1946', '总额的待分配任务（金额）': '15169053', '客户经理已分配金额-食饮部': '0', '战区已分配金额-燃气定制': '0', '城市站已分配金额-新零售': '0', '新零售-年度开单金额（万）': '0', '行业线已分配金额-燃气定制': '0', '行业线父级已审批金额-线下': '0', '事业群下派战区总任务金额': '0', '战区下派片区总任务金额': '0', '截止当天累计目标阈值（万）': '1237.01008', '客户经理已分配金额-楼宇办公': '0', '客户经理已分配金额-工业健康': '0', '城市站已分配金额-燃气定制': '0', '城市站父级已审批金额-线下': '0', '燃气定制-年度开单金额（万）': '0', '行业线父级已审批金额-新零售': '0', '片区下派客户经理总任务金额': '0', '客户经理父级已审批金额-食饮部': '0', '城市站父级已审批金额-新零售': '0', '行业线父级已审批金额-燃气定制': '0', '年度开单金额转换（以万为单位）': '609.865844', '客户经理父级已审批金额-楼宇办公': '0', '客户经理父级已审批金额-工业健康': '0', '城市站父级已审批金额-燃气定制': '0'}",2026-08-21 17:02:31.310654,2026-08-21 17:02:31.310654,2026-08-21 17:02:31.310654
52,recvjXpDcKJR2d,"{'2601': '7174888', '2602': '4923679', '2603': '3301942', '2604': '8078454', '公式': '0.0000000444444444444444', '状态': '草稿', '线下': '21704997', '编号': '72', 'SourceID': 'NzY0MTE0MDE0NjAzNzE0ODg2MjpyZWN2Z1ZJRkh3QWxuajplZDdlYzZhNmEzYzA4MzI2NzhiNTViMzhmNDQ0NDZiZDox', '事业群': '消费者事业群', '战区': '碣澜战区', '创建人': '廖望舒', '当前年': '2026', '当前月': '8', '新零售': '1126990', '当前日期': '21', '燃气定制': '646976', '经营主体': '星澜集团总部', '1季度比例': '25%', '2季度比例': '25%', '3季度比例': '25%', '4季度比例': '25%', '任务维护人': '郭闻笛', '地产（万）': '0', '城市战区': '天津城市站', '线下（万）': '2170', '年度开单金额': '13414962.3386', '总任务承接人': '郑自蹊', '总任务达成率': '65.945868', '新零售（万）': '113', '本月开单金额': '-11746.660845', '链接字段(勿删)': '消费者事业群;碣澜战区;天津城市站', '剩余分配百分比': '0', '当前月最后一天': '31', '总任务（金额）': '20342385', '燃气定制（万）': '65', '战区总任务金额': '1450093288', '截止当前目标阈值': '14301369.8630137', '本月当前目标阈值': '1209677.41935483', '本月总目标（万）': '195.658025', '地产-年度开单金额': '0', '线下-年度开单金额': '13414962.3386', '当前月份任务达成率': '65.945868', '本月开单金额（万）': '-1.174666', '新零售-年度开单金额': '0', '父级已审批金额-线下': '1625474696', '事业群剩余未分配金额': '-1867579328', '截止当天累计目标阈值': '14923614.838356', '战区已分配金额-线下': '0', '燃气定制-年度开单金额': '0', '父级已审批金额-新零售': '216872572', '行业线已分配金额-线下': '0', '截止当前目标阈值达成率': '65.945868', '截止当前目标阈值（万）': '1430.13698630137', '本月当前目标阈值（万）': '120.967741935483', '战区已分配金额-新零售': '0', '地产-年度开单金额（万）': '0', '城市站已分配金额-线下': '0', '年度阈值/开单差额（万）': '-150.86525', '月度阈值/开单差额（万）': '-127.40565', '父级已审批金额-燃气定制': '25232059', '线下-年度开单金额（万）': '1341.496234', '行业线已分配金额-新零售': '0', '总金额转换（以万为单位）': '2348', '总额的待分配任务（金额）': '16624019', '客户经理已分配金额-食饮部': '0', '战区已分配金额-燃气定制': '0', '城市站已分配金额-新零售': '0', '新零售-年度开单金额（万）': '0', '行业线已分配金额-燃气定制': '0', '行业线父级已审批金额-线下': '0', '事业群下派战区总任务金额': '0', '战区下派片区总任务金额': '0', '截止当天累计目标阈值（万）': '1492.361484', '客户经理已分配金额-楼宇办公': '0', '客户经理已分配金额-工业健康': '0', '城市站已分配金额-燃气定制': '0', '城市站父级已审批金额-线下': '0', '燃气定制-年度开单金额（万）': '0', '行业线父级已审批金额-新零售': '0', '片区下派客户经理总任务金额': '0', '客户经理父级已审批金额-食饮部': '0', '城市站父级已审批金额-新零售': '0', '行业线父级已审批金额-燃气定制': '0', '年度开单金额转换（以万为单位）': '1341.496234', '客户经理父级已审批金额-楼宇办公': '0', '客户经理父级已审批金额-工业健康': '0', '城市站父级已审批金额-燃气定制': '0'}",2026-08-21 17:02:31.310654,2026-08-21 17:02:31.310654,2026-08-21 17:02:31.310654
53,recvjXpDcKNIB4,"{'2601': '18061012', '2602': '18144920', '2603': '13309286', '2604': '19770861', '公式': '0.0000000177872643187477', '状态': '草稿', '线下': '66919852', '编号': '73', 'SourceID': 'NzY0MTE0MDE0NjAzNzE0ODg2MjpyZWN2Z1ZJR2VBN0M0RDpjMmYyMzZlYjk5YTkxMDcxMjkwYWJlMmJhZjhmYjk3MDox', '事业群': '消费者事业群', '战区': '碣澜战区', '创建人': '廖望舒', '当前年': '2026', '当前月': '8', '新零售': '1072197', '当前日期': '21', '燃气定制': '1294030', '经营主体': '星澜集团总部', '1季度比例': '25%', '2季度比例': '25%', '3季度比例': '25%', '4季度比例': '25%', '任务维护人': '郭闻笛', '地产（万）': '0', '城市战区': '珩京城市站', '线下（万）': '6692', '年度开单金额': '31263994.251575', '总任务承接人': '朱清晏', '总任务达成率': '59.391096', '新零售（万）': '107', '本月开单金额': '-428312.343017', '链接字段(勿删)': '消费者事业群;碣澜战区;珩京城市站', '剩余分配百分比': '0', '当前月最后一天': '31', '总任务（金额）': '52640878', '燃气定制（万）': '129', '战区总任务金额': '1451719449', '截止当前目标阈值': '35734356.1643835', '本月当前目标阈值': '3022580.64516129', '本月总目标（万）': '577.383992', '地产-年度开单金额': '0', '线下-年度开单金额': '31263994.251575', '当前月份任务达成率': '59.391096', '本月开单金额（万）': '-42.831234', '新零售-年度开单金额': '0', '父级已审批金额-线下': '1919724747', '事业群剩余未分配金额': '-2205656145', '截止当天累计目标阈值': '44039370.761644', '战区已分配金额-线下': '0', '燃气定制-年度开单金额': '0', '父级已审批金额-新零售': '256131729', '行业线已分配金额-线下': '0', '截止当前目标阈值达成率': '59.391096', '截止当前目标阈值（万）': '3573.43561643835', '本月当前目标阈值（万）': '302.258064516129', '战区已分配金额-新零售': '0', '地产-年度开单金额（万）': '0', '城市站已分配金额-线下': '0', '年度阈值/开单差额（万）': '-1277.537651', '月度阈值/开单差额（万）': '-415.337035', '父级已审批金额-燃气定制': '29799669', '线下-年度开单金额（万）': '3126.399425', '行业线已分配金额-新零售': '0', '总金额转换（以万为单位）': '6929', '总额的待分配任务（金额）': '47699183', '客户经理已分配金额-食饮部': '0', '战区已分配金额-燃气定制': '0', '城市站已分配金额-新零售': '0', '新零售-年度开单金额（万）': '0', '行业线已分配金额-燃气定制': '0', '行业线父级已审批金额-线下': '0', '事业群下派战区总任务金额': '0', '战区下派片区总任务金额': '0', '截止当天累计目标阈值（万）': '4403.937076', '客户经理已分配金额-楼宇办公': '0', '客户经理已分配金额-工业健康': '0', '城市站已分配金额-燃气定制': '0', '城市站父级已审批金额-线下': '0', '燃气定制-年度开单金额（万）': '0', '行业线父级已审批金额-新零售': '0', '片区下派客户经理总任务金额': '0', '客户经理父级已审批金额-食饮部': '0', '城市站父级已审批金额-新零售': '0', '行业线父级已审批金额-燃气定制': '0', '年度开单金额转换（以万为单位）': '3126.399425', '客户经理父级已审批金额-楼宇办公': '0', '客户经理父级已审批金额-工业健康': '0', '城市站父级已审批金额-燃气定制': '0'}",2026-08-21 17:02:31.310654,2026-08-21 17:02:31.310654,2026-08-21 17:02:31.310654
54,recvjXpDcKyJPo,"{'2601': '6148551', '2602': '7456406', '2603': '6967211', '2604': '5395514', '公式': '0.0000000465766185374941', '状态': '草稿', '线下': '23947839', '编号': '74', 'SourceID': 'NzY0MTE0MDE0NjAzNzE0ODg2MjpyZWN2Z1ZKMFpJR3RrbzoxOGQ3MzMzYTQ0YTBlYzQ0OTNmNDQ0NjgxZTJhN2RkMzox', '事业群': '消费者事业群', '战区': '岱澜战区', '创建人': '廖望舒', '当前年': '2026', '当前月': '8', '新零售': '1862610', '当前日期': '21', '燃气定制': '157233', '经营主体': '星澜集团总部', '1季度比例': '25%', '2季度比例': '25%', '3季度比例': '25%', '4季度比例': '25%', '任务维护人': '郭闻笛', '地产（万）': '0', '城市战区': '济南城市站', '线下（万）': '2395', '年度开单金额': '13631482.040388', '总任务承接人': '秦闻笛', '总任务达成率': '64.984574', '新零售（万）': '186', '本月开单金额': '134078.423277', '链接字段(勿删)': '消费者事业群;岱澜战区;济南城市站', '剩余分配百分比': '0', '当前月最后一天': '31', '总任务（金额）': '20976489', '燃气定制（万）': '16', '战区总任务金额': '1378136084', '截止当前目标阈值': '13646684.9315068', '本月当前目标阈值': '1154301.07526881', '本月总目标（万）': '216.39735', '地产-年度开单金额': '0', '线下-年度开单金额': '13631482.040388', '当前月份任务达成率': '64.984574', '本月开单金额（万）': '13.407842', '新零售-年度开单金额': '0', '父级已审批金额-线下': '1884017618', '事业群剩余未分配金额': '-2164630655', '截止当天累计目标阈值': '16505485.545205', '战区已分配金额-线下': '0', '燃气定制-年度开单金额': '0', '父级已审批金额-新零售': '251367646', '行业线已分配金额-线下': '0', '截止当前目标阈值达成率': '64.984574', '截止当前目标阈值（万）': '1364.66849315068', '本月当前目标阈值（万）': '115.430107526881', '战区已分配金额-新零售': '0', '地产-年度开单金额（万）': '0', '城市站已分配金额-线下': '0', '年度阈值/开单差额（万）': '-287.40035', '月度阈值/开单差额（万）': '-126.203351', '父级已审批金额-燃气定制': '29245391', '线下-年度开单金额（万）': '1363.148204', '行业线已分配金额-新零售': '0', '总金额转换（以万为单位）': '2597', '总额的待分配任务（金额）': '17606154', '客户经理已分配金额-食饮部': '0', '战区已分配金额-燃气定制': '0', '城市站已分配金额-新零售': '0', '新零售-年度开单金额（万）': '0', '行业线已分配金额-燃气定制': '0', '行业线父级已审批金额-线下': '0', '事业群下派战区总任务金额': '0', '战区下派片区总任务金额': '0', '截止当天累计目标阈值（万）': '1650.548555', '客户经理已分配金额-楼宇办公': '0', '客户经理已分配金额-工业健康': '0', '城市站已分配金额-燃气定制': '0', '城市站父级已审批金额-线下': '0', '燃气定制-年度开单金额（万）': '0', '行业线父级已审批金额-新零售': '0', '片区下派客户经理总任务金额': '0', '客户经理父级已审批金额-食饮部': '0', '城市站父级已审批金额-新零售': '0', '行业线父级已审批金额-燃气定制': '0', '年度开单金额转换（以万为单位）': '1363.148204', '客户经理父级已审批金额-楼宇办公': '0', '客户经理父级已审批金额-工业健康': '0', '城市站父级已审批金额-燃气定制': '0'}",2026-08-21 17:02:31.310654,2026-08-21 17:02:31.310654,2026-08-21 17:02:31.310654
55,recvjXpDcK7Lf0,"{'2601': '6070362', '2602': '6648570', '2603': '4985620', '2604': '7415315', '公式': '0.000000030229746070133', '状态': '草稿', '线下': '23160700', '编号': '75', 'SourceID': 'NzY0MTE0MDE0NjAzNzE0ODg2MjpyZWN2Z1ZKMWp5UXlGazo1OTQ5NzA0ZWEzZDg4N2MyMjI2ZGNjN2M4YWE2MjQwZTox', '事业群': '消费者事业群', '战区': '岱澜战区', '创建人': '廖望舒', '当前年': '2026', '当前月': '8', '新零售': '1860450', '当前日期': '21', '燃气定制': '98718', '经营主体': '星澜集团总部', '1季度比例': '25%', '2季度比例': '25%', '3季度比例': '25%', '4季度比例': '25%', '任务维护人': '郭闻笛', '地产（万）': '0', '城市战区': '临沂城市站', '线下（万）': '2316', '年度开单金额': '20491032.760466', '总任务承接人': '方其琛', '总任务达成率': '50.603139', '新零售（万）': '186', '本月开单金额': '-14247.087953', '链接字段(勿删)': '消费者事业群;岱澜战区;临沂城市站', '剩余分配百分比': '0', '当前月最后一天': '31', '总任务（金额）': '40493600', '燃气定制（万）': '10', '战区总任务金额': '1417432778', '截止当前目标阈值': '21026191.7808219', '本月当前目标阈值': '1778494.62365591', '本月总目标（万）': '209.332225', '地产-年度开单金额': '0', '线下-年度开单金额': '20491032.760466', '当前月份任务达成率': '50.603139', '本月开单金额（万）': '-1.424709', '新零售-年度开单金额': '0', '父级已审批金额-线下': '1182866289', '事业群剩余未分配金额': '-1359047073', '截止当天累计目标阈值': '15966600.394521', '战区已分配金额-线下': '0', '燃气定制-年度开单金额': '0', '父级已审批金额-新零售': '157819285', '行业线已分配金额-线下': '0', '截止当前目标阈值达成率': '50.603139', '截止当前目标阈值（万）': '2102.61917808219', '本月当前目标阈值（万）': '177.849462365591', '战区已分配金额-新零售': '0', '地产-年度开单金额（万）': '0', '城市站已分配金额-线下': '0', '年度阈值/开单差额（万）': '452.443237', '月度阈值/开单差额（万）': '-136.477757', '父级已审批金额-燃气定制': '18361499', '线下-年度开单金额（万）': '2049.103276', '行业线已分配金额-新零售': '0', '总金额转换（以万为单位）': '2512', '总额的待分配任务（金额）': '37249401', '客户经理已分配金额-食饮部': '0', '战区已分配金额-燃气定制': '0', '城市站已分配金额-新零售': '0', '新零售-年度开单金额（万）': '0', '行业线已分配金额-燃气定制': '0', '行业线父级已审批金额-线下': '0', '事业群下派战区总任务金额': '0', '战区下派片区总任务金额': '0', '截止当天累计目标阈值（万）': '1596.660039', '客户经理已分配金额-楼宇办公': '0', '客户经理已分配金额-工业健康': '0', '城市站已分配金额-燃气定制': '0', '城市站父级已审批金额-线下': '0', '燃气定制-年度开单金额（万）': '0', '行业线父级已审批金额-新零售': '0', '片区下派客户经理总任务金额': '0', '客户经理父级已审批金额-食饮部': '0', '城市站父级已审批金额-新零售': '0', '行业线父级已审批金额-燃气定制': '0', '年度开单金额转换（以万为单位）': '2049.103276', '客户经理父级已审批金额-楼宇办公': '0', '客户经理父级已审批金额-工业健康': '0', '城市站父级已审批金额-燃气定制': '0'}",2026-08-21 17:02:31.310654,2026-08-21 17:02:31.310654,2026-08-21 17:02:31.310654
56,recvjXpDcKfAiG,"{'2601': '2806142', '2602': '3022077', '2603': '4130122', '2604': '4464505', '公式': '0.0000000499251123315027', '状态': '草稿', '线下': '13321151', '编号': '76', 'SourceID': 'NzY0MTE0MDE0NjAzNzE0ODg2MjpyZWN2Z1ZKMUFyYnJ4Yzo2YzM3MWU3NDY5NGU5MWQ2YjdhOGMwODJhNzE5NDIyNzox', '事业群': '消费者事业群', '战区': '岱澜战区', '创建人': '廖望舒', '当前年': '2026', '当前月': '8', '新零售': '1008087', '当前日期': '21', '燃气定制': '93608', '经营主体': '星澜集团总部', '1季度比例': '25%', '2季度比例': '25%', '3季度比例': '25%', '4季度比例': '25%', '任务维护人': '郭闻笛', '地产（万）': '0', '城市战区': '青岛城市站', '线下（万）': '1332', '年度开单金额': '5463979.579511', '总任务承接人': '程听雨', '总任务达成率': '27.711492', '新零售（万）': '101', '本月开单金额': '-0.064806', '链接字段(勿删)': '消费者事业群;岱澜战区;青岛城市站', '剩余分配百分比': '0', '当前月最后一天': '31', '总任务（金额）': '19717378', '燃气定制（万）': '9', '战区总任务金额': '1467637494', '截止当前目标阈值': '12731397.2602739', '本月当前目标阈值': '1076881.7204301', '本月总目标（万）': '120.190383', '地产-年度开单金额': '0', '线下-年度开单金额': '5463979.579511', '当前月份任务达成率': '27.711492', '本月开单金额（万）': '-6e-06', '新零售-年度开单金额': '0', '父级已审批金额-线下': '1121640899', '事业群剩余未分配金额': '-1288702532', '截止当天累计目标阈值': '9167398.005479', '战区已分配金额-线下': '0', '燃气定制-年度开单金额': '0', '父级已审批金额-新零售': '149650528', '行业线已分配金额-线下': '0', '截止当前目标阈值达成率': '27.711492', '截止当前目标阈值（万）': '1273.13972602739', '本月当前目标阈值（万）': '107.68817204301', '战区已分配金额-新零售': '0', '地产-年度开单金额（万）': '0', '城市站已分配金额-线下': '0', '年度阈值/开单差额（万）': '-370.341843', '月度阈值/开单差额（万）': '-77.542189', '父级已审批金额-燃气定制': '17411104', '线下-年度开单金额（万）': '546.397958', '行业线已分配金额-新零售': '0', '总金额转换（以万为单位）': '1442', '总额的待分配任务（金额）': '19627479', '客户经理已分配金额-食饮部': '0', '战区已分配金额-燃气定制': '0', '城市站已分配金额-新零售': '0', '新零售-年度开单金额（万）': '0', '行业线已分配金额-燃气定制': '0', '行业线父级已审批金额-线下': '0', '事业群下派战区总任务金额': '0', '战区下派片区总任务金额': '0', '截止当天累计目标阈值（万）': '916.739801', '客户经理已分配金额-楼宇办公': '0', '客户经理已分配金额-工业健康': '0', '城市站已分配金额-燃气定制': '0', '城市站父级已审批金额-线下': '0', '燃气定制-年度开单金额（万）': '0', '行业线父级已审批金额-新零售': '0', '片区下派客户经理总任务金额': '0', '客户经理父级已审批金额-食饮部': '0', '城市站父级已审批金额-新零售': '0', '行业线父级已审批金额-燃气定制': '0', '年度开单金额转换（以万为单位）': '546.397958', '客户经理父级已审批金额-楼宇办公': '0', '客户经理父级已审批金额-工业健康': '0', '城市站父级已审批金额-燃气定制': '0'}",2026-08-21 17:02:31.310654,2026-08-21 17:02:31.310654,2026-08-21 17:02:31.310654
57,recvjXpDcKa6UN,"{'2601': '2748802', '2602': '4124787', '2603': '2816488', '2604': '2583905', '公式': '0.00000008130081300813', '状态': '草稿', '线下': '11475674', '编号': '77', 'SourceID': 'NzY0MTE0MDE0NjAzNzE0ODg2MjpyZWN2Z1ZKMVFsTTBvMjo0MmQ4ZTc3NzcxMzA0MWY0OTU4NGI3ZmRlMTk0ZmUzZTox', '事业群': '消费者事业群', '战区': '岱澜战区', '创建人': '廖望舒', '当前年': '2026', '当前月': '8', '新零售': '698519', '当前日期': '21', '燃气定制': '99788', '经营主体': '星澜集团总部', '1季度比例': '25%', '2季度比例': '25%', '3季度比例': '25%', '4季度比例': '25%', '任务维护人': '郭闻笛', '地产（万）': '0', '城市战区': '烟台城市站', '线下（万）': '1148', '年度开单金额': '7244424', '总任务承接人': '徐子衿', '总任务达成率': '66.230707', '新零售（万）': '70', '本月开单金额': '0', '链接字段(勿删)': '消费者事业群;岱澜战区;烟台城市站', '剩余分配百分比': '0', '当前月最后一天': '31', '总任务（金额）': '10938165', '燃气定制（万）': '10', '战区总任务金额': '2154792272', '截止当前目标阈值': '7818082.19178082', '本月当前目标阈值': '661290.322580645', '本月总目标（万）': '102.283183', '地产-年度开单金额': '0', '线下-年度开单金额': '7244424', '当前月份任务达成率': '66.230707', '本月开单金额（万）': '0', '新零售-年度开单金额': '0', '父级已审批金额-线下': '1554405021', '事业群剩余未分配金额': '-1785924254', '截止当天累计目标阈值': '7801544.723288', '战区已分配金额-线下': '0', '燃气定制-年度开单金额': '0', '父级已审批金额-新零售': '207390380', '行业线已分配金额-线下': '0', '截止当前目标阈值达成率': '66.230707', '截止当前目标阈值（万）': '781.808219178082', '本月当前目标阈值（万）': '66.1290322580645', '战区已分配金额-新零售': '0', '地产-年度开单金额（万）': '0', '城市站已分配金额-线下': '0', '年度阈值/开单差额（万）': '-55.712023', '月度阈值/开单差额（万）': '-65.989151', '父级已审批金额-燃气定制': '24128852', '线下-年度开单金额（万）': '724.44245', '行业线已分配金额-新零售': '0', '总金额转换（以万为单位）': '1227', '总额的待分配任务（金额）': '9743857', '客户经理已分配金额-食饮部': '0', '战区已分配金额-燃气定制': '0', '城市站已分配金额-新零售': '0', '新零售-年度开单金额（万）': '0', '行业线已分配金额-燃气定制': '0', '行业线父级已审批金额-线下': '0', '事业群下派战区总任务金额': '0', '战区下派片区总任务金额': '0', '截止当天累计目标阈值（万）': '780.154472', '客户经理已分配金额-楼宇办公': '0', '客户经理已分配金额-工业健康': '0', '城市站已分配金额-燃气定制': '0', '城市站父级已审批金额-线下': '0', '燃气定制-年度开单金额（万）': '0', '行业线父级已审批金额-新零售': '0', '片区下派客户经理总任务金额': '0', '客户经理父级已审批金额-食饮部': '0', '城市站父级已审批金额-新零售': '0', '行业线父级已审批金额-燃气定制': '0', '年度开单金额转换（以万为单位）': '724.44245', '客户经理父级已审批金额-楼宇办公': '0', '客户经理父级已审批金额-工业健康': '0', '城市站父级已审批金额-燃气定制': '0'}",2026-08-21 17:02:31.310654,2026-08-21 17:02:31.310654,2026-08-21 17:02:31.310654
58,recvjXpDcKD1n4,"{'2601': '4763363', '2602': '2776346', '2603': '4818700', '2604': '4818849', '公式': '0.0000000738552437223042', '状态': '草稿', '线下': '15857882', '编号': '78', 'SourceID': 'NzY0MTE0MDE0NjAzNzE0ODg2MjpyZWN2Z1ZKMjkxcnJOSTpjNzRiMTg3ZTk5MjhkY2MxMzdhOWY3NjNlNGUwZDA3Nzox', '事业群': '消费者事业群', '战区': '岱澜战区', '创建人': '廖望舒', '当前年': '2026', '当前月': '8', '新零售': '1154454', '当前日期': '21', '燃气定制': '164922', '经营主体': '星澜集团总部', '1季度比例': '25%', '2季度比例': '25%', '3季度比例': '25%', '4季度比例': '25%', '任务维护人': '郭闻笛', '地产（万）': '0', '城市战区': '淄博城市站', '线下（万）': '1586', '年度开单金额': '1314447', '总任务承接人': '谢从周', '总任务达成率': '9.445640', '新零售（万）': '115', '本月开单金额': '3029', '链接字段(勿删)': '消费者事业群;岱澜战区;淄博城市站', '剩余分配百分比': '0', '当前月最后一天': '31', '总任务（金额）': '13915913', '燃气定制（万）': '16', '战区总任务金额': '1700773461', '截止当前目标阈值': '8606246.57534246', '本月当前目标阈值': '727956.989247311', '本月总目标（万）': '143.143817', '地产-年度开单金额': '0', '线下-年度开单金额': '1314447', '当前月份任务达成率': '9.445640', '本月开单金额（万）': '0.302949', '新零售-年度开单金额': '0', '父级已审批金额-线下': '1976145848', '事业群剩余未分配金额': '-2270480828', '截止当天累计目标阈值': '10918147.550685', '战区已分配金额-线下': '0', '燃气定制-年度开单金额': '0', '父级已审批金额-新零售': '263659493', '行业线已分配金额-线下': '0', '截止当前目标阈值达成率': '9.445640', '截止当前目标阈值（万）': '860.624657534246', '本月当前目标阈值（万）': '72.7956989247311', '战区已分配金额-新零售': '0', '地产-年度开单金额（万）': '0', '城市站已分配金额-线下': '0', '年度阈值/开单差额（万）': '-960.370038', '月度阈值/开单差额（万）': '-92.0479', '父级已审批金额-燃气定制': '30675487', '线下-年度开单金额（万）': '131.444717', '行业线已分配金额-新零售': '0', '总金额转换（以万为单位）': '1718', '总额的待分配任务（金额）': '9589159', '客户经理已分配金额-食饮部': '0', '战区已分配金额-燃气定制': '0', '城市站已分配金额-新零售': '0', '新零售-年度开单金额（万）': '0', '行业线已分配金额-燃气定制': '0', '行业线父级已审批金额-线下': '0', '事业群下派战区总任务金额': '0', '战区下派片区总任务金额': '0', '截止当天累计目标阈值（万）': '1091.814755', '客户经理已分配金额-楼宇办公': '0', '客户经理已分配金额-工业健康': '0', '城市站已分配金额-燃气定制': '0', '城市站父级已审批金额-线下': '0', '燃气定制-年度开单金额（万）': '0', '行业线父级已审批金额-新零售': '0', '片区下派客户经理总任务金额': '0', '客户经理父级已审批金额-食饮部': '0', '城市站父级已审批金额-新零售': '0', '行业线父级已审批金额-燃气定制': '0', '年度开单金额转换（以万为单位）': '131.444717', '客户经理父级已审批金额-楼宇办公': '0', '客户经理父级已审批金额-工业健康': '0', '城市站父级已审批金额-燃气定制': '0'}",2026-08-21 17:02:31.310654,2026-08-21 17:02:31.310654,2026-08-21 17:02:31.310654
59,recvjXpDcKqlOo,"{'2601': '3463467', '2602': '3807738', '2603': '4474037', '2604': '2415334', '公式': '0.0000000728332119446467', '状态': '草稿', '线下': '12479459', '编号': '79', 'SourceID': 'NzY0MTE0MDE0NjAzNzE0ODg2MjpyZWN2Z1ZKY0dpaGdxWDo2OWYzMmQyNDAzZDg4ODU4OTkyZTZiNzQ0YTQ1OTdhYTox', '事业群': '消费者事业群', '战区': '凉澜战区', '创建人': '廖望舒', '当前年': '2026', '当前月': '8', '新零售': '1485159', '当前日期': '21', '燃气定制': '195958', '经营主体': '星澜集团总部', '1季度比例': '25%', '2季度比例': '25%', '3季度比例': '25%', '4季度比例': '25%', '任务维护人': '郭闻笛', '地产（万）': '0', '城市战区': '榆林城市站', '线下（万）': '1248', '年度开单金额': '6264867.20681', '总任务承接人': '黄慕白', '总任务达成率': '38.019913', '新零售（万）': '149', '本月开单金额': '-191.379205', '链接字段(勿删)': '消费者事业群;凉澜战区;榆林城市站', '剩余分配百分比': '0', '当前月最后一天': '31', '总任务（金额）': '16477858', '燃气定制（万）': '20', '战区总任务金额': '1562037335', '截止当前目标阈值': '8727013.69863013', '本月当前目标阈值': '738172.043010752', '本月总目标（万）': '118.0048', '地产-年度开单金额': '0', '线下-年度开单金额': '6264867.20681', '当前月份任务达成率': '38.019913', '本月开单金额（万）': '-0.019138', '新零售-年度开单金额': '0', '父级已审批金额-线下': '1606549835', '事业群剩余未分配金额': '-1845835723', '截止当天累计目标阈值': '9000694.882192', '战区已分配金额-线下': '0', '燃气定制-年度开单金额': '0', '父级已审批金额-新零售': '214347597', '行业线已分配金额-线下': '0', '截止当前目标阈值达成率': '38.019913', '截止当前目标阈值（万）': '872.701369863013', '本月当前目标阈值（万）': '73.8172043010752', '战区已分配金额-新零售': '0', '地产-年度开单金额（万）': '0', '城市站已分配金额-线下': '0', '年度阈值/开单差额（万）': '-273.582768', '月度阈值/开单差额（万）': '-76.151267', '父级已审批金额-燃气定制': '24938290', '线下-年度开单金额（万）': '626.486721', '行业线已分配金额-新零售': '0', '总金额转换（以万为单位）': '1416', '总额的待分配任务（金额）': '12909651', '客户经理已分配金额-食饮部': '0', '战区已分配金额-燃气定制': '0', '城市站已分配金额-新零售': '0', '新零售-年度开单金额（万）': '0', '行业线已分配金额-燃气定制': '0', '行业线父级已审批金额-线下': '118193883', '事业群下派战区总任务金额': '0', '战区下派片区总任务金额': '0', '截止当天累计目标阈值（万）': '900.069488', '客户经理已分配金额-楼宇办公': '0', '客户经理已分配金额-工业健康': '0', '城市站已分配金额-燃气定制': '0', '城市站父级已审批金额-线下': '118193883', '燃气定制-年度开单金额（万）': '0', '行业线父级已审批金额-新零售': '18646993', '片区下派客户经理总任务金额': '0', '客户经理父级已审批金额-食饮部': '0', '城市站父级已审批金额-新零售': '18646993', '行业线父级已审批金额-燃气定制': '948851', '年度开单金额转换（以万为单位）': '626.486721', '客户经理父级已审批金额-楼宇办公': '0', '客户经理父级已审批金额-工业健康': '0', '城市站父级已审批金额-燃气定制': '948851'}",2026-08-21 17:02:31.310654,2026-08-21 17:02:31.310654,2026-08-21 17:02:31.310654
60,recvjXpDcKhRzo,"{'2601': '4852587', '2602': '10132287', '2603': '4647922', '2604': '7688672', '公式': '0.0000000308641975308642', '状态': '草稿', '线下': '26140911', '编号': '80', 'SourceID': 'NzY0MTE0MDE0NjAzNzE0ODg2MjpyZWN2Z1ZKZHlhaGt3azplYTlhNDVlNjk0ZjRhODE1NmJlZDEyOTliODBlZDFlYTox', '事业群': '消费者事业群', '战区': '凉澜战区', '创建人': '廖望舒', '当前年': '2026', '当前月': '8', '新零售': '1028771', '当前日期': '21', '燃气定制': '151786', '经营主体': '星澜集团总部', '1季度比例': '25%', '2季度比例': '25%', '3季度比例': '25%', '4季度比例': '25%', '任务维护人': '郭闻笛', '地产（万）': '0', '城市战区': '西安城市站', '线下（万）': '2614', '年度开单金额': '15405937', '总任务承接人': '郭听雨', '总任务达成率': '38.711830', '新零售（万）': '103', '本月开单金额': '0', '链接字段(勿删)': '消费者事业群;凉澜战区;西安城市站', '剩余分配百分比': '0', '当前月最后一天': '31', '总任务（金额）': '39796458', '燃气定制（万）': '15', '战区总任务金额': '1688249279', '截止当前目标阈值': '20593972.6027397', '本月当前目标阈值': '1741935.48387096', '本月总目标（万）': '228', '地产-年度开单金额': '0', '线下-年度开单金额': '15405937', '当前月份任务达成率': '38.711830', '本月开单金额（万）': '0', '新零售-年度开单金额': '0', '父级已审批金额-线下': '1313538602', '事业群剩余未分配金额': '-1509182237', '截止当天累计目标阈值': '17365974.180822', '战区已分配金额-线下': '0', '燃气定制-年度开单金额': '0', '父级已审批金额-新零售': '175253725', '行业线已分配金额-线下': '0', '截止当前目标阈值达成率': '38.711830', '截止当前目标阈值（万）': '2059.39726027397', '本月当前目标阈值（万）': '174.193548387096', '战区已分配金额-新零售': '0', '地产-年度开单金额（万）': '0', '城市站已分配金额-线下': '0', '年度阈值/开单差额（万）': '-196.003756', '月度阈值/开单差额（万）': '-146.889613', '父级已审批金额-燃气定制': '20389910', '线下-年度开单金额（万）': '1540.593662', '行业线已分配金额-新零售': '0', '总金额转换（以万为单位）': '2732', '总额的待分配任务（金额）': '29837713', '客户经理已分配金额-食饮部': '0', '战区已分配金额-燃气定制': '0', '城市站已分配金额-新零售': '0', '新零售-年度开单金额（万）': '0', '行业线已分配金额-燃气定制': '0', '行业线父级已审批金额-线下': '96637044', '事业群下派战区总任务金额': '0', '战区下派片区总任务金额': '0', '截止当天累计目标阈值（万）': '1736.597418', '客户经理已分配金额-楼宇办公': '0', '客户经理已分配金额-工业健康': '0', '城市站已分配金额-燃气定制': '0', '城市站父级已审批金额-线下': '96637044', '燃气定制-年度开单金额（万）': '0', '行业线父级已审批金额-新零售': '15246054', '片区下派客户经理总任务金额': '0', '客户经理父级已审批金额-食饮部': '0', '城市站父级已审批金额-新零售': '15246054', '行业线父级已审批金额-燃气定制': '775795', '年度开单金额转换（以万为单位）': '1540.593662', '客户经理父级已审批金额-楼宇办公': '0', '客户经理父级已审批金额-工业健康': '0', '城市站父级已审批金额-燃气定制': '775795'}",2026-08-21 17:02:31.310654,2026-08-21 17:02:31.310654,2026-08-21 17:02:31.310654
61,recvjXpDcKKaSw,"{'2601': '6931744', '2602': '5544513', '2603': '3591241', '2604': '3729056', '公式': '0.0000000485201358563804', '状态': '草稿', '线下': '17577726', '编号': '81', 'SourceID': 'NzY0MTE0MDE0NjAzNzE0ODg2MjpyZWN2Z1ZKZExaWklVQTpiMjIwZmQxZGNiMGJkOTc0NTRjNDM5YTkwNmE0NDIyNTox', '事业群': '消费者事业群', '战区': '凉澜战区', '创建人': '廖望舒', '当前年': '2026', '当前月': '8', '新零售': '2113169', '当前日期': '21', '燃气定制': '105658', '经营主体': '星澜集团总部', '1季度比例': '25%', '2季度比例': '25%', '3季度比例': '25%', '4季度比例': '25%', '任务维护人': '郭闻笛', '地产（万）': '0', '城市战区': '宝鸡城市站', '线下（万）': '1758', '年度开单金额': '9866648', '总任务承接人': '郭听雨', '总任务达成率': '49.509812', '新零售（万）': '211', '本月开单金额': '15061', '链接字段(勿删)': '消费者事业群;凉澜战区;宝鸡城市站', '剩余分配百分比': '0', '当前月最后一天': '31', '总任务（金额）': '19928672', '燃气定制（万）': '11', '战区总任务金额': '1257674644', '截止当前目标阈值': '13100054.7945205', '本月当前目标阈值': '1108064.51612903', '本月总目标（万）': '164.971283', '地产-年度开单金额': '0', '线下-年度开单金额': '9866648', '当前月份任务达成率': '49.509812', '本月开单金额（万）': '1.506113', '新零售-年度开单金额': '0', '父级已审批金额-线下': '1496219901', '事业群剩余未分配金额': '-1719072812', '截止当天累计目标阈值': '12583015.145205', '战区已分配金额-线下': '0', '燃气定制-年度开单金额': '0', '父级已审批金额-新零售': '199627259', '行业线已分配金额-线下': '0', '截止当前目标阈值达成率': '49.509812', '截止当前目标阈值（万）': '1310.00547945205', '本月当前目标阈值（万）': '110.806451612903', '战区已分配金额-新零售': '0', '地产-年度开单金额（万）': '0', '城市站已分配金额-线下': '0', '年度阈值/开单差额（万）': '-271.636749', '月度阈值/开单差额（万）': '-104.926973', '父级已审批金额-燃气定制': '23225651', '线下-年度开单金额（万）': '986.664766', '行业线已分配金额-新零售': '0', '总金额转换（以万为单位）': '1980', '总额的待分配任务（金额）': '19047137', '客户经理已分配金额-食饮部': '0', '战区已分配金额-燃气定制': '0', '城市站已分配金额-新零售': '0', '新零售-年度开单金额（万）': '0', '行业线已分配金额-燃气定制': '0', '行业线父级已审批金额-线下': '110076909', '事业群下派战区总任务金额': '0', '战区下派片区总任务金额': '0', '截止当天累计目标阈值（万）': '1258.301515', '客户经理已分配金额-楼宇办公': '0', '客户经理已分配金额-工业健康': '0', '城市站已分配金额-燃气定制': '0', '城市站父级已审批金额-线下': '110076909', '燃气定制-年度开单金额（万）': '0', '行业线父级已审批金额-新零售': '17366409', '片区下派客户经理总任务金额': '0', '客户经理父级已审批金额-食饮部': '0', '城市站父级已审批金额-新零售': '17366409', '行业线父级已审批金额-燃气定制': '883689', '年度开单金额转换（以万为单位）': '986.664766', '客户经理父级已审批金额-楼宇办公': '0', '客户经理父级已审批金额-工业健康': '0', '城市站父级已审批金额-燃气定制': '883689'}",2026-08-21 17:02:31.310654,2026-08-21 17:02:31.310654,2026-08-21 17:02:31.310654
62,recvjXpDcKOn3r,"{'2601': '9592271', '2602': '7255291', '2603': '12067934', '2604': '12946650', '公式': '0.0000000276014352746342', '状态': '草稿', '线下': '36859024', '编号': '82', 'SourceID': 'NzY0MTE0MDE0NjAzNzE0ODg2MjpyZWN2Z1ZKZTJUMnE3NTo5MTM2MWIzMGJjMTVlM2QzZmM5NTFkZDQ2ZWMzOGJiNTox', '事业群': '消费者事业群', '战区': '凉澜战区', '创建人': '廖望舒', '当前年': '2026', '当前月': '8', '新零售': '4748921', '当前日期': '21', '燃气定制': '254200', '经营主体': '星澜集团总部', '1季度比例': '25%', '2季度比例': '25%', '3季度比例': '25%', '4季度比例': '25%', '任务维护人': '郭闻笛', '地产（万）': '0', '城市战区': '凉州城市站', '线下（万）': '3686', '年度开单金额': '22745150.944707', '总任务承接人': '郑听雨', '总任务达成率': '71.841987', '新零售（万）': '475', '本月开单金额': '338868.860767', '链接字段(勿删)': '消费者事业群;凉澜战区;凉州城市站', '剩余分配百分比': '0', '当前月最后一天': '31', '总任务（金额）': '31659969', '燃气定制（万）': '25', '战区总任务金额': '1612781960', '截止当前目标阈值': '23028383.5616438', '本月当前目标阈值': '1947849.46236559', '本月总目标（万）': '348.851217', '地产-年度开单金额': '0', '线下-年度开单金额': '22745150.944707', '当前月份任务达成率': '71.841987', '本月开单金额（万）': '33.886886', '新零售-年度开单金额': '0', '父级已审批金额-线下': '1799852741', '事业群剩余未分配金额': '-2067929929', '截止当天累计目标阈值': '26608268.142466', '战区已分配金额-线下': '0', '燃气定制-年度开单金额': '0', '父级已审批金额-新零售': '240138278', '行业线已分配金额-线下': '0', '截止当前目标阈值达成率': '71.841987', '截止当前目标阈值（万）': '2302.83835616438', '本月当前目标阈值（万）': '194.784946236559', '战区已分配金额-新零售': '0', '地产-年度开单金额（万）': '0', '城市站已分配金额-线下': '0', '年度阈值/开单差额（万）': '-386.31172', '月度阈值/开单差额（万）': '-191.178415', '父级已审批金额-燃气定制': '27938909', '线下-年度开单金额（万）': '2274.515094', '行业线已分配金额-新零售': '0', '总金额转换（以万为单位）': '4186', '总额的待分配任务（金额）': '34885146', '客户经理已分配金额-食饮部': '0', '战区已分配金额-燃气定制': '0', '城市站已分配金额-新零售': '0', '新零售-年度开单金额（万）': '0', '行业线已分配金额-燃气定制': '0', '行业线父级已审批金额-线下': '132415179', '事业群下派战区总任务金额': '0', '战区下派片区总任务金额': '0', '截止当天累计目标阈值（万）': '2660.826814', '客户经理已分配金额-楼宇办公': '0', '客户经理已分配金额-工业健康': '0', '城市站已分配金额-燃气定制': '0', '城市站父级已审批金额-线下': '132415179', '燃气定制-年度开单金额（万）': '0', '行业线父级已审批金额-新零售': '20890632', '片区下派客户经理总任务金额': '0', '客户经理父级已审批金额-食饮部': '0', '城市站父级已审批金额-新零售': '20890632', '行业线父级已审批金额-燃气定制': '1063019', '年度开单金额转换（以万为单位）': '2274.515094', '客户经理父级已审批金额-楼宇办公': '0', '客户经理父级已审批金额-工业健康': '0', '城市站父级已审批金额-燃气定制': '1063019'}",2026-08-21 17:02:31.310654,2026-08-21 17:02:31.310654,2026-08-21 17:02:31.310654
63,recvjXpDcKVD7v,"{'2601': '7003181', '2602': '8853588', '2603': '5636702', '2604': '6392045', '公式': '0.0000000326477309826967', '状态': '草稿', '线下': '19391495', '编号': '83', 'SourceID': 'NzY0MTE0MDE0NjAzNzE0ODg2MjpyZWN2Z1ZKZWljNEg3RTpjMThlYWIzOGVlM2RkYWIzNzgxNDEzMDZiZDkyMTAzNjox', '事业群': '消费者事业群', '战区': '凉澜战区', '创建人': '廖望舒', '当前年': '2026', '当前月': '8', '新零售': '8293733', '当前日期': '21', '燃气定制': '200288', '经营主体': '星澜集团总部', '1季度比例': '25%', '2季度比例': '25%', '3季度比例': '25%', '4季度比例': '25%', '任务维护人': '郭闻笛', '地产（万）': '0', '城市战区': '新疆城市站', '线下（万）': '1939', '年度开单金额': '9435293.303904', '总任务承接人': '钟天翊', '总任务达成率': '31.886413', '新零售（万）': '829', '本月开单金额': '57901', '链接字段(勿删)': '消费者事业群;凉澜战区;新疆城市站', '剩余分配百分比': '0', '当前月最后一天': '31', '总任务（金额）': '29590325', '燃气定制（万）': '20', '战区总任务金额': '2020593447', '截止当前目标阈值': '19468931.5068493', '本月当前目标阈值': '1646774.19354838', '本月总目标（万）': '232.3793', '地产-年度开单金额': '0', '线下-年度开单金额': '9435293', '当前月份任务达成率': '31.886413', '本月开单金额（万）': '5.790137', '新零售-年度开单金额': '0', '父级已审批金额-线下': '1418128249', '事业群剩余未分配金额': '-1629349881', '截止当天累计目标阈值': '17724492.361644', '战区已分配金额-线下': '0', '燃气定制-年度开单金额': '0', '父级已审批金额-新零售': '189208188', '行业线已分配金额-线下': '0', '截止当前目标阈值达成率': '31.886413', '截止当前目标阈值（万）': '1946.89315068493', '本月当前目标阈值（万）': '164.677419354838', '战区已分配金额-新零售': '0', '地产-年度开单金额（万）': '0', '城市站已分配金额-线下': '0', '年度阈值/开单差额（万）': '-828.919906', '月度阈值/开单差额（万）': '-144.131993', '父级已审批金额-燃气定制': '22013444', '线下-年度开单金额（万）': '943.52933', '行业线已分配金额-新零售': '0', '总金额转换（以万为单位）': '2789', '总额的待分配任务（金额）': '30204854', '客户经理已分配金额-食饮部': '0', '战区已分配金额-燃气定制': '0', '城市站已分配金额-新零售': '0', '新零售-年度开单金额（万）': '0', '行业线已分配金额-燃气定制': '0', '行业线父级已审批金额-线下': '104331705', '事业群下派战区总任务金额': '0', '战区下派片区总任务金额': '0', '截止当天累计目标阈值（万）': '1772.449236', '客户经理已分配金额-楼宇办公': '0', '客户经理已分配金额-工业健康': '0', '城市站已分配金额-燃气定制': '0', '城市站父级已审批金额-线下': '104331705', '燃气定制-年度开单金额（万）': '0', '行业线父级已审批金额-新零售': '16460011', '片区下派客户经理总任务金额': '0', '客户经理父级已审批金额-食饮部': '0', '城市站父级已审批金额-新零售': '16460011', '行业线父级已审批金额-燃气定制': '837567', '年度开单金额转换（以万为单位）': '943.52933', '客户经理父级已审批金额-楼宇办公': '0', '客户经理父级已审批金额-工业健康': '0', '城市站父级已审批金额-燃气定制': '837567'}",2026-08-21 17:02:31.310654,2026-08-21 17:02:31.310654,2026-08-21 17:02:31.310654
64,recvjXpDcKIgeC,"{'2601': '2370455', '2602': '2092451', '2603': '3256352', '2604': '1964851', '公式': '0.0000000786782061369', '状态': '草稿', '线下': '8076440', '编号': '84', 'SourceID': 'NzY0MTE0MDE0NjAzNzE0ODg2MjpyZWN2Z1ZKb25LSVliODoyZjY3YTBmMDA0ODQyNDY4Y2M1N2QxNzY2MGQ5ODVhNTox', '事业群': '消费者事业群', '战区': '衡澜战区', '创建人': '廖望舒', '当前年': '2026', '当前月': '8', '新零售': '1005745', '当前日期': '21', '燃气定制': '137147', '经营主体': '星澜集团总部', '1季度比例': '25%', '2季度比例': '25%', '3季度比例': '25%', '4季度比例': '25%', '任务维护人': '郭闻笛', '地产（万）': '0', '城市战区': '大同城市站', '线下（万）': '808', '年度开单金额': '4529774.823861', '总任务承接人': '李书瑶', '总任务达成率': '36.848696', '新零售（万）': '101', '本月开单金额': '-9256.210053', '链接字段(勿删)': '消费者事业群;衡澜战区;大同城市站', '剩余分配百分比': '0', '当前月最后一天': '31', '总任务（金额）': '12292904', '燃气定制（万）': '14', '战区总任务金额': '2052974207', '截止当前目标阈值': '8078684.93150685', '本月当前目标阈值': '683333.333333333', '本月总目标（万）': '80.700908', '地产-年度开单金额': '0', '线下-年度开单金额': '4529774.823861', '当前月份任务达成率': '36.848696', '本月开单金额（万）': '-0.925621', '新零售-年度开单金额': '0', '父级已审批金额-线下': '1186855751', '事业群剩余未分配金额': '-1363630741', '截止当天累计目标阈值': '6155378.871233', '战区已分配金额-线下': '0', '燃气定制-年度开单金额': '0', '父级已审批金额-新零售': '158351564', '行业线已分配金额-线下': '0', '截止当前目标阈值达成率': '36.848696', '截止当前目标阈值（万）': '807.868493150685', '本月当前目标阈值（万）': '68.3333333333333', '战区已分配金额-新零售': '0', '地产-年度开单金额（万）': '0', '城市站已分配金额-线下': '0', '年度阈值/开单差额（万）': '-162.560405', '月度阈值/开单差额（万）': '-52.990723', '父级已审批金额-燃气定制': '18423427', '线下-年度开单金额（万）': '452.977482', '行业线已分配金额-新零售': '0', '总金额转换（以万为单位）': '968', '总额的待分配任务（金额）': '12070595', '客户经理已分配金额-食饮部': '0', '战区已分配金额-燃气定制': '0', '城市站已分配金额-新零售': '0', '新零售-年度开单金额（万）': '0', '行业线已分配金额-燃气定制': '0', '行业线父级已审批金额-线下': '132270757', '事业群下派战区总任务金额': '0', '战区下派片区总任务金额': '0', '截止当天累计目标阈值（万）': '615.537887', '客户经理已分配金额-楼宇办公': '0', '客户经理已分配金额-工业健康': '0', '城市站已分配金额-燃气定制': '0', '城市站父级已审批金额-线下': '132270757', '燃气定制-年度开单金额（万）': '0', '行业线父级已审批金额-新零售': '19932045', '片区下派客户经理总任务金额': '0', '客户经理父级已审批金额-食饮部': '0', '城市站父级已审批金额-新零售': '19932045', '行业线父级已审批金额-燃气定制': '1241943', '年度开单金额转换（以万为单位）': '452.977482', '客户经理父级已审批金额-楼宇办公': '0', '客户经理父级已审批金额-工业健康': '0', '城市站父级已审批金额-燃气定制': '1241943'}",2026-08-21 17:02:31.310654,2026-08-21 17:02:31.310654,2026-08-21 17:02:31.310654
65,recvjXpDcKharz,"{'2601': '5285648', '2602': '5992454', '2603': '7421187', '2604': '7247796', '公式': '0.0000000463392029657089', '状态': '草稿', '线下': '22844978', '编号': '85', 'SourceID': 'NzY0MTE0MDE0NjAzNzE0ODg2MjpyZWN2Z1ZKb0NsdGR6aDo1OTA3YWEwMDY5OTJjYmFkMmVhZDJiODYyM2NmOTBhYzox', '事业群': '消费者事业群', '战区': '衡澜战区', '创建人': '廖望舒', '当前年': '2026', '当前月': '8', '新零售': '2945800', '当前日期': '21', '燃气定制': '156308', '经营主体': '星澜集团总部', '1季度比例': '25%', '2季度比例': '25%', '3季度比例': '25%', '4季度比例': '25%', '任务维护人': '郭闻笛', '地产（万）': '0', '城市战区': '太原城市站', '线下（万）': '2284', '年度开单金额': '13744730.915018', '总任务承接人': '钟知远', '总任务达成率': '82.412276', '新零售（万）': '295', '本月开单金额': '-8323.098638', '链接字段(勿删)': '消费者事业群;衡澜战区;太原城市站', '剩余分配百分比': '0', '当前月最后一天': '31', '总任务（金额）': '16678014', '燃气定制（万）': '16', '战区总任务金额': '1976765433', '截止当前目标阈值': '13716602.739726', '本月当前目标阈值': '1160215.05376344', '本月总目标（万）': '216.225708', '地产-年度开单金额': '0', '线下-年度开单金额': '13744730.915018', '当前月份任务达成率': '82.412276', '本月开单金额（万）': '-0.83231', '新零售-年度开单金额': '0', '父级已审批金额-线下': '1872927447', '事业群剩余未分配金额': '-2151888670', '截止当天累计目标阈值': '16492393.753425', '战区已分配金额-线下': '0', '燃气定制-年度开单金额': '0', '父级已审批金额-新零售': '249887983', '行业线已分配金额-线下': '0', '截止当前目标阈值达成率': '82.412276', '截止当前目标阈值（万）': '1371.6602739726', '本月当前目标阈值（万）': '116.021505376344', '战区已分配金额-新零售': '0', '地产-年度开单金额（万）': '0', '城市站已分配金额-线下': '0', '年度阈值/开单差额（万）': '-274.766284', '月度阈值/开单差额（万）': '-140.332767', '父级已审批金额-燃气定制': '29073240', '线下-年度开单金额（万）': '1374.473092', '行业线已分配金额-新零售': '0', '总金额转换（以万为单位）': '2595', '总额的待分配任务（金额）': '22332842', '客户经理已分配金额-食饮部': '0', '战区已分配金额-燃气定制': '0', '城市站已分配金额-新零售': '0', '新零售-年度开单金额（万）': '0', '行业线已分配金额-燃气定制': '0', '行业线父级已审批金额-线下': '208730953', '事业群下派战区总任务金额': '0', '战区下派片区总任务金额': '0', '截止当天累计目标阈值（万）': '1649.239375', '客户经理已分配金额-楼宇办公': '0', '客户经理已分配金额-工业健康': '0', '城市站已分配金额-燃气定制': '0', '城市站父级已审批金额-线下': '208730953', '燃气定制-年度开单金额（万）': '0', '行业线父级已审批金额-新零售': '31453927', '片区下派客户经理总任务金额': '0', '客户经理父级已审批金额-食饮部': '0', '城市站父级已审批金额-新零售': '31453927', '行业线父级已审批金额-燃气定制': '1959859', '年度开单金额转换（以万为单位）': '1374.473092', '客户经理父级已审批金额-楼宇办公': '0', '客户经理父级已审批金额-工业健康': '0', '城市站父级已审批金额-燃气定制': '1959859'}",2026-08-21 17:02:31.310654,2026-08-21 17:02:31.310654,2026-08-21 17:02:31.310654
66,recvjXpDcK6PBr,"{'2601': '8576612', '2602': '6451833', '2603': '7805194', '2604': '8758063', '公式': '0.0000000395413206801107', '状态': '草稿', '线下': '28356332', '编号': '86', 'SourceID': 'NzY0MTE0MDE0NjAzNzE0ODg2MjpyZWN2Z1ZKcDFEUWNOdToyYjMzNjU3ZTY2NTIwN2FmYmIyMDkzODMzMDU0MGNiYTox', '事业群': '消费者事业群', '战区': '衡澜战区', '创建人': '廖望舒', '当前年': '2026', '当前月': '8', '新零售': '2985535', '当前日期': '21', '燃气定制': '249836', '经营主体': '星澜集团总部', '1季度比例': '25%', '2季度比例': '25%', '3季度比例': '25%', '4季度比例': '25%', '任务维护人': '郭闻笛', '地产（万）': '0', '城市战区': '晋城城市站', '线下（万）': '2836', '年度开单金额': '17087566', '总任务承接人': '钟知远', '总任务达成率': '55.176988', '新零售（万）': '299', '本月开单金额': '0', '链接字段(勿删)': '消费者事业群;衡澜战区;晋城城市站', '剩余分配百分比': '0', '当前月最后一天': '31', '总任务（金额）': '30968646', '燃气定制（万）': '25', '战区总任务金额': '1603356151', '截止当前目标阈值': '16074739.7260274', '本月当前目标阈值': '1359677.41935483', '本月总目标（万）': '263.264183', '地产-年度开单金额': '0', '线下-年度开单金额': '17087566', '当前月份任务达成率': '55.176988', '本月开单金额（万）': '0', '新零售-年度开单金额': '0', '父级已审批金额-线下': '1945843978', '事业群剩余未分配金额': '-2235665678', '截止当天累计目标阈值': '20080205.106849', '战区已分配金额-线下': '0', '燃气定制-年度开单金额': '0', '父级已审批金额-新零售': '259616585', '行业线已分配金额-线下': '0', '截止当前目标阈值达成率': '55.176988', '截止当前目标阈值（万）': '1607.47397260273', '本月当前目标阈值（万）': '135.967741935483', '战区已分配金额-新零售': '0', '地产-年度开单金额（万）': '0', '城市站已分配金额-线下': '0', '年度阈值/开单差额（万）': '-299.263949', '月度阈值/开单差额（万）': '-169.84786', '父级已审批金额-燃气定制': '30205115', '线下-年度开单金额（万）': '1708.756562', '行业线已分配金额-新零售': '0', '总金额转换（以万为单位）': '3159', '总额的待分配任务（金额）': '23187711', '客户经理已分配金额-食饮部': '0', '战区已分配金额-燃气定制': '0', '城市站已分配金额-新零售': '0', '新零售-年度开单金额（万）': '0', '行业线已分配金额-燃气定制': '0', '行业线父级已审批金额-线下': '216857235', '事业群下派战区总任务金额': '0', '战区下派片区总任务金额': '0', '截止当天累计目标阈值（万）': '2008.020511', '客户经理已分配金额-楼宇办公': '0', '客户经理已分配金额-工业健康': '0', '城市站已分配金额-燃气定制': '0', '城市站父级已审批金额-线下': '216857235', '燃气定制-年度开单金额（万）': '0', '行业线父级已审批金额-新零售': '32678487', '片区下派客户经理总任务金额': '0', '客户经理父级已审批金额-食饮部': '0', '城市站父级已审批金额-新零售': '32678487', '行业线父级已审批金额-燃气定制': '2036160', '年度开单金额转换（以万为单位）': '1708.756562', '客户经理父级已审批金额-楼宇办公': '0', '客户经理父级已审批金额-工业健康': '0', '城市站父级已审批金额-燃气定制': '2036160'}",2026-08-21 17:02:31.310654,2026-08-21 17:02:31.310654,2026-08-21 17:02:31.310654
67,recvjXpDcKqwFE,"{'2601': '10589725', '2602': '15670585', '2603': '17867171', '2604': '12846870', '公式': '0.000000017969451931716', '状态': '草稿', '线下': '50473235', '编号': '87', 'SourceID': 'NzY0MTE0MDE0NjAzNzE0ODg2MjpyZWN2Z1ZKcGpHSUNabjozYmI4N2JiNmQ2Zjg1YmUxOTA3ZGYxYWIzMjI0OTBjNDox', '事业群': '消费者事业群', '战区': '衡澜战区', '创建人': '廖望舒', '当前年': '2026', '当前月': '8', '新零售': '6214453', '当前日期': '21', '燃气定制': '286663', '经营主体': '星澜集团总部', '1季度比例': '25%', '2季度比例': '25%', '3季度比例': '25%', '4季度比例': '25%', '任务维护人': '郭闻笛', '地产（万）': '0', '城市战区': '郑州城市站', '线下（万）': '5047', '年度开单金额': '44476984.098402', '总任务承接人': '沈天翊', '总任务达成率': '65.701234', '新零售（万）': '621', '本月开单金额': '-7139.464626', '链接字段(勿删)': '消费者事业群;衡澜战区;郑州城市站', '剩余分配百分比': '0', '当前月最后一天': '31', '总任务（金额）': '67695812', '燃气定制（万）': '29', '战区总任务金额': '1279877653', '截止当前目标阈值': '35372054.7945205', '本月当前目标阈值': '2991935.48387096', '本月总目标（万）': '474.786258', '地产-年度开单金额': '0', '线下-年度开单金额': '44476984.098402', '当前月份任务达成率': '65.701234', '本月开单金额（万）': '-0.713946', '新零售-年度开单金额': '0', '父级已审批金额-线下': '1594769929', '事业群剩余未分配金额': '-1832301271', '截止当天累计目标阈值': '36213834.060274', '战区已分配金额-线下': '0', '燃气定制-年度开单金额': '0', '父级已审批金额-新零售': '212775910', '行业线已分配金额-线下': '0', '截止当前目标阈值达成率': '65.701234', '截止当前目标阈值（万）': '3537.20547945205', '本月当前目标阈值（万）': '299.193548387096', '战区已分配金额-新零售': '0', '地产-年度开单金额（万）': '0', '城市站已分配金额-线下': '0', '年度阈值/开单差额（万）': '826.315004', '月度阈值/开单差额（万）': '-307.027662', '父级已审批金额-燃气定制': '24755432', '线下-年度开单金额（万）': '4447.69841', '行业线已分配金额-新零售': '0', '总金额转换（以万为单位）': '5697', '总额的待分配任务（金额）': '60997123', '客户经理已分配金额-食饮部': '0', '战区已分配金额-燃气定制': '0', '城市站已分配金额-新零售': '0', '新零售-年度开单金额（万）': '0', '行业线已分配金额-燃气定制': '0', '行业线父级已审批金额-线下': '177731309', '事业群下派战区总任务金额': '0', '战区下派片区总任务金额': '0', '截止当天累计目标阈值（万）': '3621.383406', '客户经理已分配金额-楼宇办公': '0', '客户经理已分配金额-工业健康': '0', '城市站已分配金额-燃气定制': '0', '城市站父级已审批金额-线下': '177731309', '燃气定制-年度开单金额（万）': '0', '行业线父级已审批金额-新零售': '26782552', '片区下派客户经理总任务金额': '0', '客户经理父级已审批金额-食饮部': '0', '城市站父级已审批金额-新零售': '26782552', '行业线父级已审批金额-燃气定制': '1668791', '年度开单金额转换（以万为单位）': '4447.69841', '客户经理父级已审批金额-楼宇办公': '0', '客户经理父级已审批金额-工业健康': '0', '城市站父级已审批金额-燃气定制': '1668791'}",2026-08-21 17:02:31.310654,2026-08-21 17:02:31.310654,2026-08-21 17:02:31.310654
68,recvjXpDcKmNIt,"{'2601': '3692060', '2602': '7584518', '2603': '3989606', '2604': '5595526', '公式': '0.0000000397140587768069', '状态': '草稿', '线下': '17315716', '编号': '88', 'SourceID': 'NzY0MTE0MDE0NjAzNzE0ODg2MjpyZWN2Z1ZKcEJsSzVzYjo3NzUzYjFlOTRjYzViMGNkNDVmY2E5ODZmYWJjNDQyNzox', '事业群': '消费者事业群', '战区': '衡澜战区', '创建人': '廖望舒', '当前年': '2026', '当前月': '8', '新零售': '3355438', '当前日期': '21', '燃气定制': '190556', '经营主体': '星澜集团总部', '1季度比例': '25%', '2季度比例': '25%', '3季度比例': '25%', '4季度比例': '25%', '任务维护人': '郭闻笛', '地产（万）': '0', '城市战区': '洛阳城市站', '线下（万）': '1732', '年度开单金额': '0', '总任务承接人': '王既明', '总任务达成率': '0.000000', '新零售（万）': '336', '本月开单金额': '0', '链接字段(勿删)': '消费者事业群;衡澜战区;洛阳城市站', '剩余分配百分比': '0', '当前月最后一天': '31', '总任务（金额）': '29537441', '燃气定制（万）': '19', '战区总任务金额': '1658483331', '截止当前目标阈值': '16004821.9178082', '本月当前目标阈值': '1353763.44086021', '本月总目标（万）': '173.847583', '地产-年度开单金额': '0', '线下-年度开单金额': '0', '当前月份任务达成率': '0.000000', '本月开单金额（万）': '0', '新零售-年度开单金额': '0', '父级已审批金额-线下': '1290559399', '事业群剩余未分配金额': '-1482780421', '截止当天累计目标阈值': '13260045.808219', '战区已分配金额-线下': '0', '燃气定制-年度开单金额': '0', '父级已审批金额-新零售': '172187815', '行业线已分配金额-线下': '0', '截止当前目标阈值达成率': '0.000000', '截止当前目标阈值（万）': '1600.48219178082', '本月当前目标阈值（万）': '135.376344086021', '战区已分配金额-新零售': '0', '地产-年度开单金额（万）': '0', '城市站已分配金额-线下': '0', '年度阈值/开单差额（万）': '-1326.004581', '月度阈值/开单差额（万）': '-112.159731', '父级已审批金额-燃气定制': '20033207', '线下-年度开单金额（万）': '0', '行业线已分配金额-新零售': '0', '总金额转换（以万为单位）': '2086', '总额的待分配任务（金额）': '28169199', '客户经理已分配金额-食饮部': '0', '战区已分配金额-燃气定制': '0', '城市站已分配金额-新零售': '0', '新零售-年度开单金额（万）': '0', '行业线已分配金额-燃气定制': '0', '行业线父级已审批金额-线下': '143828152', '事业群下派战区总任务金额': '0', '战区下派片区总任务金额': '0', '截止当天累计目标阈值（万）': '1326.004581', '客户经理已分配金额-楼宇办公': '0', '客户经理已分配金额-工业健康': '0', '城市站已分配金额-燃气定制': '0', '城市站父级已审批金额-线下': '143828152', '燃气定制-年度开单金额（万）': '0', '行业线父级已审批金额-新零售': '21673643', '片区下派客户经理总任务金额': '0', '客户经理父级已审批金额-食饮部': '0', '城市站父级已审批金额-新零售': '21673643', '行业线父级已审批金额-燃气定制': '1350460', '年度开单金额转换（以万为单位）': '0', '客户经理父级已审批金额-楼宇办公': '0', '客户经理父级已审批金额-工业健康': '0', '城市站父级已审批金额-燃气定制': '1350460'}",2026-08-21 17:02:31.310654,2026-08-21 17:02:31.310654,2026-08-21 17:02:31.310654
69,recvjXpDcKMG15,"{'2601': '11176333', '2602': '8553002', '2603': '8485230', '2604': '10157503', '公式': '0.0000000322372662798194', '状态': '草稿', '线下': '30987115', '编号': '89', 'SourceID': 'NzY0MTE0MDE0NjAzNzE0ODg2MjpyZWN2Z1ZKcFFkV1JMaDpmMTVkZjViODNlYTZkMDg0ZTllNzMzMjE3MmNhYTk1Mzox', '事业群': '消费者事业群', '战区': '衡澜战区', '创建人': '廖望舒', '当前年': '2026', '当前月': '8', '新零售': '6865409', '当前日期': '21', '燃气定制': '519544', '经营主体': '星澜集团总部', '1季度比例': '25%', '2季度比例': '25%', '3季度比例': '25%', '4季度比例': '25%', '任务维护人': '郭闻笛', '地产（万）': '0', '城市战区': '新乡城市站', '线下（万）': '3099', '年度开单金额': '16267310', '总任务承接人': '周书瑶', '总任务达成率': '49.304114', '新零售（万）': '687', '本月开单金额': '-11071', '链接字段(勿删)': '消费者事业群;衡澜战区;新乡城市站', '剩余分配百分比': '0', '当前月最后一天': '31', '总任务（金额）': '32993819', '燃气定制（万）': '52', '战区总任务金额': '1424562918', '截止当前目标阈值': '19716821.9178082', '本月当前目标阈值': '1667741.93548387', '本月总目标（万）': '319.767233', '地产-年度开单金额': '0', '线下-年度开单金额': '16267310', '当前月份任务达成率': '49.304114', '本月开单金额（万）': '-1.107124', '新零售-年度开单金额': '0', '父级已审批金额-线下': '1926891371', '事业群剩余未分配金额': '-2213890194', '截止当天累计目标阈值': '24389917.194521', '战区已分配金额-线下': '0', '燃气定制-年度开单金额': '0', '父级已审批金额-新零售': '257087908', '行业线已分配金额-线下': '0', '截止当前目标阈值达成率': '49.304114', '截止当前目标阈值（万）': '1971.68219178082', '本月当前目标阈值（万）': '166.774193548387', '战区已分配金额-新零售': '0', '地产-年度开单金额（万）': '0', '城市站已分配金额-线下': '0', '年度阈值/开单差额（万）': '-812.260717', '月度阈值/开单差额（万）': '-207.408565', '父级已审批金额-燃气定制': '29910916', '线下-年度开单金额（万）': '1626.731003', '行业线已分配金额-新零售': '0', '总金额转换（以万为单位）': '3837', '总额的待分配任务（金额）': '36313120', '客户经理已分配金额-食饮部': '0', '战区已分配金额-燃气定制': '0', '城市站已分配金额-新零售': '0', '新零售-年度开单金额（万）': '0', '行业线已分配金额-燃气定制': '0', '行业线父级已审批金额-线下': '214745036', '事业群下派战区总任务金额': '0', '战区下派片区总任务金额': '0', '截止当天累计目标阈值（万）': '2438.991719', '客户经理已分配金额-楼宇办公': '0', '客户经理已分配金额-工业健康': '0', '城市站已分配金额-燃气定制': '0', '城市站父级已审批金额-线下': '214745036', '燃气定制-年度开单金额（万）': '0', '行业线父级已审批金额-新零售': '32360197', '片区下派客户经理总任务金额': '0', '客户经理父级已审批金额-食饮部': '0', '城市站父级已审批金额-新零售': '32360197', '行业线父级已审批金额-燃气定制': '2016327', '年度开单金额转换（以万为单位）': '1626.731003', '客户经理父级已审批金额-楼宇办公': '0', '客户经理父级已审批金额-工业健康': '0', '城市站父级已审批金额-燃气定制': '2016327'}",2026-08-21 17:02:31.310654,2026-08-21 17:02:31.310654,2026-08-21 17:02:31.310654
70,recvjXpDcKSJlU,"{'2601': '7833203', '2602': '8892167', '2603': '5716931', '2604': '10488221', '公式': '0.0000000327118089630356', '状态': '草稿', '线下': '28061501', '编号': '90', 'SourceID': 'NzY0MTE0MDE0NjAzNzE0ODg2MjpyZWN2Z1ZKcTNueWNBaDo0YmYxMzIxMWNhYjM1ZmUwNTMyMDY4MWNjNjA1NDYyNzox', '事业群': '消费者事业群', '战区': '衡澜战区', '创建人': '廖望舒', '当前年': '2026', '当前月': '8', '新零售': '4664349', '当前日期': '21', '燃气定制': '204671', '经营主体': '星澜集团总部', '1季度比例': '25%', '2季度比例': '25%', '3季度比例': '25%', '4季度比例': '25%', '任务维护人': '郭闻笛', '地产（万）': '0', '城市战区': '驻马店城市站', '线下（万）': '2806', '年度开单金额': '18463245', '总任务达成率': '79.654741', '新零售（万）': '466', '本月开单金额': '-7175', '链接字段(勿删)': '消费者事业群;衡澜战区;驻马店城市站', '剩余分配百分比': '0', '当前月最后一天': '31', '总任务（金额）': '23179091', '燃气定制（万）': '20', '战区总任务金额': '1637285597', '截止当前目标阈值': '19430794.5205479', '本月当前目标阈值': '1643548.38709677', '本月总目标（万）': '274.421017', '地产-年度开单金额': '0', '线下-年度开单金额': '18463245', '当前月份任务达成率': '79.654741', '本月开单金额（万）': '-0.717534', '新零售-年度开单金额': '0', '父级已审批金额-线下': '1677980835', '事业群剩余未分配金额': '-1927905938', '截止当天累计目标阈值': '20931181.106849', '战区已分配金额-线下': '0', '燃气定制-年度开单金额': '0', '父级已审批金额-新零售': '223877998', '行业线已分配金额-线下': '0', '截止当前目标阈值达成率': '79.654741', '截止当前目标阈值（万）': '1943.07945205479', '本月当前目标阈值（万）': '164.354838709677', '战区已分配金额-新零售': '0', '地产-年度开单金额（万）': '0', '城市站已分配金额-线下': '0', '年度阈值/开单差额（万）': '-246.793582', '月度阈值/开单差额（万）': '-177.763351', '父级已审批金额-燃气定制': '26047106', '线下-年度开单金额（万）': '1846.324529', '行业线已分配金额-新零售': '0', '总金额转换（以万为单位）': '3293', '总额的待分配任务（金额）': '37606468', '客户经理已分配金额-食饮部': '0', '战区已分配金额-燃气定制': '0', '城市站已分配金额-新零售': '0', '新零售-年度开单金额（万）': '0', '行业线已分配金额-燃气定制': '0', '行业线父级已审批金额-线下': '187004862', '事业群下派战区总任务金额': '0', '战区下派片区总任务金额': '0', '截止当天累计目标阈值（万）': '2093.118111', '客户经理已分配金额-楼宇办公': '0', '客户经理已分配金额-工业健康': '0', '城市站已分配金额-燃气定制': '0', '城市站父级已审批金额-线下': '187004862', '燃气定制-年度开单金额（万）': '0', '行业线父级已审批金额-新零售': '28179995', '片区下派客户经理总任务金额': '0', '客户经理父级已审批金额-食饮部': '0', '城市站父级已审批金额-新零售': '28179995', '行业线父级已审批金额-燃气定制': '1755864', '年度开单金额转换（以万为单位）': '1846.324529', '客户经理父级已审批金额-楼宇办公': '0', '客户经理父级已审批金额-工业健康': '0', '城市站父级已审批金额-燃气定制': '1755864'}",2026-08-21 17:02:31.310654,2026-08-21 17:02:31.310654,2026-08-21 17:02:31.310654
71,recvjXpDcK2cRb,"{'2601': '6175038', '2602': '9521263', '2603': '8134265', '2604': '4725886', '公式': '0.0000000365363536719035', '状态': '草稿', '线下': '25040367', '编号': '91', 'SourceID': 'NzY0MTE0MDE0NjAzNzE0ODg2MjpyZWN2Z1ZKRWlVd2diajoxMjUwN2U1ZjI4MzgzMTlkYmY2YTA4N2EzYmVlYWFmZjox', '事业群': '消费者事业群', '战区': '浔澜战区', '创建人': '廖望舒', '当前年': '2026', '当前月': '8', '新零售': '3255248', '当前日期': '21', '燃气定制': '260837', '经营主体': '星澜集团总部', '1季度比例': '25%', '2季度比例': '25%', '3季度比例': '25%', '4季度比例': '25%', '任务维护人': '郭闻笛', '地产（万）': '0', '城市战区': '桂南城市站', '线下（万）': '2504', '年度开单金额': '15366855', '总任务承接人': '邓星野', '总任务达成率': '63.186476', '新零售（万）': '326', '本月开单金额': '0', '链接字段(勿删)': '消费者事业群;浔澜战区;桂南城市站', '剩余分配百分比': '0', '当前月最后一天': '31', '总任务（金额）': '24319848', '燃气定制（万）': '26', '战区总任务金额': '1274009160', '截止当前目标阈值': '17396821.9178082', '本月当前目标阈值': '1471505.37634408', '本月总目标（万）': '237.970433', '地产-年度开单金额': '0', '线下-年度开单金额': '15366855', '当前月份任务达成率': '63.186476', '本月开单金额（万）': '0', '新零售-年度开单金额': '0', '父级已审批金额-线下': '1625224161', '事业群剩余未分配金额': '-1867291476', '截止当天累计目标阈值': '18150950.312329', '战区已分配金额-线下': '0', '燃气定制-年度开单金额': '0', '父级已审批金额-新零售': '216839146', '行业线已分配金额-线下': '0', '截止当前目标阈值达成率': '63.186476', '截止当前目标阈值（万）': '1739.68219178082', '本月当前目标阈值（万）': '147.150537634408', '战区已分配金额-新零售': '0', '地产-年度开单金额（万）': '0', '城市站已分配金额-线下': '0', '年度阈值/开单差额（万）': '-278.40954', '月度阈值/开单差额（万）': '-153.529312', '父级已审批金额-燃气定制': '25228170', '线下-年度开单金额（万）': '1536.685492', '行业线已分配金额-新零售': '0', '总金额转换（以万为单位）': '2856', '总额的待分配任务（金额）': '27562907', '客户经理已分配金额-食饮部': '0', '战区已分配金额-燃气定制': '0', '城市站已分配金额-新零售': '0', '新零售-年度开单金额（万）': '0', '行业线已分配金额-燃气定制': '0', '行业线父级已审批金额-线下': '172569863', '事业群下派战区总任务金额': '0', '战区下派片区总任务金额': '0', '截止当天累计目标阈值（万）': '1815.095031', '客户经理已分配金额-楼宇办公': '0', '客户经理已分配金额-工业健康': '0', '城市站已分配金额-燃气定制': '0', '城市站父级已审批金额-线下': '172569863', '燃气定制-年度开单金额（万）': '0', '行业线父级已审批金额-新零售': '28712954', '片区下派客户经理总任务金额': '0', '客户经理父级已审批金额-食饮部': '0', '城市站父级已审批金额-新零售': '28712954', '行业线父级已审批金额-燃气定制': '4622034', '年度开单金额转换（以万为单位）': '1536.685492', '客户经理父级已审批金额-楼宇办公': '0', '客户经理父级已审批金额-工业健康': '0', '城市站父级已审批金额-燃气定制': '4622034'}",2026-08-21 17:02:31.310654,2026-08-21 17:02:31.310654,2026-08-21 17:02:31.310654
72,recvjXpDcK0ROd,"{'2601': '3220330', '2602': '4608423', '2603': '5950923', '2604': '5196448', '公式': '0.0000000582072176949941', '状态': '草稿', '线下': '14359116', '编号': '92', 'SourceID': 'NzY0MTE0MDE0NjAzNzE0ODg2MjpyZWN2Z1ZKRXdxcEZoNjoxY2FiZGRlZjEwZDc2NGM1NDA1NmJjMmI1YWYzNWQ0Njox', '事业群': '消费者事业群', '战区': '浔澜战区', '创建人': '廖望舒', '当前年': '2026', '当前月': '8', '新零售': '4329826', '当前日期': '21', '燃气定制': '287182', '经营主体': '星澜集团总部', '1季度比例': '25%', '2季度比例': '25%', '3季度比例': '25%', '4季度比例': '25%', '任务维护人': '郭闻笛', '地产（万）': '0', '城市战区': '桂东城市站', '线下（万）': '1436', '年度开单金额': '7375078', '总任务承接人': '傅观澜', '总任务达成率': '53.499257', '新零售（万）': '433', '本月开单金额': '0', '链接字段(勿删)': '消费者事业群;浔澜战区;桂东城市站', '剩余分配百分比': '0', '当前月最后一天': '31', '总任务（金额）': '13785384', '燃气定制（万）': '29', '战区总任务金额': '1456983976', '截止当前目标阈值': '10919890.4109589', '本月当前目标阈值': '923655.913978494', '本月总目标（万）': '158.134367', '地产-年度开单金额': '0', '线下-年度开单金额': '7375078', '当前月份任务达成率': '53.499257', '本月开单金额（万）': '0', '新零售-年度开单金额': '0', '父级已审批金额-线下': '1720553455', '事业群剩余未分配金额': '-1976819493', '截止当天累计目标阈值': '12061536.350685', '战区已分配金额-线下': '0', '燃气定制-年度开单金额': '0', '父级已审批金额-新零售': '229558082', '行业线已分配金额-线下': '0', '截止当前目标阈值达成率': '53.499257', '截止当前目标阈值（万）': '1091.98904109589', '本月当前目标阈值（万）': '92.3655913978494', '战区已分配金额-新零售': '0', '地产-年度开单金额（万）': '0', '城市站已分配金额-线下': '0', '年度阈值/开单差额（万）': '-468.645803', '月度阈值/开单差额（万）': '-102.022172', '父级已审批金额-燃气定制': '26707956', '线下-年度开单金额（万）': '737.507832', '行业线已分配金额-新零售': '0', '总金额转换（以万为单位）': '1898', '总额的待分配任务（金额）': '20615350', '客户经理已分配金额-食饮部': '0', '战区已分配金额-燃气定制': '0', '城市站已分配金额-新零售': '0', '新零售-年度开单金额（万）': '0', '行业线已分配金额-燃气定制': '0', '行业线父级已审批金额-线下': '182692137', '事业群下派战区总任务金额': '0', '战区下派片区总任务金额': '0', '截止当天累计目标阈值（万）': '1206.153635', '客户经理已分配金额-楼宇办公': '0', '客户经理已分配金额-工业健康': '0', '城市站已分配金额-燃气定制': '0', '城市站父级已审批金额-线下': '182692137', '燃气定制-年度开单金额（万）': '0', '行业线父级已审批金额-新零售': '30397144', '片区下派客户经理总任务金额': '0', '客户经理父级已审批金额-食饮部': '0', '城市站父级已审批金额-新零售': '30397144', '行业线父级已审批金额-燃气定制': '4893145', '年度开单金额转换（以万为单位）': '737.507832', '客户经理父级已审批金额-楼宇办公': '0', '客户经理父级已审批金额-工业健康': '0', '城市站父级已审批金额-燃气定制': '4893145'}",2026-08-21 17:02:31.310654,2026-08-21 17:02:31.310654,2026-08-21 17:02:31.310654
73,recvjXpDcKxDtQ,"{'2601': '8742740', '2602': '12753989', '2603': '13841217', '2604': '8846443', '公式': '0.000000020242914979757', '状态': '草稿', '线下': '37565675', '编号': '93', 'SourceID': 'NzY0MTE0MDE0NjAzNzE0ODg2MjpyZWN2Z1ZKRUo0Y3VmUDowY2UzZDAyNTU1NzIxZTU5NzIwMjQwMTg2YTc3N2Q0Nzox', '事业群': '消费者事业群', '战区': '浔澜战区', '创建人': '廖望舒', '当前年': '2026', '当前月': '8', '新零售': '5125031', '当前日期': '21', '燃气定制': '1493683', '经营主体': '星澜集团总部', '1季度比例': '25%', '2季度比例': '25%', '3季度比例': '25%', '4季度比例': '25%', '任务维护人': '郭闻笛', '地产（万）': '0', '城市战区': '广州城市站', '线下（万）': '3757', '年度开单金额': '21315457.090742', '总任务承接人': '邹知远', '总任务达成率': '39.224267', '新零售（万）': '513', '本月开单金额': '312641', '链接字段(勿删)': '消费者事业群;浔澜战区;广州城市站', '剩余分配百分比': '0', '当前月最后一天': '31', '总任务（金额）': '54342525', '燃气定制（万）': '149', '战区总任务金额': '1793517912', '截止当前目标阈值': '31399452.0547945', '本月当前目标阈值': '2655913.97849462', '本月总目标（万）': '368.203242', '地产-年度开单金额': '0', '线下-年度开单金额': '21315457', '当前月份任务达成率': '39.224267', '本月开单金额（万）': '31.264122', '新零售-年度开单金额': '0', '父级已审批金额-线下': '1393239327', '事业群剩余未分配金额': '-1600753904', '截止当天累计目标阈值': '28084323.967123', '战区已分配金额-线下': '0', '燃气定制-年度开单金额': '0', '父级已审批金额-新零售': '185887481', '行业线已分配金额-线下': '0', '截止当前目标阈值达成率': '39.224267', '截止当前目标阈值（万）': '3139.94520547945', '本月当前目标阈值（万）': '265.591397849462', '战区已分配金额-新零售': '0', '地产-年度开单金额（万）': '0', '城市站已分配金额-线下': '0', '年度阈值/开单差额（万）': '-676.886688', '月度阈值/开单差额（万）': '-206.286356', '父级已审批金额-燃气定制': '21627096', '线下-年度开单金额（万）': '2131.545709', '行业线已分配金额-新零售': '0', '总金额转换（以万为单位）': '4418', '总额的待分配任务（金额）': '51374289', '客户经理已分配金额-食饮部': '0', '战区已分配金额-燃气定制': '0', '城市站已分配金额-新零售': '0', '新零售-年度开单金额（万）': '0', '行业线已分配金额-燃气定制': '0', '行业线父级已审批金额-线下': '147937205', '事业群下派战区总任务金额': '0', '战区下派片区总任务金额': '0', '截止当天累计目标阈值（万）': '2808.432397', '客户经理已分配金额-楼宇办公': '0', '客户经理已分配金额-工业健康': '0', '城市站已分配金额-燃气定制': '0', '城市站父级已审批金额-线下': '147937205', '燃气定制-年度开单金额（万）': '0', '行业线父级已审批金额-新零售': '24614461', '片区下派客户经理总任务金额': '0', '客户经理父级已审批金额-食饮部': '0', '城市站父级已审批金额-新零售': '24614461', '行业线父级已审批金额-燃气定制': '3962284', '年度开单金额转换（以万为单位）': '2131.545709', '客户经理父级已审批金额-楼宇办公': '0', '客户经理父级已审批金额-工业健康': '0', '城市站父级已审批金额-燃气定制': '3962284'}",2026-08-21 17:02:31.310654,2026-08-21 17:02:31.310654,2026-08-21 17:02:31.310654
74,recvjXpDcKtTFY,"{'2601': '5443846', '2602': '7404074', '2603': '11466653', '2604': '9306863', '公式': '0.0000000264480296217931', '状态': '草稿', '线下': '28099375', '编号': '94', 'SourceID': 'NzY0MTE0MDE0NjAzNzE0ODg2MjpyZWN2Z1ZKRVZBZVh3dDozMDYyNGJhOGNiN2M5NTdlMDM3MzJlZDZlY2ViZmU4Nzox', '事业群': '消费者事业群', '战区': '浔澜战区', '创建人': '廖望舒', '当前年': '2026', '当前月': '8', '新零售': '4223798', '当前日期': '21', '燃气定制': '1298262', '经营主体': '星澜集团总部', '1季度比例': '25%', '2季度比例': '25%', '3季度比例': '25%', '4季度比例': '25%', '任务维护人': '郭闻笛', '地产（万）': '0', '城市战区': '深圳城市站', '线下（万）': '2810', '年度开单金额': '15409852.102769', '总任务承接人': '朱天翊', '总任务达成率': '57.728114', '新零售（万）': '422', '本月开单金额': '399847', '链接字段(勿删)': '消费者事业群;浔澜战区;深圳城市站', '剩余分配百分比': '0', '当前月最后一天': '31', '总任务（金额）': '26693843', '燃气定制（万）': '130', '战区总任务金额': '1795854976', '截止当前目标阈值': '24032657.5342465', '本月当前目标阈值': '2032795.69892473', '本月总目标（万）': '280.178633', '地产-年度开单金额': '0', '线下-年度开单金额': '15409852', '当前月份任务达成率': '57.728114', '本月开单金额（万）': '39.9847', '新零售-年度开单金额': '0', '父级已审批金额-线下': '1385139139', '事业群剩余未分配金额': '-1591447242', '截止当天累计目标阈值': '21370337.40274', '战区已分配金额-线下': '0', '燃气定制-年度开单金额': '0', '父级已审批金额-新零售': '184806745', '行业线已分配金额-线下': '0', '截止当前目标阈值达成率': '57.728114', '截止当前目标阈值（万）': '2403.26575342465', '本月当前目标阈值（万）': '203.279569892473', '战区已分配金额-新零售': '0', '地产-年度开单金额（万）': '0', '城市站已分配金额-线下': '0', '年度阈值/开单差额（万）': '-596.04853', '月度阈值/开单差额（万）': '-140.775709', '父级已审批金额-燃气定制': '21501357', '线下-年度开单金额（万）': '1540.98521', '行业线已分配金额-新零售': '0', '总金额转换（以万为单位）': '3362', '总额的待分配任务（金额）': '28687781', '客户经理已分配金额-食饮部': '0', '战区已分配金额-燃气定制': '0', '城市站已分配金额-新零售': '0', '新零售-年度开单金额（万）': '0', '行业线已分配金额-燃气定制': '0', '行业线父级已审批金额-线下': '147077110', '事业群下派战区总任务金额': '0', '战区下派片区总任务金额': '0', '截止当天累计目标阈值（万）': '2137.03374', '客户经理已分配金额-楼宇办公': '0', '客户经理已分配金额-工业健康': '0', '城市站已分配金额-燃气定制': '0', '城市站父级已审批金额-线下': '147077110', '燃气定制-年度开单金额（万）': '0', '行业线父级已审批金额-新零售': '24471355', '片区下派客户经理总任务金额': '0', '客户经理父级已审批金额-食饮部': '0', '城市站父级已审批金额-新零售': '24471355', '行业线父级已审批金额-燃气定制': '3939248', '年度开单金额转换（以万为单位）': '1540.98521', '客户经理父级已审批金额-楼宇办公': '0', '客户经理父级已审批金额-工业健康': '0', '城市站父级已审批金额-燃气定制': '3939248'}",2026-08-21 17:02:31.310654,2026-08-21 17:02:31.310654,2026-08-21 17:02:31.310654
75,recvjXpDcKM7bS,"{'2601': '8017420', '2602': '6905972', '2603': '7025194', '2604': '9116706', '公式': '0.0000000367107195301027', '状态': '草稿', '线下': '23720928', '编号': '95', 'SourceID': 'NzY0MTE0MDE0NjAzNzE0ODg2MjpyZWN2Z1ZKRjkwSWtKQzoyZTAyNDZmMTNjNzE2NzcyMWVjN2ZlZTA0Yjg5MDFjNjox', '事业群': '消费者事业群', '战区': '浔澜战区', '创建人': '廖望舒', '当前年': '2026', '当前月': '8', '新零售': '6660107', '当前日期': '21', '燃气定制': '684258', '经营主体': '星澜集团总部', '1季度比例': '25%', '2季度比例': '25%', '3季度比例': '25%', '4季度比例': '25%', '任务维护人': '郭闻笛', '地产（万）': '0', '城市战区': '东莞城市站', '线下（万）': '2372', '年度开单金额': '16192332', '总任务承接人': '姜自蹊', '总任务达成率': '62.490463', '新零售（万）': '666', '本月开单金额': '6049', '链接字段(勿删)': '消费者事业群;浔澜战区;东莞城市站', '剩余分配百分比': '0', '当前月最后一天': '31', '总任务（金额）': '25911685', '燃气定制（万）': '68', '战区总任务金额': '1257873114', '截止当前目标阈值': '17314191.7808219', '本月当前目标阈值': '1464516.12903225', '本月总目标（万）': '259', '地产-年度开单金额': '0', '线下-年度开单金额': '16192332', '当前月份任务达成率': '62.490463', '本月开单金额（万）': '0.604884', '新零售-年度开单金额': '0', '父级已审批金额-线下': '1776446599', '事业群剩余未分配金额': '-2041037582', '截止当天累计目标阈值': '19745610.257534', '战区已分配金额-线下': '0', '燃气定制-年度开单金额': '0', '父级已审批金额-新零售': '237015405', '行业线已分配金额-线下': '0', '截止当前目标阈值达成率': '62.490463', '截止当前目标阈值（万）': '1731.41917808219', '本月当前目标阈值（万）': '146.451612903225', '战区已分配金额-新零售': '0', '地产-年度开单金额（万）': '0', '城市站已分配金额-线下': '0', '年度阈值/开单差额（万）': '-355.327841', '月度阈值/开单差额（万）': '-166.412815', '父级已审批金额-燃气定制': '27575579', '线下-年度开单金额（万）': '1619.233185', '行业线已分配金额-新零售': '0', '总金额转换（以万为单位）': '3107', '总额的待分配任务（金额）': '20184561', '客户经理已分配金额-食饮部': '0', '战区已分配金额-燃气定制': '0', '城市站已分配金额-新零售': '0', '新零售-年度开单金额（万）': '0', '行业线已分配金额-燃气定制': '0', '行业线父级已审批金额-线下': '188626993', '事业群下派战区总任务金额': '0', '战区下派片区总任务金额': '0', '截止当天累计目标阈值（万）': '1974.561026', '客户经理已分配金额-楼宇办公': '0', '客户经理已分配金额-工业健康': '0', '城市站已分配金额-燃气定制': '0', '城市站父级已审批金额-线下': '188626993', '燃气定制-年度开单金额（万）': '0', '行业线父级已审批金额-新零售': '31384612', '片区下派客户经理总任务金额': '0', '客户经理父级已审批金额-食饮部': '0', '城市站父级已审批金额-新零售': '31384612', '行业线父级已审批金额-燃气定制': '5052101', '年度开单金额转换（以万为单位）': '1619.233185', '客户经理父级已审批金额-楼宇办公': '0', '客户经理父级已审批金额-工业健康': '0', '城市站父级已审批金额-燃气定制': '5052101'}",2026-08-21 17:02:31.310654,2026-08-21 17:02:31.310654,2026-08-21 17:02:31.310654
76,recvjXpDcKklW3,"{'2601': '7817343', '2602': '7832430', '2603': '9419858', '2604': '11500958', '公式': '0.0000000260756192959582', '状态': '草稿', '线下': '32422426', '编号': '96', 'SourceID': 'NzY0MTE0MDE0NjAzNzE0ODg2MjpyZWN2Z1ZKRmxoYUhkcTphMmU3NWJmN2ZlNzQ1ODY1YTQ3ODRiYTYxZTc4MWFlMzox', '事业群': '消费者事业群', '战区': '浔澜战区', '创建人': '廖望舒', '当前年': '2026', '当前月': '8', '新零售': '3966979', '当前日期': '21', '燃气定制': '181184', '经营主体': '星澜集团总部', '1季度比例': '25%', '2季度比例': '25%', '3季度比例': '25%', '4季度比例': '25%', '任务维护人': '郭闻笛', '地产（万）': '0', '城市战区': '粤西城市站', '线下（万）': '3242', '年度开单金额': '15364433', '总任务承接人': '黄景行', '总任务达成率': '51.054199', '新零售（万）': '397', '本月开单金额': '0', '链接字段(勿删)': '消费者事业群;浔澜战区;粤西城市站', '剩余分配百分比': '0', '当前月最后一天': '31', '总任务（金额）': '30094357', '燃气定制（万）': '18', '战区总任务金额': '2078161186', '截止当前目标阈值': '24375890.4109589', '本月当前目标阈值': '2061827.95698924', '本月总目标（万）': '304.754908', '地产-年度开单金额': '0', '线下-年度开单金额': '15364433', '当前月份任务达成率': '51.054199', '本月开单金额（万）': '0', '新零售-年度开单金额': '0', '父级已审批金额-线下': '1485423898', '事业群剩余未分配金额': '-1706668809', '截止当天累计目标阈值': '23244867.528767', '战区已分配金额-线下': '0', '燃气定制-年度开单金额': '0', '父级已审批金额-新零售': '198186845', '行业线已分配金额-线下': '0', '截止当前目标阈值达成率': '51.054199', '截止当前目标阈值（万）': '2437.58904109589', '本月当前目标阈值（万）': '206.182795698924', '战区已分配金额-新零售': '0', '地产-年度开单金额（万）': '0', '城市站已分配金额-线下': '0', '年度阈值/开单差额（万）': '-788.043498', '月度阈值/开单差额（万）': '-196.61607', '父级已审批金额-燃气定制': '23058066', '线下-年度开单金额（万）': '1536.443255', '行业线已分配金额-新零售': '0', '总金额转换（以万为单位）': '3657', '总额的待分配任务（金额）': '34251032', '客户经理已分配金额-食饮部': '0', '战区已分配金额-燃气定制': '0', '城市站已分配金额-新零售': '0', '新零售-年度开单金额（万）': '0', '行业线已分配金额-燃气定制': '0', '行业线父级已审批金额-线下': '157725565', '事业群下派战区总任务金额': '0', '战区下派片区总任务金额': '0', '截止当天累计目标阈值（万）': '2324.486753', '客户经理已分配金额-楼宇办公': '0', '客户经理已分配金额-工业健康': '0', '城市站已分配金额-燃气定制': '0', '城市站父级已审批金额-线下': '157725565', '燃气定制-年度开单金额（万）': '0', '行业线父级已审批金额-新零售': '26243093', '片区下派客户经理总任务金额': '0', '客户经理父级已审批金额-食饮部': '0', '城市站父级已审批金额-新零售': '26243093', '行业线父级已审批金额-燃气定制': '4224451', '年度开单金额转换（以万为单位）': '1536.443255', '客户经理父级已审批金额-楼宇办公': '0', '客户经理父级已审批金额-工业健康': '0', '城市站父级已审批金额-燃气定制': '4224451'}",2026-08-21 17:02:31.310654,2026-08-21 17:02:31.310654,2026-08-21 17:02:31.310654
77,recvjXpDcK81Dr,"{'2601': '13401409', '2602': '13203175', '2603': '8892443', '2604': '7136006', '公式': '0.0000000262123197903014', '状态': '草稿', '线下': '37436608', '编号': '97', 'SourceID': 'NzY0MTE0MDE0NjAzNzE0ODg2MjpyZWN2Z1ZKWmU4N0xvcDphZTliOGZkMTQ5OTc4NWIyOGRjNTM0Y2IzOTUyMWQ2YTox', '事业群': '消费者事业群', '战区': '苍澜战区', '创建人': '廖望舒', '当前年': '2026', '当前月': '8', '新零售': '4693545', '当前日期': '21', '燃气定制': '502880', '经营主体': '星澜集团总部', '1季度比例': '25%', '2季度比例': '25%', '3季度比例': '25%', '4季度比例': '25%', '任务维护人': '郭闻笛', '地产（万）': '0', '城市战区': '雾川城市站', '线下（万）': '3744', '年度开单金额': '22327703', '总任务承接人': '薛静姝', '总任务达成率': '67.364147', '新零售（万）': '469', '本月开单金额': '-2816', '链接字段(勿删)': '消费者事业群;苍澜战区;雾川城市站', '剩余分配百分比': '0', '当前月最后一天': '31', '总任务（金额）': '33144787', '燃气定制（万）': '50', '战区总任务金额': '2152492123', '截止当前目标阈值': '24248767.1232876', '本月当前目标阈值': '2051075.2688172', '本月总目标（万）': '355.275275', '地产-年度开单金额': '0', '线下-年度开单金额': '22327703', '当前月份任务达成率': '67.364147', '本月开单金额（万）': '-0.281613', '新零售-年度开单金额': '0', '父级已审批金额-线下': '1740746409', '事业群剩余未分配金额': '-2000020065', '截止当天累计目标阈值': '27098256.591781', '战区已分配金额-线下': '0', '燃气定制-年度开单金额': '0', '父级已审批金额-新零售': '232252248', '行业线已分配金额-线下': '0', '截止当前目标阈值达成率': '67.364147', '截止当前目标阈值（万）': '2424.87671232876', '本月当前目标阈值（万）': '205.10752688172', '战区已分配金额-新零售': '0', '地产-年度开单金额（万）': '0', '城市站已分配金额-线下': '0', '年度阈值/开单差额（万）': '-477.055383', '月度阈值/开单差额（万）': '-229.491468', '父级已审批金额-燃气定制': '27021409', '线下-年度开单金额（万）': '2232.770276', '行业线已分配金额-新零售': '0', '总金额转换（以万为单位）': '4263', '总额的待分配任务（金额）': '27600287', '客户经理已分配金额-食饮部': '0', '战区已分配金额-燃气定制': '0', '城市站已分配金额-新零售': '0', '新零售-年度开单金额（万）': '0', '行业线已分配金额-燃气定制': '0', '行业线父级已审批金额-线下': '125272949', '事业群下派战区总任务金额': '0', '战区下派片区总任务金额': '0', '截止当天累计目标阈值（万）': '2709.825659', '客户经理已分配金额-楼宇办公': '0', '客户经理已分配金额-工业健康': '0', '城市站已分配金额-燃气定制': '0', '城市站父级已审批金额-线下': '125272949', '燃气定制-年度开单金额（万）': '0', '行业线父级已审批金额-新零售': '16047454', '片区下派客户经理总任务金额': '0', '客户经理父级已审批金额-食饮部': '0', '城市站父级已审批金额-新零售': '16047454', '行业线父级已审批金额-燃气定制': '972234', '年度开单金额转换（以万为单位）': '2232.770276', '客户经理父级已审批金额-楼宇办公': '0', '客户经理父级已审批金额-工业健康': '0', '城市站父级已审批金额-燃气定制': '972234'}",2026-08-21 17:02:31.310654,2026-08-21 17:02:31.310654,2026-08-21 17:02:31.310654
78,recvjXpDcKUzb2,"{'2601': '3557581', '2602': '2091429', '2603': '4668242', '2604': '4883379', '公式': '0.0000000676132521974307', '状态': '草稿', '线下': '12333169', '编号': '98', 'SourceID': 'NzY0MTE0MDE0NjAzNzE0ODg2MjpyZWN2Z1ZLMGREaEFsdzo2Yjc1YmIwYjU1ZGY0N2VkMDQ4NTZiMWRkMWE5OGY2ZTox', '事业群': '消费者事业群', '战区': '苍澜战区', '创建人': '廖望舒', '当前年': '2026', '当前月': '8', '新零售': '2774963', '当前日期': '21', '燃气定制': '92499', '经营主体': '星澜集团总部', '1季度比例': '25%', '2季度比例': '25%', '3季度比例': '25%', '4季度比例': '25%', '任务维护人': '郭闻笛', '地产（万）': '0', '城市战区': '万州城市站', '线下（万）': '1233', '年度开单金额': '5484166', '总任务达成率': '42.036292', '新零售（万）': '277', '本月开单金额': '0', '链接字段(勿删)': '消费者事业群;苍澜战区;万州城市站', '剩余分配百分比': '0', '当前月最后一天': '31', '总任务（金额）': '13046265', '燃气定制（万）': '9', '战区总任务金额': '1671112311', '截止当前目标阈值': '9400767.12328767', '本月当前目标阈值': '795161.29032258', '本月总目标（万）': '126.671925', '地产-年度开单金额': '0', '线下-年度开单金额': '5484166', '当前月份任务达成率': '42.036292', '本月开单金额（万）': '0', '新零售-年度开单金额': '0', '父级已审批金额-线下': '1600948134', '事业群剩余未分配金额': '-1839399683', '截止当天累计目标阈值': '9661770.936986', '战区已分配金额-线下': '0', '燃气定制-年度开单金额': '0', '父级已审批金额-新零售': '213600212', '行业线已分配金额-线下': '0', '截止当前目标阈值达成率': '42.036292', '截止当前目标阈值（万）': '940.076712328767', '本月当前目标阈值（万）': '79.516129032258', '战区已分配金额-新零售': '0', '地产-年度开单金额（万）': '0', '城市站已分配金额-线下': '0', '年度阈值/开单差额（万）': '-417.760527', '月度阈值/开单差额（万）': '-81.723823', '父级已审批金额-燃气定制': '24851336', '线下-年度开单金额（万）': '548.416567', '行业线已分配金额-新零售': '0', '总金额转换（以万为单位）': '1520', '总额的待分配任务（金额）': '17481909', '客户经理已分配金额-食饮部': '0', '战区已分配金额-燃气定制': '0', '城市站已分配金额-新零售': '0', '新零售-年度开单金额（万）': '0', '行业线已分配金额-燃气定制': '0', '行业线父级已审批金额-线下': '115212355', '事业群下派战区总任务金额': '0', '战区下派片区总任务金额': '0', '截止当天累计目标阈值（万）': '966.177094', '客户经理已分配金额-楼宇办公': '0', '客户经理已分配金额-工业健康': '0', '城市站已分配金额-燃气定制': '0', '城市站父级已审批金额-线下': '115212355', '燃气定制-年度开单金额（万）': '0', '行业线父级已审批金额-新零售': '14758692', '片区下派客户经理总任务金额': '0', '客户经理父级已审批金额-食饮部': '0', '城市站父级已审批金额-新零售': '14758692', '行业线父级已审批金额-燃气定制': '894155', '年度开单金额转换（以万为单位）': '548.416567', '客户经理父级已审批金额-楼宇办公': '0', '客户经理父级已审批金额-工业健康': '0', '城市站父级已审批金额-燃气定制': '894155'}",2026-08-21 17:02:31.310654,2026-08-21 17:02:31.310654,2026-08-21 17:02:31.310654
79,recvjXpDcKH0xg,"{'2601': '5152672', '2602': '3650971', '2603': '4342432', '2604': '3586736', '公式': '0.0000000575043128234617', '状态': '草稿', '线下': '12508714', '编号': '99', 'SourceID': 'NzY0MTE0MDE0NjAzNzE0ODg2MjpyZWN2Z1ZLMHNselBhSTphNjQwZTViZWM1ZWM2MzI5Y2NiMDZjMWY3OWFkNjczMTox', '事业群': '消费者事业群', '战区': '苍澜战区', '创建人': '廖望舒', '当前年': '2026', '当前月': '8', '新零售': '4195230', '当前日期': '21', '燃气定制': '28866', '经营主体': '星澜集团总部', '1季度比例': '25%', '2季度比例': '25%', '3季度比例': '25%', '4季度比例': '25%', '任务维护人': '郭闻笛', '地产（万）': '0', '城市战区': '大理城市站', '线下（万）': '1251', '年度开单金额': '6957205.010177', '总任务承接人': '杨行之', '总任务达成率': '35.216226', '新零售（万）': '420', '本月开单金额': '-11204.44035', '链接字段(勿删)': '消费者事业群;苍澜战区;大理城市站', '剩余分配百分比': '0', '当前月最后一天': '31', '总任务（金额）': '19755680', '燃气定制（万）': '3', '战区总任务金额': '1625844835', '截止当前目标阈值': '11053369.8630137', '本月当前目标阈值': '934946.236559139', '本月总目标（万）': '139.440092', '地产-年度开单金额': '0', '线下-年度开单金额': '6957205.010177', '当前月份任务达成率': '35.216226', '本月开单金额（万）': '-1.120444', '新零售-年度开单金额': '0', '父级已审批金额-线下': '1498832645', '事业群剩余未分配金额': '-1722074708', '截止当天累计目标阈值': '10635649.731507', '战区已分配金额-线下': '0', '燃气定制-年度开单金额': '0', '父级已审批金额-新零售': '199975855', '行业线已分配金额-线下': '0', '截止当前目标阈值达成率': '35.216226', '截止当前目标阈值（万）': '1105.33698630137', '本月当前目标阈值（万）': '93.4946236559139', '战区已分配金额-新零售': '0', '地产-年度开单金额（万）': '0', '城市站已分配金额-线下': '0', '年度阈值/开单差额（万）': '-367.844472', '月度阈值/开单差额（万）': '-91.081793', '父级已审批金额-燃气定制': '23266209', '线下-年度开单金额（万）': '695.720501', '行业线已分配金额-新零售': '0', '总金额转换（以万为单位）': '1673', '总额的待分配任务（金额）': '18283066', '客户经理已分配金额-食饮部': '0', '战区已分配金额-燃气定制': '0', '城市站已分配金额-新零售': '0', '新零售-年度开单金额（万）': '0', '行业线已分配金额-燃气定制': '0', '行业线父级已审批金额-线下': '107863606', '事业群下派战区总任务金额': '0', '战区下派片区总任务金额': '0', '截止当天累计目标阈值（万）': '1063.564973', '客户经理已分配金额-楼宇办公': '0', '客户经理已分配金额-工业健康': '0', '城市站已分配金额-燃气定制': '0', '城市站父级已审批金额-线下': '107863606', '燃气定制-年度开单金额（万）': '0', '行业线父级已审批金额-新零售': '13817318', '片区下派客户经理总任务金额': '0', '客户经理父级已审批金额-食饮部': '0', '城市站父级已审批金额-新零售': '13817318', '行业线父级已审批金额-燃气定制': '837122', '年度开单金额转换（以万为单位）': '695.720501', '客户经理父级已审批金额-楼宇办公': '0', '客户经理父级已审批金额-工业健康': '0', '城市站父级已审批金额-燃气定制': '837122'}",2026-08-21 17:02:31.310654,2026-08-21 17:02:31.310654,2026-08-21 17:02:31.310654
80,recvjXpDcKENcp,"{'2601': '980499', '2602': '1122157', '2603': '1108844', '2604': '1138139', '公式': '0.000000140845070422535', '状态': '草稿', '线下': '4288376', '编号': '100', 'SourceID': 'NzY0MTE0MDE0NjAzNzE0ODg2MjpyZWN2Z1ZLMEd2OWdKNjpmZWQxMTc1YWExZDFlNzJmMWUyYTZlOTk1YzU4YTkwZTox', '事业群': '消费者事业群', '战区': '苍澜战区', '创建人': '廖望舒', '当前年': '2026', '当前月': '8', '新零售': '0', '当前日期': '21', '燃气定制': '61263', '经营主体': '星澜集团总部', '1季度比例': '25%', '2季度比例': '25%', '3季度比例': '25%', '4季度比例': '25%', '任务维护人': '郭闻笛', '地产（万）': '0', '城市战区': '昆明城市站', '线下（万）': '429', '年度开单金额': '2049172.740215', '总任务承接人': '傅望舒聪', '总任务达成率': '32.823453', '新零售（万）': '0', '本月开单金额': '-4203.613655', '链接字段(勿删)': '消费者事业群;苍澜战区;昆明城市站', '剩余分配百分比': '0', '当前月最后一天': '31', '总任务（金额）': '6243014', '燃气定制（万）': '6', '战区总任务金额': '1807331138', '截止当前目标阈值': '4512876.71232876', '本月当前目标阈值': '381720.430107526', '本月总目标（万）': '36.246992', '地产-年度开单金额': '0', '线下-年度开单金额': '2049172.740215', '当前月份任务达成率': '32.823453', '本月开单金额（万）': '-0.420361', '新零售-年度开单金额': '0', '父级已审批金额-线下': '954286292', '事业群剩余未分配金额': '-1096421467', '截止当天累计目标阈值': '2764702.049315', '战区已分配金额-线下': '0', '燃气定制-年度开单金额': '0', '父级已审批金额-新零售': '127321898', '行业线已分配金额-线下': '0', '截止当前目标阈值达成率': '32.823453', '截止当前目标阈值（万）': '451.287671232876', '本月当前目标阈值（万）': '38.1720430107526', '战区已分配金额-新零售': '0', '地产-年度开单金额（万）': '0', '城市站已分配金额-线下': '0', '年度阈值/开单差额（万）': '-71.552931', '月度阈值/开单差额（万）': '-23.805517', '父级已审批金额-燃气定制': '14813278', '线下-年度开单金额（万）': '204.917274', '行业线已分配金额-新零售': '0', '总金额转换（以万为单位）': '435', '总额的待分配任务（金额）': '6395915', '客户经理已分配金额-食饮部': '0', '战区已分配金额-燃气定制': '0', '城市站已分配金额-新零售': '0', '新零售-年度开单金额（万）': '0', '行业线已分配金额-燃气定制': '0', '行业线父级已审批金额-线下': '68675286', '事业群下派战区总任务金额': '0', '战区下派片区总任务金额': '0', '截止当天累计目标阈值（万）': '276.470205', '客户经理已分配金额-楼宇办公': '0', '客户经理已分配金额-工业健康': '0', '城市站已分配金额-燃气定制': '0', '城市站父级已审批金额-线下': '68675286', '燃气定制-年度开单金额（万）': '0', '行业线父级已审批金额-新零售': '8797298', '片区下派客户经理总任务金额': '0', '客户经理父级已审批金额-食饮部': '0', '城市站父级已审批金额-新零售': '8797298', '行业线父级已审批金额-燃气定制': '532984', '年度开单金额转换（以万为单位）': '204.917274', '客户经理父级已审批金额-楼宇办公': '0', '客户经理父级已审批金额-工业健康': '0', '城市站父级已审批金额-燃气定制': '532984'}",2026-08-21 17:02:31.310654,2026-08-21 17:02:31.310654,2026-08-21 17:02:31.310654
81,recvjXpDcKll0j,"{'2601': '2910846', '2602': '3305691', '2603': '3757616', '2604': '3667763', '公式': '0.0000000865800865800865', '状态': '草稿', '线下': '13582860', '编号': '101', 'SourceID': 'NzY0MTE0MDE0NjAzNzE0ODg2MjpyZWN2Z1ZLMFRiRUczMDozMDZiYzkzMzBjYWRlNTgwMTZjYWFkNmEwNTA4MWZmZDox', '事业群': '消费者事业群', '战区': '苍澜战区', '创建人': '廖望舒', '当前年': '2026', '当前月': '8', '新零售': '0', '当前日期': '21', '燃气定制': '59056', '经营主体': '星澜集团总部', '1季度比例': '25%', '2季度比例': '25%', '3季度比例': '25%', '4季度比例': '25%', '任务维护人': '郭闻笛', '地产（万）': '0', '城市战区': '曲靖城市站', '线下（万）': '1358', '年度开单金额': '7785987.102406', '总任务承接人': '邹观澜', '总任务达成率': '85.718906', '新零售（万）': '0', '本月开单金额': '-4755.217582', '链接字段(勿删)': '消费者事业群;苍澜战区;曲靖城市站', '剩余分配百分比': '0', '当前月最后一天': '31', '总任务（金额）': '9083162', '燃气定制（万）': '6', '战区总任务金额': '1261534580', '截止当前目标阈值': '7341369.8630137', '本月当前目标阈值': '620967.741935483', '本月总目标（万）': '113.682633', '地产-年度开单金额': '0', '线下-年度开单金额': '7785987.102406', '当前月份任务达成率': '85.718906', '本月开单金额（万）': '-0.475522', '新零售-年度开单金额': '0', '父级已审批金额-线下': '1839827927', '事业群剩余未分配金额': '-2113859176', '截止当天累计目标阈值': '8671026.060274', '战区已分配金额-线下': '0', '燃气定制-年度开单金额': '0', '父级已审批金额-新零售': '245471810', '行业线已分配金额-线下': '0', '截止当前目标阈值达成率': '85.718906', '截止当前目标阈值（万）': '734.136986301369', '本月当前目标阈值（万）': '62.0967741935483', '战区已分配金额-新零售': '0', '地产-年度开单金额（万）': '0', '城市站已分配金额-线下': '0', '年度阈值/开单差额（万）': '-88.503896', '月度阈值/开单差额（万）': '-73.819156', '父级已审批金额-燃气定制': '28559440', '线下-年度开单金额（万）': '778.59871', '行业线已分配金额-新零售': '0', '总金额转换（以万为单位）': '1364', '总额的待分配任务（金额）': '11822586', '客户经理已分配金额-食饮部': '0', '战区已分配金额-燃气定制': '0', '城市站已分配金额-新零售': '0', '新零售-年度开单金额（万）': '0', '行业线已分配金额-燃气定制': '0', '行业线父级已审批金额-线下': '132403358', '事业群下派战区总任务金额': '0', '战区下派片区总任务金额': '0', '截止当天累计目标阈值（万）': '867.102606', '客户经理已分配金额-楼宇办公': '0', '客户经理已分配金额-工业健康': '0', '城市站已分配金额-燃气定制': '0', '城市站父级已审批金额-线下': '132403358', '燃气定制-年度开单金额（万）': '0', '行业线父级已审批金额-新零售': '16960858', '片区下派客户经理总任务金额': '0', '客户经理父级已审批金额-食饮部': '0', '城市站父级已审批金额-新零售': '16960858', '行业线父级已审批金额-燃气定制': '1027573', '年度开单金额转换（以万为单位）': '778.59871', '客户经理父级已审批金额-楼宇办公': '0', '客户经理父级已审批金额-工业健康': '0', '城市站父级已审批金额-燃气定制': '1027573'}",2026-08-21 17:02:31.310654,2026-08-21 17:02:31.310654,2026-08-21 17:02:31.310654
82,recvjXpDcKy68L,"{'2601': '5484645', '2602': '4028278', '2603': '4950122', '2604': '5014048', '公式': '0.0000000475737392959086', '状态': '草稿', '线下': '17234725', '编号': '102', 'SourceID': 'NzY0MTE0MDE0NjAzNzE0ODg2MjpyZWN2Z1ZLMTZBZjFJbjoyNjkzN2JlMGVjNGQzMjNiMWFlNmQwMjM1OGQ3ZmRjMzox', '事业群': '消费者事业群', '战区': '苍澜战区', '创建人': '廖望舒', '当前年': '2026', '当前月': '8', '新零售': '2131176', '当前日期': '21', '燃气定制': '111192', '经营主体': '星澜集团总部', '1季度比例': '25%', '2季度比例': '25%', '3季度比例': '25%', '4季度比例': '25%', '任务维护人': '郭闻笛', '地产（万）': '0', '城市战区': '贵阳城市站', '线下（万）': '1723', '年度开单金额': '9876519.762061', '总任务承接人': '郑景行', '总任务达成率': '50.952925', '新零售（万）': '213', '本月开单金额': '-12619.3216', '链接字段(勿删)': '消费者事业群;苍澜战区;贵阳城市站', '剩余分配百分比': '0', '当前月最后一天': '31', '总任务（金额）': '19383617', '燃气定制（万）': '11', '战区总任务金额': '1829558752', '截止当前目标阈值': '13360657.5342465', '本月当前目标阈值': '1130107.52688172', '本月总目标（万）': '162.309108', '地产-年度开单金额': '0', '线下-年度开单金额': '9876519.762061', '当前月份任务达成率': '50.952925', '本月开单金额（万）': '-1.261932', '新零售-年度开单金额': '0', '父级已审批金额-线下': '1443361930', '事业群剩余未分配金额': '-1658341965', '截止当天累计目标阈值': '12379960.482192', '战区已分配金额-线下': '0', '燃气定制-年度开单金额': '0', '父级已审批金额-新零售': '192574892', '行业线已分配金额-线下': '0', '截止当前目标阈值达成率': '50.952925', '截止当前目标阈值（万）': '1336.06575342465', '本月当前目标阈值（万）': '113.010752688172', '战区已分配金额-新零售': '0', '地产-年度开单金额（万）': '0', '城市站已分配金额-线下': '0', '年度阈值/开单差额（万）': '-250.344072', '月度阈值/开单差额（万）': '-105.977486', '父级已审批金额-燃气定制': '22405143', '线下-年度开单金额（万）': '987.651976', '行业线已分配金额-新零售': '0', '总金额转换（以万为单位）': '1948', '总额的待分配任务（金额）': '15559457', '客户经理已分配金额-食饮部': '0', '战区已分配金额-燃气定制': '0', '城市站已分配金额-新零售': '0', '新零售-年度开单金额（万）': '0', '行业线已分配金额-燃气定制': '0', '行业线父级已审批金额-线下': '103871652', '事业群下派战区总任务金额': '0', '战区下派片区总任务金额': '0', '截止当天累计目标阈值（万）': '1237.996048', '客户经理已分配金额-楼宇办公': '0', '客户经理已分配金额-工业健康': '0', '城市站已分配金额-燃气定制': '0', '城市站父级已审批金额-线下': '103871652', '燃气定制-年度开单金额（万）': '0', '行业线父级已审批金额-新零售': '13305949', '片区下派客户经理总任务金额': '0', '客户经理父级已审批金额-食饮部': '0', '城市站父级已审批金额-新零售': '13305949', '行业线父级已审批金额-燃气定制': '806140', '年度开单金额转换（以万为单位）': '987.651976', '客户经理父级已审批金额-楼宇办公': '0', '客户经理父级已审批金额-工业健康': '0', '城市站父级已审批金额-燃气定制': '806140'}",2026-08-21 17:02:31.310654,2026-08-21 17:02:31.310654,2026-08-21 17:02:31.310654
83,recvjXpDcKlBJf,"{'2601': '3304788', '2602': '3002265', '2603': '5589962', '2604': '5606968', '公式': '0.0000000577034045008655', '状态': '草稿', '线下': '16665650', '编号': '103', 'SourceID': 'NzY0MTE0MDE0NjAzNzE0ODg2MjpyZWN2Z1ZLMWxRSmlsNzpmYTc3MDlhMmZiYWYwMTMyN2NjOGVkMWRmNjNhMDg4MTox', '事业群': '消费者事业群', '战区': '苍澜战区', '创建人': '廖望舒', '当前年': '2026', '当前月': '8', '新零售': '808032', '当前日期': '21', '燃气定制': '30301', '经营主体': '星澜集团总部', '1季度比例': '25%', '2季度比例': '25%', '3季度比例': '25%', '4季度比例': '25%', '任务维护人': '郭闻笛', '地产（万）': '0', '城市战区': '遵义城市站', '线下（万）': '1667', '年度开单金额': '8798681.612134', '总任务承接人': '郑景行', '总任务达成率': '60.053370', '新零售（万）': '81', '本月开单金额': '15178.902576', '链接字段(勿删)': '消费者事业群;苍澜战区;遵义城市站', '剩余分配百分比': '0', '当前月最后一天': '31', '总任务（金额）': '14651437', '燃气定制（万）': '3', '战区总任务金额': '1425662694', '截止当前目标阈值': '11015232.8767123', '本月当前目标阈值': '931720.430107527', '本月总目标（万）': '145.866525', '地产-年度开单金额': '0', '线下-年度开单金额': '8798681.612134', '当前月份任务达成率': '60.053370', '本月开单金额（万）': '1.51789', '新零售-年度开单金额': '0', '父级已审批金额-线下': '1573338391', '事业群剩余未分配金额': '-1807677635', '截止当天累计目标阈值': '11125819.331507', '战区已分配金额-线下': '0', '燃气定制-年度开单金额': '0', '父级已审批金额-新零售': '209916491', '行业线已分配金额-线下': '0', '截止当前目标阈值达成率': '60.053370', '截止当前目标阈值（万）': '1101.52328767123', '本月当前目标阈值（万）': '93.1720430107526', '战区已分配金额-新零售': '0', '地产-年度开单金额（万）': '0', '城市站已分配金额-线下': '0', '年度阈值/开单差额（万）': '-232.713772', '月度阈值/开单差额（万）': '-92.589545', '父级已审批金额-燃气定制': '24422753', '线下-年度开单金额（万）': '879.868161', '行业线已分配金额-新零售': '0', '总金额转换（以万为单位）': '1750', '总额的待分配任务（金额）': '13854368', '客户经理已分配金额-食饮部': '0', '战区已分配金额-燃气定制': '0', '城市站已分配金额-新零售': '0', '新零售-年度开单金额（万）': '0', '行业线已分配金额-燃气定制': '0', '行业线父级已审批金额-线下': '113225418', '事业群下派战区总任务金额': '0', '战区下派片区总任务金额': '0', '截止当天累计目标阈值（万）': '1112.581933', '客户经理已分配金额-楼宇办公': '0', '客户经理已分配金额-工业健康': '0', '城市站已分配金额-燃气定制': '0', '城市站父级已审批金额-线下': '113225418', '燃气定制-年度开单金额（万）': '0', '行业线父级已审批金额-新零售': '14504166', '片区下派客户经理总任务金额': '0', '客户经理父级已审批金额-食饮部': '0', '城市站父级已审批金额-新零售': '14504166', '行业线父级已审批金额-燃气定制': '878734', '年度开单金额转换（以万为单位）': '879.868161', '客户经理父级已审批金额-楼宇办公': '0', '客户经理父级已审批金额-工业健康': '0', '城市站父级已审批金额-燃气定制': '878734'}",2026-08-21 17:02:31.310654,2026-08-21 17:02:31.310654,2026-08-21 17:02:31.310654
